date,surface_pressure,temperature_2m,total_precipitation_sum,u_component_of_wind_10m,v_component_of_wind_10m,volumetric_soil_water_layer_1,imd_rainfall_mm,IMD_MaxTemp_C,IMD_MinTemp_C,chirps_rainfall_mm,LST_Celsius,NDVI,LST_was_missing,NDVI_was_missing
2015-01-01,99994.67882805018,297.1563992417727,0.0023683517293654,-0.1578590440932818,0.1485692988136262,0.4386143366495769,1.6563307,31.26004981994629,22.669208526611328,2.4157882,30.02937296330265,0.7198047710988277,0,0
2015-01-02,100184.64840966236,297.3176733176279,3.5681337654468435e-06,-0.3965203760592874,0.2869875378626975,0.4190644260567268,0.0,31.55080795288086,20.85378646850586,0.0,30.019338746429916,0.7184675171291477,1,1
2015-01-03,100210.43821000964,297.6972634665538,2.999038320849232e-06,0.1895529836347733,-0.4225922431799644,0.3995977346193745,0.0,31.200414657592773,20.858184814453125,0.0,30.009304529557184,0.7171302631594677,1,1
2015-01-04,100158.19775585191,298.8228838582241,0.0001223842924631,0.4481570468186419,-0.169291973917877,0.3841727156657369,0.0,31.153526306152344,21.374555587768555,2.8387716,29.99927031268445,0.7157930091897877,1,1
2015-01-05,100106.63486432892,298.9332621484516,0.0002959932926017,0.4368889459522292,-0.0872423734153367,0.3725048866125816,0.0,31.13361358642578,22.03388786315918,0.0,29.98923609581172,0.7144557552201078,1,1
2015-01-06,100178.9192869223,298.86826376640937,0.0003385055313123,0.2804699088056426,-0.1353008590712858,0.3629987965141677,0.0,30.807153701782227,21.636150360107425,0.0,29.979201878938987,0.7131185012504279,1,1
2015-01-07,100174.94941802869,299.1486428090532,0.0005220968919203,0.4482432318647246,-0.2687867184343009,0.3547450117498523,0.0,30.881959915161133,21.425216674804688,0.0,29.969167662066255,0.7117812472807479,1,1
2015-01-08,100232.03722618836,298.78070046669694,0.0011999263080049,0.1516507338015969,0.0580035254233641,0.3536782060820482,0.0,30.697025299072266,22.03096389770508,0.009753278,29.959133445193523,0.7104439933110679,1,1
2015-01-09,100291.1686509968,298.21312363109377,0.0019382809016441,-0.2159865889969457,0.6321901980944521,0.3584390552564599,0.16104786,30.30690193176269,22.30716896057129,0.12027634,29.94909922832079,0.7091067393413879,0,1
2015-01-10,100212.02283405176,298.9430206509295,0.0002587066906006,0.2028340348978151,-0.0249875423460627,0.3520621942103595,0.1444694,30.672088623046875,21.844894409179688,0.0,30.032583807558446,0.7077694853717079,1,1
2015-01-11,100170.61230004791,298.46838098606395,0.0009197063247362,-0.2726967586137326,0.1166668562505437,0.3452444987096092,0.0,30.851417541503903,20.377376556396484,0.0,30.1160683867961,0.7064322314020279,1,1
2015-01-12,100190.00711955225,297.464246961221,0.0002482903517412,-0.2370970014228675,0.2487283265453646,0.3382186948111231,0.0,30.17466163635254,19.41242027282715,0.0,30.199552966033757,0.705094977432348,1,1
2015-01-13,100115.718292849,297.7388731343354,9.969901735000047e-05,0.030891254560244,-0.0655774444090452,0.3279085751237541,0.0,30.96504592895508,18.9221134185791,0.0,30.283037545271412,0.703757723462668,1,1
2015-01-14,100169.94322108482,297.9930552012711,0.000447354282649,0.1423447061589851,0.1375679577356098,0.3204720496400564,0.0,30.97885513305664,19.735536575317383,0.7502859,30.366522124509068,0.7024204694929881,1,1
2015-01-15,100148.20605274188,298.9163485872701,0.0001500603521354,0.3932127247002848,0.1213381610154192,0.3144045158181612,0.0,30.72623634338379,20.235685348510746,0.38101932,30.450006703746723,0.7010832155233081,1,1
2015-01-16,100154.73457031252,299.2784915719453,4.186559340049481e-05,0.5007558236542335,0.1080655401237166,0.307145784604595,0.0,30.95533943176269,20.66055679321289,0.0,30.53349128298438,0.6997459615536281,1,1
2015-01-17,100227.32389480068,299.61437073017,0.0004953953383073,0.4394023408195526,0.1476163278046239,0.3012120579394344,0.0,31.0095157623291,21.114612579345703,0.008324373,30.616975862222034,0.6984087075839481,0,0
2015-01-18,100191.5502020474,300.0670267217644,8.720534629972088e-05,0.3404704065432494,0.0977759161214718,0.297837661363156,0.0,31.00900650024414,22.01028251647949,0.0,30.645714208353702,0.6970343753990846,1,1
2015-01-19,100207.72046328727,299.724177450129,0.0014177819863857,0.328214374703009,0.3730357182345628,0.2958766563093982,0.0,31.019031524658203,21.629335403442383,0.18935119,30.67445255448537,0.6956600432142211,1,1
2015-01-20,100344.7315365332,299.4730881567477,0.0004219073263803,0.4313117355953231,-0.0283627743191189,0.2981922037117326,0.0,31.094425201416016,20.380748748779297,0.40236205,30.703190900617038,0.6942857110293575,1,1
2015-01-21,100474.95808084893,299.6211603066748,0.0009379717843632,0.2427158724211185,0.2250278013967463,0.2957902823554146,0.0,30.789262771606445,20.88399124145508,0.0,30.731929246748706,0.692911378844494,1,1
2015-01-22,100433.18257318606,299.132734713792,0.0001009202482033,0.1593385244786054,0.1872166739021681,0.2950734335069913,0.0,31.68314552307129,20.29169464111328,0.0,30.760667592880374,0.6915370466596306,1,1
2015-01-23,100208.44701613388,299.28552434168574,2.6919286826561245e-05,0.1874980949898789,0.2540796260906818,0.2886950651439214,0.0,30.909910202026367,21.16396713256836,0.72485125,30.789405939012042,0.6901627144747671,1,1
2015-01-24,100221.38843248626,299.7599158141623,9.385818037493476e-05,0.3356025633684063,0.2448162286400338,0.2835747776543044,0.0,31.14739418029785,21.711030960083008,0.2108101,30.81814428514371,0.6887883822899036,1,1
2015-01-25,100278.28929904517,300.0696674229998,0.0002217673175298,0.2883393973865729,0.1966876241165103,0.2794386035729186,0.0,31.028812408447266,22.29330825805664,0.0,30.846882631275378,0.6874140501050401,0,1
2015-01-26,100189.86317356622,299.95303900035407,0.000229987294852,0.2123446301573538,0.16940151050173,0.2771639238554856,0.0,31.294960021972656,20.816219329833984,0.0,30.95450115840972,0.6860397179201765,1,1
2015-01-27,100078.46179148708,299.822213517697,0.0001111888672493,0.3848764593482474,0.2465407539418831,0.2741788690208932,0.0,30.943603515625,21.33684158325196,0.0,31.06211968554406,0.684665385735313,1,1
2015-01-28,99962.15030366984,300.26078005940525,0.0001446461163718,0.4498395393269272,0.2810233111034408,0.2706790755991735,0.0,30.679616928100582,21.495332717895508,0.0,31.169738212678407,0.6832910535504495,1,1
2015-01-29,100113.3138951748,300.47813505969293,0.0001477309579802,0.3918214016033772,0.162763908503156,0.2690748165028306,0.0,31.05233383178711,22.138614654541016,3.65503,31.27735673981275,0.681916721365586,1,1
2015-01-30,100183.68643371352,300.4773296174967,0.0004485257329526,0.4472104092301994,0.1561673910864468,0.2681915575517092,0.009115863,31.07665061950684,22.34453582763672,0.024936827,31.38497526694709,0.6805423891807225,1,1
2015-01-31,100200.65598905957,300.6265608639187,0.0002026270381285,0.0104560697124378,0.2700503323726728,0.2675923079275081,0.028412586,30.75202369689941,22.08485221862793,0.2012646,31.492593794081436,0.6791680569958589,1,1
2015-02-01,100204.70188285744,300.1381943395039,0.0003297539587643,0.1860199732250637,0.2737274471005261,0.2669020348033686,0.0,31.569061279296875,21.30574607849121,0.0,31.60021232121578,0.6777937248109954,1,1
2015-02-02,100241.5567149336,300.4329427825813,0.000143339870248,-0.0548787833721701,0.0092349897947348,0.2647997950411391,0.0,31.485525131225582,21.240652084350582,0.0,31.70783084835012,0.6764193926261319,0,0
2015-02-03,100344.40700917448,300.6451715672519,1.9928709759275585e-06,-0.3751059153618942,-0.333729013647613,0.2625731335928614,0.0,32.67905807495117,20.986980438232425,0.0,31.569927638434585,0.6757432106214819,1,1
2015-02-04,100280.96958864645,301.0927827766389,2.3396281279113693e-05,-0.436306548867646,-0.3598782131589694,0.2601009180353977,0.0,30.87237930297852,21.52935791015625,0.12436812,31.43202442851905,0.6750670286168318,1,1
2015-02-05,100184.623972327,301.145004660654,0.0002741708157863,0.1731293069905248,0.3280815301909757,0.2587975587515995,0.0,31.49898338317871,22.298067092895508,0.49636564,31.29412121860351,0.6743908466121817,1,1
2015-02-06,100223.21194990724,301.0003521196505,0.0009775734393075,0.4216625255277788,0.3623244596167086,0.2622079839012176,0.0,31.804811477661133,22.465221405029297,0.104330495,31.156218008687976,0.6737146646075317,1,1
2015-02-07,100188.6283179179,300.5993710335919,0.0001582967206557,0.3457575798217364,0.2527177520912726,0.263406114103237,0.223093,32.116825103759766,21.831193923950195,0.09390378,31.01831479877244,0.6730384826028816,1,1
2015-02-08,100089.90531407153,300.6102495066326,0.0001049665737772,0.3986415649647914,0.1812515624181521,0.2621314290656897,0.0,31.77070426940918,21.734203338623047,0.0,30.8804115888569,0.6723623005982315,1,1
2015-02-09,100134.42301252695,300.4073099666904,0.000545297268376,0.4346939696936773,0.2533757600747763,0.2609305747898147,0.0,32.1278190612793,21.560028076171875,0.0,30.742508378941366,0.6716861185935814,1,1
2015-02-10,100155.47274432777,300.23212611932865,0.001088574521843,0.361994340100051,-0.019082785712348,0.2671777944455202,0.0,31.094541549682617,21.855972290039062,0.030248899,30.60460516902583,0.6710099365889314,0,1
2015-02-11,100098.37216961508,300.8048701816135,0.0004403083036104,0.3831268988349888,-0.0614695115290382,0.268055841877086,0.0,32.07952117919922,22.10558319091797,0.0,30.950886215321447,0.6703337545842813,1,1
2015-02-12,100073.1111112608,301.04219127932737,0.0005830383388686,0.5537986021845734,0.2696989394513127,0.2671686739574448,0.0,32.56619644165039,22.51515388488769,0.0,31.297167261617062,0.6696575725796312,1,1
2015-02-13,100157.47272689178,300.31718502176216,0.0012351428776753,0.3287741653763928,0.3542618361104037,0.2719324819338276,0.0,32.629737854003906,22.4685287475586,0.5485911,31.64344830791268,0.6689813905749812,1,1
2015-02-14,100034.9992423222,300.9014782080524,0.0003402647375833,0.574275884683105,0.1839676292645977,0.2731247947955954,3.4034863,32.389896392822266,22.322296142578125,0.0,31.989729354208297,0.6683052085703312,1,1
2015-02-15,100098.50769471387,300.7952343369992,0.0004993962693488,0.5672969189640205,0.1139082397811714,0.2710171586252263,0.0,32.59566879272461,21.727331161499023,0.0,32.336010400503916,0.667629026565681,1,1
2015-02-16,100170.76388761678,300.8915113038396,0.0007372446751119,0.519827206783368,0.3942152802332151,0.2704791195456553,0.0,32.15808868408203,21.577917098999023,0.0,32.68229144679953,0.666952844561031,1,1
2015-02-17,100159.71622882244,300.4540214646731,0.000518435757005,0.4371871345710024,0.3710328937398977,0.2725651160053824,0.0,31.84106636047364,20.75497817993164,0.033883024,33.02857249309515,0.6662766625563808,1,1
2015-02-18,100144.19347035146,299.967083238916,0.0006286293949001,0.3999839858351084,1.0558141029840231,0.2723914438006522,0.0,31.61252212524414,21.180206298828125,0.0,33.37485353939076,0.6656004805517308,0,0
2015-02-19,100088.20555637874,300.0155600262054,0.0004049066496536,0.4414749114266758,0.3578342469898677,0.2729357648535251,0.0,32.07875442504883,20.756303787231445,0.051536918,33.276012350953245,0.6660182557458817,1,1
2015-02-20,100026.20726502636,300.7196214563363,5.398487897484783e-05,0.3324791887071398,0.2816463821235745,0.2694136563297433,0.0,31.937576293945312,20.681930541992188,0.0,33.17717116251573,0.6664360309400326,1,1
2015-02-21,100041.7204781789,300.6153876799368,0.0002199191094019,0.177183960662491,0.4593752747751288,0.2655363351814592,0.0,32.246864318847656,20.89036750793457,0.07173357,33.07832997407821,0.6668538061341834,1,1
2015-02-22,100097.71709725216,300.3835170143683,0.0001524888234924,0.0990481450457225,0.3584382903804268,0.264084586658697,0.0,32.43814468383789,20.891508102416992,0.0,32.97948878564068,0.6672715813283343,1,1
2015-02-23,100152.5157585758,300.06948334617186,2.1897674291983425e-05,0.1675599661640737,0.2314979726235985,0.2608412819347163,0.0,32.91063690185547,20.62903594970703,0.0,32.880647597203165,0.6676893565224852,1,1
2015-02-24,100003.30813817053,300.65563420876697,8.563099940952324e-07,0.3743254181434369,0.3056847355466236,0.2581095057520374,0.0,32.33338928222656,21.09341621398925,0.0,32.78180640876565,0.668107131716636,1,1
2015-02-25,99934.09490526225,300.96452252442816,2.744838333163136e-06,0.5285062142441557,-0.0706299921379235,0.2560221780945058,0.0,32.680084228515625,22.10651016235352,1.5880761,32.68296522032813,0.6685249069107869,1,1
2015-02-26,99940.20348935886,300.46823899806225,0.0009460712543583,0.5274121779226253,0.1618982782035039,0.2584361546249682,0.0,32.978477478027344,22.70005798339844,0.0,32.58412403189061,0.6689426821049378,0,1
2015-02-27,99977.50523033408,300.61253486954854,0.0010324453124092,0.4410844926724489,-0.128080553369047,0.2644471192633968,0.06892101,32.56950378417969,23.08949851989746,0.7926471,32.600467402781305,0.6693604572990886,1,1
2015-02-28,99988.94337426666,300.2304485116426,0.003521004054134,0.147041867427899,0.5028619887545649,0.2811666805808115,1.6155373,32.95635986328125,22.630083084106445,0.79024905,32.616810773672,0.6697782324932394,1,1
2015-03-01,100030.8495180047,300.26598347309454,0.0015522252549672,0.3275750735345016,0.4574840072105671,0.2941954264147529,8.497341,33.30375289916992,22.26711845397949,0.1409082,32.633154144562695,0.6701960076873903,1,1
2015-03-02,100177.16186811544,299.7215598244503,0.0042200359529809,0.4883364786316153,-0.3273738209223839,0.3115368336644666,2.1152554,32.88330841064453,23.51138496398925,2.2396355,32.64949751545339,0.6706137828815412,1,1
2015-03-03,100111.10470119432,299.5566878527061,0.0052297207061248,0.1857613225549574,-0.1817083442074129,0.3525728059089048,3.2750027,32.10352325439453,23.730558395385746,9.776208,32.665840886344085,0.671031558075692,1,1
2015-03-04,100098.10611851956,299.66584592446526,0.0035554055372078,0.1547542484327294,-0.2478978231583519,0.3591860779217834,6.5182805,33.2056884765625,22.926158905029297,5.047259,32.68218425723478,0.6714493332698429,1,1
2015-03-05,100108.09382834952,301.13703927021834,0.0008888200781129,0.3940453531550265,0.24758553691294,0.348909842684808,2.4506981,32.893028259277344,22.74440574645996,2.6872077,32.698527628125476,0.6718671084639938,1,1
2015-03-06,100241.66883201632,300.2359408499181,0.0087839291015654,0.2700324912820282,0.0299226722315353,0.3676942112071305,2.0622811,33.03899383544922,24.191326141357425,8.125657,32.71487099901617,0.6722848836581446,0,0
2015-03-07,100178.54660395712,299.96878442961594,0.0095383988769775,0.1646812006340173,-0.3829681766261543,0.4134547000461155,0.6210578,32.78847122192383,23.12063217163086,9.323083,32.757034145738864,0.6735406973966773,1,1
2015-03-08,100265.94747680196,299.4463112719307,0.0083413885581949,0.1587160731640812,0.4628943564608637,0.42681023272518,3.1224246,32.49187088012695,23.43163299560547,0.7849581,32.79919729246156,0.6747965111352101,1,1
2015-03-09,100346.09439191216,300.01977008132644,0.0030825509013735,0.3675677323615414,-0.0719801140562327,0.4124373653017242,1.8695295,32.48370361328125,22.83245849609375,2.0492377,32.84136043918425,0.6760523248737428,1,1
2015-03-10,100254.13674449237,300.38196609058605,0.0004103871014273,0.233197934673207,0.0375353573839326,0.3937530495654577,0.017532699,32.24989318847656,23.08953666687012,1.0392591,32.88352358590694,0.6773081386122755,1,1
2015-03-11,100165.70838601537,300.67318488431624,7.8947759805503e-05,0.0678647277364329,0.3436199577558087,0.3702391106324178,1.0565478,32.93491744995117,22.244197845458984,0.0,32.925686732629636,0.6785639523508082,1,1
2015-03-12,100166.8707311872,301.0812165373587,0.0010938219913467,0.2618335718030674,0.1300642138514025,0.3532029433268698,0.0,32.802337646484375,22.835742950439453,0.0,32.96784987935233,0.6798197660893409,1,1
2015-03-13,100176.29276109018,301.142796024308,0.0016333930040227,0.2845798089038367,0.52124380031308,0.3459706541039478,0.0,33.01198196411133,23.54182243347168,0.047004018,33.01001302607502,0.6810755798278737,1,1
2015-03-14,100306.26810891106,300.2030314618692,0.0051542980633625,0.0698375643441503,0.26934903795235,0.3593563005293924,0.514519,32.18719482421875,23.36927795410156,2.0826597,33.052176172797715,0.6823313935664064,0,1
2015-03-15,100273.11808062444,300.3901803495327,0.00693203541729,-0.0192238982335818,-0.2510912643081841,0.3904233701567085,6.3445196,31.603965759277344,22.83955383300781,3.2835143,33.00082834995609,0.683587207304939,1,1
2015-03-16,100268.4197329981,300.0855637991017,0.0135191310717693,-0.0097381957006637,-0.1162723567568022,0.4235127929161336,9.530213,31.92431259155273,23.31667137145996,10.297553,32.94948052711446,0.6848430210434718,1,1
2015-03-17,100149.30818755992,300.7986371305619,0.0009857002984177,0.5338367085073188,-0.2148522490285822,0.4132547116919038,13.537821,32.874412536621094,22.641420364379883,0.57720274,32.89813270427283,0.6860988347820045,1,1
2015-03-18,100074.78247904696,301.0618065590695,0.0007621724166748,0.590126787090667,0.0638505630566242,0.3935727634649167,0.98957676,33.25021743774414,22.70095443725586,0.0,32.846784881431205,0.6873546485205372,1,1
2015-03-19,100066.93857549092,301.13312260010235,0.0001596714229766,0.3241013795114568,0.0187279180548657,0.3740255034289598,0.0,33.6017951965332,22.46445083618164,0.0,32.79543705858958,0.68861046225907,1,1
2015-03-20,100171.92295939598,301.3816858921563,0.0003062198319604,0.4132165337339673,0.3335741882031904,0.3561010740725931,0.0,33.040924072265625,22.92162322998047,0.0,32.74408923574795,0.6898662759976026,1,1
2015-03-21,100220.63621542744,301.5378755167528,1.3986363493163017e-05,0.3993309276222727,-0.090916441354715,0.3408426679413895,0.0,33.44771194458008,23.04730033874512,0.0,32.69274141290632,0.6911220897361354,1,1
2015-03-22,100150.629857145,301.8419553787407,0.0001061966535006,0.6020824900440788,-0.4050684713312493,0.3262508316332353,0.0,33.768489837646484,22.636924743652344,0.0,32.641393590064695,0.6923779034746681,0,0
2015-03-23,100061.30944324713,301.87580513292806,0.0004076837719295,0.8744400743506423,-0.782233773300931,0.3163846582288487,0.0,34.186607360839844,23.18077850341797,0.0,32.433293381399636,0.692548899680458,1,1
2015-03-24,99926.9218139368,301.95154740578374,0.0005062769883327,0.6095628921099551,-0.3166336196592486,0.309955299055896,0.0,34.477256774902344,24.06312370300293,0.0,32.22519317273458,0.6927198958862478,1,1
2015-03-25,100039.33576957617,301.7159730015313,0.0012692525640301,0.5012356473842343,0.542543117588964,0.3070587858295076,0.0,33.84098815917969,23.89967155456543,0.0,32.01709296406952,0.6928908920920377,1,1
2015-03-26,100158.0109005328,301.8457151177652,0.0006496028687421,0.5101307090671586,0.1638114548277581,0.3067503976639204,0.0,33.63105010986328,23.79828643798828,0.0,31.80899275540446,0.6930618882978276,1,1
2015-03-27,100166.09039234616,302.07672788598086,0.0010058254327202,0.5318470843084927,-0.1254598687891759,0.3011537766730648,0.0,34.45780944824219,23.67049789428711,0.0,31.600892546739402,0.6932328845036174,1,1
2015-03-28,100031.63142989702,302.30596522042583,0.0003395577676806,0.5339302893159951,-0.0536847480503535,0.2983540971251741,0.0,33.99953079223633,23.274763107299805,1.2382393,31.392792338074344,0.6934038807094073,1,1
2015-03-29,99943.0374981292,301.98683738562346,0.0015795599900442,0.4003462871098426,0.3778107896709807,0.2961839896600365,0.0,34.55125045776367,24.08460235595703,0.79293066,31.184692129409285,0.6935748769151971,1,1
2015-03-30,99946.71954142724,301.6427120574133,0.002888010085931,0.3458910668033294,0.1911026772685435,0.3070244079531381,0.545538,33.88932037353516,24.249906539916992,3.4542167,30.976591920744227,0.6937458731209871,0,1
2015-03-31,100012.544338856,301.0401671778654,0.0021133521780661,0.2941139729817709,-0.0783481574515273,0.3235357253852932,2.5912151,33.70470428466797,23.650314331054688,12.461169,31.039059295974674,0.693916869326777,1,1
2015-04-01,100021.17254198097,300.16030962596915,0.0199641836077923,-0.032179789342186,0.2713286526084403,0.3935880753089643,10.357111,32.97257995605469,23.7002067565918,11.405142,31.10152667120512,0.6940878655325669,1,1
2015-04-02,99947.79487054,300.6019743300399,0.0031775949124291,0.2243823581271702,0.5078181252717058,0.4301009965216977,7.261811,32.99949645996094,23.486492156982425,2.283946,31.16399404643557,0.6942588617383567,1,1
2015-04-03,99800.98479017006,300.7634593487153,0.0061183338134577,0.2524437359923148,-0.4500493996353442,0.4270277939719716,0.0,34.21046447753906,23.999557495117188,7.2339797,31.226461421666016,0.6944298579441466,1,1
2015-04-04,99606.3102056394,301.4814356100149,0.0022992757372819,0.4228286921475582,-0.7727743734893215,0.4229142691075118,8.522516,34.43805313110352,23.97186279296875,3.2125037,31.288928796896467,0.6946008541499364,1,1
2015-04-05,99645.66319279817,302.5636558272557,0.0016184582791456,0.5200143496926262,0.4265456360966768,0.4023200272600313,1.3067315,34.62970733642578,24.565505981445312,0.15350534,31.351396172126915,0.6947718503557263,1,1
2015-04-06,99810.11646880992,300.8260780141546,0.0036295797530261,0.1403660323336663,0.7700829720588481,0.3972478512877249,0.08526063,34.1444206237793,25.436635971069336,3.667671,31.413863547357362,0.6949428465615162,1,1
2015-04-07,99827.31232107582,300.91735542531217,0.0058968801642286,0.1352201190488091,0.2285906895823863,0.4086196212476242,7.8072286,34.24992752075195,24.234764099121094,8.142633,31.47633092258781,0.695113842767306,0,0
2015-04-08,99985.65551574476,300.1749728244475,0.0056120935377507,-0.1109143136561602,0.8111792208682533,0.4185200465410605,6.670611,31.390729904174805,23.486692428588867,6.754647,31.59983954916191,0.697107202354934,1,1
2015-04-09,99993.59545168823,300.3764007273123,0.0090735112491686,0.1702529597373757,0.2051957571826219,0.4364585888157404,2.724236,33.273895263671875,24.34003639221192,9.093978,31.72334817573601,0.6991005619425618,1,1
2015-04-10,100047.85271551723,300.3531310625918,0.0057266862056721,0.1542540027720718,0.125731552825577,0.4369275555665468,12.468787,33.22282028198242,23.01236724853516,6.8367977,31.84685680231011,0.7010939215301897,1,1
2015-04-11,100109.88165529216,299.980968945675,0.0068229407028716,0.0447271915596563,-0.1178538912192158,0.4485971117567743,5.2507663,33.23887634277344,23.428810119628903,28.128756,31.970365428884207,0.7030872811178175,1,1
2015-04-12,100218.6413109884,299.63824142806845,0.0076412307680403,0.059303420768387,-0.0329033523501107,0.4529732148035275,2.5929317,33.08463668823242,23.521034240722656,13.004128,32.09387405545831,0.7050806407054454,1,1
2015-04-13,100164.83468390806,298.29431763952266,0.0204878048387332,0.1764663327973464,-0.483171924174517,0.4604854406890286,5.5919924,30.479454040527344,22.834131240844727,7.1490674,32.21738268203241,0.7070740002930733,1,1
2015-04-14,100011.599573231,299.21695667281466,0.0068535629418465,0.1689991579019247,0.0263447217100881,0.4622304976306199,15.004121,31.60060691833496,22.53999328613281,0.61705786,32.34089130860651,0.7090673598807011,1,1
2015-04-15,100064.51759937742,299.47232362242966,0.0033535310316706,0.0836074688790858,-0.0153781702143935,0.4627374361118594,8.814184,32.36299514770508,22.60302734375,6.162744,32.46439993518061,0.711060719468329,0,1
2015-04-16,100189.18131345788,299.4149385930205,0.0063766291770788,0.2325100009377433,-0.1774867312661533,0.4655956082691178,2.5122643,31.925268173217773,22.60959243774414,10.953713,32.38860886132562,0.713054079055957,1,1
2015-04-17,100037.85868482104,299.6642514178397,0.0042023669541914,0.247247358007906,-0.4742539799167737,0.464017896396447,14.972209,32.569149017333984,22.72663116455078,4.9994397,32.312817787470635,0.7150474386435848,1,1
2015-04-18,99831.95739860216,300.10255724822895,0.0021751679735969,0.0763510614153982,-0.7062949286384145,0.4480408265855579,5.4723253,32.78036880493164,21.79401206970215,1.2465571,32.23702671361565,0.7170407982312127,1,1
2015-04-19,99875.46826029693,300.1182012366518,0.0076582701526455,-0.0589969825013844,-0.1256585887200074,0.4476631940644364,0.11679925,32.412109375,23.64998245239257,19.617308,32.16123563976066,0.7190341578188406,1,1
2015-04-20,99996.41940627997,299.79411659708427,0.016760343022045,-0.2138291688531751,-0.1260127505123386,0.4646421982045375,2.4656632,32.76900100708008,23.568862915039062,16.477274,32.085444565905675,0.7210275174064684,1,1
2015-04-21,100034.83223120212,298.5203983406272,0.0320239728346183,-0.4760454223165111,0.3712901364615137,0.4593630664284659,4.2261534,31.33405113220215,23.040903091430664,39.381393,32.00965349205069,0.7230208769940963,1,1
2015-04-22,99970.19950894998,299.4791489498096,0.0021884359674898,-0.5680647000133766,0.6660648346495356,0.4644438753091513,36.246902,31.499191284179688,22.270164489746094,1.6603768,31.9338624181957,0.7250142365817241,1,1
2015-04-23,100013.64966160804,299.7237936111977,0.0099235187522296,-0.1160147369501691,-0.2156788946385585,0.4578819717758005,0.0,32.9903564453125,23.840864181518555,16.484047,31.858071344340715,0.7270075961693521,0,0
2015-04-24,100006.64904753354,299.5515041705019,0.015741750738356,0.0659240564806708,-0.5389366970208416,0.4699281246726084,0.98320645,33.2540397644043,23.89531517028809,20.717436,31.582290676151807,0.7175783717578497,1,1
2015-04-25,99915.8905176904,300.1670763107826,0.0017653868458282,0.0527413081026625,-0.4102697064227985,0.4527261624391053,18.392857,30.705463409423828,20.79191970825196,2.491381,31.3065100079629,0.7081491473463473,1,1
2015-04-26,99937.78102729889,299.54842180946326,0.0075666760815516,-0.2631447390852303,-0.2340823753583477,0.4667869629257028,0.8482293,31.98202896118164,23.145421981811523,6.315677,31.03072933977399,0.6987199229348449,1,1
2015-04-27,100051.23718764968,300.1427021766166,0.0065124799909348,-0.089904750078574,0.1943381912041441,0.4629324982449471,17.172228,31.67908096313477,22.388351440429688,5.8409977,30.754948671585083,0.6892906985233425,1,1
2015-04-28,100054.63562844232,299.7935948374081,0.005563426541871,-0.1337097951370181,-0.2140961815662311,0.4685917640189103,11.148008,32.94362258911133,23.132606506347656,1.1546539,30.479168003396175,0.6798614741118402,1,1
2015-04-29,100034.73597918166,300.34020264636507,0.0027645958188397,-0.0304116780365107,-0.1751772550604809,0.4617667346530492,1.8832806,32.765079498291016,23.98126220703125,1.2188858,30.203387335207267,0.6704322497003378,1,1
2015-04-30,100092.71982549092,299.9924083721409,0.0072422835880659,0.0735711769308623,-0.3084434959075461,0.4630861646279522,0.13819729,33.19110870361328,23.7798080444336,1.131997,29.92760666701836,0.6610030252888354,1,1
2015-05-01,99995.67133096866,301.00888411715584,0.0022730213951776,0.4876579702676942,-0.3986547261819073,0.4550293056444191,1.6937704,33.30811309814453,23.458126068115234,2.3044074,29.65182599882945,0.651573800877333,0,1
2015-05-02,99979.4753883052,300.57232789693666,0.0019194335293495,0.6198527439161278,-0.4237617222650755,0.4529667188564024,0.0,33.9188232421875,24.386781692504883,0.23496433,29.765998320588366,0.6421445764658306,1,1
2015-05-03,99899.51097963066,301.15512114835434,0.0004037286206909,0.4418071644516285,-0.4267701063302286,0.4343798430578006,0.02297367,33.70545196533203,24.03729248046875,7.5583706,29.88017064234728,0.6327153520543282,1,1
2015-05-04,99929.3016005897,300.1883244876205,0.0082523794780846,-0.1306568204214746,-0.1974973448757011,0.4448916738517441,1.9224106,33.454097747802734,24.6396713256836,11.343097,29.994342964106195,0.6232861276428258,1,1
2015-05-05,99870.47813757187,299.7413078831349,0.0093553508766766,-0.0319863593441316,0.3126996546412793,0.4632674748504755,10.362588,32.49596405029297,23.195798873901367,6.03904,30.10851528586511,0.6138569032313235,1,1
2015-05-06,99822.47823320764,299.79683658176,0.0073738265825186,-0.28120547619816,0.3111627954358799,0.4647529865133352,4.8613915,32.19184112548828,23.410289764404297,13.560533,30.222687607624025,0.6044276788198211,1,1
2015-05-07,99907.13217762214,299.48892705544665,0.0184528887065324,-0.1838819709865526,0.309006328473146,0.4710823981332597,9.548184,32.39896011352539,23.994497299194336,18.520967,30.33685992938294,0.5949984544083187,1,1
2015-05-08,99836.02527194086,299.5156733990081,0.0135090355111725,-0.1252705628844513,-0.205167482164171,0.4574648637150441,10.519241,32.990135192871094,23.79890251159668,12.128561,30.451032251141854,0.5855692299968163,1,1
2015-05-09,99759.74660148771,299.16426584119546,0.0124683006536001,-0.2149237259320373,-0.0070067474942554,0.471696698711293,8.524288,32.30596160888672,23.08248519897461,8.003221,30.565204572900768,0.5761400055853139,0,0
2015-05-10,99732.3898052114,299.3655357781772,0.0106706859941117,-0.3170928151214718,-0.0331783762014688,0.4626400170746436,8.94137,30.202259063720703,24.16116714477539,20.64388,30.38484201473748,0.5781732092430243,1,1
2015-05-11,99869.98996924392,298.1463041736706,0.0304982858335823,-0.3044271298112541,-0.0739521382868975,0.4718897924021287,7.8303876,26.8873291015625,22.438861846923828,17.622183,30.20447945657419,0.5802064129007346,1,1
2015-05-12,99790.32967238389,298.62822473927935,0.026609751034057,-0.1812459461899096,-0.4125924013583598,0.476792370734087,1.7808188,29.85035514831543,22.827045440673828,21.927061,30.024116898410902,0.582239616558445,1,1
2015-05-13,99678.53220710612,298.89062176788457,0.023648193892974,-0.2310982346808774,-0.0830475259832039,0.4691672841799214,31.260544,29.020652770996094,22.65699958801269,34.66068,29.843754340247614,0.5842728202161555,1,1
2015-05-14,99734.71592881948,298.8450682269568,0.0149952840428193,-0.5767572779856422,0.5362610693452918,0.4706940593207934,15.247804,29.81882667541504,22.6270751953125,7.7508087,29.663391782084325,0.5863060238738658,1,1
2015-05-15,99805.5024056364,299.4747168641072,0.0055624294999917,-0.490251926243077,0.785774336792957,0.4649252969734515,2.976432,30.80095672607422,23.616613388061523,12.758115,29.483029223921037,0.5883392275315762,1,1
2015-05-16,99738.05808900566,298.1868760058524,0.0229604259578206,-0.5549736063690475,1.0908086748050092,0.4749588528629466,1.9496554,29.04964065551757,23.82329559326172,24.136223,29.302666665757748,0.5903724311892866,1,1
2015-05-17,99713.55244866502,297.770372089956,0.0278444771143211,-0.2554300952779836,1.340270483667367,0.4718689010152415,12.591311,29.335102081298828,23.118337631225582,27.138105,29.12230410759446,0.592405634846997,0,1
2015-05-18,99814.02004280411,298.57310278296933,0.0136106980600576,-0.5614797251617314,1.222441966542796,0.4715429517957901,10.471593,30.488300323486328,22.413116455078125,19.361458,29.222455946590337,0.5944388385047074,1,1
2015-05-19,99904.537243325,298.70538347967744,0.0128072514962514,-0.2867893099145415,1.1006940986187526,0.4679900763500696,7.793013,31.090665817260746,23.23737144470215,9.99887,29.322607785586214,0.5964720421624178,1,1
2015-05-20,99962.28234764132,299.6517337223214,0.0072035279081132,-0.075296727615298,0.6326054841805238,0.4629946570560851,6.634065,31.85236549377441,22.83343505859375,0.0,29.422759624582092,0.5985052458201282,1,1
2015-05-21,100046.95187514968,299.53299203660754,0.0069765620739065,0.2616641147657373,0.5104100048130957,0.4762370661300718,0.0075965524,32.60127639770508,24.35679817199707,0.0,29.52291146357797,0.6005384494778385,1,1
2015-05-22,99999.73340120632,300.327634903188,0.0044390547686609,0.5764639688542977,0.7749024481791651,0.4734889279654201,0.0,32.434959411621094,24.62226676940918,0.0,29.623063302573847,0.602571653135549,1,1
2015-05-23,100021.44968570404,299.8588399485153,0.0043744713273428,0.1721708959820627,0.0546046483379671,0.4785133430510188,0.14582579,32.46472930908203,25.00496292114257,4.1251936,29.723215141569725,0.6046048567932594,1,1
2015-05-24,100058.85046029398,299.7579178882468,0.0095889951100244,0.5696715332265104,0.2322512268380644,0.4697473730620753,0.0,32.62153244018555,24.70911026000977,0.0,29.823366980565602,0.6066380604509697,1,1
2015-05-25,99991.0428461746,301.03554563880425,0.0023104576064202,1.1030729286515395,-0.2489275076197482,0.4599959352281359,0.0,33.139556884765625,24.65179252624512,0.50739807,29.92351881956148,0.6086712641086801,0,0
2015-05-26,100011.82081919003,300.4179921535332,0.0043342034707124,1.0181822865219412,-0.5051293042062344,0.4759812956477491,0.0,32.91720199584961,24.956287384033203,0.1145904,29.511454549127443,0.6097702121344005,1,1
2015-05-27,99899.99550900984,300.93468635296006,0.001308684403812,0.7551141925789846,-0.449352842656132,0.4622390577528213,0.052598096,33.10477828979492,25.006498336791992,14.095847,29.099390278693406,0.6108691601601209,1,1
2015-05-28,99768.98358963424,300.237828253969,0.01325588733985,0.2672097712001582,-0.1279528895374459,0.4638767553746016,16.358715,31.05129814147949,23.3843936920166,6.226455,28.68732600825937,0.6119681081858414,1,1
2015-05-29,99846.47678984076,298.72743410395486,0.0166234664532875,-0.2204227397816391,-0.0766253055923286,0.4671417698184194,0.0,32.79517364501953,24.265384674072266,16.575163,28.275261737825332,0.6130670562115619,1,1
2015-05-30,99787.17823500362,299.6255224255675,0.0100256581963254,0.1862560006211087,0.1256742145457943,0.4567582480478105,11.364356,32.50770950317383,24.018871307373047,2.3799531,27.863197467391295,0.6141660042372823,1,1
2015-05-31,99807.32932957678,298.7124396722436,0.0189760784753437,0.0532202034435053,0.7046631629622302,0.4709085639865921,4.0032682,32.11515045166016,24.508663177490234,28.058777,27.451133196957258,0.6152649522630027,1,1
2015-06-01,99798.44822003711,298.96543498569065,0.0059627868937335,-0.2427579150437395,1.120384950783975,0.4783487049555871,20.471716,31.337072372436523,23.42263603210449,6.786356,27.03906892652322,0.6163639002887231,1,1
2015-06-02,99827.14196711867,299.1398070947056,0.0072538006511114,-0.1382945935479526,0.463101094472454,0.4645581329462628,2.8019981,32.10004425048828,23.73440933227539,4.2177553,26.627004656089184,0.6174628483144435,0,1
2015-06-03,99709.29575805196,299.5620261020588,0.0066841207461745,-0.0596983831412947,0.6093954856185619,0.4702513536182858,0.10537087,31.75282096862793,23.77179527282715,22.241932,26.342279253603436,0.618561796340164,1,1
2015-06-04,99773.80288673373,298.5837999994272,0.0154989351794637,-0.6842443099332496,1.021253944795251,0.4671935352603139,11.933782,30.676483154296875,23.30409812927246,20.339943,26.05755385111769,0.6196607443658844,1,1
2015-06-05,99849.8815818816,298.7895700412327,0.0069871053544954,-0.5567233024977178,1.0028360154528273,0.4635768523526832,5.3460937,30.23935890197754,23.213436126708984,21.560999,25.77282844863194,0.6207596923916048,1,1
2015-06-06,99772.9793066032,300.19048232447614,0.00080796182199,-0.2200433323301118,1.2741395001758564,0.4525371550052103,1.3859044,31.612455368041992,23.26353454589844,1.0974864,25.488103046146193,0.6218586404173252,1,1
2015-06-07,99822.57301896256,299.2840894045776,0.0155839882527007,-0.1644905695421942,1.6062779688926496,0.4707197655571832,0.0,31.534358978271484,24.583232879638672,3.3310091,25.203377643660442,0.6229575884430457,1,1
2015-06-08,99932.1079751856,297.99805622320065,0.0223979834166413,-0.2313132886046194,1.3747877183453794,0.4680302353197588,12.033063,30.34793281555176,23.603031158447266,20.924423,24.918652241174694,0.6240565364687661,1,1
2015-06-09,99971.97923057356,298.93179709949715,0.0094416454297941,0.4101209022258891,0.162552909522221,0.4612518792864921,12.70672,31.12831115722656,22.685476303100582,7.613434,24.633926838688947,0.6251554844944865,1,1
2015-06-10,99820.51465592076,299.8521183490389,0.0030405389542214,0.5861514083453064,-0.3090364615122477,0.4677043140162911,3.9557197,31.61123847961425,22.98184394836425,1.2108387,24.3492014362032,0.626254432520207,0,0
2015-06-11,99905.8895099228,297.9380501185158,0.0357245966004215,0.535507804315209,-0.2055855292287366,0.4749749364158659,3.2765958,31.05646324157715,23.63804054260254,21.699598,24.42320470152583,0.6315079950532223,1,1
2015-06-12,99933.65833168702,297.911483817265,0.0064678330531065,0.0484265557650861,-0.1171947747080719,0.4686450367777741,23.235687,30.444726943969727,22.91259002685547,3.4282568,24.49720796684846,0.6367615575862378,1,1
2015-06-13,99862.9501682232,298.6677023002654,0.0082780660915351,0.4357990782288301,-0.1942058993482041,0.4738659765893929,1.9222591,31.26075935363769,22.93160057067871,10.512088,24.57121123217109,0.6420151201192531,1,1
2015-06-14,99821.22916367336,298.83778365884257,0.0107299915916022,0.6912435876729389,-0.6973181968995894,0.4735622037690262,17.141369,31.221830368041992,22.832983016967773,1.0570897,24.645214497493726,0.6472686826522684,1,1
2015-06-15,99840.72737330878,298.0786111172498,0.0158258986883013,0.7751607430483646,-0.6114293331387399,0.4693348106296585,3.0467694,30.4869384765625,23.69098281860352,16.675234,24.719217762816356,0.6525222451852839,1,1
2015-06-16,99819.59824854828,297.9653531377801,0.0107277157629241,0.9227339683912726,-0.7947494215252757,0.4873647328811589,18.021788,29.57765007019043,22.732833862304688,10.797134,24.793221028138987,0.6577758077182992,1,1
2015-06-17,99754.4694867996,297.5325918020782,0.0092817413327323,0.9820008706863812,-0.8603700044054641,0.4842461670038802,11.20329,30.34247779846192,22.96434211730957,8.678399,24.867224293461618,0.6630293702513146,1,1
2015-06-18,99769.2025443756,297.3344435420713,0.0223803429355913,1.0848780507054825,-0.876381768997602,0.4817251472911616,27.4733,27.97870635986328,22.88543701171875,23.386076,24.94122755878425,0.66828293278433,0,1
2015-06-19,99814.18036211393,297.52064258823907,0.0183111040858818,1.6706491009942424,-0.9716112911107444,0.4799316917799443,34.11971,28.83980369567871,22.919464111328125,12.723291,25.374305338630982,0.6735364953173454,1,1
2015-06-20,99774.07297817888,298.2172730632212,0.0122825342073298,1.231868725188391,-0.5926334943625207,0.4837543686322325,25.250372,30.17896842956543,23.929607391357425,1.8315384,25.807383118477716,0.6787900578503607,1,1
2015-06-21,99839.757504041,298.7436158176584,0.026416596551051,1.8234846198421784,0.772036347900771,0.4799520751251571,15.475756,30.345273971557617,23.85972785949707,2.0509593,26.24046089832445,0.6840436203833761,1,1
2015-06-22,99905.4546664721,298.33856646687593,0.0164442488448373,1.0136729536385376,0.5310738399110992,0.4771118215217445,46.57462,30.128633499145508,23.21360969543457,1.5743083,26.673538678171184,0.6892971829163915,1,1
2015-06-23,99991.6105606442,298.1350685219016,0.0078461513985162,0.0639146435032402,0.6494439334065524,0.4933750893603798,28.541151,30.38722038269043,23.41921806335449,2.763177,27.106616458017918,0.6945507454494069,1,1
2015-06-24,100121.8714269786,298.1525327268871,0.0107957221790291,0.9609063378695788,0.4514139801332321,0.495129640074982,23.580235,30.6572494506836,23.381771087646484,2.9527922,27.53969423786465,0.6998043079824222,1,1
2015-06-25,100088.16489388772,298.18840242992417,0.0189985619467227,1.7480302133962116,-0.0589679845539546,0.4775041122728839,25.416431,30.09503173828125,23.08519554138184,15.164575,27.972772017711385,0.7050578705154377,1,1
2015-06-26,100047.63977131229,297.6200821837795,0.029391173333329,2.1679520077175574,-0.3574158168295792,0.4748784967765956,45.882683,29.517879486083984,22.96141624450684,55.144577,28.40584979755812,0.710311433048453,0,0
2015-06-27,100101.45855304122,297.7923606545168,0.0163403194594657,1.540434333830501,-0.7499705129747648,0.477368806130128,77.20858,29.8012924194336,22.035356521606445,7.4549527,28.092534477565188,0.6934556263114933,1,1
2015-06-28,100144.23947168344,298.63311403705706,0.0070292912029671,1.3815359347990193,-0.8310586906666959,0.4895400064110299,35.858166,30.787879943847656,22.145584106445312,5.0415273,27.779219157572257,0.6765998195745335,1,1
2015-06-29,100225.36306019516,297.8826829695429,0.0120601829646647,0.8477430633018758,-0.1725806825645125,0.4650521849124369,12.384996,29.959999084472656,23.158344268798828,20.615217,27.465903837579326,0.6597440128375737,1,1
2015-06-30,100165.28935524424,298.5017680119189,0.0031021035368365,0.5787031057876646,-0.1776189606034436,0.467816980442325,18.479933,30.99870681762696,22.86034202575684,12.794906,27.152588517586395,0.6428882061006139,1,1
2015-07-01,100182.21739126858,298.85235222359734,0.0037203814517492,0.9012075248988654,-0.3971928337067937,0.473510040195509,3.9967294,31.13294982910156,23.34833717346192,0.0,26.839273197593464,0.6260323993636542,1,1
2015-07-02,100217.47731935469,299.1636650757771,0.0025274670466595,0.8857291657897249,-0.542636457750167,0.470529619121917,3.834294,31.36412811279297,23.420827865600582,0.37938175,26.525957877600533,0.6091765926266944,1,1
2015-07-03,100255.51561399968,298.4892732501853,0.0055721141790868,1.1255889697458552,-0.7015948286641147,0.4771203813516318,2.7283928,31.49001121520996,23.44254302978516,1.4717681,26.2126425576076,0.5923207858897346,1,1
2015-07-04,100165.33376758565,299.18357017867874,0.0041797427678475,1.35051563482175,-1.5497924167443051,0.4772193524298541,9.548009,31.78455924987793,23.473363876342773,0.0,25.89932723761467,0.5754649791527748,0,1
2015-07-05,100072.25292197982,299.0553407728992,0.0051357724930224,1.509823875281089,-1.4500117661852494,0.4792704832873583,9.142906,31.54528045654297,23.40346908569336,0.57851416,26.07058940695716,0.5586091724158151,1,1
2015-07-06,100017.56119761738,299.23604965589976,0.0040084016545384,1.4424894056649047,-1.3892736861714918,0.4795215263220543,11.2004385,31.726625442504883,23.846508026123047,0.0,26.241851576299652,0.5417533656788553,1,1
2015-07-07,99951.13548424032,298.87062162318915,0.0057391853406858,1.1538505546343287,-0.9783563725519,0.4762608090397042,1.3148053,31.44655418395996,23.134246826171875,0.0,26.413113745642143,0.5248975589418956,1,1
2015-07-08,100059.60925511856,298.7046967558295,0.0065450222806345,1.290773553044404,-0.990262836898424,0.4871850594706919,8.3957,31.204723358154297,23.150409698486328,0.85717005,26.584375914984633,0.5080417522049359,1,1
2015-07-09,100085.7279320073,298.1434410507378,0.0175973478027916,1.6695286451902431,-1.1070958586579538,0.4740963252568154,20.572536,30.981216430664062,22.816272735595703,1.0636255,26.755638084327124,0.491185945467976,1,1
2015-07-10,99965.2446387093,297.54954389111754,0.0268390368764378,2.264113271428251,-1.350358653159891,0.4725239926919171,15.182938,29.54575538635254,23.22624969482422,2.2577722,26.926900253669615,0.47433013873101626,1,1
2015-07-11,100009.55016335912,297.5843462526754,0.0133556474145574,1.5042200554741758,-1.206256407248106,0.4839610101984836,15.194031,30.86295509338379,22.88731575012207,1.0767568,27.098162423012106,0.4574743319940565,1,1
2015-07-12,99971.7537975934,298.6282480840575,0.0040680569546891,1.0972997108547171,-1.6401811310706012,0.4850372082063525,9.949393,31.255874633789062,22.55682373046875,2.9658074,27.269424592354596,0.4406185252570967,1,0
2015-07-13,99885.3115045049,298.9764973370783,0.0035266207209721,1.5389352919772217,-1.4491319073205713,0.4783722017368595,3.1363633,31.95359230041504,23.3700008392334,0.0,27.440686761697084,0.452006885408794,1,1
2015-07-14,99797.76962097402,298.6080443575923,0.0069188445154511,1.6828137511037782,-1.3734196693047709,0.4860134155448827,2.9620578,31.56237030029297,23.59000587463379,0.20051065,27.611948931039574,0.46339524556049133,1,1
2015-07-15,99779.0290770175,297.2645424038241,0.0214415704792716,1.845842084628869,-1.284794403145597,0.479917484736534,17.89389,28.545753479003903,23.366613388061523,13.444666,27.783211100382065,0.47478360571218864,1,1
2015-07-16,99720.02355072138,297.59651801595294,0.014064068554348,1.5691194854385555,-1.0853571085180818,0.4805433057003095,12.796945,30.8770751953125,23.071542739868164,2.0991063,27.954473269724556,0.48617196586388595,1,1
2015-07-17,99871.52497934629,296.863314270955,0.0340149170159384,2.0192668979104,-0.8641243896995927,0.4765357249175909,9.375102,28.66122055053711,23.03549766540528,46.399784,28.125735439067046,0.49756032601558325,1,1
2015-07-18,99962.71824548017,297.1336437672582,0.032484520338002,1.1416433420583207,-0.7687132315800109,0.4746277397711159,51.28156,29.033098220825195,22.393526077270508,10.963279,28.296997608409537,0.5089486861672805,1,1
2015-07-19,99945.57833198635,296.6339309411763,0.0341168282395121,1.0677102590977463,-1.432306197265099,0.4604797214201127,19.394812,28.384883880615234,23.012191772460938,14.23392,28.468259777752028,0.5203370463189778,1,1
2015-07-20,99881.65587606264,296.8750650939357,0.0161392712113046,1.171772415500948,-1.2833376458412848,0.4871467831491054,19.404953,28.9909896850586,22.050657272338867,11.537913,28.63952194709452,0.5317254064706751,0,1
2015-07-21,99893.98481389188,297.6746940536792,0.0241167696865075,1.2213464660388758,-0.8814976832510412,0.4772726975364247,28.479982,29.26275062561035,22.710355758666992,38.70521,28.487360329044837,0.5431137666223724,1,1
2015-07-22,99972.8911932771,297.3336488444596,0.0338471255494146,0.9857954205041646,-0.8273914374793627,0.4750862391972451,27.609217,28.46482276916504,22.615392684936523,12.6095495,28.335198710995154,0.5545021267740697,1,1
2015-07-23,100069.58985093392,297.0274008810109,0.0404866597159155,0.9142546438166012,-0.0138455183021867,0.4740328858181892,9.09519,29.77143669128418,22.79387664794922,8.091905,28.183037092945472,0.565890486925767,1,1
2015-07-24,100147.76757071662,297.041485281758,0.0194167742167282,0.6313364767023433,-0.533069562254281,0.4743313848561255,23.78061,30.579404830932617,22.140893936157227,0.0,28.030875474895794,0.5772788470774644,1,1
2015-07-25,100113.22879033467,297.44161489932486,0.0231804619061081,1.1483563249960715,-0.6619266505442362,0.4740391696915316,4.014667,30.51872634887696,22.847774505615234,4.9787307,27.87871385684611,0.5886672072291617,1,1
2015-07-26,100133.8560481771,297.56257404049694,0.011305330564967,0.4197481039931491,-0.5661700581408096,0.4675559259465828,4.954703,30.02147674560547,23.053146362304688,30.278425,27.72655223879643,0.600055567380859,1,1
2015-07-27,100130.86825288858,298.383481518391,0.0052902551012477,0.6247804672416599,-0.955957192022682,0.4676535034179688,5.3764615,30.612314224243164,22.56503677368164,5.8693943,27.574390620746748,0.6114439275325563,1,1
2015-07-28,100160.15743085487,298.95732801093914,0.0012598068539924,0.9114398310284964,-0.8959003623874712,0.4648885441922593,1.6035374,31.19858932495117,23.330097198486328,22.879955,27.422229002697065,0.6228322876842536,0,0
2015-07-29,100110.5635883621,299.1060897265906,0.001016679929137,0.7133651341697723,-0.6847424450870675,0.4551271605217594,0.102817535,30.78273200988769,22.83870887756348,0.0,27.468534558113966,0.624775106152898,1,1
2015-07-30,100117.24718226177,298.74404514473525,0.0033298742521426,1.0229429041836913,-0.6563907319284491,0.455869561703269,0.0,30.783660888671875,22.70589256286621,0.0,27.514840113530866,0.6267179246215424,1,1
2015-07-31,100088.51319594112,298.9193613378299,0.0040581881040359,1.2041124143637003,-1.00132933722602,0.4627798654841283,0.14285715,31.29535484313965,23.0036678314209,1.8814766,27.561145668947766,0.6286607430901868,1,1
2015-08-01,100179.89968405772,298.15215512915137,0.0110481056216592,0.8286072294739473,-0.8448665332794191,0.4667727032657784,0.0,31.01808357238769,23.18912124633789,3.1757014,27.607451224364667,0.6306035615588311,1,1
2015-08-02,100178.28277403618,297.4519305364383,0.0186223733403586,0.9101635718802386,-1.1217397676665208,0.4704153161761406,0.0072967284,30.117944717407227,23.01487922668457,14.679464,27.653756779781567,0.6325463800274755,1,1
2015-08-03,100162.28383471028,297.3179970585615,0.0137896584241015,0.7441620811374708,-0.669184465718909,0.4726967202840638,3.4257374,29.807188034057617,22.75380516052246,5.6312184,27.700062335198467,0.63448919849612,1,1
2015-08-04,100106.58966796876,297.5065203024328,0.016033856888345,1.0334963765454934,-0.2520419008978483,0.4742762149796176,9.86525,30.654993057250977,22.89810371398925,4.1110883,27.746367890615367,0.6364320169647644,1,1
2015-08-05,100093.7808798791,297.5722617307935,0.0112692169519676,1.2721771189079434,-0.4993590472575806,0.4843372615361124,11.744809,30.67055320739746,22.547338485717773,0.62924963,27.792673446032268,0.6383748354334088,0,1
2015-08-06,99945.69363311183,298.46317288453554,0.0060056593910605,1.5928137133952764,-1.1046907517005662,0.4880067834086801,11.838807,30.9962158203125,22.711265563964844,1.1226193,27.84258626170041,0.6403176539020532,1,1
2015-08-07,99951.69922054598,298.4021275355899,0.0071332930696421,1.296030844618991,-0.5173581587400474,0.4834185149386469,4.6550927,31.01264953613281,23.15214729309082,0.11330938,27.892499077368555,0.6422604723706976,1,1
2015-08-08,99921.75748967315,298.4958664074894,0.009367866564071,1.550012651640794,-0.8123362118074263,0.4822312029842217,7.696533,32.23722457885742,22.91243553161621,0.029196056,27.9424118930367,0.644203290839342,1,1
2015-08-09,99786.59879864103,297.732989122822,0.0197812960271177,1.9853611600444687,-0.9782091833896568,0.4763112630149871,15.61008,30.840404510498047,23.29369354248047,0.0,27.992324708704842,0.6461461093079863,1,1
2015-08-10,99811.28163905352,297.7580763569098,0.0211040318333741,1.7395794730350893,-0.9997756752657254,0.4762087724766056,7.1740146,30.31501007080078,23.53594970703125,8.301148,28.042237524372986,0.6480889277766307,1,1
2015-08-11,99962.6249139428,297.9371863134977,0.0098359163018825,1.4942765822721171,-0.9545307668415524,0.493452385211813,25.955227,31.144615173339844,23.26258087158203,1.5106747,28.09215034004113,0.6500317462452752,1,1
2015-08-12,100057.40196577169,297.9789148758929,0.0083058594150104,1.3476853410859682,-1.000928488124833,0.4925643707509241,31.792841,30.56846618652344,23.6259880065918,0.6645273,28.142063155709273,0.6519745647139196,1,1
2015-08-13,100004.75177292868,298.37369235860893,0.0038927596430668,1.0964683895184162,-1.534467758529488,0.4887878732206265,25.654984,30.572757720947266,23.33823204040528,2.2418687,28.191975971377417,0.653917383182564,0,0
2015-08-14,99951.78887332378,298.94816914145525,0.0024207238595151,1.0035241032742903,-1.658280674726114,0.477441144044372,8.092872,31.082895278930664,23.09521484375,0.20792931,28.228718812803876,0.6518730369657232,1,1
2015-08-15,100019.654611171,298.79697220053265,0.0051877823095212,0.6884313125902666,-1.3302255551568398,0.4746882240616957,6.140483,31.829090118408203,23.54454231262207,19.778856,28.265461654230336,0.6498286907488824,1,1
2015-08-16,100010.92253038198,298.6729098165813,0.0086682841386265,0.8514877728575494,-1.6223379174594228,0.479790795424889,7.348893,30.970027923583984,23.48197555541992,40.03215,28.302204495656795,0.6477843445320417,1,1
2015-08-17,99860.7194716086,299.03496152592805,0.011249120756025,0.7472737314509252,-0.9701547241028246,0.4764294891065109,6.539064,30.781673431396484,22.76003074645996,16.284443,28.338947337083255,0.6457399983152009,1,1
2015-08-18,99852.18116012632,298.7888551234104,0.0474698955813475,0.6747433901381219,0.2158121091835343,0.4605173730667525,6.10575,30.799633026123047,23.243532180786133,12.796439,28.375690178509714,0.6436956520983601,1,1
2015-08-19,100010.75592605068,299.1916637432347,0.002957173229634,0.3636856435724603,0.765240007506477,0.4554722932837476,23.403452,30.21194648742676,23.03511619567871,8.594716,28.412433019936174,0.6416513058815193,1,1
2015-08-20,100118.82857399428,299.27396850556715,0.0046011550089641,0.1379118399784483,1.3433974923210583,0.4599881478379056,2.2744203,30.75362968444824,23.499361038208008,0.11822698,28.449175861362633,0.6396069596646785,1,1
2015-08-21,100136.07432912778,298.5752270937515,0.0076316201481325,0.413221558318741,0.872227021432928,0.4778419007926153,0.8046795,30.517797470092773,23.630970001220703,14.455902,28.485918702789093,0.6375626134478378,0,1
2015-08-22,100069.54504579742,297.78304951284133,0.0107884085794975,0.255889787929725,-0.384636909203511,0.4779306419051015,26.80904,28.972553253173828,22.82554244995117,14.772216,28.352311087170897,0.635518267230997,1,1
2015-08-23,100107.5631292655,298.0146408162904,0.0059011822527802,0.4949759735458201,-0.6869899005999512,0.4867318291499698,3.6421716,30.07366943359375,23.177322387695312,4.191227,28.2187034715527,0.6334739210141562,1,1
2015-08-24,100119.40194279815,298.71377629305675,0.0024831461220867,0.9775581943395042,-0.5457583419390566,0.4790676324486276,8.190755,31.880510330200195,23.06524658203125,0.8571519,28.085095855934505,0.6314295747973154,1,1
2015-08-25,100017.2321732819,299.07247948482126,0.0013864248797856,0.8776329362438102,-1.0021527991166974,0.4659571877841293,2.3700619,31.0255069732666,23.158571243286133,0.0,27.95148824031631,0.6293852285804746,1,1
2015-08-26,99928.59449308552,298.86553799040934,0.0034700505089835,1.0280919691063894,-1.056626047887108,0.4631194723428895,0.21200511,31.20279693603516,23.087627410888672,1.1452457,27.817880624698113,0.6273408823636338,1,1
2015-08-27,99965.184753128,298.0526145335816,0.0028310115960808,0.2356473231406961,-0.3768002959503526,0.4707906705483624,1.2345053,31.45096778869629,23.11543273925781,1.031203,27.684273009079917,0.6252965361467931,1,1
2015-08-28,99994.54973569208,298.8084124884478,0.0021423740119769,0.3338833203078231,0.1236908406224744,0.4643505192899157,1.8944397,31.850475311279297,23.025575637817383,0.0,27.55066539346172,0.6232521899299523,1,1
2015-08-29,99968.44557942708,298.8806647228373,0.0021686922269653,0.5472234195402301,-0.1997363815819167,0.4588399328765286,0.29481813,31.91911125183105,23.28732681274414,0.0,27.417057777843524,0.6212078437131116,0,0
2015-08-30,100034.37247717616,299.01129641887326,0.0040415117863901,0.8120312628618148,-0.0836275619382602,0.4582987293521107,0.0,32.737632751464844,23.14139175415039,0.0,27.675797696411657,0.6284272075118503,1,1
2015-08-31,100037.34588032808,299.4702569226378,0.0013080576912224,0.6003292913911902,-0.668869999743056,0.4570496492641639,1.4366343,33.59309005737305,23.610811233520508,0.0,27.93453761497979,0.635646571310589,1,1
2015-09-01,99948.84527291368,299.31711819674337,0.0021100331352219,0.7500730454602007,-0.918215071268922,0.4488141893701079,0.17810507,32.59319305419922,24.0633602142334,3.9403589,28.19327753354792,0.6428659351093278,1,1
2015-09-02,99868.14691840278,299.42033932506814,0.0018500476594976,0.5136447374482722,-0.8949031422786788,0.4445466704386862,1.9241697,32.187923431396484,23.78635025024414,6.262556,28.452017452116053,0.6500852989080664,1,1
2015-09-03,99949.40407305138,299.5229833931759,0.0030990532417406,0.4562281369614877,-0.6207735244159044,0.4447397954071163,0.009286745,31.73681831359864,24.01945686340332,10.459696,28.710757370684185,0.6573046627068052,1,1
2015-09-04,100141.18508216598,299.3270098537869,0.004122076192019,0.0436147068652156,0.0841639219481369,0.4498594820453747,2.3189654,30.72991180419922,24.16497039794922,8.376791,28.969497289252317,0.6645240265055439,1,1
2015-09-05,100195.2121705131,298.3641081813652,0.0115178335981233,-0.0956006017224542,0.7666810385934237,0.4777955183124178,17.238165,31.05736923217773,23.650489807128903,13.216952,29.22823720782045,0.6717433903042827,1,1
2015-09-06,100218.96892046818,297.96962646045904,0.0155525048197,-0.3956780225381084,1.5120170288707109,0.4771752751375983,48.15906,30.05296516418457,22.89110565185547,18.68885,29.48697712638858,0.6789627541030214,0,1
2015-09-07,100261.05315059268,297.38542787047646,0.0152019684821709,-0.3426004806606249,1.4501133664631756,0.4743748667048312,16.222893,28.76833724975586,23.03148651123047,35.972107,29.26259576304927,0.6861821179017601,1,1
2015-09-08,100227.32791404756,297.07458251514663,0.0110300137070393,-0.2875902571988746,1.0609155022778276,0.4827709624776437,16.903435,30.50985336303711,22.23867416381836,1.5166332,29.038214399709958,0.6934014817004989,1,1
2015-09-09,100207.22623757788,297.4645790398258,0.0102211808200565,-0.0431101694508987,0.9313649026644188,0.466704620419791,5.6609416,29.65254783630371,22.43211555480957,0.98311615,28.813833036370646,0.7006208454992375,1,1
2015-09-10,100168.6346738057,298.2164781823288,0.0068504392028158,0.5524911221325169,0.2894991843453769,0.48242332560806,16.426928,30.338855743408203,22.3896598815918,0.49999818,28.589451673031334,0.7078402092979763,1,1
2015-09-11,100144.15177479944,298.05914816816187,0.0147789856928582,0.8662626723950853,0.8043796715060414,0.4816555293583778,2.2708914,30.560216903686523,22.68127822875977,0.0,28.365070309692022,0.715059573096715,1,1
2015-09-12,100133.56848673974,298.23395761102563,0.0115708076940797,0.4687992066715871,0.3589202823492761,0.4672003343370226,4.37673,31.643604278564453,22.829757690429688,0.919152,28.14068894635271,0.7222789368954537,1,1
2015-09-13,100183.96794914392,299.11432619555256,0.0008280342405998,0.4458049753707946,0.2027636496591386,0.4509433493486309,1.4510839,32.24349594116211,23.23091125488281,0.039423946,27.9163075830134,0.7294983006941924,1,1
2015-09-14,100115.70903810467,298.8357778854664,0.0050668091901533,0.8642019959153804,-0.0279583825005425,0.4572583085275702,0.0,32.29597854614258,23.18773460388184,1.7657138,27.691926219674087,0.7367176644929312,0,0
2015-09-15,100014.02359517182,298.03773161672547,0.0093657549599071,1.315774668715466,0.0870691216128996,0.4842346675185864,3.718856,31.39423561096192,23.57999610900879,0.15642692,27.98015923562037,0.7361984886033044,1,1
2015-09-16,99864.83150188578,297.8488017813731,0.0144822008582353,1.941320381310708,-0.8433166010078346,0.4944749661149651,13.903639,31.66634559631348,23.00892639160156,0.12739822,28.268392251566652,0.7356793127136776,1,1
2015-09-17,99774.34945851294,298.2130404201229,0.0133673044730877,1.0536308963819483,-0.5748329343832317,0.4718565979588535,32.06217,30.89302062988281,23.18299865722656,5.003676,28.556625267512935,0.7351601368240508,1,1
2015-09-18,99809.94247335968,298.9351893279562,0.0051419422405654,0.7358968581276382,-0.2998097161771694,0.4810574280895949,9.284156,32.21199035644531,23.566303253173828,4.669844,28.844858283459217,0.734640960934424,1,1
2015-09-19,99867.78749139432,297.9707090209727,0.0219356699373075,0.6271848197732394,0.5640454838193699,0.4788639406226148,8.697336,31.352577209472656,23.420610427856445,3.166861,29.1330912994055,0.7341217850447972,1,1
2015-09-20,99911.09927599682,297.73444463211007,0.0084112221824711,0.5326980669745086,0.1259291047976849,0.4716618795869909,5.944901,31.01488494873047,23.29828453063965,17.195778,29.421324315351782,0.7336026091551704,1,1
2015-09-21,99871.5094916637,299.2362888751268,0.0002605115328214,0.1877688484630366,0.0088596666087592,0.4518758164329092,1.7483326,31.78984260559082,23.192041397094727,0.0,29.709557331298065,0.7330834332655436,1,1
2015-09-22,99930.22789444146,299.2272595083303,0.0015355567720444,0.1143441158601607,0.4702018772505252,0.4453397606159081,0.6884238,31.775754928588867,23.327423095703125,0.23084827,29.997790347244347,0.7325642573759168,0,1
2015-09-23,100012.219104032,299.1363666081338,0.0033593624419179,0.0026439383203499,0.3014183240283952,0.4487510280682211,0.1385287,32.12712860107422,23.930633544921875,9.603469,29.86163035912525,0.7320450814862901,1,1
2015-09-24,99945.4295037117,298.91028944812064,0.0108036467054423,-0.1511176373127319,0.2650317825850856,0.4512880033003417,4.3601575,31.75899314880371,23.816558837890625,12.347543,29.725470371006153,0.7315259055966633,1,1
2015-09-25,99879.68394673434,299.2075888403531,0.0048152276770821,0.1962076156440823,-0.0240692135748735,0.4557667399731633,18.565899,32.07732009887695,23.014476776123047,6.701344,29.589310382887057,0.7310067297070365,1,1
2015-09-26,99896.32071195522,299.2469723218428,0.00588766132278,0.4965828976685975,-0.7137273346509971,0.4717680483120155,8.158271,32.557369232177734,23.289400100708008,31.552832,29.45315039476796,0.7304875538174097,1,1
2015-09-27,99889.9659460309,298.73361206434697,0.0111634096823783,0.2767606257296156,-0.2308125287636943,0.4701717905797264,5.337243,32.011600494384766,23.173891067504883,32.12865,29.31699040664886,0.7299683779277829,1,1
2015-09-28,99787.38437058491,298.39563408541045,0.0112295321963405,-0.1604190636411937,0.168093173439932,0.4682581395116346,21.716732,31.01815223693848,22.48119163513184,25.664051,29.180830418529762,0.7294492020381561,1,1
2015-09-29,99790.5506210339,298.09937681205446,0.0210403548334183,-0.4076586013735483,0.6531105342587291,0.4710552703740499,6.436419,30.95089530944824,22.549131393432617,23.445429,29.044670430410665,0.7289300261485293,1,1
2015-09-30,99886.27629003534,297.3709712534939,0.025172227706615,-0.682150881537076,1.0980172556296166,0.4694556102533452,37.554516,29.216821670532227,22.31620407104492,17.043394,28.90851044229157,0.7284108502589025,0,0
2015-10-01,100071.4599551006,298.1466171068799,0.0088058715716175,-0.918963613400514,1.351921738372452,0.4674966421894644,33.897903,29.82528305053711,22.85693550109864,5.2678537,29.115801402617098,0.7300670698291272,1,1
2015-10-02,100263.4456222312,298.600935488003,0.0042943652676439,-0.2548669541749918,1.2353139981090795,0.4662573041952435,2.1227808,30.3347396850586,23.08079719543457,4.269737,29.323092362942628,0.7317232893993519,1,1
2015-10-03,100318.84370240664,298.65820254271074,0.0063998662773453,0.3331531548043323,-0.1506377314425062,0.4752638180319835,16.49426,30.20703887939453,22.85133171081543,15.041956,29.530383323268158,0.7333795089695766,1,1
2015-10-04,100266.66188038795,297.9143163954344,0.0297293756645301,0.6883498139947768,-0.5555747074368357,0.479875715409202,9.88794,29.453577041625977,22.868980407714844,23.560547,29.73767428359369,0.7350357285398013,1,1
2015-10-05,100165.07537356325,296.8669099639659,0.0199615112802425,0.0177874653549486,0.0862374555653539,0.4795210060031936,26.025042,28.483341217041016,22.93927574157715,27.553905,29.94496524391922,0.736691948110026,1,1
2015-10-06,99999.51296014427,298.1321303941282,0.0070050326983133,-0.0535414164459111,0.5773434123773687,0.4690487362507204,19.386202,30.80290031433105,22.59186363220215,4.99724,30.15225620424475,0.7383481676802507,1,1
2015-10-07,100057.56761606506,298.85592670192204,0.0048512062326591,0.0007332283692341,1.185784958477678,0.4616134199237458,3.0918002,31.565305709838867,22.77350425720215,0.15909863,30.35954716457028,0.7400043872504755,1,1
2015-10-08,100125.40462059987,298.4249262497708,0.0101200375269149,0.0179252665435674,1.8288229282423003,0.4772180433017542,9.238473,31.073875427246094,22.918426513671875,0.019369714,30.56683812489581,0.7416606068207001,0,1
2015-10-09,100122.28305353508,297.9139056311715,0.0174647726101387,-0.3721726536659446,1.3116066215778222,0.4682436692394974,21.690073,30.96665573120117,22.54669952392578,4.2427306,30.159562613922326,0.7433168263909248,1,1
2015-10-10,100164.441890191,298.28365100027514,0.0263318317271174,0.0043837358028952,1.062696653307626,0.4675368892918145,7.2674327,30.88687324523925,22.845870971679688,3.1409256,29.75228710294884,0.7449730459611495,1,1
2015-10-11,100214.67969490844,298.72009775885226,0.0090281781930237,-3.739894121542968e-05,0.5375771978897154,0.4640279829821825,6.396412,31.32137107849121,22.881771087646484,25.249945,29.345011591975357,0.7466292655313742,1,1
2015-10-12,100168.48949667747,298.55407590142613,0.0159429846069823,-0.2535357253852933,-0.04711357902293,0.474886861194596,8.307107,31.343799591064453,22.80380249023437,16.225056,28.937736081001873,0.748285485101599,1,1
2015-10-13,100136.15643775444,298.2970838434213,0.018586005832272,-0.3669098680868917,0.0515555941738845,0.4709862316613911,1.4152578,31.4475326538086,22.922096252441406,16.285822,28.53046057002839,0.7499417046718236,1,1
2015-10-14,100146.97221795678,299.00585037552986,0.0041262491167276,-0.1519944196094498,0.4362347473312613,0.4772325334512412,24.093008,30.78400611877441,22.922962188720703,3.167309,28.123185059054904,0.7515979242420483,1,1
2015-10-15,100125.77359083157,299.23466984423646,0.0044839258851626,-0.1911380018036941,0.1539900704453274,0.467722037596721,0.1504537,31.43104362487793,22.94854736328125,0.0,27.71590954808142,0.7532541438122731,1,1
2015-10-16,100131.41625516344,300.04559876452925,0.0018528429591182,0.0085838244792602,-0.2176823793608567,0.4580260699918901,0.010635173,31.5203857421875,22.926488876342773,3.2543306,27.308634037107936,0.7549103633824977,0,0
2015-10-17,100125.15431513412,300.1238432379245,0.0032446492529991,0.2230822809445904,-0.0227424045723516,0.4564664427073979,3.6505535,31.62664604187012,23.308195114135746,1.6062106,27.87735759228825,0.7509438111505213,1,1
2015-10-18,100221.08657484736,298.6750815202268,0.0152848805333006,-0.2683197796116387,0.0596185621356598,0.4744198219620864,1.2804097,30.24000358581543,23.39790916442871,6.508827,28.44608114746856,0.746977258918545,1,1
2015-10-19,100125.60825326272,299.0631794727077,0.0074519990298939,-0.2308606354212852,0.0590707458481478,0.4667318138034865,4.5984273,31.33578109741211,23.04715347290039,6.7974505,29.014804702648874,0.7430107066865687,1,1
2015-10-20,99988.45546710367,299.0554679338596,0.0039944244526813,-0.0943990819938338,0.0748827663143932,0.4675057704238601,2.8779998,30.963706970214844,23.07567596435547,2.234852,29.583528257829187,0.7390441544545923,1,1
2015-10-21,99974.77551447264,299.650605923006,0.0039003657197477,-0.0591017150878906,0.3947778671089261,0.4661381098137049,2.7677286,31.13555145263672,23.2553825378418,10.517303,30.152251813009503,0.7350776022226159,1,1
2015-10-22,100046.27454636618,299.60842543737186,0.0034114785131713,-0.0048513533785882,0.1028891730399881,0.4663572849259066,8.99611,31.1607666015625,23.35201644897461,13.31423,30.720975368189816,0.7311110499906395,1,1
2015-10-23,100056.38717560166,299.2069415464439,0.0053557460164201,0.054434234794529,-0.2356960554232543,0.4705355804267972,13.120505,31.14326858520508,23.00052070617676,4.5174847,31.28969892337013,0.7271444977586632,1,1
2015-10-24,99981.2875916697,299.6348381670956,0.0145269490144605,-0.1147631979171344,0.3076867611472179,0.4680165532722327,0.017532699,30.881479263305664,23.08087158203125,8.328512,31.85842247855044,0.7231779455266868,0,1
2015-10-25,100122.56674299572,298.4881128786168,0.0180418923872987,-0.3255050428251655,1.0363856357267538,0.459232687091462,12.147946,29.64741325378418,22.91890335083008,8.950913,31.470022595325684,0.7192113932947104,1,1
2015-10-26,100180.80223060351,298.8787889444052,0.0018561376442854,-0.5611820652110368,0.3232293938676973,0.4533806032787339,1.9844784,30.23424530029297,22.84089088439941,2.2225516,31.081622712100927,0.7152448410627341,1,1
2015-10-27,100164.51496610092,298.70803970161535,0.0026907713283067,-0.0790915171305338,-0.6220644841797051,0.4678203613456639,2.1718152,29.86119270324707,22.98396682739257,0.0,30.69322282887617,0.7112782888307577,1,1
2015-10-28,100114.23517772692,298.53682666062406,0.0108727043764344,-0.5537897625919505,-0.2893921702666301,0.4658771279579836,0.10563849,30.671417236328125,23.52907371520996,10.716366,30.30482294565141,0.7073117365987813,1,1
2015-10-29,100007.46419817116,298.8670869513034,0.0096839402358084,-0.2625144879023235,-0.3403291128969741,0.4762392440152809,9.023129,31.51095962524414,22.373764038085938,2.6830623,29.916423062426652,0.7033451843668049,1,1
2015-10-30,99936.69830654336,298.5089989389588,0.0148496595263828,0.0092615471032387,-0.4536437727025643,0.4693325358423695,3.8196893,30.872108459472656,23.14262580871582,7.7570705,29.528023179201895,0.6993786321348285,1,1
2015-10-31,99956.7305204592,298.16985935167344,0.0593907834365797,-0.3550089366225906,0.4216479148718589,0.4721402041848135,6.918434,29.11644554138184,22.611234664916992,24.740412,29.139623295977138,0.6954120799028523,1,1
2015-11-01,100048.60667093212,297.57339125973067,0.0311873193787432,-0.9605259739667524,1.0447589281235623,0.4631550036901716,22.530027,29.29914093017578,22.683746337890625,12.179403,28.75122341275238,0.6914455276708759,0,0
2015-11-02,100170.6441490062,298.21971775274176,0.010658063489276,-0.6174084086801814,1.244808597747394,0.4692974762898296,12.308258,28.62653541564941,22.415428161621094,6.1476455,28.747919117844873,0.696465598285732,1,1
2015-11-03,100173.0552669271,299.13437473136355,0.0024685175117355,-0.204368870760746,0.0752720937509646,0.4635802782723731,3.3132825,30.97491455078125,22.65609359741211,19.087442,28.744614822937365,0.701485668900588,1,1
2015-11-04,100135.70913710789,298.3839921575671,0.0110082138098469,-0.2097219319544533,-0.0663132509326569,0.4740163103008636,5.6453757,31.346981048583984,22.40791702270508,25.305391,28.741310528029857,0.7065057395154442,1,1
2015-11-05,100109.74403960134,297.24670705042587,0.0126401352254871,-0.1824635820644569,-0.8780687878780439,0.4721355059685837,56.828495,29.05347442626953,22.16478538513184,11.009562,28.73800623312235,0.7115258101303003,1,1
2015-11-06,99972.9725118984,298.57399054194786,0.0059842967130992,-0.3138146326642384,-0.0240537481381062,0.4627510330960211,2.156316,30.59292793273925,22.64238166809082,6.2212815,28.734701938214844,0.7165458807451565,1,1
2015-11-07,99991.78792497308,298.6658105886759,0.1064553937452963,-0.069898462112836,0.3026753487714863,0.473026720828937,5.458281,30.514827728271484,22.33953094482422,11.343947,28.731397643307336,0.7215659513600126,1,1
2015-11-08,100005.91059581538,298.1485541180725,0.0161795458848449,-0.3708956067315463,0.3494398767464006,0.4721910315911888,5.1856422,28.65022850036621,22.2694034576416,14.437381,28.728093348399828,0.7265860219748687,1,1
2015-11-09,99972.9060112099,297.41338561280946,0.0039806240728531,-0.4689640314094865,0.4054861096495414,0.4815120274627804,4.226684,28.145523071289062,22.951923370361328,33.45886,28.72478905349232,0.7316060925897248,0,1
2015-11-10,99819.88298356684,297.2263121971044,0.001082010981578,-0.7323713657773774,-0.5637717827069806,0.4733016755845812,6.770697,29.94262886047364,22.1796932220459,3.0041685,28.938034875017262,0.7366261632045809,1,1
2015-11-11,99905.30882266223,298.6481619213003,0.0008845267558509,-0.5886026813609391,0.3700882551770557,0.4586846732362478,4.193027,29.054405212402344,22.970909118652344,4.7271724,29.151280696542205,0.741646233819437,1,1
2015-11-12,100130.98706986356,298.9920516345145,0.0130781467549306,-0.505153458109304,0.1194749301420775,0.4608579005683521,3.40805,30.963150024414062,23.01747703552246,2.3562026,29.364526518067148,0.746666304434293,1,1
2015-11-13,100115.95421770235,298.4017427901931,0.0065578162862547,-0.2080462754640543,-0.8468968201779773,0.4698678543558524,9.746543,27.66141891479492,22.45008087158203,6.7530103,29.577772339592087,0.7516863750491491,1,1
2015-11-14,99893.28738071724,297.8107929793904,0.0037109118142808,-0.8644273005226107,-0.5464099678499948,0.4701937252351608,2.4402812,27.04562759399414,21.559860229492188,12.281342,29.79101816111703,0.7567064456640054,1,1
2015-11-15,99818.38604974856,296.39497238539195,0.022157984133567,0.1174843174653035,-1.0718749913219292,0.4732955685611887,0.5129567,27.70384979248047,21.86806869506836,6.2035785,30.004263982641973,0.7617265162788615,1,1
2015-11-16,99794.55003756586,298.00278145391826,0.0004322032132715,0.1019437212596908,-0.0747682797771761,0.4619120290178906,0.5160108,29.9555606842041,22.3365478515625,6.750891,30.217509804166916,0.7667465868937176,1,1
2015-11-17,99781.97028249226,298.83522300018655,0.0027663186362994,-0.2292249371174195,0.3297451311601077,0.4555621549818252,2.624311,30.570117950439453,22.7689151763916,17.529646,30.43075562569186,0.7717666575085737,0,0
2015-11-18,99878.3097482639,298.206704445616,0.0116314689729405,-0.6082982319798966,0.4533548865007716,0.4703390638855683,8.122991,30.363969802856445,22.83962631225586,30.400373,30.243958183182613,0.7733742652736281,1,1
2015-11-19,99908.89584642903,298.50810975027264,0.0063420532558106,-0.8544969191861796,0.696520567269161,0.4765259633849864,15.543518,29.552791595458984,22.11142921447754,9.792209,30.057160740673368,0.7749818730386826,1,1
2015-11-20,99893.6189660411,298.6110463957221,0.0042066273093223,-0.6364052643173046,-0.1318715278947033,0.4756878084789292,16.434418,30.27921867370605,23.167675018310547,3.425553,29.870363298164122,0.776589480803737,1,1
2015-11-21,99855.16599422296,299.23868861582093,0.0089740120807409,-0.2122516138069475,-0.4749745413170008,0.4676805839684732,7.604305,30.635969161987305,22.796390533447266,1.5405766,29.683565855654876,0.7781970885687916,1,1
2015-11-22,99866.58497949596,297.74505274834775,0.014313720060486,-0.6620771526468213,-0.3002647315862078,0.4664223649766711,0.451418,29.008487701416016,23.26111221313477,20.96509,29.496768413145627,0.779804696333846,1,1
2015-11-23,100025.69018124403,298.58637769735645,0.0102309359935508,-0.3461753862753682,-0.2022342544497202,0.4608889615581411,2.1115587,30.09317779541016,23.09058952331543,6.531807,29.309970970636382,0.7814123040989005,1,1
2015-11-24,99996.8028690733,298.8566532053162,0.0028437869610407,-0.5167005686558984,-0.4309521145290798,0.4627858181657464,19.704634,30.866107940673828,22.72428321838379,1.7835842,29.123173528127136,0.7830199118639549,1,1
2015-11-25,99998.82935786342,299.56385927719185,0.0002797757517332,-0.3096733017260089,-0.1734644988670203,0.4510714582830553,4.4227023,30.9143180847168,23.250808715820312,0.0,28.93637608561789,0.7846275196290093,0,1
2015-11-26,100024.3758319864,299.06374342205885,0.0001294645340586,-0.2543025605066527,-0.1931043027095867,0.4370384496930002,0.44596666,31.320539474487305,21.78179359436035,0.0,29.055549498648023,0.7862351273940639,1,1
2015-11-27,99999.5993578634,298.93624258691784,0.0020077841761673,-0.3014002815334277,0.3377723442457646,0.429301338195801,0.0,31.039140701293945,22.17566299438477,0.78977484,29.174722911678156,0.7878427351591183,1,1
2015-11-28,100114.84872538016,298.95334128310407,0.0022156052495607,-0.3291990250737276,-0.306475594180754,0.4385447412249686,3.2758653,31.09007835388184,22.72177505493164,2.6092134,29.293896324708292,0.7894503429241728,1,1
2015-11-29,100151.6867549689,299.45276003870475,0.0030377769588453,-0.1891688621637922,0.2650706472981478,0.4269928855457526,0.57141584,31.32466506958008,22.522445678710938,11.688824,29.413069737738425,0.7910579506892272,1,1
2015-11-30,100159.2621856292,297.8815896398903,0.018496533611691,-0.3770382541349565,-0.7168076747587357,0.4757812960394498,7.3207817,29.7673282623291,22.97869873046875,0.9430485,29.532243150768558,0.7926655584542818,1,1
2015-12-01,100009.37154865608,298.1669832789397,0.0106948493849272,-0.6200749729784969,-0.2222010920148244,0.4758150862185892,0.5308028,29.949012756347656,23.086650848388672,5.8406873,29.65141656379869,0.7942731662193362,1,1
2015-12-02,100051.7017182262,298.6719268252202,0.0026014345883982,-0.0835222581885327,0.3182712701088624,0.4728012910747896,5.4152265,29.81942176818848,22.89881706237793,13.235482,29.770589976828827,0.7958807739843907,1,1
2015-12-03,100015.17474474676,299.0288453180306,0.0042151141166687,-0.3806266422198652,-0.2313112937079536,0.466318333943685,35.333344,30.139141082763672,22.972192764282227,6.490335,29.88976338985896,0.7974883817494451,0,0
2015-12-04,99895.3079638859,299.5012233927059,0.0038350886825402,-0.7282636536126849,-0.537377041948253,0.4619526966138819,4.687632,30.882061004638672,23.12259864807129,1.1098462,29.576727592876562,0.7955324677395883,1,1
2015-12-05,99900.58562731984,298.0715391692531,0.0168854305250891,-0.9215439254936132,-1.0826661718120063,0.473298744260123,1.990611,29.79646110534668,23.36752700805664,4.703194,29.26369179589416,0.7935765537297315,1,1
2015-12-06,99942.93139390268,298.5704479378303,0.0036578160595313,-0.5991027150939711,-0.3499261486301935,0.4752443265366829,2.3992367,29.260406494140625,23.1531925201416,5.750528,28.950655998911763,0.7916206397198745,1,1
2015-12-07,100057.78897382366,298.4296171865062,0.0080855483159251,-0.8748072508011744,-0.5488290750934705,0.4750228094049799,4.29651,29.154037475585938,22.86837387084961,7.164478,28.637620201929366,0.7896647257100177,1,1
2015-12-08,100091.8227812201,297.982492912848,0.0050973304899606,-0.6549188513043286,-0.4471986957710823,0.4792954976165889,4.6614966,27.34339714050293,22.39584350585937,22.96361,28.324584404946965,0.7877088117001608,1,1
2015-12-09,100101.45433975395,298.88208235583545,0.0021548097057705,-0.5406889320790084,-0.437617492931556,0.4708904013505841,0.49943992,30.02354621887207,22.15740394592285,0.75202024,28.011548607964567,0.7857528976903039,1,1
2015-12-10,100107.85242150084,299.4481555552867,0.0049438001608941,-0.4505351081935839,0.0172244057162054,0.4660286344330887,0.2030468,30.564151763916016,23.326011657714844,0.51413316,27.698512810982166,0.783796983680447,1,1
2015-12-11,100071.40763948756,298.3689329710044,0.0065642899137803,-0.2974722474196862,-0.1208262913619878,0.4773474274558583,0.25123093,30.20608901977539,22.75721549987793,1.9629891,27.38547701399977,0.7818410696705902,0,1
2015-12-12,100002.62626062622,298.2771593624423,0.0082424200296715,-0.5653608522378623,0.2621988831626044,0.4677021302848028,0.7224482,30.58624839782715,23.357666015625,5.373901,27.675719856289717,0.7798851556607334,1,1
2015-12-13,100071.84890325672,298.2633625977616,0.0159560025103207,-0.1708847513600784,-0.2950963912978483,0.4629583711002979,5.883304,31.11090850830078,23.078744888305664,3.6122277,27.965962698579666,0.7779292416508765,1,1
2015-12-14,100116.24437664633,298.31547572022663,0.0091217161488486,-0.3038126095592747,-0.2228298138475966,0.4671185117115007,17.988602,31.41171836853028,22.918819427490234,3.375544,28.25620554086962,0.7759733276410196,1,1
2015-12-15,100120.78067551188,298.3621762748514,0.0126148334795378,-0.1672554907670879,0.1036877565274293,0.4694209121470252,17.28903,30.928693771362305,23.19209289550781,1.4163007,28.546448383159568,0.7740174136311627,1,1
2015-12-16,100103.41698163615,298.3894276638689,0.0020506634048801,-0.4026210200284176,-0.0651532759977026,0.4681978634947562,10.247076,30.712984085083008,22.88193130493164,0.0034557106,28.836691225449517,0.7720614996213059,1,1
2015-12-17,100098.56526610396,298.71846362088377,0.0004539335880207,-0.3086431797071436,-0.1122264341741686,0.4572024895678991,0.0,31.210622787475582,21.63837432861328,0.0,29.12693406773947,0.7701055856114489,1,1
2015-12-18,100195.08266852252,298.8596781409838,0.0005682165732279,-0.4103383493240767,0.1465923221631982,0.4455491779955868,0.0,29.532827377319336,22.19405746459961,0.09675017,29.41717691002942,0.7681496716015921,1,1
2015-12-19,100328.28260558852,298.86994492307946,0.0013536095002601,-0.3267357080101511,0.0609192770376972,0.4408997185659592,0.0,29.645902633666992,22.75572395324707,0.31625727,29.707419752319367,0.7661937575917352,0,0
2015-12-20,100255.37048199536,299.53573976275567,0.0007781880271845,-0.1879211452089507,-0.076578151695573,0.4329470481726403,8.839327,30.89556121826172,22.32718849182129,0.0,29.793891846988274,0.7630978991719647,1,1
2015-12-21,100294.96175556756,299.1086864576669,0.0001869104362718,-0.3596067047119141,-0.0883705807828355,0.42341008299612,0.0,31.23698616027832,22.46236228942871,0.0,29.88036394165718,0.7600020407521942,1,1
2015-12-22,100330.4621458932,298.46794984137887,0.0001271800056759,-0.5899230298411345,-0.0699430069064728,0.4100185996453881,0.21315156,30.718957901000977,21.398860931396484,0.0,29.966836036326086,0.7569061823324237,1,1
2015-12-23,100336.08277007008,298.31703244293334,0.0002572269205736,-0.3487186233476661,-0.1450577671226413,0.4005907038253843,0.0,31.153579711914062,21.482818603515625,0.0,30.053308130994992,0.7538103239126531,1,1
2015-12-24,100294.6374372905,298.1379803344026,0.0004737575231274,-0.3357302978851786,0.2371928195295662,0.3924234062867148,0.0,30.89723396301269,21.67747688293457,0.0,30.1397802256639,0.7507144654928827,1,1
2015-12-25,100208.0503434058,298.5251497325679,2.777826501765101e-05,-0.8335374478453422,-0.3128191010339964,0.3823733485430137,0.0,31.15450859069824,21.16178321838379,0.0,30.226252320332804,0.7476186070731121,1,1
2015-12-26,100200.7464166517,298.72642119952087,8.52346317969932e-07,-0.5788088281858014,-0.2426097834795372,0.3705607138739692,0.0,31.03902244567871,21.366798400878903,0.0,30.31272441500171,0.7445227486533416,1,1
2015-12-27,100234.29473412062,299.90807277810995,4.65888391325844e-06,-0.6592320499931714,-0.6896182931702715,0.3598120169804014,0.0,30.97336196899414,22.137319564819336,0.0,30.399196509670617,0.741426890233571,0,1
2015-12-28,100338.7287425168,300.1568974546821,9.201878001398467e-06,-1.0040936457608398,-0.9875766525414716,0.3502938528535925,0.0,30.08979606628418,22.335956573486328,0.0,30.364853058207963,0.7383310318138006,1,1
2015-12-29,100234.9749851084,300.19940289464495,6.637014774518864e-06,-0.0984129089596627,-0.3325550877362833,0.3414232160487851,0.0,30.131488800048828,22.313941955566406,0.0,30.330509606745306,0.73523517339403,1,1
2015-12-30,100137.05250306816,299.7910303339466,0.0001531787884646,-0.705341482345172,-0.3455728680694698,0.3337393543638032,0.0,31.01184463500977,22.538667678833008,0.0,30.296166155282652,0.7321393149742594,1,1
2015-12-31,100194.62837441634,298.64603304778944,3.070324316792105e-07,-0.7619540229885059,-0.5927973695184995,0.3259871755431895,0.0,31.640024185180664,21.2469539642334,0.0,30.261822703819995,0.729043456554489,1,1
2016-01-01,100272.57281289445,298.2962617338786,4.351138045421976e-07,-0.9120181128445378,-0.6899421896580852,0.3223088678652771,0.0,31.29263496398925,20.58144760131836,0.0,30.22747925235734,0.7259475981347184,0,0
2016-01-02,100327.9817327992,298.7156702138611,0.0,-0.9775067369358116,-0.6306330173659574,0.3146795054326938,0.0,31.38755416870117,20.893888473510746,0.07216025,30.18452418442932,0.7245281247823977,1,1
2016-01-03,100203.08765261798,298.3822674057149,0.0,-0.885602886150313,-0.3768646942765284,0.3074866660671003,0.0,31.69682884216309,19.92814064025879,0.0,30.1415691165013,0.723108651430077,1,1
2016-01-04,100236.5744138512,298.6893250765401,0.0,-0.2865272530685151,-0.0588141724329354,0.3012916678662398,0.0,31.31407165527344,19.873973846435547,0.13603689,30.098614048573282,0.7216891780777562,1,1
2016-01-05,100176.94720845636,299.11085683907703,1.704692635939864e-06,-0.2023135005374527,-0.0506685291406755,0.2959131916521662,0.0,31.93519401550293,20.259376525878903,1.9920247,30.055658980645262,0.7202697047254356,1,1
2016-01-06,100135.7151841206,299.6463047818133,1.2874602361989671e-06,-0.082397298839233,-0.2084634706139751,0.2910864577010813,0.0,31.198875427246094,21.713542938232425,0.0,30.012703912717242,0.7188502313731149,1,1
2016-01-07,100226.47827051592,299.95541676020224,8.612871056357108e-07,0.0275043008820141,-0.1599247515781924,0.286905932045281,0.0,30.97165870666504,22.09954071044922,0.0,29.969748844789223,0.7174307580207941,1,1
2016-01-08,100185.58047384467,300.4013542852117,3.964327283594912e-06,-0.2189586408752448,-0.1161012806590323,0.2831650317926105,0.0,30.95541381835937,21.80702209472656,0.021966983,29.926793776861203,0.7160112846684734,1,1
2016-01-09,100069.24815493196,299.98367088754424,6.061243229035797e-05,0.0605035088844404,0.0888710449429454,0.2801162151350885,0.0,31.59053421020508,21.905567169189453,0.0,29.883838708933183,0.7145918113161527,0,1
2016-01-10,100154.4922783594,299.97607449135944,2.75959810202927e-05,0.0918408490270501,0.0445004399113105,0.2778521505796733,0.0,31.43016242980957,21.76996421813965,0.0,30.002790886098012,0.713172337963832,1,1
2016-01-11,100156.3611475801,300.03736753586423,1.0453207566769944e-05,-0.0943040973736927,-0.1219561147437615,0.2752467153278419,0.0,31.53598976135254,21.68401336669922,0.0,30.12174306326284,0.7117528646115112,1,1
2016-01-12,100043.31418007724,299.6326685698077,7.41436292967812e-05,0.1667320628853454,0.0334313568665955,0.2729218425996058,0.0,31.51622200012207,21.07029914855957,0.0,30.24069524042767,0.7103333912591905,1,1
2016-01-13,100060.08255292852,299.31998447730484,0.0004337634556881,0.1563531256793912,0.3943899423260145,0.2724814957789409,0.0,30.5722599029541,21.105323791503903,0.07399274,30.359647417592498,0.7089139179068698,1,1
2016-01-14,100002.08700339583,299.4311484893881,0.0004328360760157,0.1446516319799486,0.1814848456277858,0.2747857546287598,0.0,31.363422393798828,20.947683334350582,0.92335963,30.478599594757327,0.7074944445545491,1,1
2016-01-15,99968.79785056468,299.54502301629395,0.0002295654047077,0.446461422481507,0.0652029497260327,0.2741513265441682,0.0,31.215850830078125,20.623350143432617,0.0,30.597551771922156,0.7060749712022284,1,1
2016-01-16,99980.77651591988,299.26321406684843,7.645128072490342e-05,0.2297824098880738,0.0808735966811402,0.2728617497685008,0.0,31.523239135742188,20.30864143371582,0.0,30.716503949086984,0.7046554978499077,1,1
2016-01-17,99914.6744546323,299.67801025960154,0.00041764140494,0.1985681710126868,0.3417837567334566,0.2711030443294474,0.0,31.104711532592773,21.05288887023925,0.0,30.835456126251813,0.7032360244975869,0,0
2016-01-18,99884.927189336,299.7724037296512,0.0006080338999419,0.339058243808501,0.1853008063771802,0.2724004763366942,2.6148438,31.23579788208008,21.31924057006836,0.0,30.871416360748626,0.7038804760252405,1,1
2016-01-19,99884.8678096052,300.3709476806608,0.0001524565905988,0.4892697752145408,0.0712882632431982,0.2732473863605582,0.16501309,32.02215576171875,22.144174575805664,0.0,30.907376595245438,0.704524927552894,1,1
2016-01-20,99978.46839718612,300.83367258116164,0.0003023467691977,0.7409834890988087,-0.4751634067003938,0.2725822377884125,0.09167393,31.386213302612305,23.50595474243164,0.0,30.94333682974225,0.7051693790805476,1,1
2016-01-21,100038.97611630287,300.8449592950296,0.0014174195883502,0.2543372358177012,-0.1132248488308245,0.2746986934149663,0.011121522,31.7775993347168,23.924747467041016,0.0,30.979297064239063,0.7058138306082011,1,1
2016-01-22,100072.48621020735,300.37354637977813,0.0011573681064431,0.3091224243411911,0.4234668029760396,0.2831584711690436,0.0,32.45528030395508,23.2913761138916,0.0,31.015257298735875,0.7064582821358547,1,1
2016-01-23,100092.69561988418,301.0495668707709,4.11057327873836e-05,0.2335808306219544,-0.0230566343302221,0.2828109128814232,0.026625872,32.11663055419922,22.52017593383789,0.0,31.051217533232688,0.7071027336635083,1,1
2016-01-24,100130.50386440069,301.203780368567,3.98923408388526e-05,0.2866790276305122,0.1144891547130727,0.278182048754045,0.0,32.41554641723633,22.74692153930664,0.0,31.0871777677295,0.7077471851911618,1,1
2016-01-25,100047.81132780804,301.3491609497474,0.0001944523187823,0.4114011209276751,0.1325338974725829,0.274891036306813,0.0,32.34174728393555,23.136005401611328,0.0,31.123138002226312,0.7083916367188153,0,1
2016-01-26,100077.04665207752,301.012530785281,0.0006183193182044,0.3184290997238884,0.2690831630157441,0.2737045883057653,0.0,32.144649505615234,22.82830047607422,1.5824254,31.00551605100607,0.7090360882464689,1,1
2016-01-27,100084.85672816233,300.4642506911357,0.0001977379324954,0.1737254287549145,-0.0782803761183836,0.2748764362282471,1.622106,31.70973014831543,22.81137084960937,0.10669705,30.887894099785825,0.7096805397741224,1,1
2016-01-28,100117.43524641682,300.5202463406586,6.757515391588126e-05,0.2994268637234266,0.2428324692867484,0.272391120721721,0.0,32.31861114501953,22.52695274353028,0.0,30.77027214856558,0.710324991301776,1,1
2016-01-29,100158.82406397206,300.27139889120645,8.052601255494918e-05,0.3171336277987982,-0.0194528460688911,0.26989872138336,0.0,32.280235290527344,21.906646728515625,0.0,30.652650197345338,0.7109694428294295,1,1
2016-01-30,100086.9622943455,300.4388371820791,3.259099217395702e-05,-0.1353426840976248,0.4280437181052974,0.2678114716458427,0.0,32.06820297241211,21.45023727416992,0.0,30.535028246125094,0.7116138943570831,1,1
2016-01-31,100037.23326038758,300.3102055233335,1.0797839236955888e-05,0.073822712680442,0.2230449921380644,0.2656025885962455,0.0,32.57169342041016,21.58188819885254,5.1742616,30.41740629490485,0.7122583458847367,1,1
2016-02-01,100064.3680753161,300.0690711218945,1.7210477949447522e-06,-0.1759373123420232,0.0512495249678186,0.2636775023548316,0.0,31.876712799072266,21.50630760192871,0.4573104,30.299784343684607,0.7129027974123902,1,1
2016-02-02,100083.53710890544,300.10149386777726,1.7195939108205494e-06,-0.3416292679139321,0.1016509165513371,0.2620397262353138,0.0,32.690528869628906,20.68927955627441,10.924552,30.182162392464363,0.7135472489400437,0,0
2016-02-03,100072.3549855752,299.5158546682533,2.5689601557132846e-06,-0.086458196776434,0.2390420087499535,0.260765170833213,0.0,32.714942932128906,20.91509246826172,7.3776903,30.27019815298725,0.7131946822250705,1,1
2016-02-04,100060.04912846582,299.82743374833353,1.3025999193274785e-06,-0.3825824653633745,0.3337328441012062,0.2596969748936188,0.0,32.20581817626953,20.196250915527344,0.41686872,30.358233913510134,0.7128421155100974,1,1
2016-02-05,100035.793379789,299.56696737160803,1.0625793863362326e-05,0.0320075300109832,0.1187554279590601,0.2588861774747683,0.0,32.169891357421875,20.1424503326416,0.022610774,30.44626967403302,0.7124895487951243,1,1
2016-02-06,99994.65516420666,299.9355781682194,6.947273221031194e-06,0.4418899767787744,0.0157544490794949,0.2581991598516978,0.0,32.20790481567383,21.611337661743164,0.0,30.534305434555904,0.7121369820801511,1,1
2016-02-07,100090.95408401276,300.9466567990413,6.129899394738435e-05,0.6087939270070889,-0.2841085664984383,0.2578833720219481,0.0,33.29636001586914,22.2573471069336,0.0,30.62234119507879,0.7117844153651779,1,1
2016-02-08,100013.54463227534,301.64263922022667,0.0006041299036174,0.5316584711250226,-0.0584542896902637,0.2590422337409725,0.0,33.042110443115234,23.24528884887696,0.0,30.710376955601674,0.7114318486502047,1,1
2016-02-09,100045.72796835555,301.0165509596398,0.0018955941825535,0.5227655756142525,0.0900781294347747,0.2663247753528037,0.0,33.27075958251953,23.178985595703125,1.7631007,30.79841271612456,0.7110792819352315,1,1
2016-02-10,100012.87029561945,300.7465020443531,0.0023587685508595,0.4443264433878777,-0.2346218126813786,0.2772532938936465,0.9753846,33.29195785522461,22.674365997314453,0.4074073,30.886448476647445,0.7107267152202583,0,1
2016-02-11,100005.18633232758,300.34148769605645,0.0018707888665014,0.3499482705452963,-0.0837683104052969,0.2935815729305626,15.200777,33.009544372558594,22.289634704589844,0.10968458,31.23984859692341,0.7103741485052852,1,1
2016-02-12,99956.67220198816,300.92863478295465,0.000570910182448,0.5404987992081367,-0.3935502094064056,0.2985506321406878,0.0,33.13531494140625,22.49806785583496,0.0,31.593248717199373,0.710021581790312,1,1
2016-02-13,99981.26084942272,300.5437932801456,0.000626624403746,0.6799552248911097,-0.3908734312996381,0.2964943680486394,0.0,33.26604080200195,22.09139060974121,0.0,31.946648837475337,0.7096690150753389,1,1
2016-02-14,99987.60710944312,300.8156876163367,0.0002963124706218,0.3851307184453451,0.2069585213281169,0.2914343795061025,0.0,32.12069320678711,22.293663024902344,0.0,32.3000489577513,0.7093164483603657,1,1
2016-02-15,100092.4959278788,300.7704070595998,0.0003253363432454,0.2923177470810096,0.4052955169834789,0.2869201428128746,0.0,32.60268020629883,22.34647560119629,0.0,32.653449078027265,0.7089638816453925,1,1
2016-02-16,100035.23752807955,301.5924054764974,0.0002695076980429,0.5261966534740781,-0.1450544426770491,0.2824914137579699,0.59051746,32.856651306152344,23.41970443725586,0.0,33.00684919830323,0.7086113149304194,1,1
2016-02-17,99960.92717196234,301.7627915686062,1.863908809055523e-05,-0.1105911290076708,-0.1018076361422212,0.2788467129802371,0.0,32.87907028198242,23.78300666809082,0.0,33.36024931857919,0.7082587482154462,1,1
2016-02-18,99985.08800114716,302.6497722533564,0.0003298792143053,0.2256574482854162,0.1920114902223957,0.2746963749741229,0.0,33.017578125,23.973129272460938,0.0,33.71364943885516,0.707906181500473,0,0
2016-02-19,100141.49456346166,302.32716512422127,0.0007666541551168,0.3886197928497318,0.1551669565355109,0.274006623347113,0.0,33.30631256103516,23.59242248535156,0.0,33.53664613807727,0.7076512915959132,1,1
2016-02-20,100187.05792956076,301.7826248688944,0.0009576773421644,0.2724216439171126,0.2449390859411289,0.2767212516141777,0.0,33.48673248291016,23.752649307250977,0.6323791,33.35964283729939,0.7073964016913534,1,1
2016-02-21,100144.79360558756,301.65130795032763,0.0003360910042069,0.8390782465512311,-0.4133574694219527,0.2779339228502933,1.852148,33.68790054321289,23.349916458129883,0.0,33.182639536521506,0.7071415117867936,1,1
2016-02-22,100105.838930343,302.9236925386268,0.0002960987892017,0.466504832617522,0.2326195733967646,0.2755651208038642,0.12179558,34.332035064697266,23.8994369506836,0.0,33.00563623574362,0.7068866218822338,1,1
2016-02-23,100079.21622900372,301.6776371676269,0.0036739449379807,1.188842066349727,0.478403359110617,0.2808407391331377,0.0,33.49958801269531,22.946474075317383,0.0,32.82863293496574,0.706631731977674,1,1
2016-02-24,100050.39671381265,301.1616663418649,0.0017876426164821,1.0058258435863443,-0.4015106336616784,0.3136758982010338,0.0,33.6218376159668,23.133129119873047,0.0,32.651629634187856,0.7063768420731142,1,1
2016-02-25,100050.97625288546,301.6034306339209,0.0008419123983007,0.5006189629469572,-0.1878040086794593,0.3095507609728136,0.0,34.408241271972656,23.21455192565918,0.1590346,32.47462633340997,0.7061219521685544,1,1
2016-02-26,100084.19655377563,302.1517338297061,0.0006229259419779,0.4191973424757425,-0.0753629664730489,0.302219165605283,2.9800632,33.4089241027832,23.81182289123535,0.0,32.29762303263209,0.7058670622639946,0,1
2016-02-27,100182.18282872322,302.28418125460274,1.0663648616348285e-05,0.6651846778723808,-0.0765801901598936,0.2962481167070251,1.5931119,33.04970169067383,23.412521362304688,0.0,32.35743016733214,0.7056121723594349,1,1
2016-02-28,100266.35494278675,302.4578948873269,0.0005088330296928,0.3550717121907933,0.1488173531717886,0.2891198145768608,0.0,33.349971771240234,24.066097259521484,1.8948177,32.41723730203219,0.7053572824548751,1,1
2016-02-29,100184.77735425634,302.50999655885795,0.0007540392608114,0.2722437923122791,0.0468797169993855,0.2858492486364266,8.294471,33.785491943359375,23.8037338256836,0.0,32.47704443673224,0.7051023925503153,1,1
2016-03-01,100036.783411726,302.28443683289987,3.534926742685823e-05,0.5128844768213731,0.0912882739039679,0.2841561171050999,0.0,33.2055549621582,23.67238998413086,1.2654074,32.536851571432294,0.7048475026457555,1,1
2016-03-02,100077.766719128,302.1844065478536,8.953767339976051e-05,0.3271039439331011,-0.0759770050546357,0.2787169772768439,0.0,33.5866584777832,23.48503303527832,0.0,32.596658706132345,0.7045926127411957,1,1
2016-03-03,100116.65087784974,302.2987797871592,0.0003346404269577,0.2731259074659928,0.4083084530205033,0.2746915749624266,0.0,34.104286193847656,23.452205657958984,0.0,32.6564658408324,0.7043377228366359,1,1
2016-03-04,100033.01385124604,302.0115710518827,8.712087520781862e-05,0.3070720261371914,0.094229261739593,0.2724818335027703,0.0,33.46767807006836,23.16489028930664,0.0,32.71627297553245,0.7040828329320761,1,1
2016-03-05,99946.04866677328,302.1161547586428,0.0001911139589245,0.5033966780912564,0.1483909434632536,0.2697077665295735,0.0,34.481834411621094,23.01568984985352,0.22963415,32.7760801102325,0.7038279430275163,0,0
2016-03-06,99918.13526370827,301.9839023306245,0.0003136310406991,0.6539495331777634,0.0653262837802379,0.2684844125132532,0.0,33.97618103027344,23.572864532470703,0.03377274,32.74056382231793,0.7002073016222357,1,1
2016-03-07,99885.56437834796,302.1565218963422,0.0003911040983946,0.5932013539973326,0.6186082248490566,0.2681199507238144,0.0,33.70814895629883,23.6947021484375,0.5468541,32.70504753440336,0.6965866602169549,1,1
2016-03-08,99880.8607225717,302.2371084412957,0.0003998810400516,0.4838376937684626,0.5571127855544166,0.2680190547553804,0.0,33.81022644042969,23.67392921447754,0.03421633,32.669531246488795,0.6929660188116743,1,1
2016-03-09,99952.979934863,302.3823647031935,0.0001892134755783,0.5681478828460441,0.3167744501663925,0.2682094518948324,0.0,33.7080078125,24.048980712890625,0.0,32.63401495857423,0.6893453774063936,1,1
2016-03-10,99996.92837215168,302.5876728880504,0.0004455294847623,0.531515397508495,0.4571881018402572,0.2674070981449055,0.0,34.38035583496094,24.702531814575195,0.07129104,32.59849867065966,0.6857247360011129,1,1
2016-03-11,100054.22281437356,302.40652896446863,0.0013855740443182,0.7453447739254586,-0.1772594772890964,0.2725605560561359,0.0,34.675559997558594,25.185321807861328,4.218698,32.56298238274509,0.6821040945958323,1,1
2016-03-12,100046.75935840116,301.83089066973275,0.0032259048252581,0.5287030155031938,-0.1228661973225065,0.2849123177870576,0.6905103,34.830902099609375,24.30145263671875,3.273633,32.52746609483052,0.6784834531905516,1,1
2016-03-13,100014.1331492902,302.37083619213223,0.0009459323855923,0.58174595478593,-0.7486527165708555,0.2968377875570981,7.197128,35.31804656982422,24.18597221374512,0.445671,32.491949806915954,0.674862811785271,0,1
2016-03-14,99979.39639727204,302.6060316349713,0.0030349644177012,0.6733482020135425,0.2320013944024234,0.3003261812404739,4.475807,35.40901565551758,25.216127395629883,0.0,32.572850352983444,0.6712421703799903,1,1
2016-03-15,100060.63569053616,300.6357128575727,0.0048817037503874,0.0999367564096231,-0.1175243628112466,0.3432555804531768,0.09986652,34.59663391113281,24.58916664123535,4.3728595,32.653750899050934,0.6676215289747096,1,1
2016-03-16,99945.48995569258,302.12651081637773,0.0004085458339479,0.8220529894456795,-0.5924319494428336,0.3330210478120389,5.1049304,35.020992279052734,23.80817985534668,0.008510933,32.73465144511842,0.664000887569429,1,1
2016-03-17,99954.57120348564,302.2400473814657,0.0003129910929599,0.8122230754017271,-0.7589873370391731,0.319859842079622,0.31629848,35.048973083496094,24.371807098388672,0.013399024,32.81555199118591,0.6603802461641484,1,1
2016-03-18,99906.36280065778,302.45408803658046,0.0007949516028825,0.7095612685172256,-0.0933581540068406,0.3104384165856826,0.15598352,34.761474609375,22.13862419128418,0.0,32.8964525372534,0.6567596047588676,1,1
2016-03-19,99986.32869181478,302.4974229612923,0.0009816169695713,1.069402396313516,-0.5457998665927594,0.3084470294017404,0.0,35.626548767089844,24.83275413513184,0.0,32.97735308332089,0.653138963353587,1,1
2016-03-20,99961.22431578409,302.85643356713933,0.0007097444065125,0.913565821050953,-0.1641858569531647,0.305871648246214,0.0,35.57569122314453,25.21743392944336,0.0,33.05825362938838,0.6495183219483063,1,1
2016-03-21,99903.47563465413,302.77859011257,0.0007706201338742,0.8147623300810305,0.1585691742404663,0.3015132620438087,0.0,35.38495635986328,25.04573440551757,0.0,33.13915417545587,0.6458976805430257,0,0
2016-03-22,99864.43489113776,302.03510862406176,0.0031661256318623,0.6436870878512849,0.2057344095539855,0.3078799301048414,0.0,35.33715057373047,25.537601470947266,5.0315204,33.02606039143978,0.6485889836628553,1,1
2016-03-23,99884.8772359748,302.29594749068247,0.0016238860140769,0.6433265168788068,0.1914154142839918,0.319286518278052,1.3422211,35.44381332397461,25.164161682128903,0.3928772,32.912966607423684,0.651280286782685,1,1
2016-03-24,100055.75041620414,302.1297892079731,0.0046491647599771,0.8240067701755863,0.1504781311099124,0.3274841316618418,0.71428573,35.110477447509766,25.41251373291016,6.108084,32.79987282340759,0.6539715899025148,1,1
2016-03-25,100149.07085260864,302.091545732968,0.0018686196405813,0.4897716970222474,-0.0800341384344081,0.3523633330755902,0.9987531,34.61790084838867,24.749799728393555,0.0,32.686779039391496,0.6566628930223445,1,1
2016-03-26,100060.79143493998,302.851251760832,0.0003442186721171,0.6443825870884884,-0.2001872472514296,0.3342665088679702,0.0,34.7259407043457,23.903106689453125,0.0,32.5736852553754,0.6593541961421742,1,1
2016-03-27,100034.1657331274,302.56441479025017,0.0004760444411464,0.4839112930307023,0.0696032741835289,0.3220728336439238,0.0,35.309661865234375,23.919069290161133,0.0,32.46059147135931,0.662045499262004,1,1
2016-03-28,100053.5240796788,302.6107124585862,0.0011802718199163,0.6925492810005037,0.1888001413066766,0.3142902419205712,3.091147,34.66624450683594,24.425064086914062,1.9100037,32.347497687343214,0.6647368023818336,1,1
2016-03-29,100080.38987523386,302.1285637769437,0.0019445999962433,0.4349340970075709,0.0782648595369038,0.3162884843479858,0.479099,34.35416412353516,24.519359588623047,3.0681367,32.23440390332712,0.6674281055016633,0,1
2016-03-30,100103.5219608586,302.48875797137373,0.0022065176097648,0.4857873289555595,0.1488290319994158,0.3201956829782261,0.25335118,34.47704315185547,24.265586853027344,0.8202826,32.17252672809947,0.670119408621493,1,1
2016-03-31,99984.7645721344,302.1938433272862,0.0018914455906691,0.5978174231375963,-0.0463136719860613,0.324388536012349,0.72048587,34.53390121459961,24.547176361083984,0.07459479,32.11064955287182,0.6728107117413227,1,1
2016-04-01,99848.60294922112,302.55674819794973,0.0018559350353925,0.7270639577526962,0.5695064320904174,0.3251624981476318,0.15565895,34.55696105957031,24.441131591796875,0.0,32.04877237764417,0.6755020148611525,1,1
2016-04-02,99934.23680807158,302.5464894619969,0.0023180470812219,0.6039458931832233,0.1626318292787462,0.3313445363971588,0.6954908,34.9942741394043,24.89306259155273,0.28263083,31.98689520241652,0.6781933179809821,1,1
2016-04-03,100023.58305688128,302.4437262308915,0.0009200723031355,0.7009437504633214,-0.4085608961806016,0.3293756746818763,0.66293,35.364990234375,24.965791702270508,0.0062510343,31.92501802718887,0.6808846211008118,1,1
2016-04-04,99888.59558256608,302.5543940216608,0.0026752980912222,1.243433798372581,-0.0563368697423805,0.3252321527130057,1.0578878,35.686309814453125,25.46381950378418,0.009020341,31.86314085196122,0.6835759242206416,1,1
2016-04-05,99934.90053882916,300.9876516559746,0.004783689651067,0.4484408060251083,0.1429713930500744,0.3581042918523842,0.028674018,35.40175247192383,25.40072631835937,0.0024337203,31.80126367673357,0.6862672273404713,1,1
2016-04-06,99944.16992299022,301.8690074396071,0.0009580932828043,0.7306541860612316,-0.2961970494621461,0.3517302360539253,0.0,35.278602600097656,24.788843154907227,0.5975563,31.73938650150592,0.688958530460301,0,0
2016-04-07,99824.60723628236,303.0483769956641,0.0020279866663385,0.5426336910478455,0.0719246056550167,0.3407413524165006,0.0,35.433929443359375,25.096525192260746,0.029230963,31.73359097368921,0.6896592850780477,1,1
2016-04-08,99845.95237006871,302.0762888274095,0.0056359834193098,0.0330432559853778,0.1942072574128495,0.3506674489689527,4.841292,35.470211029052734,25.50554656982422,7.0938954,31.727795445872502,0.6903600396957946,1,1
2016-04-09,99996.10507085864,300.9736556376329,0.0034032804652996,-0.1336030232131101,-0.3131095251651291,0.3882681882958928,7.52196,32.38774871826172,25.07356071472168,11.366458,31.721999918055793,0.6910607943135414,1,1
2016-04-10,100021.6380100922,302.0894828126442,0.002807172741178,0.5556639231000758,-0.4382489230400926,0.3811495867267311,3.1513307,34.485774993896484,24.11750602722168,2.6773455,31.716204390239085,0.6917615489312882,1,1
2016-04-11,99919.96697196132,302.36357091914465,0.0012863359155097,0.7042608434211922,-0.3938663550073215,0.3716694462369563,3.3097904,34.96839904785156,25.11946487426757,0.5490455,31.710408862422376,0.692462303549035,1,1
2016-04-12,99818.70885078586,302.5635891410075,0.0022124679453742,0.7682217170246693,0.2742077353367769,0.36084240075272,0.36154667,35.221290588378906,25.363075256347656,0.052512154,31.704613334605668,0.6931630581667818,1,1
2016-04-13,99642.10511036016,302.7775198082066,0.0016177170706749,0.9252904781227372,-0.1984113713184333,0.3552812685658689,2.2032673,35.71444320678711,25.65877723693848,0.0,31.69881780678896,0.6938638127845286,1,1
2016-04-14,99677.160688611,302.7924488738031,0.00495502656766,0.7745028160013592,0.1400942783513914,0.3615870274579185,0.0,35.59917449951172,26.815338134765625,7.991304,31.69302227897225,0.6945645674022753,0,1
2016-04-15,99806.49125701288,302.18034914660774,0.0045207197000745,0.5321267549056448,0.2673283712352923,0.3874634442270367,3.508309,35.31956100463867,26.317970275878903,2.9898367,31.77612616897696,0.6952653220200222,1,1
2016-04-16,99813.69984367253,301.8036350833065,0.004081430002788,0.6588427063679091,-0.1632727166611581,0.3982474716513015,1.6600077,34.56362533569336,26.104665756225582,1.986298,31.859230058981666,0.695966076637769,1,1
2016-04-17,99733.92336449552,302.07752535311363,0.0045490855287591,0.6821357440541523,-0.3821332170092325,0.4015074298994834,0.0,35.176780700683594,25.60194969177246,0.02988035,31.942333948986374,0.6966668312555158,1,1
2016-04-18,99725.29367819292,302.4634868698864,0.0014543586651862,0.8035179960826566,-0.1226752845552309,0.3936478661464833,0.1939694,35.255950927734375,25.57393455505371,0.0,32.02543783899108,0.6973675858732626,1,1
2016-04-19,99824.87220619072,302.43172195912393,0.0038057006505951,0.3275936698523805,0.4911700199538519,0.3819764685582078,0.0,35.04746627807617,25.71334457397461,4.749733,32.10854172899579,0.6980683404910094,1,1
2016-04-20,99976.48889912914,301.768419958849,0.0028762061232493,0.2795146344186366,0.0439766343790029,0.388831173690097,1.9347849,34.50481033325195,25.8165225982666,4.1528354,32.1916456190005,0.6987690951087562,1,1
2016-04-21,99928.6119969512,301.780884913433,0.0037537656184385,0.6092640335334294,-0.3649575120483629,0.39191143695287,1.8670648,34.30164337158203,25.32838630676269,1.7425094,32.274749509005204,0.6994698497265031,1,1
2016-04-22,99848.56201119052,302.33466652692374,0.0018764117161341,1.1889819140502478,-0.8663085979801459,0.390562866381519,0.40039226,35.837276458740234,25.54893112182617,0.0,32.35785339900991,0.7001706043442498,0,0
2016-04-23,99685.56805609952,302.72011981450083,0.0012676056888653,1.3996079306517073,-0.9964209305350206,0.3763336141975845,0.0,35.55826568603516,25.959135055541992,0.29008564,32.41094238521511,0.6942006049586594,1,1
2016-04-24,99578.1389123472,303.2088390457644,0.0009253769629361,1.383940790146356,-0.8842575009130834,0.3621455009259603,0.15247276,36.24165344238281,26.23739624023437,1.6558353,32.464031371420305,0.688230605573069,1,1
2016-04-25,99654.78332544478,302.8855697695116,0.0009014198507507,1.0348921894009753,-0.9143800422511634,0.3508958871554606,0.59034485,35.49201202392578,26.38021469116211,0.7060953,32.5171203576255,0.6822606061874786,1,1
2016-04-26,99736.2621627168,303.3792037711663,0.0013397708466226,0.8497516940685831,-0.4359467704503321,0.3416987373387817,0.14667831,35.71012878417969,25.79778480529785,1.8943913,32.5702093438307,0.6762906068018883,1,1
2016-04-27,99713.32575349911,303.170900284549,0.0008547573695456,0.5883340563879005,0.4940989193026157,0.3340501466584415,0.6011025,35.35337829589844,25.76585960388184,0.41469535,32.623298330035894,0.670320607416298,1,1
2016-04-28,99725.1643640734,302.83241200392627,0.0026640627251342,0.7093395270297042,0.5126426821360295,0.3332384527696843,0.0,35.429325103759766,25.92891311645508,3.3743064,32.67638731624109,0.6643506080307076,1,1
2016-04-29,99808.85333619532,302.50413091911525,0.0023409567539587,0.4284560497828237,0.2500799511155052,0.3414609940927008,1.4476032,34.737552642822266,25.319467544555664,3.3755014,32.72947630244629,0.6583806086451172,1,1
2016-04-30,99819.60207197006,302.63729089383173,0.0019130100799389,0.5735303879013456,0.0438008920578074,0.3411119388608294,0.14185245,35.392173767089844,25.54591178894043,6.150487,32.78256528865148,0.6524106092595268,0,1
2016-05-01,99787.99235777336,302.6809508008071,0.0025645655299075,0.7854986838501138,-0.0530270932600294,0.3404026838546333,8.582509,35.20857238769531,24.736724853515625,0.2533663,32.74681751866833,0.6464406098739364,1,1
2016-05-02,99778.44753726412,302.72626608004725,0.0005991537518179,0.9766911697983818,-0.5581027883107108,0.3439083189929329,0.008181597,35.382720947265625,25.545854568481445,0.0,32.711069748685176,0.640470610488346,1,1
2016-05-03,99737.73542557655,302.86074872824526,0.0022436006755722,0.8630485073822823,-0.2756633712689684,0.3356466115645913,0.0,35.66175842285156,25.488344192504883,0.01628491,32.67532197870202,0.6345006111027556,1,1
2016-05-04,99771.33868611432,301.6539949636532,0.0083358026989894,0.1392608871395763,-0.1799092222283216,0.3707571193595562,0.97489697,35.32536697387695,25.6180419921875,1.8803204,32.63957420871887,0.6285306117171652,1,1
2016-05-05,99783.28755134612,301.6518106101755,0.0122135394809784,0.2518385274863928,0.1588313972481398,0.4215835011167327,2.0204704,34.63760757446289,25.19804954528809,7.439241,32.603826438735716,0.6225606123315749,1,1
2016-05-06,99794.32553703307,301.181571577558,0.0069323312502375,0.1940558135817581,-0.3117601633329835,0.4396906542167568,9.756808,34.531150817871094,24.80199813842773,5.566692,32.56807866875256,0.6165906129459845,1,1
2016-05-07,99754.37984542396,301.58114476988624,0.0130489316446188,0.0483776321346935,0.1701681168839713,0.4262976853345102,8.166048,34.48152160644531,24.5286808013916,5.3095317,32.53233089876941,0.6106206135603941,1,1
2016-05-08,99835.88426812868,301.3713550469039,0.006233220597139,0.2657902815376629,-0.691778981538042,0.4215773512414619,5.0574446,35.1224365234375,25.221492767333984,4.969596,32.496583128786256,0.6046506141748037,0,0
2016-05-09,99735.48603770364,302.22634074865374,0.0030864718058803,0.1899121703257825,-0.1368714029477442,0.4232364754963988,10.535569,34.16023635864258,24.99686622619629,1.7683088,32.34480562634556,0.5991975456251419,1,1
2016-05-10,99797.02744388315,300.5045274944744,0.0240865486099365,0.1607657271031075,-0.297170729143629,0.4446607588116746,0.0,33.924095153808594,25.26649284362793,12.18168,32.19302812390487,0.5937444770754802,1,1
2016-05-11,99765.79302932291,300.2242884335001,0.0048724063979431,0.0224947314348941,-0.0998420881987162,0.45949336206817,29.14473,33.249664306640625,23.359981536865234,7.9307356,32.04125062146417,0.5882914085258184,1,1
2016-05-12,99674.67577661308,299.8835776189526,0.0159347264474632,-0.0017469983674654,0.0401626641051903,0.4744159290603986,11.770152,32.86362838745117,23.477575302124023,1.6402577,31.889473119023478,0.5828383399761566,1,1
2016-05-13,99651.26509956502,300.52948827613994,0.0116062382805508,0.2314340621465845,-0.4301916661063614,0.4732473619655715,5.3162947,34.36290740966797,24.38711166381836,3.6957636,31.737695616582783,0.5773852714264949,1,1
2016-05-14,99739.5770788843,300.30022095997657,0.0143720542134703,-0.0033701330383948,-0.6420770269529883,0.4746571620047444,3.4725757,33.722450256347656,24.88453483581543,9.874314,31.58591811414209,0.5719322028768331,1,1
2016-05-15,99710.31347615166,299.37523054477623,0.0098271855927958,-0.1179294306464687,0.0566379982686584,0.4798304566627426,10.291007,29.564847946166992,23.11241149902344,19.337912,31.434140611701395,0.5664791343271713,1,1
2016-05-16,99489.60627028492,298.6487522274274,0.0071136329864399,0.4014224315695585,-0.959665119268241,0.4959815845335887,8.761419,26.99993896484375,23.04095458984375,37.89754,31.2823631092607,0.5610260657775095,0,1
2016-05-17,99370.77767472944,298.15673796851723,0.0303412467418163,0.0001711980097711,-0.5607192974879287,0.4813961091415858,17.985115,26.62526130676269,23.157100677490234,35.53689,31.030141499027145,0.5555729972278477,1,1
2016-05-18,99480.82593011156,298.62092254671705,0.0239714520355015,-0.3188927496034146,0.256051153141599,0.4746133230213708,16.846632,31.07147216796875,22.117401123046875,4.3904777,30.77791988879359,0.5501199286781859,1,1
2016-05-19,99560.61582631108,299.4124052609686,0.0166550701140841,-0.1692279747349523,0.3172988277141371,0.4720813204626264,4.7563324,31.64938163757324,23.583789825439453,7.3028812,30.525698278560036,0.5446668601285242,1,1
2016-05-20,99672.078732725,299.0369728662487,0.0082452147101831,-0.1104846096394196,0.2767623730011894,0.4731786351663043,17.259937,30.464336395263672,22.51340675354004,7.8992543,30.27347666832648,0.5392137915788624,1,1
2016-05-21,99756.83804340732,300.92855979290294,0.0030381346519568,0.8371881516396189,-0.7987685420791437,0.4749964854940512,0.30811635,33.328758239746094,24.08033943176269,0.72294736,30.021255058092926,0.5337607230292006,1,1
2016-05-22,99900.18034898934,300.57524632530607,0.0093384951297339,0.5058266655414893,-0.2749739713086462,0.4823961838003335,1.3685939,33.91427230834961,25.00187873840332,0.07968111,29.76903344785937,0.5283076544795389,1,1
2016-05-23,99914.8184525235,300.4508747695115,0.0085126796258385,0.7850949220580541,-0.3758472870972197,0.4884924847914317,3.8680599,34.55872344970703,24.977033615112305,0.44900113,29.516811837625816,0.5228545859298771,1,1
2016-05-24,99919.34012800848,299.97504985101784,0.0140306006202664,1.1960608728488835,-0.0412266341263406,0.4667894965482597,1.9507205,33.66368865966797,25.10970497131348,6.7140317,29.26459022739226,0.5174015173802153,0,0
2016-05-25,99853.09071407512,299.59181060176564,0.009772171482706,0.507832800343226,-0.4678845983927805,0.4724627898452746,9.702531,33.63448715209961,24.899429321289062,13.0504675,28.98292127304738,0.5176189639788373,1,1
2016-05-26,99825.4760979901,300.1265622008404,0.0045574369346282,0.3943330942115642,-0.3031516885625612,0.4719276236777038,16.356466,33.16976547241211,24.7768497467041,7.982248,28.7012523187025,0.5178364105774593,1,1
2016-05-27,99949.69168035426,299.11173965283524,0.0197655375908524,0.4370190285765102,-0.1853716091290591,0.4824439900642776,6.5928373,32.425819396972656,24.97044944763184,25.659008,28.41958336435762,0.5180538571760813,1,1
2016-05-28,99932.14431801211,298.6434602346512,0.0207489973702208,0.0428255062605386,0.0084854584070392,0.4677459932545772,20.679428,32.32280731201172,23.2663631439209,6.148735,28.13791441001274,0.5182713037747033,1,1
2016-05-29,99856.1534158088,298.5019252491422,0.0100502898191829,-0.1982127803064679,-0.154265406011661,0.4822496153268265,12.978304,32.43100357055664,23.394330978393555,1.7096726,27.85624545566786,0.5184887503733253,1,1
2016-05-30,99824.24634396553,298.1828663788503,0.0212250972912924,-0.0994608129700125,0.3460957289945766,0.4816027620776166,9.245188,32.37372970581055,23.75205039978028,6.4066997,27.57457650132298,0.5187061969719473,1,1
2016-05-31,99909.72943842316,298.16528455608386,0.0246671367557875,0.0324864207673694,0.1940670390300473,0.4756072316408759,26.53528,31.59695053100586,23.57201194763184,5.0159035,27.2929075469781,0.5189236435705693,1,1
2016-06-01,99924.37187931992,298.02434693066056,0.0433380047272029,0.2984984148464347,0.3452937625637849,0.4809430635151691,6.4368424,31.884597778320312,23.51602935791016,7.325162,27.01123859263322,0.5191410901691913,0,1
2016-06-02,99816.617798101,298.7435913516977,0.0120834365674722,0.0190563025361629,0.2864648604539169,0.4685747476993437,33.658855,31.714319229125977,23.224655151367188,8.3762045,27.095169979579836,0.5193585367678132,1,1
2016-06-03,99775.15536940338,298.3549521130171,0.014085365992422,0.1621828754442015,0.4705978753059754,0.4820342449661,5.9344525,31.716175079345703,23.3245849609375,3.6352587,27.179101366526453,0.5195759833664352,1,1
2016-06-04,99786.24360890967,298.17015626519645,0.0123807889763347,0.6116014951008246,0.5202594703888002,0.4959387282279696,7.944251,32.00186538696289,23.5216007232666,15.313321,27.263032753473073,0.5197934299650572,1,1
2016-06-05,99825.6450668979,298.75798369915617,0.0086915281445067,0.6490279955278726,0.2631603588578162,0.4999255080509107,13.565187,32.17639923095703,24.00294303894043,23.588402,27.34696414041969,0.5200108765636792,1,1
2016-06-06,99793.3384520986,298.4274204280288,0.0102385554357322,-0.0075952898554682,1.4425108472606516,0.4938731527712529,22.377321,31.45039367675781,23.57421112060547,6.4064775,27.430895527366307,0.5202283231623012,1,1
2016-06-07,99758.81992734538,298.0599907692672,0.0195666852438747,0.0919578537113865,1.315294757300894,0.484132989121538,20.075163,30.34408187866211,24.013851165771484,28.7102,27.514826914312927,0.5204457697609232,1,1
2016-06-08,99798.46554767562,297.656173584997,0.0445996195298216,0.6338373345528563,1.363116228547517,0.4860516865818902,30.643106,27.72456169128418,23.501827239990234,44.00035,27.598758301259544,0.5206632163595452,1,1
2016-06-09,99877.44119172083,297.8940371405493,0.0294133798040253,1.2850903464074406,1.4709191053643624,0.4810476741018111,35.952732,29.21889305114746,22.91651725769043,38.0581,27.68268968820616,0.5208806629581672,0,0
2016-06-10,99961.62995847,297.96150468527543,0.0248448570938747,1.7086093676521568,0.930044537826375,0.4797378528116701,31.300442,28.60605239868164,23.16353225708008,13.858527,27.742543970259234,0.5105637189795231,1,1
2016-06-11,99995.21788378357,298.33306772328586,0.0154492758413715,0.9893990319599716,-0.2478564957584207,0.4814078988672407,31.263584,29.85157012939453,22.54033088684082,16.568308,27.802398252312308,0.5002467750008791,1,1
2016-06-12,100008.2971707626,298.4622718911,0.0145142643282171,1.017000778203745,-0.4896245865254954,0.4722828930968175,25.362171,30.01235008239746,22.54016494750977,2.064389,27.86225253436538,0.48992983102223514,1,1
2016-06-13,100059.81794322956,298.5726419839311,0.0092236911201907,0.9693291101594405,-0.5889731986345846,0.4840940819836706,8.1376095,31.377281188964844,22.78843307495117,1.0000834,27.922106816418452,0.4796128870435912,1,1
2016-06-14,99969.18024750624,299.00462705788965,0.0057439505274743,1.0523333957037944,-0.8542545388733374,0.4865868738428706,9.54927,31.537708282470703,23.272470474243164,1.3474542,27.981961098471526,0.46929594306494715,1,1
2016-06-15,99851.74488499126,299.0308811826508,0.0082090259016336,1.157577134809438,-0.4612234673372238,0.4896933017606445,5.23525,31.79714012145996,23.30821228027344,0.0,28.041815380524596,0.4589789990863032,1,1
2016-06-16,99758.81823993128,297.89641525097977,0.0096361937849565,1.1238287879750342,-0.6810059639994579,0.4782596901784595,9.495714,29.712343215942383,22.917774200439453,13.076239,28.10166966257767,0.44866205510765916,1,1
2016-06-17,99680.06166946994,297.4194673532934,0.0296414055512683,1.0597408462966458,-0.541148758504895,0.4796197613581885,24.53715,29.9375057220459,22.790632247924805,21.904016,28.161523944630744,0.4383451111290152,0,1
2016-06-18,99722.45877096106,296.8994351387139,0.038012731767,0.6320296130597067,-1.1454973995922018,0.4785269082545488,16.184086,27.7117862701416,22.698999404907227,13.228647,27.403250118218573,0.4280281671503712,1,1
2016-06-19,99675.23194803268,297.533969452926,0.0177614783069146,0.8414215588171274,-0.9538233298380682,0.4800682850849286,25.547258,30.05638313293457,22.08517074584961,0.59410197,26.6449762918064,0.41771122317172715,1,1
2016-06-20,99630.8814923387,297.5833874778229,0.0169149690502136,0.465410548945089,-0.2616931082666716,0.4624656003632645,5.03161,30.02768898010254,22.60293769836425,0.47291657,25.88670246539423,0.4073942791930832,1,1
2016-06-21,99723.49169270364,296.63008468881054,0.0208194125565834,0.1760039675162666,-1.0053787078976646,0.4843904940264344,4.777858,28.85260963439941,22.62751197814941,0.24966317,25.128428638982058,0.3970773352144392,1,1
2016-06-22,99883.819214146,297.1241635435948,0.0177408481283743,1.104923489718845,-1.3538964365176076,0.4877035028875154,8.59434,29.68437957763672,22.61947250366211,6.120462,24.370154812569886,0.3867603912357952,1,1
2016-06-23,99905.33881964482,297.17196654081204,0.0162346836728383,1.0526969328223552,-1.8679038471636225,0.47760813825763,27.809286,29.18327522277832,22.09616470336914,2.4682717,23.611880986157715,0.3764434472571512,1,1
2016-06-24,99862.41582134554,296.69753898022657,0.0320402479422558,1.7002429008369253,-1.2552606969057964,0.4776919632379875,12.7316065,27.83064651489257,22.035797119140625,10.452392,22.853607159745543,0.36612650327850715,1,1
2016-06-25,99924.1322350028,296.96198369643054,0.0136821818575844,0.9834325464603808,-1.1538798604565812,0.4808471972931749,6.0633616,28.91454124450684,22.43514060974121,0.2620074,22.09533333333337,0.3558095592998632,0,0
2016-06-26,99870.43952150436,298.1289209537115,0.0081842544290069,1.215698947899616,-1.3714757488530225,0.488936310075828,0.691697,29.60014915466309,22.940221786499023,9.682965,22.28710472504625,0.35554564364868746,1,1
2016-06-27,99768.14343395251,297.5505482466953,0.022243930503133,1.573624662373384,-0.8538116486488964,0.4827441966280024,14.480725,29.52568817138672,23.143123626708984,22.955238,22.47887611675913,0.35528172799751173,1,1
2016-06-28,99825.58842779894,297.29348686581443,0.0262785449978723,2.0261140998301994,-0.3683251220025843,0.47632021272909,39.14324,27.33693122863769,22.42350196838379,15.82808,22.670647508472012,0.355017812346336,1,1
2016-06-29,99895.53849339616,297.6519779114072,0.0169456142205668,1.6869855980013897,-0.7089482543989795,0.4796401867715767,45.831646,28.10598373413086,22.649518966674805,38.25435,22.862418900184892,0.3547538966951603,1,1
2016-06-30,99842.32618596176,298.5590439927249,0.0094873833094226,1.3773357910897277,-0.9434869191669218,0.4855907934046462,20.812527,29.09794807434082,22.301517486572266,7.548856,23.054190291897772,0.35448998104398455,1,1
2016-07-01,99804.12120855684,298.804337415662,0.0078763638053461,1.6035770609310327,-1.0515350646906167,0.4868264344466794,7.6221046,31.44232940673828,23.553884506225582,0.61821795,23.245961683610652,0.3542260653928088,1,1
2016-07-02,99826.88210681356,299.4473030144442,0.0047253088898209,1.1227831883504429,-0.6724339046362491,0.4848429750602311,2.1434088,31.23866844177246,23.780866622924805,0.0,23.437733075323532,0.3539621497416331,1,1
2016-07-03,99862.61650159366,299.29529310937886,0.0083070194418199,0.9312501472411696,-1.2446258200921607,0.4873286678407294,8.321135,31.79893684387207,22.5399169921875,0.10228327,23.62950446703641,0.3536982340904574,1,1
2016-07-04,99936.91116527068,297.81433165378616,0.0259530641479731,0.4307953449005776,-0.7632174695364945,0.4759717337829245,13.859042,30.28580665588379,22.64805603027344,3.4167826,23.82127585874929,0.3534343184392817,1,1
2016-07-05,99894.71721888991,298.3729166933544,0.0125127209305462,1.423274554832579,-0.320832743038852,0.4761682916882664,25.56967,30.761960983276367,23.38113784790039,0.51317334,24.01304725046217,0.35317040278810596,1,1
2016-07-06,99885.311622162,297.49351490299097,0.019686189484084,1.3060390625110057,-0.6479286678078972,0.4707154004472654,17.412487,30.05455780029297,23.53229331970215,31.127722,24.20481864217505,0.35290648713693024,1,1
2016-07-07,99865.32826974116,298.07928489243017,0.0061204717559848,1.1832191427391103,-0.8200735623396022,0.4799917623219776,13.965872,30.23499870300293,23.157819747924805,6.549812,24.39659003388793,0.3526425714857545,1,1
2016-07-08,99882.25920591233,297.53230017322613,0.0341303944394681,1.913966844368188,-0.0191089039970037,0.4828247529323435,21.245617,29.60507774353028,23.37442207336425,9.276502,24.58836142560081,0.3523786558345788,1,1
2016-07-09,99887.72239664332,297.76194370593976,0.0151722278624633,2.252073653659392,-0.5988942460524289,0.4776860531856125,50.58475,29.168840408325195,22.56619644165039,19.376087,24.78013281731369,0.35211474018340305,1,1
2016-07-10,99895.61288453249,297.57183187777986,0.0172597758990524,2.328805037767989,-0.3559251841995518,0.4809197699712696,35.59007,29.09671401977539,22.53484344482422,0.7859806,24.97190420902657,0.3518508245322273,1,1
2016-07-11,99871.61095828966,297.52475441062467,0.0154144508191501,2.385669937069592,-0.5134241328042836,0.4860599769796799,31.223846,29.503955841064453,22.95065116882324,9.668209,25.16367560073945,0.3515869088810516,0,0
2016-07-12,99928.67744096016,298.06497077675937,0.0081539856905607,1.323483303742765,-0.3457014359939498,0.4897316547379584,49.09086,29.317869186401367,22.418907165527344,1.2909974,25.311936108875855,0.3676008837056329,1,1
2016-07-13,99861.24039443552,297.8935640493054,0.005929889347897,0.800459730494752,-0.4482260570745081,0.4948878792103474,22.005741,30.09449005126953,22.426490783691406,0.0,25.46019661701226,0.3836148585302141,1,1
2016-07-14,99782.89181145476,297.60102018293736,0.0139079017927593,0.7316479419827936,-0.638724790296957,0.4769159652447668,18.329433,29.45844459533692,22.73512077331543,0.32545736,25.60845712514867,0.3996288333547954,1,1
2016-07-15,99755.29184562684,297.7344055210173,0.0190749949672529,1.0385739656290849,-0.7570484577283966,0.4803571373184853,18.014252,30.50324249267578,22.7042293548584,67.890144,25.756717633285078,0.4156428081793766,1,1
2016-07-16,99882.072357717,297.8931574362348,0.0120351077969264,0.8109116960652302,-0.7308713624305144,0.4714880526130311,10.147519,29.64895439147949,22.754413604736328,26.132751,25.904978141421484,0.4316567830039579,1,1
2016-07-17,100045.07836060056,298.2437759126116,0.0074770666075267,0.6089429725805632,-0.4053869191263856,0.485316702545456,15.835632,29.01483726501465,22.49305725097656,22.275196,26.05323864955789,0.44767075782853916,1,1
2016-07-18,100082.85411360663,296.7714970548905,0.0175596596625305,0.2688116182973142,-0.7560679645173783,0.465942178527414,22.17911,29.951318740844727,22.340967178344727,23.361488,26.201499157694297,0.4636847326531204,1,1
2016-07-19,99960.33157495737,298.7297747440387,0.0040998433928518,1.3863641757462974,-1.4943634645055306,0.4616581213733643,9.9122925,29.5078067779541,22.733169555664062,0.08863065,26.349759665830703,0.47969870747770166,1,1
2016-07-20,99894.7809306421,298.2602763409253,0.0044217282889367,1.4860870039424354,-1.7516178374594835,0.4819045489274878,0.46731377,30.01182746887207,22.77873611450196,3.9963357,26.498020173967113,0.49571268230228294,1,1
2016-07-21,99855.15153030008,297.94483540536464,0.0046231958879446,1.3666011520067738,-1.5162809157202437,0.4820012325191029,4.1317773,28.9504623413086,22.90432357788086,1.7414149,26.64628068210352,0.5117266571268642,1,1
2016-07-22,99812.0399185036,297.6855705755091,0.0081245411389925,1.87138681312008,-1.1021876096696803,0.4894581297324073,7.37048,29.47383499145508,23.054975509643555,0.07795244,26.794541190239926,0.5277406319514455,1,1
2016-07-23,99776.46054512594,297.1041845832254,0.0134791847473688,1.859875243505989,-1.1209797652986624,0.4920610730959569,22.092577,28.799461364746094,22.2417049407959,10.593005,26.942801698376332,0.5437546067760267,1,1
2016-07-24,99761.29885665064,297.04118612348816,0.0215902543195825,1.053155222453812,-0.970362847277516,0.4713133332648808,42.00028,29.33138084411621,22.235708236694336,26.632448,27.09106220651274,0.5597685816006079,1,1
2016-07-25,99726.45614384476,297.5535678973578,0.0181374422000124,1.0419597848130326,-0.6468552702363687,0.4811281633428663,12.727297,29.772537231445312,22.93377685546875,57.437027,27.23932271464915,0.5757825564251893,1,1
2016-07-26,99665.0748619266,297.5738739011839,0.0192273541203836,0.5873283705382926,-0.1292242035726498,0.4751189176043807,2.0479946,30.405458450317383,22.41431427001953,23.104456,27.387583222785555,0.5917965312497705,1,1
2016-07-27,99734.10278751716,297.1985308629616,0.0372534921312865,1.2529704975156148,-0.5939868112956839,0.4858161724735759,4.3574796,30.046112060546875,22.58761978149414,31.26004,27.53584373092196,0.6078105060743517,0,0
2016-07-28,99763.56512294894,298.1561249403846,0.012256791662684,1.6073171272345472,-1.0622140875887536,0.4646745838358337,18.436756,29.69440269470215,22.162065505981445,23.235584,27.53746708552236,0.6031391225808203,1,1
2016-07-29,99795.63581109508,297.69663931856604,0.0085951931066536,0.9734354907610276,-1.085370735374691,0.4795722872008066,7.4907203,29.28023147583008,22.87664031982422,14.995621,27.539090440122756,0.5984677390872888,1,1
2016-07-30,99909.62315569498,297.82065095109346,0.0065942578923123,0.9090726838431148,-0.3508256970725533,0.4870385955139226,8.101722,29.94938468933105,22.95122528076172,2.4163628,27.54071379472315,0.5937963555937572,1,1
2016-07-31,99997.8598706768,298.1377312902906,0.0039792879785656,1.2305675983027726,-0.7539159480389648,0.4878862009324741,6.486431,30.662410736083984,22.55697250366211,0.90360093,27.542337149323547,0.5891249721002257,1,1
2016-08-01,99970.1456929356,297.9335626085615,0.0049025289904197,0.862213050621263,-0.8594274068913332,0.4904346385817788,6.661195,30.044336318969727,22.95035743713379,0.1833446,27.543960503923945,0.5844535886066943,1,1
2016-08-02,99772.22188523636,298.3681373898836,0.0062987096023926,1.2524042628192318,-0.2698960793764923,0.4866457784501158,10.220243,30.18164253234864,23.04526138305664,3.2697172,27.54558385852434,0.5797822051131627,1,1
2016-08-03,99772.69351127691,297.9533846341929,0.0114653785337896,1.8785135831120985,-0.8738608638717803,0.4942804804959111,1.7696198,30.408580780029297,23.20011138916016,0.4583268,27.547207213124736,0.5751108216196312,1,1
2016-08-04,99857.89088190674,297.65111676103896,0.0115254892126559,1.2636494320707694,-0.9462495404433884,0.4593267225276279,6.5240183,29.65980529785156,22.538877487182617,2.4929643,27.548830567725133,0.5704394381260998,0,1
2016-08-05,99924.83772933196,297.8425716240113,0.0068578312370616,0.9788288995041444,-1.0904900505646218,0.492218904876984,19.046877,28.80709648132324,22.672134399414062,22.820196,27.582815348402484,0.5657680546325683,1,1
2016-08-06,99900.72950433732,298.92058959903164,0.0040589429058247,1.2270813696744685,-1.4541229651028442,0.4835220159912842,2.642103,31.6362247467041,23.198808670043945,0.0052584144,27.616800129079834,0.5610966711390368,1,1
2016-08-07,100013.98174330554,298.37183740617905,0.0048210415982443,0.9267402825009898,-1.2618367046902337,0.4886919768588277,7.484114,31.43581771850586,23.161840438842773,1.2816938,27.650784909757185,0.5564252876455053,1,1
2016-08-08,100026.59328942269,298.8424266827108,0.0034883775168171,1.228612164491529,-1.4469241493810672,0.479444960387714,6.691894,30.95401191711425,22.996944427490234,0.010750801,27.684769690434536,0.5517539041519738,1,1
2016-08-09,100031.9533962869,298.28734046453644,0.0046804386303472,1.0546460528258508,-1.1527487082985224,0.4852143490682759,10.815943,31.08769798278809,23.291961669921875,5.285297,27.718754471111886,0.5470825206584423,1,1
2016-08-10,100047.01543723566,298.5707890095225,0.0037088076920181,1.08247897618951,-1.3155492593325278,0.4816761244975514,10.841513,31.6441593170166,23.136598587036133,0.8452048,27.752739251789237,0.5424111371649107,1,1
2016-08-11,100094.19574079529,298.5485931373098,0.0030842872644529,1.0997857778085829,-1.2576884627270577,0.4757190904503818,1.7574546,31.878894805908203,23.10361671447754,0.0,27.786724032466587,0.5377397536713793,1,1
2016-08-12,100077.5764337121,297.78134824117944,0.0171897638028825,1.0384081659272306,-1.2407067777273937,0.4808876504403981,4.8433714,31.13985061645508,23.31259155273437,4.343946,27.820708813143938,0.5330683701778478,0,0
2016-08-13,99984.5112064626,298.1424850342809,0.0054485255722652,1.064873238999277,-1.0000433568155445,0.4832423790556722,5.883771,31.38199234008789,23.389923095703125,6.5718427,27.579084822395593,0.52996558183049,1,1
2016-08-14,99969.03139421291,297.73672749752865,0.0106774959290912,1.0928639250171917,-0.8468554149325729,0.4784206404595985,5.6933103,31.16769790649414,23.47011375427246,2.7592425,27.33746083164725,0.5268627934831321,1,1
2016-08-15,99940.14949993286,297.98177761738657,0.0076821385938753,1.6490452726639042,-1.3748676222467495,0.4907243369591181,8.901696,30.865198135375977,23.1490535736084,0.0,27.095836840898905,0.5237600051357744,1,1
2016-08-16,99887.97355075732,297.86797968821685,0.0073073274411145,1.555618282005841,-1.5537706007105128,0.493544137654131,11.179172,30.67789077758789,23.0555419921875,0.0,26.85421285015056,0.5206572167884165,1,1
2016-08-17,99808.0603415022,298.1508015110912,0.0061113689297478,1.266485608588447,-1.194904823030384,0.4921343095286247,8.955561,30.535993576049805,23.03162384033203,3.3642418,26.612588859402216,0.5175544284410587,1,1
2016-08-18,99829.15015297016,297.5488637458076,0.005363721031552,0.9905354877778696,-1.2741954646183329,0.4950828447925428,20.606857,30.801687240600582,22.99445533752441,0.0,26.37096486865387,0.5144516400937008,1,1
2016-08-19,99816.64160960368,298.1568320272404,0.0041367644470254,1.5661150151282677,-1.505606703007934,0.4847896725874365,9.690802,31.17708969116211,23.082246780395508,0.0,26.129340877905527,0.511348851746343,1,1
2016-08-20,99763.49605747666,298.5915451742219,0.0027433606018761,1.381203820290137,-0.7868407875718602,0.4819116650872657,4.32895,31.12159538269043,23.374286651611328,1.847314,25.887716887157183,0.5082460633989851,0,1
2016-08-21,99807.80794405834,298.6040600800633,0.0026155032671527,1.2717450060857605,-0.953117671874384,0.4771602273861482,1.4035038,31.31863784790039,23.60537910461425,4.0698857,26.33299530493298,0.5051432750516274,1,1
2016-08-22,99898.81483769268,298.5952397410809,0.0028928633169156,1.0712263538568323,-0.9384013818338924,0.4734900081683588,0.76428443,31.465579986572266,23.515140533447266,2.4015481,26.778273722708775,0.5020404867042696,1,1
2016-08-23,99904.93202419492,298.07417120362066,0.0080232695577981,1.2554117480870812,-0.7278704247174892,0.4821632271532915,2.4562376,31.07268714904785,23.86720848083496,1.6954579,27.22355214048457,0.4989376983569117,1,1
2016-08-24,99848.04312523008,298.10213436778315,0.0074453328737454,1.5813726960989365,-0.929733353360998,0.4869196378549915,4.60044,31.54828643798828,23.31879425048828,0.0,27.668830558260368,0.49583491000955393,1,1
2016-08-25,99865.5952289305,297.7612300753121,0.0093129700367425,1.2522292994065762,-0.7470219273566626,0.4901775482082356,8.476615,31.157211303710938,23.194149017333984,0.5277746,28.114108976036164,0.4927321216621961,1,1
2016-08-26,99857.80451458544,297.5437858410503,0.0117617409972689,0.8251744219998586,-0.6183255007955114,0.4772242008314237,6.608564,30.364154815673828,23.491342544555664,32.748158,28.55938739381196,0.48962933331483827,1,1
2016-08-27,99895.651143502,297.6382376694568,0.0094702619251809,0.8556560370079211,-0.4496365618370432,0.4749617099131454,11.082522,29.67316246032715,23.155553817749023,22.82524,29.004665811587756,0.48652654496748043,1,1
2016-08-28,99902.5965256139,298.3312186931157,0.0038877453328213,1.12484117400576,-1.1442542300228318,0.4830990927854773,19.848358,31.304946899414062,22.89090156555176,0.33554628,29.449944229363552,0.4834237566201226,0,0
2016-08-29,99805.70221534948,298.0312070130071,0.0084884343634511,1.0430702391059403,-0.7963109775609246,0.4895470290534241,6.125256,31.264612197875977,23.03338623046875,0.24668175,29.216039652582715,0.48986831803753117,1,1
2016-08-30,99723.18403478204,297.2991012328376,0.0180685890556849,1.011469130132588,-0.7948305081512969,0.4819416709209322,8.305605,28.62018585205078,22.91955947875977,9.577247,28.982135075801878,0.4963128794549398,1,1
2016-08-31,99843.21023234184,297.48865588225203,0.0110274375473719,0.945909081922298,-0.3330098463804307,0.4934038046905521,11.617429,29.79220390319824,22.57927131652832,35.651646,28.74823049902104,0.5027574408723484,1,1
2016-09-01,99969.51796222317,297.1398043152748,0.0258779752030892,1.0457179466969322,-0.4374682160291638,0.4780370633409264,4.038037,29.545812606811523,22.36237525939941,5.212822,28.514325922240204,0.509202002289757,1,1
2016-09-02,100003.67466816364,296.8626090596682,0.0156018093254185,0.9021377498992634,-0.1255883236518343,0.4811684187393749,4.7955146,28.84076881408692,22.71867561340332,1.2084463,28.280421345459363,0.5156465637071656,1,1
2016-09-03,99981.585311521,297.8419936045187,0.0042949433158923,0.9133571605009452,-0.4800498730604115,0.4876909402718207,5.1608834,30.288070678710938,22.42331886291504,0.29740807,28.046516768678526,0.5220911251245741,1,1
2016-09-04,100129.42143449624,297.94806011469126,0.0031279437031629,0.5800286948874329,-0.3658193522798483,0.4849353745115794,6.3622932,30.084545135498047,23.34756660461425,6.291231,27.81261219189769,0.5285356865419827,1,1
2016-09-05,100161.61601325376,298.4569144113117,0.0022413618235574,0.9733749102594648,-0.6233980526702307,0.4732813108911708,0.5530625,30.57135963439941,22.75335693359375,0.31737316,27.57870761511685,0.5349802479593913,0,1
2016-09-06,100185.8470377252,297.8909183859409,0.0025788348583249,0.935756314444218,-0.8417930342225678,0.4704000883656119,0.62377983,31.12058448791504,23.18326759338379,0.81130826,27.607308678898026,0.5414248093767999,1,1
2016-09-07,100035.8401121022,298.1426630649505,0.0023008421672949,1.0512798330878137,-0.7714772892049879,0.4622905659896276,1.5790011,30.919328689575195,22.29382705688477,1.1204197,27.6359097426792,0.5478693707942085,1,1
2016-09-08,100051.17002781895,297.4783574439168,0.0030265305018501,0.9229542638751403,-0.6329031478242384,0.4659927362202881,0.0,30.975725173950195,21.864887237548828,0.0,27.664510806460374,0.5543139322116171,1,1
2016-09-09,99996.62617952882,298.29554999707227,0.0022025725138422,0.8677597114681294,-0.7253275535931769,0.4595161084444396,0.071428575,30.84861183166504,22.36483192443848,0.04876034,27.693111870241548,0.5607584936290256,1,1
2016-09-10,99962.86895931709,298.606850695504,0.0031476113723582,1.3583736665863049,-1.2095602480088998,0.457521312726004,0.012831248,31.10834693908692,22.73791885375977,3.2167952,27.721712934022726,0.5672030550464342,1,1
2016-09-11,99875.91521896176,298.115655197692,0.003327386280026,1.2737377261668386,-0.9275679220902774,0.4602254410606265,1.2315199,31.09058952331543,22.852575302124023,1.2607838,27.7503139978039,0.5736476164638429,1,1
2016-09-12,99837.81407918107,298.22912487557835,0.0034743830610502,1.3501915647972371,-0.8648253259126895,0.4662265669828082,0.36508694,31.449996948242188,22.518835067749023,0.0,27.778915061585074,0.5800921778812514,1,1
2016-09-13,99891.77702550736,297.77570024277816,0.0090810861315238,1.255886335358022,-1.1738984965120232,0.4751665159148199,2.3400838,31.19318580627441,22.91972923278809,0.5785164,27.80751612536625,0.58653673929866,0,0
2016-09-14,99848.79703054093,297.86751452328025,0.0122915283302258,1.10859269794327,-1.1223408272238016,0.4798992662307147,3.5009463,31.343994140625,23.38942146301269,4.479208,27.65968638074743,0.5908045494759114,1,1
2016-09-15,99851.841095532,297.8674806745484,0.0089202249873385,1.3071358987152726,-0.715742394161534,0.4938565474431208,9.037123,32.23611831665039,23.319934844970703,3.683885,27.511856636128613,0.5950723596531629,1,1
2016-09-16,99866.09391563648,297.9278516318882,0.0036620823594125,0.670755924005207,-0.3731999786617463,0.4921403837427525,4.202418,31.908222198486328,23.28692054748535,2.8740745,27.364026891509795,0.5993401698304143,1,1
2016-09-17,99883.17184348092,298.15963694011526,0.0034376695692532,0.5705102413144014,-0.2455360417269159,0.485294681025864,2.1948,31.92881393432617,23.392087936401367,0.10200402,27.216197146890977,0.6036079800076657,1,1
2016-09-18,100053.00204193011,297.4321386995533,0.012276908257164,0.6484557359404026,-0.6874901668313804,0.4693544697110964,0.4747024,31.714778900146484,23.128921508789062,0.031020375,27.06836740227216,0.607875790184917,1,1
2016-09-19,99955.6203388774,298.4276644462203,0.0034397310166108,1.1993046497006103,-1.4830672677455434,0.4612106940453694,2.6713965,31.54033660888672,22.70705795288086,0.0,26.92053765765334,0.6121436003621684,1,1
2016-09-20,99872.029287073,298.4819175726176,0.0046496896936377,1.5649948420469,-1.5201526360810411,0.4690164999830593,0.16993213,31.70976829528809,23.060443878173828,0.0,26.772707913034523,0.6164114105394198,1,1
2016-09-21,99947.56982216444,297.93682937310257,0.0062287919414073,1.3072016959380095,-0.9371263396211194,0.4866367018642671,5.0094914,30.5919189453125,22.925582885742188,0.4226388,26.624878168415705,0.6206792207166713,0,1
2016-09-22,99929.16035956849,298.3099980898267,0.0028511307233556,1.479405120912546,-1.473477704405484,0.4813050921110312,8.183767,31.766489028930664,22.95424461364746,0.012891558,26.99305123524477,0.6249470308939227,1,1
2016-09-23,99791.18428810836,298.10870674611107,0.0047889526251271,1.362085316040465,-1.24149406998042,0.479842997382561,0.8493796,31.455522537231445,23.066017150878903,0.0,27.361224302073836,0.6292148410711741,1,1
2016-09-24,99703.88490666838,297.98217276618925,0.0048074692546258,1.2133999145981038,-1.4550827639881612,0.4849609335335219,4.499808,31.26824951171875,23.16634559631348,0.0,27.7293973689029,0.6334826512484255,1,1
2016-09-25,99789.71684529811,297.95843161005064,0.0053846221152152,1.1935326426859472,-0.9915313712391864,0.4866298027144042,1.9164255,31.411828994750977,23.093582153320312,0.0,28.097570435731967,0.6377504614256768,1,1
2016-09-26,99853.56035470856,298.6238836001169,0.0039627175822483,1.2512555072507916,-0.9886511772322908,0.4814794032329234,6.6895976,31.58134651184082,23.08831596374512,0.0,28.465743502561033,0.6420182716029282,1,1
2016-09-27,99868.04546145546,298.9191681636843,0.0035896745590668,1.343596986802041,-0.960130476796838,0.4810893570865227,1.9549521,31.789047241210938,23.652389526367188,1.329205,28.833916569390098,0.6462860817801797,1,1
2016-09-28,99808.5168456738,298.0766954647834,0.0090676196303275,1.0319888847122716,-0.5883734922796535,0.4863317742744939,0.54179746,30.706907272338867,23.91724967956543,4.153415,29.202089636219164,0.6505538919574311,1,1
2016-09-29,99789.29943849122,297.5153906643713,0.0153749492267946,1.1543150332157737,-0.5817816933698273,0.4734909433859419,3.2321029,30.28374481201172,23.293994903564453,7.130618,29.57026270304823,0.6548217021346825,0,0
2016-09-30,99774.46393321909,297.99389969470025,0.0030733117268827,0.8484841186362029,-0.4824866240293107,0.4788322924478565,10.181992,30.45277976989746,23.40910720825196,0.8600079,29.465147715685703,0.6582261445814854,1,1
2016-10-01,99847.27545894565,297.9966474728654,0.0018968785250827,0.558078639079407,-0.216418058013297,0.4741268430797651,1.6468643,31.66065788269043,22.95260238647461,0.0,29.360032728323176,0.6616305870282884,1,1
2016-10-02,99923.43509304758,298.1408048907873,0.0009708316632276,0.2996913143212527,-0.2350950836777071,0.4632743765978533,0.0,31.641969680786133,22.288862228393555,0.032334145,29.25491774096065,0.6650350294750913,1,1
2016-10-03,99904.79881761866,298.4612124186609,0.0011504109293998,0.4059092561446899,-0.2544168723662723,0.4538159171525266,0.0,31.404096603393555,22.37884521484375,0.41096708,29.149802753598124,0.6684394719218942,1,1
2016-10-04,99952.99294436822,298.35752798470907,0.0019120293680485,0.513754789066051,-0.5260674681768407,0.4514823243629189,0.2844614,31.402099609375,22.90281867980957,0.03054647,29.044687766235597,0.6718439143686972,1,1
2016-10-05,99911.20592761344,298.6326063263658,0.0014991465169733,0.8236910027514174,-0.912186796296344,0.4475762692476812,0.12804547,31.91611862182617,23.22369766235352,4.7043986,28.93957277887307,0.6752483568155001,1,1
2016-10-06,99954.57722937752,298.48804389640884,0.0010166231782728,0.762511972940259,-1.146266567505012,0.4403294439369675,0.9376329,32.282867431640625,23.25039291381836,0.0,28.834457791510545,0.678652799262303,1,1
2016-10-07,100006.27071406569,298.0453091653613,0.0015481099373049,0.4639593099857095,-0.5629452130072017,0.4324748964031123,0.0,32.03028106689453,22.301345825195312,0.0,28.72934280414802,0.682057241709106,0,1
2016-10-08,100064.07796851994,297.977964467506,0.0021041072406097,0.3677405909801822,-0.4306418846570353,0.4342840469604301,0.0,31.625459671020508,22.6911735534668,0.0,28.695328773726537,0.685461684155909,1,1
2016-10-09,100067.97350796888,298.3817241632934,0.0025711183640946,0.6901397503315077,-0.5984861390179975,0.4355938695115902,0.045836966,32.29018020629883,22.62002182006836,0.0,28.661314743305056,0.688866126602712,1,1
2016-10-10,100009.71441510254,297.9415437352387,0.0019183197934969,0.4381038401186761,-0.7276453019793411,0.4370521400278327,0.74547195,32.916439056396484,23.129432678222656,0.0,28.627300712883574,0.6922705690495149,1,1
2016-10-11,99985.89964508488,298.4130322611924,0.0018832112073774,0.4532883767110681,-0.2428653001756619,0.4325629022348126,0.0,32.558502197265625,22.73520851135254,0.0,28.593286682462093,0.6956750114963178,1,1
2016-10-12,99876.20359948798,298.57404897717106,0.0054080691553543,0.5814195936266973,-0.052964677904099,0.4400705719727824,0.14285715,31.916889190673828,23.29852104187012,6.596605,28.55927265204061,0.6990794539431208,1,1
2016-10-13,99889.2715830995,297.69305802217,0.0254669318054664,0.0347716907767639,0.5100536313620392,0.4790964326057201,0.9472353,31.721221923828125,23.71013259887696,17.233986,28.52525862161913,0.7024838963899237,1,1
2016-10-14,99882.65452390617,297.7060954525776,0.0134975578605032,-0.6337912921536384,1.0062590296960017,0.4667685272917465,42.387875,30.870954513549805,22.52198028564453,0.18660039,28.49124459119765,0.7058883388367266,1,1
2016-10-15,99912.20016614124,298.2597834587899,0.0159117506549381,-0.3004394471179639,0.771087760305674,0.4757654263661134,13.576907,30.558364868164062,23.084970474243164,0.50201297,28.457230560776168,0.7092927812835296,0,0
2016-10-16,99925.30878626864,298.4282882067716,0.0088567149593422,-0.3923431799551919,0.2871684393411016,0.4751890076798793,1.8437978,31.257896423339844,22.812896728515625,2.0178428,28.33984161993692,0.7122850593410865,1,1
2016-10-17,99891.51578864084,298.4279047904901,0.0100193632211088,-0.0645954929044118,-0.2143486647497563,0.4629327414313509,0.9655143,31.130395889282227,23.38994026184082,0.16661905,28.22245267909767,0.7152773373986435,1,1
2016-10-18,99809.122150196,299.5546627466547,0.0012147469970666,0.7177105046247173,-0.650760404922338,0.454063696619954,2.3135762,31.891159057617188,23.305509567260746,0.0,28.105063738258423,0.7182696154562005,1,1
2016-10-19,99756.88087909648,298.9078049304925,0.0037093701680352,0.55686669086576,-0.3105659701815876,0.4595163354278687,0.0,31.629289627075195,23.561765670776367,0.009016174,27.987674797419174,0.7212618935137575,1,1
2016-10-20,99721.24480751426,298.03109624325936,0.0098060489270474,0.1023639984350964,-0.0595712158911817,0.4753161378886383,5.6790376,31.24788475036621,23.875709533691406,6.3043337,27.870285856579926,0.7242541715713144,1,1
2016-10-21,99867.08800138188,297.0731743407774,0.0206792053551266,0.1149158255385297,0.2937764008324054,0.4767167741023715,7.613333,29.274450302124023,22.79465103149414,13.287614,27.752896915740678,0.7272464496288714,1,1
2016-10-22,100012.46172389168,297.3246786470869,0.0116663869008543,0.003809304145082,0.2326758372295017,0.4769759097341766,5.100718,30.43203353881836,22.076051712036133,2.7737918,27.63550797490143,0.7302387276864284,1,1
2016-10-23,100067.77959028988,297.4011704497276,0.0055116998177816,0.0564067930910991,0.033922024623808,0.4872125295911189,1.1778938,31.011606216430664,22.86432456970215,1.5871811,27.51811903406218,0.7332310057439853,0,1
2016-10-24,99983.35698412987,298.13861785431965,0.0022727895090444,0.2758017376160189,-0.2475221797614333,0.477521882147181,0.07943201,31.37712478637696,22.75790023803711,0.047869027,28.04988688512595,0.7362232838015422,1,1
2016-10-25,99874.69498997262,298.2838773380064,0.0033644844495429,0.2860896352077134,-0.265100463936429,0.4740305736755892,0.40160084,30.88715934753418,23.268354415893555,0.25495902,28.58165473618972,0.7392155618590992,1,1
2016-10-26,99907.49936897324,297.95063554410933,0.0073977523210286,-0.0702507731174818,0.3522019081927361,0.4813525865593558,1.0829064,31.073091506958008,22.78264617919922,0.18841939,29.11342258725349,0.7422078399166562,1,1
2016-10-27,100005.97013672114,297.97053854206695,0.0052540648076029,-0.4308733315920083,0.3814320046679019,0.4837770666091944,5.381775,31.064128875732425,22.695941925048828,0.0,29.645190438317258,0.7452001179742131,1,1
2016-10-28,99975.11151630024,298.7907823628425,0.0021619089934205,0.0609705861134373,0.3564498752681577,0.4729662329005083,0.73088014,31.61688041687012,22.83619880676269,0.386428,30.176958289381023,0.7481923960317701,1,1
2016-10-29,99937.71380103858,298.65739850428184,0.0044113499567829,-0.1718200606098397,0.1665700587935137,0.4769358727232396,5.0564446,31.932024002075195,23.44967269897461,0.3065487,30.708726140444792,0.7511846740893271,1,1
2016-10-30,99942.69767719223,298.59865585567434,0.0162043193553134,-0.1420738070268215,-0.206536634995224,0.4796017277540245,0.16786183,31.159454345703125,23.668716430664062,15.683277,31.24049399150856,0.7541769521468841,1,1
2016-10-31,100055.84826127504,297.6786175599564,0.018724968958182,0.0664368063258013,-0.69051047621875,0.4651133802908948,20.160587,29.757471084594727,22.789167404174805,12.332287,31.77226184257233,0.757169230204441,0,0
2016-11-01,100021.0783436378,297.55621695263426,0.0089975276600647,-0.3755122089718437,0.0717445279073365,0.4636929287677173,0.9960752,29.89967536926269,22.66920661926269,5.0758777,31.47224818120232,0.7568167638947542,1,1
2016-11-02,99939.56585176112,298.0770390642737,0.0092542238638233,-0.1302437835594312,-0.0690854814623193,0.4704317308873681,16.262913,31.1609115600586,22.888368606567383,9.274749,31.172234519832312,0.7564642975850672,1,1
2016-11-03,99974.48032976096,298.1398635042991,0.0100601574132642,-0.1530983050520968,0.1477691215854923,0.4689783978338984,4.4061255,29.87364959716797,22.28604316711425,4.598569,30.872220858462303,0.7561118312753803,1,1
2016-11-04,99966.44475642638,297.3919544435491,0.0131741425393937,-0.4414801106370975,0.2514683129280458,0.4798099604030116,3.2633774,29.392379760742188,23.218265533447266,5.4057374,30.572207197092297,0.7557593649656933,1,1
2016-11-05,99846.47125673344,298.9458609573084,0.0012065557863064,0.4139345324745916,-0.2177212598991876,0.4696796725383529,5.709432,30.83370590209961,22.74648666381836,0.22568995,30.272193535722288,0.7554068986560064,1,1
2016-11-06,100017.14586473498,298.6556490604545,8.529404676843118e-05,0.1619572518522141,-0.7752930352945484,0.4536798447137671,0.0,31.447250366210938,22.7120418548584,0.1335929,29.97217987435228,0.7550544323463195,1,1
2016-11-07,100028.59056317102,298.51522693136513,0.000114402403953,0.097746173727038,-0.5827599785794774,0.4393364445121978,0.0,32.248985290527344,21.94753074645996,0.004300861,29.67216621298227,0.7547019660366325,1,1
2016-11-08,100063.51896038528,298.5835217575512,0.0011610088312524,-0.4220579032471496,-0.3395329133895945,0.4315696970346614,0.0,31.0801010131836,22.129100799560547,0.0,29.37215255161226,0.7543494997269456,0,1
2016-11-09,100114.66781520464,298.58743923864535,0.0021229915263995,-0.5495659300506881,-0.1238448797244982,0.4341796709233316,2.6150708,28.65130424499512,21.843425750732425,0.0,29.533351502938174,0.7539970334172588,1,1
2016-11-10,100029.49196076236,298.7573895441225,0.0007107707131362,-0.1860952451834098,-0.0506487055199695,0.4301383482434024,1.7146704,31.007301330566406,22.0809268951416,0.0,29.69455045426409,0.7536445671075718,1,1
2016-11-11,99996.95257837622,298.7960495896631,0.0008316066610301,-0.1501148027616534,-0.2503032152978598,0.4229080155715732,0.0,31.438093185424805,22.20726203918457,0.0,29.855749405590004,0.7532921007978849,1,1
2016-11-12,100048.43710351728,299.23595033080005,0.0012269104424521,-0.2393696885052203,-0.0129765935751778,0.4170724364596071,0.42857143,31.23708152770996,22.727615356445312,0.53332883,30.01694835691592,0.752939634488198,1,1
2016-11-13,100110.70751395528,298.80839233957875,0.010396427461458,-0.2672132369861219,-0.0682600798379315,0.4380335916133293,0.02623601,30.83535957336425,23.03032112121582,4.598232,30.178147308241833,0.752587168178511,1,1
2016-11-14,100103.37948785584,298.18375025576216,0.0115024102693897,-0.1454221615640571,0.2751182712232111,0.4660319669814992,2.1269424,29.925670623779297,23.530441284179688,14.538072,30.339346259567748,0.7522347018688241,1,1
2016-11-15,100010.52426216062,298.4657687663975,0.0018310873929808,-0.0852680089941161,0.2350234143907942,0.4730197902137892,7.5159373,30.471832275390625,22.536392211914062,4.371664,30.500545210893662,0.7518822355591371,1,1
2016-11-16,99921.73609281796,299.50941024369416,0.0012711477129014,-0.0035343180483444,0.1337376803299428,0.4586744660410632,0.0,31.75010681152344,22.76581573486328,2.1202288,30.661744162219577,0.7515297692494503,0,0
2016-11-17,99891.80063204803,299.51607018259955,0.0007089195787111,-0.214439370523552,0.0714814960705802,0.4471257996539081,0.3389261,31.01203727722168,23.18466567993164,1.6806945,30.48343360684339,0.7509759235033469,1,1
2016-11-18,99825.30593247342,299.4895711381327,0.0018988096924667,-0.4493547368184322,0.2553834129030393,0.4388621322580479,0.0,30.856386184692383,22.86247634887696,2.4771693,30.305123051467206,0.7504220777572433,1,1
2016-11-19,99826.25454960269,299.1866207324566,0.0012221472801991,-0.2205627006698591,0.6298747798086489,0.4340094176461052,0.0,30.38343620300293,22.872318267822266,1.029803,30.12681249609102,0.74986823201114,1,1
2016-11-20,99872.74361700952,298.32984092479467,0.0001801915125557,-0.3319706692691605,0.2403555683310695,0.4281124820473074,0.0,29.142269134521484,22.30395126342773,2.7801049,29.948501940714834,0.7493143862650365,1,1
2016-11-21,99875.03685663562,298.76035378698344,0.0013488455411813,-0.3526279725969977,0.1707017391629912,0.4236213980077595,0.0,30.45667266845703,22.759004592895508,0.12513407,29.77019138533865,0.748760540518933,1,1
2016-11-22,99844.6933005042,299.1830949486413,0.0006603516732339,-0.1831683938298923,-0.0096330392502551,0.4154789312798068,0.0,31.93988800048828,22.15203094482422,0.7136889,29.591880829962463,0.7482066947728296,1,1
2016-11-23,99824.2543017936,299.4883965073705,0.000956184681844,-0.1072794802702738,0.2750459155407014,0.4080589500552891,0.41660854,31.755937576293945,22.89663314819336,0.0,29.413570274586277,0.7476528490267262,1,1
2016-11-24,99845.11080245524,299.09156938188994,0.0002404818632766,0.0188598110062784,0.1694248193501709,0.3994465627439865,3.3114495,31.55209922790528,22.62654685974121,0.3085845,29.23525971921009,0.7470990032806228,0,1
2016-11-25,99858.40889437254,298.94161283197514,0.0005432275112811,-0.0396404172354183,0.2204539228738078,0.3905102219313924,0.0,32.152584075927734,22.08913230895996,0.0,29.237136946389434,0.7465451575345193,1,1
2016-11-26,99975.83183145324,299.15978441721035,0.0001234610996227,-0.1618738354420287,0.1025704737967174,0.3796876052606993,0.0,31.783031463623047,21.871809005737305,0.04590963,29.239014173568776,0.7459913117884159,1,1
2016-11-27,99964.08655731611,299.51524047448044,1.4633209410442627e-05,0.001017231510757,-0.175532767887026,0.3686368928274894,0.0,32.770164489746094,21.86969375610352,0.045940783,29.24089140074812,0.7454374660423125,1,1
2016-11-28,100041.88210088544,298.7081828547837,5.505686861287453e-05,-0.0730179689125109,-0.0758938432270008,0.3594163946699016,0.0,31.28159523010254,21.048015594482425,4.5386753,29.24276862792746,0.744883620296209,1,1
2016-11-29,100095.05151370124,298.8025420097538,0.0006769655388228,0.1934846029042021,-0.5929137329769215,0.3533660710065723,0.0,31.37676429748535,21.371902465820312,3.153264,29.244645855106803,0.7443297745501056,1,1
2016-11-30,100071.46348250246,298.6063461381665,0.000379418780224,-0.1684539903598789,-0.4405850876923837,0.3549748449489494,0.0,30.76152229309082,22.04487419128418,8.185782,29.246523082286146,0.7437759288040022,1,1
2016-12-01,100039.88993815456,296.0335565879521,0.0113372854235425,-1.1749470340817258,-0.1441318713525321,0.396743965745044,0.0,28.39012908935547,22.402511596679688,35.095352,29.248400309465488,0.7432220830578987,1,1
2016-12-02,99989.0110238047,297.1300522959824,0.0109716549778237,-0.3318304093300487,0.2474333429754977,0.46236648552692,5.082877,29.75770568847656,20.567440032958984,0.1347406,29.25027753664483,0.7426682373117953,0,0
2016-12-03,100115.19535845796,298.0111251624248,0.006073983232281,-0.5998863766350733,0.6566241208657807,0.4663096910658499,2.228091,29.385461807250977,21.95697784423828,1.4219352,29.22280765538911,0.7425259963263253,1,1
2016-12-04,100160.52570088523,298.9717693975416,0.0003556532417872,-0.2060831475535871,0.0798752043507738,0.4489397858753703,3.5220888,31.249008178710938,21.909473419189453,0.0,29.195337774133392,0.7423837553408552,1,1
2016-12-05,100059.6262383409,299.236779724123,0.0010880162563944,-0.0133241601740601,-0.1525546922493416,0.4324164911594109,0.0,31.77576065063477,22.506738662719727,1.0370466,29.167867892877673,0.7422415143553852,1,1
2016-12-06,99986.7837751636,298.4909783189208,0.0024588690787432,-0.188300341965989,0.1936653376571375,0.4284074830097538,0.39204672,30.748931884765625,23.191547393798828,0.0,29.140398011621954,0.7420992733699152,1,1
2016-12-07,100031.07241875948,298.2199542321528,0.0002841360132598,-0.1139262555697056,0.4529108643058919,0.4240479266963078,1.0210243,30.89661407470703,21.37004852294922,0.0,29.11292813036624,0.7419570323844451,1,1
2016-12-08,100058.97929943413,298.65112321470525,0.001216475216118,0.0525974263966062,0.5045661676645078,0.4110275772503756,0.0,31.51293563842773,21.561782836914062,0.08393831,29.08545824911052,0.7418147913989751,1,1
2016-12-09,99958.81020668051,298.5521963919452,0.0010302971968122,0.4286882281518353,-0.7412407863797843,0.4104636160567025,0.0,31.71721076965332,22.419057846069336,0.02642638,29.0579883678548,0.7416725504135051,1,1
2016-12-10,99860.71791048966,298.6917770994242,0.0005271051308531,0.548285531200946,-0.957219719987088,0.3998045579130967,0.0,31.000694274902344,22.139766693115234,0.09671369,29.03051848659908,0.741530309428035,0,1
2016-12-11,99818.48773356974,298.15851724622115,0.0002876024790296,0.3359669560293608,-0.5510747401613159,0.3899775549889412,0.0,31.33477783203125,22.06299591064453,5.3256774,29.098648194742555,0.741388068442565,1,1
2016-12-12,99816.81488875709,298.11300838359034,0.0004873762514682,0.6283872683241126,-0.533824291219504,0.3796764125702459,0.0,32.011314392089844,20.821088790893555,0.10775445,29.166777902886025,0.741245827457095,1,1
2016-12-13,99803.85569918544,297.0554435054533,0.0054131336248399,-0.2761924259507007,0.4377055176749713,0.4028351401205116,1.4705125,30.64619827270508,22.258100509643555,0.587126,29.2349076110295,0.741103586471625,1,1
2016-12-14,99942.84191426446,297.5000439790712,0.0015424025044712,-0.5055980844442655,0.2701539120460333,0.415975241667377,6.1452856,31.167367935180664,21.6002197265625,0.14338243,29.303037319172972,0.7409613454861549,1,1
2016-12-15,99997.32134652462,298.6914422988664,0.0005038556438245,-0.20086166948664,0.498637988685143,0.4030151035883405,3.134893,31.212873458862305,22.260059356689453,0.0,29.371167027316446,0.7408191045006849,1,1
2016-12-16,100139.4451134076,299.0319567663278,0.0006656265003333,0.3100955526420941,-0.1586908423881975,0.3902039816207876,0.0,31.97825050354004,21.823543548583984,0.0,29.43929673545992,0.7406768635152149,1,1
2016-12-17,100119.79488290174,299.2131791133723,0.0005497782804499,0.041181789551923,-0.1607762224213666,0.3796956143366028,0.0,32.2698974609375,22.381610870361328,0.0,29.50742644360339,0.7405346225297448,1,1
2016-12-18,100113.06981641238,298.8145214470122,0.0007404201207253,0.1007171740453394,-0.0699059358940257,0.3723644164193493,0.0,31.8912296295166,21.72016334533692,0.0,29.575556151746863,0.7403923815442748,0,0
2016-12-19,100034.35743062054,299.4153689719089,0.0002042038041763,0.0067163798109472,0.0587395768939968,0.362221839350854,0.0,31.884653091430664,21.742563247680664,0.0,29.643061417110385,0.7377106628463345,1,1
2016-12-20,99990.8595558971,299.85217408048294,0.0005494658047655,-0.2547073446797241,0.1865215420737291,0.3530017544636004,0.020852853,30.192989349365234,22.462276458740234,0.0,29.710566682473907,0.7350289441483941,1,1
2016-12-21,100105.91860048112,299.80068170034133,0.0010624521551882,-0.1842062911501239,-0.0340483010080316,0.3495444452437318,0.47919795,31.72442054748535,22.83137321472168,0.047272515,29.77807194783743,0.7323472254504538,1,1
2016-12-22,100104.69001782675,299.71000168836235,0.0001318602092559,0.2420056502769481,-0.235732852703305,0.3425134675321362,0.0,32.71662521362305,22.304553985595703,0.0,29.84557721320095,0.7296655067525135,1,1
2016-12-23,99971.03581756324,299.0758405764067,5.011759497394189e-05,0.2188938868735068,-0.4717221196733253,0.3329017879670881,0.0,32.08566665649414,22.01127815246582,0.0,29.913082478564473,0.7269837880545732,1,1
2016-12-24,99853.04703259526,298.96984188200435,0.0008833507101079,0.2721322515088502,0.4572032537866146,0.3243514958705047,0.0,31.60591506958008,21.380495071411133,0.0,29.980587743927995,0.7243020693566329,1,1
2016-12-25,100016.78239759886,298.1855200471636,0.0017571238261047,0.1712782582292076,-0.3342139079946497,0.338427841699185,0.0,31.71524238586425,21.542524337768555,0.0,30.048093009291517,0.7216203506586926,1,1
2016-12-26,99975.26235670276,299.2575505957435,2.3778765759569542e-05,0.5007583112839338,-0.8444566044444605,0.3299758210464773,0.0,32.626033782958984,21.13847923278809,0.0,30.11559827465504,0.7189386319607523,0,1
2016-12-27,99865.49136090244,299.97076663106566,0.00076597427468,0.0876542153388838,-0.0118948763731451,0.323008224559756,0.0,32.829715728759766,22.101390838623047,0.017714007,30.12017403169714,0.7162569132628119,1,1
2016-12-28,99871.479038947,300.1644708154466,0.0003406315471315,-0.4146568895833597,-0.2172037638900286,0.319248381164272,0.26109293,30.528966903686523,23.224538803100582,0.0,30.12474978873924,0.7135751945648716,1,1
2016-12-29,99923.16932348248,300.1930998306834,2.692873044603791e-05,-0.3099756255747679,-0.3913915537629997,0.3118681172250426,0.68368477,31.951950073242188,21.77596473693848,0.0,30.12932554578134,0.7108934758669313,1,1
2016-12-30,100031.94756044852,299.0366343312401,2.97928586890354e-06,-0.2181059275270727,-0.1911049306442823,0.3037441392144928,0.0,31.519222259521484,21.56204414367676,0.26557663,30.13390130282344,0.708211757168991,1,1
2016-12-31,100100.38334755154,298.6458490484247,1.786501825989391e-06,-0.182584842959583,-0.1093337792546357,0.2916242223863857,0.0,31.73519897460937,20.6754093170166,0.0,30.13847705986554,0.7055300384710507,1,1
2017-01-01,100071.05403258443,298.9347197673315,1.548340795626435e-05,0.1195406906305848,-0.1045985419756805,0.2909636893572179,0.0,32.472206115722656,19.856529235839844,2.0542414,30.14305281690764,0.7028483197731104,0,0
2017-01-02,100146.57058513691,299.0636866106725,0.0001191890908517,0.2174225594077721,-0.4467227334428226,0.2870604205208912,0.0,32.54908752441406,21.48716354370117,0.0,30.19455114607782,0.7015690462211456,1,1
2017-01-03,100094.03551299642,299.16327792879684,7.358008324099089e-05,0.132907074666221,-0.1433183197964268,0.2830011033283889,0.0,32.60453796386719,21.537765502929688,0.0,30.246049475248,0.7002897726691807,1,1
2017-01-04,100062.69159489476,298.9539292747405,0.000140180095009,0.1818464808000339,0.1206714952775872,0.2801217468817484,0.0,31.989578247070312,21.09134864807129,0.0628118,30.29754780441818,0.6990104991172159,1,1
2017-01-05,100012.21428820462,298.92768824325475,0.0004922607498146,0.1674062062203991,0.5803541313471278,0.2795788064170935,0.0,31.263446807861328,20.89431953430176,0.08323579,30.34904613358836,0.697731225565251,1,1
2017-01-06,100005.92602448088,299.1469333952243,0.0004653829744043,0.3555084875189122,0.1928160603566014,0.2794073199778742,0.0,31.273780822753903,20.90022087097168,0.033951964,30.400544462758543,0.6964519520132862,1,1
2017-01-07,99851.14408916148,299.01714378716434,0.0002772085026382,0.315783294494772,-0.1135375147929686,0.2798021378203615,0.0,31.9013671875,21.034069061279297,0.16297507,30.452042791928722,0.6951726784613214,1,1
2017-01-08,99802.27637722436,299.17141553968435,9.731558022754936e-05,0.2126233226649104,0.0044945602248474,0.2775284723244488,0.0,31.36943244934082,21.07276153564453,0.037655484,30.503541121098902,0.6938934049093566,1,1
2017-01-09,99890.08034131206,298.7132916707864,0.0004878179914736,0.295226684627173,0.0812373956044515,0.2772304719708719,0.0,31.57622718811035,20.72954559326172,0.0,30.55503945026908,0.6926141313573917,0,1
2017-01-10,99999.418527641,298.91606362786825,0.0004388880134452,0.318821636540541,-0.3103515611186109,0.2769708776720471,0.0,31.86147689819336,20.97559928894043,0.0,30.72708875410459,0.6913348578054269,1,1
2017-01-11,100004.43138407049,298.9311238364656,0.0011937395436204,0.2258602697583601,-0.0846478902515503,0.2794727292652958,0.0,32.03657913208008,20.57790946960449,0.0,30.899138057940096,0.6900555842534621,1,1
2017-01-12,99953.13551122382,298.6363486115614,0.0004498016816329,0.0637070822563863,0.0198963189127927,0.2840701435775565,0.0,31.69169235229492,20.74726867675781,0.0,31.071187361775603,0.6887763107014973,1,1
2017-01-13,99887.60835054264,298.96365546308925,0.0029515829813533,0.2454324945662367,0.4706130875519713,0.2868868124744385,0.0,31.2979679107666,21.01793098449707,1.0133506,31.243236665611107,0.6874970371495325,1,1
2017-01-14,100014.77465447604,298.82951314719577,0.0012938173882364,0.2054732105224404,-0.2731927813697226,0.313770909796026,0.0,31.66696548461914,21.954240798950195,0.0,31.415285969446614,0.6862177635975676,1,1
2017-01-15,100120.9529865392,299.3315802655665,0.0005660699815781,0.273837578498711,0.1255161588130941,0.3077106937821602,0.0,31.921030044555664,21.45666885375977,0.0,31.58733527328212,0.6849384900456028,1,1
2017-01-16,100141.47665259636,298.8141234448673,0.000489376561014,-0.0146673119459348,0.2057309777192992,0.3035036336488629,0.0,31.69218635559082,21.448335647583008,0.0,31.75938457711763,0.6836592164936379,1,1
2017-01-17,100106.26454266964,298.8228056550327,0.0001030516245121,-0.0295229764895479,0.2590236786481122,0.2981893116643415,0.0,31.88982391357422,20.99332427978516,0.0,31.931433880953136,0.6823799429416731,0,0
2017-01-18,100110.86005180862,298.6836058495924,5.4890055968629245e-05,-0.4695759790134854,-0.2882193670721062,0.2912813356997718,0.0,31.78105926513672,20.08925437927246,0.0,31.874482818284456,0.6824702601434934,1,1
2017-01-19,100139.4213176938,298.43849918357694,5.67168830059042e-07,-0.1516850516692651,-0.138978020791495,0.2844392073987009,0.0,31.64371681213379,19.70419883728028,0.0,31.817531755615775,0.6825605773453136,1,1
2017-01-20,100092.863011137,299.4448803024577,4.043161573279133e-06,0.3333569171408905,-0.1387906351804819,0.2791418144802934,0.0,32.159690856933594,21.26217269897461,1.7150677,31.760580692947094,0.6826508945471339,1,1
2017-01-21,100148.12272880842,300.17883968983784,0.0024095118352105,-0.5613352744277533,-0.1878001169453934,0.2805006741646291,0.42383483,30.0816707611084,22.61981201171875,1.2284839,31.703629630278414,0.6827412117489542,1,1
2017-01-22,100236.74755272428,298.4363055377643,0.0027177665627331,-0.8617077197058723,-0.3999081578932785,0.3116339728126935,2.6320493,30.609819412231445,22.441850662231445,0.0,31.646678567609733,0.6828315289507744,1,1
2017-01-23,100158.46503826426,299.6665777056704,3.627437762385076e-05,-0.3066491812148739,-0.1395377291411015,0.3084037261221871,0.22073083,31.982585906982425,20.775793075561523,0.09186878,31.589727504941052,0.6829218461525947,1,1
2017-01-24,100071.76645406272,299.803268008227,8.769069417615214e-07,-0.298815858981718,-0.1994244819908908,0.2984808479196278,0.0,31.56365203857422,21.16668510437012,0.0,31.53277644227237,0.6830121633544148,1,1
2017-01-25,100129.81061824776,298.7117144933959,0.0002316426642956,-1.1733614651969684,-0.7956268310776151,0.2933563412862237,0.0,30.029560089111328,21.71747779846192,0.0,31.47582537960369,0.6831024805562351,0,1
2017-01-26,100091.8472783148,300.115929614238,0.0014983960094161,-0.6207950698855063,-0.7468351595303465,0.2951884229017832,0.0,30.08971405029297,22.812124252319336,0.0,31.574887269963433,0.6831927977580554,1,1
2017-01-27,100032.37905140202,299.1821491520255,0.0455856834223585,-0.0539200691122722,-0.1970721881597972,0.3784172699161698,0.08551972,29.78133010864257,23.26172637939453,14.66167,31.673949160323176,0.6832831149598756,1,1
2017-01-28,100046.1354370924,297.74796007447327,0.0224586181178705,-0.4435965738297656,0.0212526272689942,0.4594563061062683,5.400789,30.04025077819824,22.71072006225586,3.3114214,31.773011050682918,0.6833734321616959,1,1
2017-01-29,100052.07959207417,299.6616485298561,0.0037915044647769,-0.0484572836005468,-0.0671941631042924,0.4541050194117697,2.1535203,31.312088012695312,22.666725158691406,0.11303036,31.87207294104266,0.6834637493635161,1,1
2017-01-30,100068.27373590387,299.2858994324945,0.0012135556339093,-0.1825057044741712,0.2198686547571112,0.4514330044175616,0.95161015,31.1612491607666,23.104597091674805,0.0,31.971134831402402,0.6835540665653363,1,1
2017-01-31,100050.42823597995,299.18807850257764,0.0001548036935248,0.0133473444105355,-0.0332020988027584,0.4299442051895423,0.011055457,31.93061256408692,21.62513732910156,0.0,32.070196721762144,0.6836443837671566,1,1
2017-02-01,100104.63195596814,299.05324163710884,6.441370195345734e-05,-0.078882566136313,0.225895933483581,0.4102198576351127,0.0,31.856517791748047,21.90142059326172,0.0,32.16925861212189,0.6837347009689768,1,1
2017-02-02,100224.95020341236,298.462639472192,0.0006024172568212,-0.1343380641816886,0.0328669866155383,0.3970248388232398,0.0,31.953975677490234,20.98969459533692,0.0,32.26832050248163,0.6838250181707971,0,0
2017-02-03,100118.20903138947,298.86176681908336,1.3174848094749816e-05,-0.4856628936734791,-0.3488217158764082,0.3802168115083237,0.0,31.85271644592285,20.531957626342773,0.0,32.40796908758806,0.6828013407786948,1,1
2017-02-04,100057.29780877408,298.77445421013675,2.152759481633257e-05,-0.4416812217526461,0.3016262129817907,0.3641894393592574,0.0,31.3109130859375,20.999378204345703,0.0,32.547617672694486,0.6817776633865926,1,1
2017-02-05,100110.74686746362,298.503045500636,0.0002787949112138,0.1022264731447633,-0.1181925341606942,0.3508975522737976,0.0,32.188926696777344,20.37648200988769,0.0,32.687266257800914,0.6807539859944903,1,1
2017-02-06,100142.67267271975,298.97977597525187,0.0003559918580792,0.2856915324535891,0.5130187524942729,0.3438275689502105,0.0,31.52294921875,20.750865936279297,0.0,32.82691484290734,0.6797303086023881,1,1
2017-02-07,100100.79976923588,299.1542922296351,0.0010575218397878,0.4382679965980697,0.2646537709227547,0.3409741703514468,0.0,31.8751277923584,21.343793869018555,0.0,32.96656342801377,0.6787066312102858,1,1
2017-02-08,100119.66533940328,299.35278681147366,0.000638134649505,0.2784270318544087,0.0806654952927727,0.337648989675939,0.0,32.87691879272461,20.85629653930664,0.0,33.1062120131202,0.6776829538181837,1,1
2017-02-09,100026.34146043696,299.43336256049923,1.8541128942346344e-05,-0.1049403417481584,0.1985092337909033,0.3271991296633603,0.0,32.548004150390625,20.89071273803711,0.0,33.24586059822663,0.6766592764260814,1,1
2017-02-10,99980.63530285764,299.27069335815537,0.0002306268032904,0.1809545295257697,0.2680879594729717,0.3176144791245533,0.0,32.28776931762695,21.169130325317383,0.0,33.385509183333056,0.6756355990339791,0,1
2017-02-11,100029.07988149778,299.62174990062806,0.0001780403249273,0.1331083080289685,0.1693292622211418,0.3106467670826316,0.0,32.40193557739258,21.31479263305664,0.0,33.21416335622707,0.6746119216418769,1,1
2017-02-12,100133.862600274,299.51290446901737,0.0001242183352638,0.1421772976279302,0.0760474545348936,0.3036810913572003,0.0,32.036094665527344,21.034832000732425,0.0,33.04281752912108,0.6735882442497746,1,1
2017-02-13,100198.7220874396,299.501732160988,5.525852826057674e-06,-0.3010307887036407,-0.0672680212193519,0.2964525485299559,0.0,32.01771926879883,20.49575424194336,0.0,32.87147170201509,0.6725645668576724,1,1
2017-02-14,100287.2347497657,300.3413028535913,1.3338016425457376e-05,-0.5918413418562227,-0.3345258460335468,0.2904359640045111,0.3669223,30.98464012145996,22.8048095703125,0.0,32.700125874909105,0.6715408894655701,1,1
2017-02-15,100242.0896088538,301.05632886922143,6.247874721481703e-07,-0.4472964155027708,-0.4116971790539786,0.2849644915331641,0.0,32.54505157470703,22.945117950439453,0.0,32.52878004780312,0.6705172120734679,1,1
2017-02-16,100050.72814931138,300.12075130216414,2.602156997426544e-06,-0.878459148502132,-0.4433220579498358,0.2797046165681828,0.0,32.75654220581055,21.70503234863281,0.0,32.35743422069713,0.6694935346813656,1,1
2017-02-17,100047.05910732868,299.19636451156265,2.5749205860847724e-06,-0.5777892901757287,-0.1339042655463574,0.2752587649380592,0.0,32.422935485839844,20.30467796325684,0.0,32.18608839359114,0.6684698572892634,1,1
2017-02-18,100182.99702453068,299.03920042017563,8.52346317969932e-07,-0.0966587493104106,-0.1173200291328553,0.2718213284613207,0.0,32.436954498291016,20.007164001464844,0.0,32.014742566485154,0.6674461798971612,0,0
2017-02-19,100137.20587056222,299.66022460732063,1.7919594104598966e-06,0.1420752988840069,-0.1505261079696726,0.2690487732206891,0.0,33.23642349243164,20.065967559814453,0.25775647,32.29631628214465,0.6687826907881691,1,1
2017-02-20,100019.59188303884,299.8913975300762,0.0001297174992219,0.9302469808216464,-0.3753466274692743,0.2674034199816115,0.0,33.24688720703125,20.897602081298828,7.8023877,32.57788999780415,0.670119201679177,1,1
2017-02-21,99932.25873171775,300.3993462318268,0.000567195315053,0.7969850372101686,-0.3986255495805326,0.2690928960479872,0.0,33.26972961425781,22.45841217041016,0.16675259,32.85946371346365,0.6714557125701849,1,1
2017-02-22,99941.23952029522,300.9868012772312,0.0004173198300408,0.6674349496306989,-0.366223008432903,0.2705140860697759,0.0,33.707237243652344,22.466739654541016,0.066325516,33.141037429123145,0.6727922234611928,1,1
2017-02-23,100005.14307638435,301.0159960227569,0.0003563777369285,0.3772843527470031,0.2681491475994305,0.2692704603697535,0.0,33.39753341674805,22.65533447265625,0.0,33.42261114478264,0.6741287343522008,1,1
2017-02-24,100089.02484687726,300.4745928042926,0.0011128767884211,0.4265321416771174,0.2602724707718437,0.2739469009116946,0.0,32.916683197021484,21.88079071044922,0.0,33.70418486044214,0.6754652452432086,1,1
2017-02-25,100033.53143447748,300.6901400412831,6.922710516926266e-05,0.3709025363650427,0.0709893201059239,0.2729901788268816,0.0,33.58869171142578,21.68111801147461,1.5897118,33.98575857610164,0.6768017561342166,1,1
2017-02-26,99900.72091953242,300.59576550004635,0.0001514547676767,0.4309491557504055,-0.1752401399904754,0.2706293307154321,0.0,33.21925735473633,22.615219116210938,0.19776596,34.267332291761136,0.6781382670252245,0,1
2017-02-27,99860.3762017154,301.19465938728155,0.0001819086459533,0.4062956234399681,0.0838145064482223,0.2684490616783841,0.0,32.69221878051758,23.30146217346192,0.008193066,33.965486336373374,0.6794747779162325,1,1
2017-02-28,99869.60581733788,301.4972341674813,5.003049116913476e-05,0.1322926682826346,0.0001381250911785,0.2671883037735428,0.0,33.090911865234375,22.95269203186035,0.015827226,33.66364038098561,0.6808112888072404,1,1
2017-03-01,99878.5490377825,300.871321934607,3.250213173082716e-05,0.0323819558140979,0.3030856432486561,0.2650956393348611,0.0,32.96834182739258,22.605079650878903,2.969306,33.36179442559785,0.6821477996982482,1,1
2017-03-02,99713.95555901072,301.3113090981944,0.0001028291872569,0.0945887345221054,0.2472746826762949,0.2638218666816763,0.0,32.94664764404297,22.990966796875,6.1746755,33.05994847021009,0.6834843105892562,1,1
2017-03-03,99650.79486388464,301.08649942430395,0.0040756005990133,0.2629143214738775,0.0335952539056493,0.2741533679047346,0.0,32.39955520629883,23.619184494018555,2.3564565,32.758102514822326,0.6848208214802641,1,1
2017-03-04,99757.93996588196,298.94268942859435,0.036907832552348,0.0988006566576494,0.4274062409482906,0.3832881528320385,1.3824861,32.54414749145508,24.103275299072266,16.971363,32.456256559434564,0.686157332371272,1,1
2017-03-05,99747.14152402677,299.61697507102355,0.0075424436391461,-0.088584038282418,0.2747026540465274,0.4338183237363089,19.899796,33.10721969604492,23.21622467041016,8.692616,32.1544106040468,0.6874938432622799,1,1
2017-03-06,99745.45436111047,298.5949790407538,0.0068573700102758,-0.5809366416724805,0.3389208282124955,0.4603317347637863,8.553557,31.987266540527344,24.205707550048828,9.958048,31.85256464865904,0.6888303541532879,0,0
2017-03-07,99725.1373130339,299.3897338126167,0.0105301382908785,-0.200005167335082,0.3944975981590252,0.4659339170184242,11.365127,33.16645812988281,23.79975128173828,4.8042836,31.707455725845847,0.6892343510248178,1,1
2017-03-08,99725.3113795768,299.0656428162275,0.0088174525813595,-0.2862914599310767,-0.046527803624847,0.4677966588218993,13.09225,33.69859313964844,23.95416259765625,3.880414,31.562346803032653,0.6896383478963477,1,1
2017-03-09,99742.4644035984,298.73969854393147,0.015025856292424,-0.2412661355137038,0.2588172795208246,0.4701118528850093,6.358579,33.363502502441406,23.68934631347656,5.648052,31.41723788021946,0.6900423447678776,1,1
2017-03-10,99841.0162303772,298.5085740287166,0.008875014821014,-0.2890265687094642,-0.0132511215494263,0.4774007822461591,11.260541,33.35960006713867,23.404483795166016,5.2095366,31.272128957406267,0.6904463416394075,1,1
2017-03-11,99958.73401966224,299.5488562422857,1.366741299846863e-05,0.4524320013492436,-0.522679017905304,0.4519082716070469,6.1289225,33.73064422607422,23.66475296020508,1.6787533,31.127020034593073,0.6908503385109376,1,1
2017-03-12,99960.84158287413,299.6105925058685,4.811014701772201e-06,0.7109214558253455,-0.7476961788957488,0.4308482222953144,0.48778555,33.52925109863281,23.432409286499023,1.4905121,30.98191111177988,0.6912543353824675,1,1
2017-03-13,99967.5717923109,300.1195024725823,0.0009585407062467,0.4923531135869064,-0.5999270772142957,0.4170589703810818,0.97841984,33.43960952758789,23.53537940979004,1.758437,30.836802188966686,0.6916583322539974,1,1
2017-03-14,99935.38956080632,300.0463508675197,0.0085660239170979,-0.001299860300045,-0.38219975456479,0.4320490014339556,3.3449993,33.32062530517578,23.932781219482425,7.5228806,30.691693266153493,0.6920623291255273,0,1
2017-03-15,100012.04652071878,299.10955380654013,0.0250862928272776,0.2698001054520074,0.4451437192920997,0.4722415488676781,7.9498277,31.677059173583984,23.21080017089844,13.228531,30.917154497216607,0.6924663259970573,1,1
2017-03-16,100032.4191007361,298.1794548156185,0.0162876026795545,-0.2109269820693766,-0.0900330918671234,0.4670120378657737,9.6092825,31.990562438964844,22.5537109375,0.7537344,31.142615728279722,0.6928703228685872,1,1
2017-03-17,99998.7650932847,299.4826520481195,0.0035734279998106,-0.0307644916162537,-0.4380906912580907,0.4612311012313006,2.8534105,32.84126281738281,22.838356018066406,0.41576138,31.368076959342837,0.6932743197401171,1,1
2017-03-18,100075.6355453255,300.0825687437796,0.0027578520754839,0.2116594815543672,-0.2491871956836606,0.4592885570982383,2.179629,32.96586990356445,23.619829177856445,1.3855603,31.59353819040595,0.6936783166116471,1,1
2017-03-19,100082.15477864115,300.3576915450703,0.0008886069448532,0.4814872021771978,-0.3618954703245817,0.4485009155933753,1.5696875,33.097198486328125,23.88019752502441,0.5658047,31.818999421469066,0.6940823134831771,1,1
2017-03-20,100055.45660988073,299.7902600948363,0.0023799370556045,0.1965958654543773,-0.2110830825858856,0.4421226202488692,0.7175248,33.38243865966797,24.203044891357425,2.7543156,32.04446065253218,0.694486310354707,1,1
2017-03-21,100051.73191845056,300.24990594723806,0.0016258064656056,0.0458770728566953,-0.8610739346550181,0.4366887425384725,7.001867,33.39741516113281,23.91473197937012,0.43953705,32.269921883595295,0.6948903072262369,1,1
2017-03-22,99969.98957805078,300.6582424259197,0.0011346354988229,0.0156618781582153,-0.1261719401344999,0.4234130855706581,1.614703,33.417205810546875,23.504379272460938,0.022659287,32.49538311465841,0.6952943040977668,0,0
2017-03-23,99974.08181337528,300.67610766432267,0.0022494690193839,0.7348814695009548,0.0645382807566893,0.4161680600780437,0.52155405,33.20185470581055,24.047473907470703,0.0,32.43619750720121,0.6871153404553354,1,1
2017-03-24,99951.06116211288,301.0484606920205,0.0011926054357029,0.4021804306079797,0.3570517760398425,0.4105955697779673,0.28484327,33.47821044921875,23.33856201171875,0.0,32.377011899744005,0.6789363768129041,1,1
2017-03-25,99983.76375181715,301.09227376145265,0.001009484742124,0.4067284466197449,0.0160651181319941,0.3972401762828329,0.0,34.30325698852539,22.66050720214844,0.0,32.3178262922868,0.6707574131704728,1,1
2017-03-26,99958.48850663767,301.44098202966427,0.0015192699841916,0.7671620038455891,-0.5009541893853693,0.3870738111216944,0.0,34.63608932495117,23.056509017944336,0.0,32.2586406848296,0.6625784495280413,1,1
2017-03-27,100043.37726455912,301.13500434507733,0.0008550306124286,0.387612056353872,0.0978435406620104,0.3836170840340747,0.0,33.93477249145508,23.78344917297364,0.0,32.1994550773724,0.6543994858856099,1,1
2017-03-28,100047.86178629588,300.76560188460377,0.0005614447696914,0.2350994123405441,-0.0275203552881188,0.3711825813406261,0.0,34.46854019165039,23.15034484863281,0.035304233,32.1402694699152,0.6462205222431786,1,1
2017-03-29,100018.95545030812,301.12686267852325,0.0007886999486316,0.4706333562550829,-0.2480382478384749,0.3614155433114611,0.29902905,34.28693771362305,23.723527908325195,0.0,32.081083862457994,0.6380415586007473,1,1
2017-03-30,99986.73706210231,301.42879794758534,0.0018992350177132,0.8560243728628294,-0.5436938310532147,0.3587255421732608,0.0,34.746028900146484,24.62616729736328,0.9863674,32.02189825500079,0.6298625949583159,0,1
2017-03-31,100051.794085945,301.86999362437035,0.0023431383194009,0.2569680043690651,0.1348192836533574,0.359081791977367,0.0,34.220340728759766,24.353879928588867,2.7416537,32.01469736928164,0.6216836313158844,1,1
2017-04-01,99980.91457290915,301.52479982221337,0.0019027689465795,0.9269851736329414,-0.5163748180340341,0.3617016278374781,1.8081493,35.01481628417969,23.6499252319336,0.0,32.00749648356249,0.6135046676734531,1,1
2017-04-02,99929.34903281694,301.3206255147342,0.0035797751109085,1.175105171530905,-0.48835036668343,0.3683549173893672,0.0,35.15648651123047,24.90877342224121,0.019636469,32.00029559784334,0.6053257040310218,1,1
2017-04-03,99939.93709817606,301.2252470354204,0.0017466160054752,1.1315723352240803,-0.4616882240762218,0.3725662352961693,0.0,34.74813461303711,24.41722869873047,0.0,31.99309471212419,0.5971467403885904,1,1
2017-04-04,100016.32476138257,300.6086562952611,0.007142626617029,0.4277436808620397,-0.0670186156391997,0.3958370414171701,0.0,34.77731704711914,25.017332077026367,0.22199826,31.98589382640504,0.588967776746159,1,1
2017-04-05,99941.43650841169,300.665037168908,0.0083135309577429,0.3134532710195863,-0.4215671093163834,0.4323624122427954,0.7547449,34.814910888671875,24.91766166687012,0.3011234,31.97869294068589,0.5807888131037277,1,1
2017-04-06,99849.93955454943,300.7149512046432,0.0089466428418917,0.2859347043436929,-0.3129950239188626,0.4458677569523585,0.5640389,35.15273666381836,25.196334838867188,8.300376,31.97149205496674,0.5726098494612963,1,1
2017-04-07,99818.92155259,300.89592772588264,0.0021313795313059,0.3765142303000907,-0.4966362513004408,0.4425744069197213,7.037221,35.203670501708984,24.42430877685547,0.0,31.964291169247588,0.5644308858188649,0,0
2017-04-08,99797.60059879164,301.1122007508707,0.0110598143136615,0.1440323076363953,-0.3431266758473164,0.4342595191081564,0.0,35.21302795410156,24.98436546325684,4.805361,31.860756162857342,0.5734143149251546,1,1
2017-04-09,99839.38050104382,300.7942801316293,0.0050707471744654,0.0272324893720764,-0.07811999674929,0.4392960846803841,1.1793792,35.30475616455078,24.87013816833496,4.5437284,31.757221156467097,0.5823977440314444,1,1
2017-04-10,99795.81017428104,300.60604266521966,0.0046552138087572,0.2829690097057271,0.0131263113577845,0.4423095609351037,0.11064919,35.01239776611328,24.39496803283692,0.66751903,31.65368615007685,0.5913811731377341,1,1
2017-04-11,99775.66363044833,300.1831810120451,0.0116841084166979,0.2877561326410381,-0.3882572936931471,0.4615163477528395,0.54784334,34.88579559326172,25.29853057861328,4.3762302,31.550151143686605,0.6003646022440239,1,1
2017-04-12,99790.29441240498,301.0941522643893,0.0045805370967899,0.7589535548690134,-0.4893724114465835,0.4605542036300238,3.513352,35.21984100341797,25.426258087158203,2.4867423,31.44661613729636,0.6093480313503136,1,1
2017-04-13,99837.89902972954,300.3517840949801,0.0098824270615288,0.3015709657023654,-0.4324223544107834,0.4653365031674671,0.8473125,34.784080505371094,25.496479034423828,6.7670302,31.343081130906114,0.6183314604566034,1,1
2017-04-14,99813.50837661485,300.3441796411129,0.0038769632592954,0.6910909044440227,-0.4791375346475532,0.4708493390125157,5.4429016,34.14597702026367,23.8256778717041,2.506343,31.23954612451587,0.627314889562893,1,1
2017-04-15,99674.73708288016,300.85305516985505,0.0045789895167782,0.5193128426468477,-0.4610477191838154,0.4618775308927474,0.0,34.88392639160156,24.75283432006836,0.0,31.136011118125623,0.6362983186691828,0,1
2017-04-16,99821.04306794405,300.4452707859483,0.0062838209301953,0.4371017740815717,-0.1545527148295486,0.4744780972995844,0.0,34.738739013671875,25.61899375915528,0.50693804,31.281500922101188,0.6452817477754725,1,1
2017-04-17,99868.84613188983,300.9083573884411,0.0005180972938401,0.8318276690210142,-0.6575306411086976,0.4544178276827794,0.7288721,35.10099792480469,25.29227828979492,0.0,31.426990726076752,0.6542651768817622,1,1
2017-04-18,99836.53060201046,301.09240639910485,0.0002110435865471,0.6073599119630053,-0.0496908949177803,0.4309527106777465,0.0,34.922218322753906,24.864561080932617,0.0,31.572480530052317,0.663248605988052,1,1
2017-04-19,99846.40757192214,300.6957992185035,0.0036257640246368,0.4144240584650324,0.4563418591677361,0.4314477292086187,0.0,34.606990814208984,25.199249267578125,0.0,31.717970334027882,0.6722320350943417,1,1
2017-04-20,99896.21818987644,299.9319298209186,0.0077394294574285,0.0500966333572015,0.6100015920262338,0.4596528922125817,0.0,34.172943115234375,25.39762115478516,4.5886774,31.863460138003447,0.6812154642006315,1,1
2017-04-21,99950.00491245333,299.5473506800013,0.0099448964098169,-0.0113311508037476,0.0642427196868381,0.4644376710281163,4.7433634,33.95419692993164,25.21617126464844,2.406687,32.00894994197901,0.6901988933069212,1,1
2017-04-22,99905.40493007348,300.0654519614527,0.0055647096289352,0.0793504473079439,-0.4412638962533931,0.4638724308172116,10.632741,34.67894744873047,24.868288040161133,1.6752361,32.154439745954576,0.699182322413211,1,1
2017-04-23,99875.17463171422,301.6311058762527,0.0018366796759455,0.7759848923791501,-0.592483348321393,0.4535829339094469,0.9576327,34.910823822021484,25.173559188842773,2.971115,32.29992954993014,0.7081657515195007,0,0
2017-04-24,99918.9112737972,300.9075136997477,0.0031286458041609,0.5671889858472835,-0.6366922089881315,0.4544058685220193,1.9222814,34.98502349853516,25.54744529724121,1.1755733,32.246768788994125,0.7046003430180781,1,1
2017-04-25,99906.32738996622,300.81774308610125,0.0042999520870087,0.6127541181287137,-0.6225830985600164,0.4557170811747256,0.0,34.85486602783203,25.01387023925781,0.1404075,32.19360802805811,0.7010349345166553,1,1
2017-04-26,99904.80037807608,301.1326577502642,0.0035249781627107,0.7039564597891821,-0.600888539541368,0.4547825430516856,5.07882,34.89273834228516,25.574317932128903,5.5631804,32.14044726712209,0.6974695260152327,1,1
2017-04-27,99928.72034191775,301.3260604827676,0.0022261953744402,0.6020133457213644,-0.5887513372929344,0.4447615708650228,2.4681592,35.138187408447266,24.77858543395996,1.08272,32.087286506186075,0.6939041175138101,1,1
2017-04-28,99892.76998566445,301.38938635211537,0.0026289209663339,0.948162383794756,-0.6356791146945918,0.4404239121473871,2.3180344,35.2099494934082,24.762182235717773,0.0,32.03412574525006,0.6903387090123874,1,1
2017-04-29,99896.2118897042,301.162710239343,0.0033297841751184,0.5099282900377714,-0.8933952964689171,0.4402913276873209,0.0,35.01432037353516,24.97416305541992,1.7084918,31.980964984314042,0.6867733005109647,1,1
2017-04-30,99806.4368934489,302.1837121665671,0.0031385593495126,0.4894267505343566,-0.2381100849916706,0.4324164003660393,3.3249106,34.976158142089844,24.012916564941406,0.65073323,31.927804223378025,0.6832078920095421,1,1
2017-05-01,99937.68595445108,300.5788459456845,0.0058595948960624,0.0814477274202644,0.3269746431666421,0.4469713647142887,5.0243034,33.77214050292969,24.459503173828125,2.5243714,31.87464346244201,0.6796424835081194,0,1
2017-05-02,99991.2871338507,300.35478488538325,0.0044681916680867,0.0894283792665621,-0.1558577918937564,0.4485592646644096,7.835973,33.790897369384766,23.14753532409668,8.335931,31.82615753671532,0.6760770750066968,1,1
2017-05-03,99977.3449638065,300.3415355395778,0.006219865414791,-0.0261121709296044,-0.1552185198910779,0.4517361020394163,5.504722,33.680362701416016,23.14429473876953,7.471016,31.777671610988634,0.6725116665052742,1,1
2017-05-04,99935.9679367262,301.2190686469039,0.002348198451223,0.2533745883190084,-0.352934606660801,0.4482666551672735,4.0720115,34.29026412963867,24.209617614746094,0.8004381,31.729185685261946,0.6689462580038515,1,1
2017-05-05,99963.82185546642,300.7318162034232,0.0046854705703933,0.0010328002812298,0.0734532048946132,0.4477655584099403,0.16467962,34.18843460083008,25.115951538085938,10.65477,31.68069975953526,0.6653808495024288,1,1
2017-05-06,100062.19997109874,300.4539569779534,0.0071648460021951,-0.0726844108023026,0.0983051499691071,0.4566195306045418,5.7723017,33.890869140625,25.144126892089844,12.713604,31.63221383380857,0.6618154410010062,1,1
2017-05-07,100057.60438013934,299.5220721573021,0.0209020171092783,-0.207324705411643,0.2188460251677135,0.4640202783079499,6.7413397,33.726226806640625,25.11063003540039,18.966188,31.583727908081883,0.6582500324995836,1,1
2017-05-08,99928.25894448612,300.0613289668105,0.004189483662869,0.3764421183525019,0.5700747250134963,0.460230899324267,9.779939,33.13729476928711,23.575109481811523,6.6087313,31.535241982355195,0.6546846239981609,1,1
2017-05-09,99862.12178593666,300.4140540965691,0.0032545411369005,0.2070072007761049,-0.1882729719057436,0.4702688904533106,5.5266075,34.03580856323242,24.617259979248047,1.8538715,31.486756056628508,0.6511192154967382,0,0
2017-05-10,99817.74705129542,300.3298988858156,0.0104773210559709,0.0590590940872799,-0.2640157841564242,0.4720709458296224,0.07168664,34.28037643432617,24.90171432495117,20.46756,31.348520294350088,0.6467433022531872,1,1
2017-05-11,99834.01339724248,300.17452151008143,0.0049018567863847,0.0733330180143734,-0.4372800382832407,0.4804537608397382,15.990581,32.71451568603516,23.111278533935547,19.632698,31.210284532071668,0.6423673890096362,1,1
2017-05-12,99777.38567791684,300.37933380447026,0.0098806414796613,0.0291243737843592,-0.2413109112192853,0.4785535835076273,1.0916132,33.72127914428711,24.997838973999023,30.562681,31.07204876979325,0.6379914757660852,1,1
2017-05-13,99770.21406181916,300.38478306191297,0.0077227550811189,-0.0185045090299455,-0.0249277553043624,0.4712789390849185,38.816494,33.34429168701172,23.85004997253418,10.795345,30.93381300751483,0.6336155625225341,1,1
2017-05-14,99792.69636524822,299.87278503631654,0.0125439141793367,0.0714655549555734,0.1056300937334123,0.4805162851448485,1.0285649,34.34397888183594,24.62901306152344,0.6297914,30.79557724523641,0.6292396492789832,1,1
2017-05-15,99723.09440767416,299.97621028729105,0.0032830746663721,0.2488235655219556,-0.1165280579832801,0.4502827133864706,0.014596998,33.86591720581055,24.388574600219727,8.4274435,30.65734148295799,0.6248637360354322,1,1
2017-05-16,99654.39546296978,300.26811368277134,0.0094409750754568,0.2359522317289546,0.0988025219770905,0.4782429284839651,0.0,34.339115142822266,25.331090927124023,0.79645574,30.51910572067957,0.6204878227918812,1,1
2017-05-17,99683.929245705,300.8333127894988,0.003547826657603,0.7968747060679232,-0.3058437780056282,0.4822554317198776,0.54977167,34.30673599243164,25.73412132263184,2.8468556,30.38086995840115,0.6161119095483302,0,1
2017-05-18,99871.79491389256,299.6563297837582,0.0326401586574591,0.1407681366674801,-0.1197578689200558,0.4798890450981206,4.1912355,33.70343017578125,25.05889892578125,16.812796,30.42926793332314,0.6117359963047792,1,1
2017-05-19,99869.6366345818,299.9041577862037,0.0029752643985084,0.2934840191211648,-0.3734911652708416,0.4791813414892708,10.201113,32.7916145324707,23.13708877563477,3.334892,30.47766590824513,0.6073600830612281,1,1
2017-05-20,99779.52258220078,299.6578052574403,0.0118795385724657,0.5590020853935176,-0.1645090714829632,0.4802288521309143,0.0,33.13215255737305,25.07868766784668,13.815555,30.52606388316712,0.6029841698176771,1,1
2017-05-21,99659.16575560746,299.0452118908103,0.0232864831528249,0.3671276710657908,-0.3890396896241476,0.4782128554723744,4.804467,31.223949432373047,23.2860164642334,1.7196732,30.57446185808911,0.5986082565741262,1,1
2017-05-22,99739.97641570456,298.8087252754334,0.0170995770858549,0.2474005603205629,-0.586563003723804,0.4682240579575068,0.41573596,31.2154483795166,24.7346420288086,13.477711,30.6228598330111,0.5942323433305752,1,1
2017-05-23,99693.88489733593,299.73581637733184,0.0141929895910939,0.2630384543549916,-0.1672452748402163,0.4762317897293598,9.885969,32.559593200683594,23.62589263916016,0.28349188,30.671257807933088,0.5898564300870242,1,1
2017-05-24,99701.9534366102,299.0710934642303,0.0174667247125135,-0.1606169353383767,-0.1185252145299947,0.4676084910494903,1.841666,32.76799011230469,25.19391441345215,9.677448,30.719655782855078,0.5854805168434731,1,1
2017-05-25,99685.26980212607,298.974088233657,0.0239274269819902,-0.0484300581992482,0.0671299966371235,0.4667891945915163,6.0982523,32.95582580566406,24.31016731262207,10.294693,30.768053757777068,0.5811046035999221,0,0
2017-05-26,99699.24966033376,298.7661690859286,0.0136106854880324,-0.2845312038971436,-0.0371524692799755,0.4663720353891507,13.649775,32.94596862792969,23.881601333618164,5.8250012,30.229037130826292,0.571452762352853,1,1
2017-05-27,99656.43835077978,300.52929712101337,0.0009593609676086,0.7771511729025246,-0.5258605081970009,0.4536203476568444,0.4793046,33.16978454589844,24.74650382995605,3.9958017,29.690020503875516,0.561800921105784,1,1
2017-05-28,99731.300313688,299.2009673982389,0.0146147295282427,0.6819976731438034,-0.173193187521031,0.4697746342657736,3.2401586,32.18638610839844,24.076026916503903,6.953324,29.15100387692474,0.5521490798587148,1,1
2017-05-29,99737.24841817773,298.56525265807966,0.0311381074293944,1.0613854038327026,-0.1331119472869587,0.4805182932603674,15.541975,31.287107467651367,24.13098907470703,22.372736,28.611987249973964,0.5424972386116457,1,1
2017-05-30,99739.57329612794,297.97403478937696,0.0355731872715651,1.4570473357882834,0.0996953293113328,0.4803810768480527,23.594452,30.761276245117188,23.062631607055664,6.297896,28.07297062302319,0.5328453973645766,1,1
2017-05-31,99720.7653358699,298.0157642334696,0.0245988006749567,0.5285267085320591,0.0630830647008524,0.4834703876932362,20.010633,31.59695053100586,23.39523696899414,4.1562595,27.533953996072412,0.5231935561175075,1,1
2017-06-01,99676.1218796134,297.85847941303587,0.06873186479077,1.22147161156129,0.6932964338277852,0.4803868617156275,16.063477,30.67628669738769,23.362075805664062,0.16224514,26.994937369121637,0.5135417148704384,1,1
2017-06-02,99767.09577256085,297.8020873348908,0.0553776577785743,1.4215044972414808,0.9858456916828572,0.4776230534763203,21.345123,31.17597961425781,23.42105865478516,13.415572,26.45592074217086,0.5038898736233692,0,1
2017-06-03,99884.3793940617,297.89896364598366,0.0573431592865426,1.7172343380993729,-0.0380599264887064,0.4805974110858863,19.485703,30.98018455505371,23.364181518554688,0.9345478,26.390100558196544,0.49423803237630015,1,1
2017-06-04,99877.12683209652,298.1707894998985,0.0199794226606031,1.1885792968479223,-0.5556223259219788,0.4833482089330979,11.5148535,31.40365219116211,23.496776580810547,15.7468195,26.324280374222226,0.48458619112923107,1,1
2017-06-05,99876.93298103598,298.29325742958866,0.0185853314715983,0.8394160613172231,-0.4457969259995083,0.473509770858917,26.447872,31.452381134033203,23.8811264038086,91.32276,26.25846019024791,0.47493434988216193,1,1
2017-06-06,99933.41310818284,298.2352005609713,0.0171631437096241,1.12677598346353,-0.7377089465777881,0.4763508283227864,28.634521,31.179914474487305,23.552040100097656,22.347954,26.192640006273592,0.46528250863509285,1,1
2017-06-07,99982.8495320154,297.98714302348213,0.0272114212637816,1.116467484718247,-0.8740270782482855,0.4743029714447474,11.936331,29.396726608276367,23.69995307922364,26.916695,26.126819822299275,0.4556306673880237,1,1
2017-06-08,99858.84680811156,298.81427871712367,0.0039636160109425,0.9562535054953945,-0.9985295114845076,0.4768466678916985,8.595389,31.135177612304688,23.30365562438965,10.239282,26.060999638324958,0.44597882614095463,1,1
2017-06-09,99839.75061283144,298.09414813306165,0.0112637708918109,0.7686359964034382,-0.5629628142107994,0.495014188037152,2.7973385,30.826854705810547,23.98740768432617,0.27747717,25.99517945435064,0.43632698489388555,1,1
2017-06-10,99875.70255613096,296.80572143749123,0.0502231542604967,1.4557039687547246,-0.3769953871363702,0.4814109514504475,7.8941417,29.15888786315918,23.2136344909668,13.747327,25.929359270376324,0.4266751436468164,0,0
2017-06-11,99824.8190988696,297.4571222389443,0.0171579904034814,0.4563367027175414,0.1842437388017382,0.4828656523656724,38.300167,29.806825637817383,22.852622985839844,9.384563,26.383681549843715,0.42685752947920425,1,1
2017-06-12,99779.46389870656,298.2112906967624,0.0118985732022846,0.8581537766473227,-0.0934598164599107,0.4767591664676182,21.646261,29.92962074279785,23.1042594909668,17.75102,26.838003829311106,0.4270399153115921,1,1
2017-06-13,99759.7545292943,297.96365547959715,0.0134348379234897,0.904281796880576,0.1333995501372315,0.4874388976428986,14.475623,30.43923759460449,23.40944480895996,31.887903,27.292326108778497,0.4272223011439799,1,1
2017-06-14,99848.57265277526,298.7578663856368,0.0071451329470404,0.6540231559121534,0.1465649215601029,0.4813702230571569,13.435351,30.47861671447754,23.77801322937012,8.224665,27.746648388245887,0.4274046869763677,1,1
2017-06-15,99850.29841720338,298.8707754784212,0.0067860171741534,0.6375529290048071,-0.3979743380202083,0.4799776345523651,5.11564,30.63028144836425,23.783111572265625,23.044886,28.20097066771328,0.4275870728087555,1,1
2017-06-16,99850.00117007896,298.4874806255657,0.0116908760873974,0.4999059064268766,-0.0564729291840461,0.4694422648379772,1.7772354,30.56903839111328,23.938396453857425,33.774815,28.65529294718067,0.42776945864114335,1,1
2017-06-17,99788.46953662644,299.2709780063806,0.0031546224455418,0.8273478898309664,-0.64411489223256,0.4655395309030043,6.7851577,31.10521125793457,23.50634956359864,3.383957,29.10961522664806,0.4279518444735312,1,1
2017-06-18,99734.19929716612,299.75695850717614,0.0024874849554609,0.8886613670428912,-0.3162764336630363,0.4650061720050088,1.1278609,31.53696250915528,23.63525390625,0.21202074,29.56393750611545,0.428134230305919,0,1
2017-06-19,99762.15393085482,299.0049557587837,0.0065522085363333,0.7935420081139413,-0.2737855887180883,0.4784661256460233,4.541215,32.13203430175781,24.06951713562012,0.4575633,28.411206581838734,0.42831661613830685,1,1
2017-06-20,99820.09213577824,298.5463158510844,0.0076660086697572,0.701299909474056,-0.118945184228569,0.4913999853490681,1.4296377,31.04396247863769,24.06922721862793,18.208275,27.258475657562016,0.4284990019706947,1,1
2017-06-21,99874.65265870582,298.26474971292066,0.0087710640467421,0.3725471008223746,-0.2181593985178677,0.4733185510764917,7.490314,30.849613189697266,23.869199752807617,31.624195,26.1057447332853,0.4286813878030825,1,1
2017-06-22,99934.32272837409,298.2636530184089,0.0116374249980014,0.7759699442593265,-0.4355924681755109,0.4865414875891221,9.328877,31.09889030456543,23.28872871398925,2.4602242,24.95301380900858,0.42886377363547035,1,1
2017-06-23,99907.54078436788,297.75524906952216,0.0198690254530012,0.9979274622278296,-0.5980729255299111,0.4762294958210691,16.338339,30.84299087524414,23.353879928588867,10.6830635,23.800282884731864,0.4290461594678581,1,1
2017-06-24,99781.27294628404,296.8693730624511,0.0183965844740898,0.5204565508432408,-0.3758640583783247,0.4850960824477844,30.57607,28.91488265991211,23.06102561950684,31.397633,22.647551960455147,0.42922854530024596,1,1
2017-06-25,99733.76539151248,297.12961263779283,0.0275577796928499,1.118631811608545,0.2911544943216945,0.472362575056404,49.25757,28.54478454589844,22.385942459106445,7.6482224,21.49482103617843,0.4294109311326338,1,1
2017-06-26,99858.55848428438,297.4818831740814,0.0391578441207627,1.890934331412212,0.6475041634418283,0.4823359042237707,49.268074,27.949743270874023,22.284204483032227,33.03525,20.34209011190171,0.4295933169650216,0,0
2017-06-27,99952.79169055544,296.8257269322234,0.0433695224317625,1.3914344208446003,0.465698841286187,0.4824177707269054,71.581726,27.26366424560547,22.245576858520508,29.085482,20.89926884355004,0.43702839999177356,1,1
2017-06-28,99929.30266464571,297.3375979450006,0.011255621607148,0.2882266951977225,-0.3244230212006292,0.4824029206226531,41.23461,29.440807342529297,21.814014434814453,5.196606,21.456447575198368,0.4444634830185255,1,1
2017-06-29,99829.8818875888,298.42981347328106,0.0065082670829056,0.7315322547194507,-0.7321091153498724,0.4907840914932035,8.84733,31.088424682617188,23.07088661193848,1.8969852,22.013626306846696,0.45189856604527745,1,1
2017-06-30,99796.61580283324,298.2294891647227,0.0118378026124118,0.8219735195665696,-0.8815713523886987,0.4646057023897755,15.713359,30.905366897583008,23.2236385345459,3.5999982,22.570805038495024,0.4593336490720294,1,1
2017-07-01,99836.11808605723,297.5950991404374,0.0337922016028344,1.1805168891959017,-1.0819254434227672,0.4778556891366943,12.704457,31.00449562072754,23.23791885375977,31.518883,23.127983770143352,0.46676873209878134,1,1
2017-07-02,99862.56193236356,297.307738440443,0.025401572592414,0.7291182364275687,-0.8782487066767368,0.4791652004454254,28.971577,30.393043518066406,23.18975830078125,11.691341,23.68516250179168,0.4742038151255333,1,1
2017-07-03,99956.69826883492,297.02078825236083,0.0145922173667676,0.3510878162037826,-1.1413589690307373,0.4768230392606461,23.92744,29.93990898132324,23.40035057067871,3.6189954,24.24234123344001,0.4816388981522852,1,1
2017-07-04,99922.54957360646,298.8172325531384,0.0036444303052673,1.0435915955099753,-1.2619980326609082,0.4759805108194297,12.6291275,32.06060028076172,23.15865135192871,6.890697,24.799519965088336,0.4890739811790372,0,1
2017-07-05,99981.94335614682,298.5876036649828,0.0053211689436174,1.1410750554063345,-1.2366088271527955,0.4793570444322806,3.5714595,31.22961807250977,23.72743797302246,2.4043086,24.71374403352644,0.4965090642057891,1,1
2017-07-06,99956.26317068096,298.1649211003583,0.0077144625392952,1.2228296939993384,-1.3284560094760696,0.4946798385801703,16.681414,30.401456832885746,23.34343147277832,7.090129,24.62796810196454,0.5039441472325411,1,1
2017-07-07,99938.94289568684,297.89257228166696,0.0063339659137342,1.1712614064721596,-1.176651160466813,0.4960990032907262,13.214066,30.000164031982425,23.511127471923828,27.55218,24.542192170402643,0.511379230259293,1,1
2017-07-08,99914.79048426187,297.8128658408858,0.0059467944715,0.8802350929457202,-1.033327713066002,0.4938071251259442,14.025553,29.80624008178711,22.91446685791016,10.594751,24.456416238840745,0.518814313286045,1,1
2017-07-09,99936.03741247448,297.34327506285365,0.0076511921465203,0.5535690824864274,-0.3078086536683518,0.497106183103994,7.8254294,30.300369262695312,23.127853393554688,9.945218,24.370640307278848,0.5262493963127969,1,1
2017-07-10,99994.40961115232,297.62307843532625,0.0130701264265079,1.0943163718035454,-0.4574038779481928,0.4709872947259081,13.801019,30.79875564575196,22.665998458862305,5.7627444,24.28486437571695,0.5336844793395489,1,1
2017-07-11,99963.84611117058,297.81110922140147,0.0092018226192942,0.488858312035226,-1.0428333477212168,0.4950511580204818,13.035583,29.89167022705078,23.26491928100586,1.3589988,24.199088444155052,0.5411195623663008,1,1
2017-07-12,99885.2300609392,298.9859729349105,0.0015212405992049,0.8385531151147114,-1.1533551459731446,0.4862599700155533,1.3173991,29.84524917602539,22.976646423339844,17.563,24.113312512593154,0.5485546453930528,0,0
2017-07-13,99944.92557869462,297.69769029930285,0.0058062121232286,0.8365913145329203,-1.1593747873090758,0.4874320293306834,1.8880335,30.443504333496094,23.31143379211425,16.12802,24.582900200718463,0.5521650698755867,1,1
2017-07-14,99960.76785234665,298.02439225512444,0.0035058895488515,0.7591821333725501,-0.9575047809525398,0.4892642118277667,25.817686,29.770557403564453,22.458328247070312,4.2793074,25.05248788884377,0.5557754943581206,1,1
2017-07-15,99967.00590316126,298.232626139222,0.0051760355701173,1.1203918972902682,-1.0640547898171373,0.4908710509083682,7.500625,30.86648941040039,22.8809871673584,4.2469244,25.52207557696908,0.5593859188406546,1,1
2017-07-16,99873.1598337813,297.7249039671631,0.0085688547455983,1.0772353992079269,-0.864520351679541,0.4937995771244607,5.741999,30.26033973693848,23.26357650756836,3.0852525,25.991663265094388,0.5629963433231885,1,1
2017-07-17,99842.17251518318,297.6867056079804,0.0092194379896703,1.3590231965490656,-0.8906117802930721,0.5009434793212979,3.403008,30.58582305908203,22.05133056640625,2.736334,26.4612509532197,0.5666067678057224,1,1
2017-07-18,99843.50233663624,298.06772072456505,0.0144971683458294,1.0531074004844485,-0.2754407872917533,0.4937933123818183,14.909958,30.003883361816406,23.394428253173828,18.01464,26.93083864134501,0.5702171922882564,1,1
2017-07-19,99820.59743197754,297.6452597303881,0.0179692087644624,0.6155352860148217,0.3005614234128956,0.4952305337387949,17.348726,29.14780616760254,22.970638275146484,25.621721,27.400426329470317,0.5738276167707903,1,1
2017-07-20,99784.2041394206,297.8852266074804,0.031444100115434,2.093917964298373,0.4423042134118634,0.4750707043751971,29.23001,30.443567276000977,22.810508728027344,0.7020902,27.870014017595626,0.5774380412533242,0,1
2017-07-21,99875.76715593397,298.282171114346,0.017122055546626,0.4920740135588145,-0.7002556777112201,0.4675890417794852,21.690657,31.159807205200195,22.40265846252441,0.052811313,27.8914026680016,0.5810484657358581,1,1
2017-07-22,99855.87741200022,299.2371584934345,0.0024043340179845,0.7069866938407008,-0.9586273441092306,0.4547883468345463,11.363832,31.363800048828125,22.96177101135254,13.877942,27.912791318407574,0.584658890218392,1,1
2017-07-23,99862.95328189096,299.40369661044355,0.0014111476816341,0.6331809060277526,-1.1953739981795175,0.4521015007660099,3.8800948,31.562599182128903,23.211320877075195,0.0,27.93417996881355,0.588269314700926,1,1
2017-07-24,99843.48173591,299.3559542927752,0.0013838652868293,1.0603139239702248,-1.6014070242037926,0.4475632854516239,1.8599943,32.066001892089844,23.75063133239746,0.09597632,27.955568619219523,0.5918797391834599,1,1
2017-07-25,99725.39755320556,299.8742982245564,0.000965798050439,1.2991565005511874,-1.7231405180138828,0.4388800991428402,1.6070625,32.355037689208984,23.869850158691406,0.0,27.976957269625494,0.5954901636659938,1,1
2017-07-26,99798.80495555872,299.25894285248575,0.0023565943080707,0.9450513633602384,-1.71670098023312,0.4391338468987948,1.4583596,31.78034400939941,24.17717170715332,0.31858364,27.99834592003147,0.5991005881485278,1,1
2017-07-27,99921.75234391433,298.7781155988967,0.0071136086717049,0.9953322224296592,-1.216834442606052,0.4519804762968551,3.574197,32.517425537109375,23.959226608276367,22.512026,28.019734570437443,0.6027110126310617,1,1
2017-07-28,100005.1961510713,298.53012537162374,0.0094791080953461,1.2850235740587337,-1.3193298749789582,0.4725000198278051,25.345509,31.872772216796875,22.95164680480957,0.9284927,28.041123220843417,0.6063214371135957,0,0
2017-07-29,99955.17397116398,299.20592146450565,0.0014425838746668,1.1489969462869205,-1.2741669141439484,0.4642483712045143,13.1601925,31.732425689697266,23.28527069091797,26.442774,28.046082754377004,0.5950477454432125,1,1
2017-07-30,99888.66326618892,298.8734180337177,0.0043118059183725,0.9430951612444796,-1.1088888834611574,0.4684486625314633,1.8573109,31.130970001220703,23.719804763793945,26.684298,28.05104228791059,0.5837740537728293,1,1
2017-07-31,99916.10212326926,298.6540606260615,0.0088134182077672,1.2300437194020837,-1.111398433461071,0.4823406994206671,4.213449,31.54669189453125,23.833208084106445,39.300266,28.056001821444177,0.5725003621024461,1,1
2017-08-01,99937.77075914328,299.418049010882,0.0021644425096337,1.3062971252448747,-1.308012863852855,0.4779200361875232,16.652983,31.039106369018555,23.256988525390625,37.388065,28.060961354977763,0.561226670432063,1,1
2017-08-02,100032.76577654974,298.156986762532,0.0065621501769488,0.8445485453577567,-0.7951930520883875,0.4852649615581598,7.8123517,30.4453182220459,23.42910957336425,15.473758,28.06592088851135,0.5499529787616798,1,1
2017-08-03,99976.76929471036,297.6785879741568,0.0160083637098213,1.4141610878450197,-0.8146240908532982,0.4926869897605107,5.1687536,30.898906707763672,23.23296546936035,2.7884958,28.070880422044937,0.5386792870912966,1,1
2017-08-04,99791.73000934656,297.19587974740926,0.0166502779264377,1.763906082692578,-1.2249754721878494,0.4795859956242658,27.673471,29.55879592895508,23.317916870117188,3.9475312,28.075839955578523,0.5274055954209135,1,1
2017-08-05,99706.07360832508,297.43784465209734,0.0163599770587358,1.458483932482278,-1.1430624810989294,0.4761674799359122,33.54912,28.062530517578125,22.94000244140625,29.972612,28.08079948911211,0.5161319037505303,0,1
2017-08-06,99676.2416345372,297.84898287505683,0.0118227001393733,1.2422396142489351,-1.0306183044003934,0.4703867574454014,44.690105,29.99578285217285,22.9878044128418,7.7103977,28.47755619292309,0.5048582120801471,1,1
2017-08-07,99778.0996602633,297.57880293117853,0.0176180749298689,1.223287365043632,-0.902808636136748,0.4860986672222707,17.707607,30.699460983276367,23.566898345947266,12.026844,28.874312896734068,0.4935845204097639,1,1
2017-08-08,99774.1787109375,298.5961221850167,0.0033055516386393,1.0973489715268023,-1.0690265455588743,0.4875968249174592,8.941026,31.394851684570312,23.2404842376709,48.37865,29.271069600545047,0.48231082873938075,1,1
2017-08-09,99800.85190486624,297.7619295077823,0.0102025945102622,0.8317818284564931,-0.8893653585699006,0.4942254283018647,9.016186,29.649457931518555,22.90322494506836,46.334686,29.667826304356026,0.4710371370689976,1,1
2017-08-10,99835.50248067304,297.8121572112304,0.010657150905058,1.011290257790152,-0.870393376967156,0.4841708148782509,6.754853,30.05706024169922,23.193574905395508,19.49785,30.064583008167006,0.4597634453986144,1,1
2017-08-11,99964.96897409644,297.2231240678914,0.0121101783182145,0.983706741754876,-0.8571364627117752,0.4690083341968791,18.445219,29.61733055114746,22.79290199279785,9.042182,30.461339711977985,0.44848975372823124,1,1
2017-08-12,99925.4019302458,298.8046341964955,0.0010543844779819,0.851116862058038,-1.1989961763115542,0.4579236988609177,12.348321,30.84993362426757,22.31363296508789,19.092224,30.858096415788964,0.4372160620578481,1,1
2017-08-13,99958.10985641398,298.6724749199545,0.0011660664767746,0.7015975475712515,-0.9056547600312482,0.4563810788950306,0.15716977,29.17070579528809,22.32123756408692,15.554388,31.254853119599943,0.4259423703874649,0,0
2017-08-14,99985.61503275868,298.76208709435247,0.0020069815500565,0.7202796715930013,-0.662460779180778,0.4515015639598474,0.0352535,29.564332962036133,23.04816627502441,31.111162,30.520405172908248,0.4386414874383545,1,1
2017-08-15,99942.74098067817,297.69155923728977,0.0084130399683777,0.2300416008900788,-0.061885191379996,0.4734187784755527,0.56183356,29.7491455078125,22.724321365356445,17.270355,29.785957226216553,0.4513406044892442,1,1
2017-08-16,99845.89179308338,297.33141529813724,0.0114850293044975,-0.162026088818691,0.4431335599767229,0.4833400901485371,12.045554,28.985502243041992,22.430896759033203,9.10924,29.051509279524858,0.4640397215401338,1,1
2017-08-17,99676.2377924405,298.09308230004234,0.0101626753930207,0.6603779683306265,0.4179915667927197,0.4825700247913962,7.3885765,29.76836204528809,22.868555068969727,9.580985,28.317061332833163,0.47673883859102345,1,1
2017-08-18,99679.5680262239,297.17935256485697,0.0350055401727986,1.369270306364936,-0.3921524476426082,0.4723319654238886,13.836029,29.414051055908203,22.92780113220215,37.133984,27.582613386141468,0.48943795564191306,1,1
2017-08-19,99762.26748791125,296.95808565383044,0.0140410818876963,1.9425308462203248,-0.4192353214605996,0.4898191107653528,40.535885,29.056495666503903,22.633691787719727,7.6716614,26.848165439449776,0.5021370726928027,1,1
2017-08-20,99731.0750302043,297.15576117169707,0.0188634660735785,2.0683967564194545,-0.6643560044910779,0.4790347014815924,39.94791,28.47825050354004,22.57092666625977,5.158018,26.11371749275808,0.5148361897436924,1,1
2017-08-21,99691.28552825708,296.9900825356962,0.0320862161528587,1.516777276562905,-0.3833709755315275,0.4792298035977593,35.041447,28.499813079833984,22.4647274017334,4.5724745,25.379269546066386,0.5275353067945819,0,1
2017-08-22,99752.75422302532,296.37421011646745,0.0216047058531492,0.4751209626333662,-0.8909584086221322,0.4796139863494898,25.987782,29.10382652282715,22.331701278686523,13.849999,25.856013954121497,0.5402344238454716,1,1
2017-08-23,99753.03379347637,298.17906609526165,0.0032537622660065,0.5629794339403423,-0.9583197037808844,0.481023335287757,3.1499012,30.985042572021484,22.856895446777344,7.244316,26.33275836217661,0.5529335408963613,1,1
2017-08-24,99728.20266195748,298.222343542496,0.0070516908755596,0.8093463995376736,-1.1729343532154604,0.4848425813930109,2.3421612,30.582454681396484,23.57161331176757,19.147182,26.80950277023172,0.5656326579472508,1,1
2017-08-25,99658.50229830857,298.2071357458339,0.0034610632417746,0.6400158993683982,-0.9802622272785156,0.4874579248154359,2.6142972,29.742738723754883,23.494918823242188,24.51432,27.28624717828683,0.5783317749981405,1,1
2017-08-26,99607.5902850168,298.221201661774,0.0070282421304867,1.4069728462695217,-0.6695272391741487,0.4861803046784906,0.72747654,30.54162979125977,23.117956161499023,2.2712076,27.76299158634194,0.5910308920490301,1,1
2017-08-27,99571.01061699168,297.5243158444775,0.0305963376015034,2.317252681911357,0.0183675243728707,0.4818916744961735,16.701527,29.650089263916016,23.223119735717773,9.709788,28.23973599439705,0.6037300090999198,1,1
2017-08-28,99580.2734009332,296.75997707634275,0.0429529971197175,2.670669579136213,-0.157868280120159,0.4736753773955803,36.063507,28.326265335083008,22.792882919311523,29.954096,28.716480402452163,0.6164291261508094,1,1
2017-08-29,99696.26959998148,296.831672724859,0.0221307884217713,1.5585532219940998,0.1987915368073833,0.482181614301342,38.093468,27.90098190307617,22.52651023864746,26.257734,29.193224810507274,0.629128243201699,0,0
2017-08-30,99826.5075135679,297.6777204966829,0.013778931396845,0.5096181297921292,-0.4947432142880865,0.471180254943899,26.110247,30.45189476013184,22.68198776245117,5.352541,28.99403007459636,0.6283544892800518,1,1
2017-08-31,99861.06496365152,299.1727188799097,0.0012247591479951,0.878989528844471,-1.0188626432550658,0.4583930265360376,4.028801,30.75830841064453,23.751150131225582,21.477242,28.794835338685445,0.6275807353584045,1,1
2017-09-01,99833.56275808065,299.2671018030254,0.0080107001542744,0.917621497222904,-1.2775329244095257,0.467501446810719,0.611354,31.150156021118164,22.836669921875,31.153288,28.59564060277453,0.6268069814367573,1,1
2017-09-02,99812.88012921286,298.795586576025,0.0068159683382594,0.5038527140094049,-0.9776052355780628,0.4815228556566391,28.621344,30.80610084533692,22.19613647460937,9.305011,28.396445866863615,0.62603322751511,1,1
2017-09-03,99849.008360239,298.2721085764495,0.0100476011698925,0.6076430646197301,-0.6343012253729995,0.4741670402401213,13.54673,29.89118003845215,23.056188583374023,9.856068,28.197251130952704,0.6252594735934628,1,1
2017-09-04,99855.5489148758,298.8239101726772,0.0074846239199762,0.4487716767890821,-0.632632843303715,0.4793656178715282,3.4950144,30.99914932250977,23.528047561645508,31.496004,27.99805639504179,0.6244857196718155,1,1
2017-09-05,99834.95512736987,298.7710395450273,0.0151519129197125,0.6743835094299209,-0.0311769218825422,0.4713359432218166,19.28764,30.860179901123047,22.74667358398437,13.62904,27.798861659130875,0.6237119657501683,1,1
2017-09-06,99705.9661828697,298.39479870067686,0.0080730538654484,0.0705192291703644,-0.0645253449366748,0.4654251054611785,13.105956,30.16064643859864,22.859737396240234,12.393964,27.59966692321996,0.6229382118285212,0,1
2017-09-07,99680.00366448647,298.0323710924789,0.0138312616767147,0.0984737500790177,0.4507669150105663,0.4679182876630934,6.9186926,29.580772399902344,23.413515090942383,12.302151,27.35986274602318,0.6221644579068739,1,1
2017-09-08,99651.65002836131,298.4862644939788,0.0064831598776351,-0.0510990818269924,0.7606311251959819,0.4774569897629319,13.335356,29.94270133972168,22.887041091918945,19.64965,27.120058568826398,0.6213907039852267,1,1
2017-09-09,99651.958019258,297.3135284355504,0.0139616585400101,-0.517860067536989,0.6267443635254787,0.4811781133391965,20.005072,28.530797958374023,22.75235748291016,12.567013,26.880254391629617,0.6206169500635794,1,1
2017-09-10,99581.45668665342,298.820402930886,0.0010287430455785,0.0544450525796704,0.8363901249046066,0.4738384348395524,2.7579303,30.202905654907227,22.77167701721192,5.897827,26.640450214432832,0.6198431961419322,1,1
2017-09-11,99645.93628595876,299.0717622516448,0.003871388554352,-0.4689144057456025,0.8069004994743301,0.4735794425053672,9.739189,29.90453720092773,23.264047622680664,12.7115755,26.40064603723605,0.6190694422202849,1,1
2017-09-12,99702.1648820542,299.5184962621946,0.0044975279176488,-0.0496487650164533,0.8800046543531055,0.4726598594950747,5.8737745,30.25119972229004,23.330495834350582,9.189847,26.16084186003927,0.6182956882986377,1,1
2017-09-13,99800.67398302032,298.71752686379614,0.016552086343221,-0.6661725244293966,1.7592496351061395,0.4711165809333289,3.2401624,29.09253120422364,23.378019332885746,16.67646,25.92103768284249,0.6175219343769904,1,1
2017-09-14,99924.21577312198,297.6807010818924,0.020342543119878,-0.2957841295622221,1.0586217460702256,0.473860310654125,27.404665,29.824932098388672,23.00995445251465,2.4167986,25.681233505645707,0.6167481804553432,0,0
2017-09-15,99827.35602177151,298.1676208119164,0.00645928270671,-0.146275038959344,1.1151036107636143,0.4742894408249744,12.959804,30.475791931152344,22.759912490844727,2.4540176,26.333579230247224,0.6114905044031191,1,1
2017-09-16,99872.62211474444,297.3081040041337,0.0444252013310094,1.1447986094248614,1.5102369868564751,0.480376179050061,15.925262,29.39758682250977,23.34207534790039,42.225998,26.98592495484874,0.6062328283508952,1,1
2017-09-17,100093.7154742485,296.862609869701,0.0779325764772696,1.7705178325573747,1.0466140617414623,0.4792111109391845,65.28078,26.003389358520508,22.33672332763672,31.590137,27.638270679450258,0.6009751522986712,1,1
2017-09-18,100154.26966994558,297.1967406593302,0.0083909211940223,0.6677596434648113,-0.1591171508569644,0.4699025865443152,88.05558,29.550960540771484,21.620555877685547,0.0,28.290616404051775,0.5957174762464472,1,1
2017-09-19,100046.25773801646,297.944078192543,0.0081832500464192,1.5254875705396636,-0.2739592769538887,0.4978126349794791,11.235572,30.13729476928711,23.227384567260746,0.03137469,28.942962128653292,0.5904598001942232,1,1
2017-09-20,99940.03753960722,297.907860733566,0.0080409228554538,0.8698506859979861,-0.1625533399852455,0.4992854684315445,6.4988885,30.278507232666016,22.95430564880371,0.20785461,29.59530785325481,0.5852021241419992,1,1
2017-09-21,99880.98745582635,297.8691154078289,0.0045468983664608,0.6722454103602141,-0.5213081435037213,0.4926171082117077,4.453494,29.86280059814453,22.144405364990234,0.0,30.247653577856326,0.5799444480897752,1,1
2017-09-22,99877.99333850316,298.7850534331556,0.000902882071508,0.531880160796125,-0.7589529261936976,0.4774212340263093,8.135745,31.186283111572266,22.447418212890625,0.0,30.899999302457843,0.5746867720375513,0,1
2017-09-23,99920.68416731468,299.52223555258456,0.0019274754748635,0.882452653081733,-0.7366648468923678,0.4622359960780492,0.03039525,31.819467544555664,22.89488983154297,0.02302551,30.46806643478434,0.5694290959853272,1,1
2017-09-24,99917.57209535169,299.20384664039136,0.0011510849804504,0.4531038364319147,-0.3532992343602237,0.4599747879600593,0.007817288,31.416088104248047,23.26599502563477,11.481208,30.036133567110838,0.5641714199331032,1,1
2017-09-25,99800.95828520368,298.2885507569174,0.0036418580605938,0.4228721012904649,-0.1824155097999944,0.4615978561265637,0.087264724,30.10447120666504,23.608373641967773,7.2290134,29.604200699437335,0.5589137438808792,1,1
2017-09-26,99784.09506294188,298.1254312244941,0.0107079560076162,0.3207395885810067,0.0031204723025016,0.4845860893156886,7.4338903,30.414669036865234,23.0067138671875,11.736095,29.172267831763833,0.5536560678286552,1,1
2017-09-27,99841.86212238176,297.48440257435976,0.0183424960662,0.5938202208775658,0.1140239953364241,0.4807747271015374,8.629204,30.32175636291504,23.124380111694336,21.095947,28.74033496409033,0.5483983917764312,1,1
2017-09-28,99874.89491464384,296.9341070157059,0.0249262037722246,1.218021538871199,0.3306630452473958,0.4906237382472657,21.71849,29.0087833404541,22.925188064575195,9.512315,28.308402096416827,0.5431407157242072,1,1
2017-09-29,99832.36689302868,297.8005368363071,0.0087981099656209,0.5914863025157667,0.1074012210555683,0.4939302682217419,26.228895,30.25554656982422,22.818490982055664,7.1548905,27.876469228743325,0.5378830396719831,1,1
2017-09-30,99885.67892217972,298.77384347866365,0.0043611433686705,0.3911358154311549,0.6746508310242105,0.4880293787550304,5.5854726,30.957841873168945,22.9755916595459,1.3027943,27.444536361069822,0.5326253636197592,0,0
2017-10-01,99878.55245909684,298.6480000153488,0.0059649235761384,0.7445072362537297,0.7372194744815821,0.4911587190450364,3.859806,30.69391632080078,23.213611602783203,4.5729246,27.6574696617065,0.5473816500167292,1,1
2017-10-02,99755.41513725874,298.73069421585006,0.0037093727667872,0.2102394548799717,0.7020990658098724,0.4884032813355475,7.3462844,30.803192138671875,22.776588439941406,2.379075,27.870402962343178,0.5621379364136992,1,1
2017-10-03,99750.06591174714,299.13321157653314,0.0010148126565352,-0.041267405566236,0.9232043980233784,0.4752883500728431,1.5169504,31.298229217529297,23.08332061767578,0.3341675,28.083336262979856,0.5768942228106693,1,1
2017-10-04,99719.0607342285,299.1238805161228,0.0022815684501732,0.2036474248310854,0.432434802187766,0.4683751259762617,2.4243493,31.35731506347656,23.21796226501465,9.218232,28.296269563616534,0.5916505092076393,1,1
2017-10-05,99624.7623042884,298.44615178475624,0.0104746484385738,-0.0457759861304705,0.725606955964916,0.4782393493679857,0.8117851,30.973556518554688,23.412145614624023,16.168993,28.50920286425321,0.6064067956046093,1,1
2017-10-06,99632.44500071372,297.89448594066846,0.0122661757041384,-0.3285590381716318,0.8359506328399114,0.4715548742417893,16.878023,30.513446807861328,22.849742889404297,10.449435,28.72213616488989,0.6211630820015793,1,1
2017-10-07,99651.68756785108,298.51616315019714,0.0074848738960735,0.0366030387085122,0.5710121342046485,0.486663887944699,1.7213118,30.949596405029297,23.29154396057129,8.383283,28.935069465526567,0.6359193683985493,1,1
2017-10-08,99651.81163208142,298.8423737545315,0.0040812177708138,0.12956396566731,0.5608504807265537,0.4887057823807534,26.25554,31.81818199157715,23.322559356689453,8.097874,29.148002766163245,0.6506756547955194,0,1
2017-10-09,99596.03099802363,299.24680239066066,0.0012815735906331,0.0951458515635418,0.5332319910873915,0.4786068309541362,10.351523,31.59561538696289,23.82967758178711,10.085814,29.21495130456551,0.6654319411924894,1,1
2017-10-10,99508.35310129909,299.2888458023594,0.001167957746317,-0.1753255278033295,0.5597209239725397,0.4661032741696579,0.6004486,32.39229202270508,23.878507614135746,9.657599,29.281899842967775,0.6801882275894594,1,1
2017-10-11,99617.22046329844,298.8922642039371,0.0053023217474988,-0.3097201433444284,1.247125363519006,0.4701428514845829,3.2581046,31.5647029876709,23.824277877807617,16.05002,29.34884838137004,0.6949445139864294,1,1
2017-10-12,99669.71063310928,298.0903956881796,0.0096228256567108,-0.4491399390606628,1.0524857440008,0.4815090117309512,18.570593,30.551118850708008,23.177494049072266,10.238675,29.415796919772305,0.7097008003833994,1,1
2017-10-13,99647.72275738098,297.48967604758093,0.0314038937885792,-0.365599162132354,0.7775173409653765,0.4637344565324476,15.045198,30.41853141784668,22.905874252319336,10.923936,29.48274545817457,0.7244570867803695,1,1
2017-10-14,99741.08583390384,296.94536151695684,0.0103843779387383,-0.4820647841964953,0.5595973141277363,0.4782125983391263,21.37366,28.52342796325684,22.62207794189453,0.7255197,29.549693996576835,0.7392133731773395,1,1
2017-10-15,99872.56743446384,297.54682421601154,0.0018198718469666,-0.4265631448048957,-0.4619541360518296,0.4828833765616167,10.325851,29.734338760375977,22.10109138488769,0.1435946,29.6166425349791,0.7539696595743095,1,1
2017-10-16,99838.17398783332,297.89115840005314,0.0128987827676803,0.0739990264295543,-0.4367189522416622,0.4817827947868554,1.6077099,31.08252143859864,22.77358627319336,3.8286965,29.683591073381365,0.7687259459712795,0,0
2017-10-17,99786.75402581113,297.5247241078783,0.0347719581493776,0.0896689168162207,-0.0090118377938667,0.4802089030388126,7.9524646,29.174808502197266,23.183837890625,2.6965382,29.838647815318957,0.7680568832719744,1,1
2017-10-18,99745.94996082716,297.5691043905577,0.0113816241637879,-0.4366869267856777,0.1899734365924331,0.4697323962034034,18.991636,30.90106964111328,22.27408599853516,0.0,29.99370455725655,0.7673878205726694,1,1
2017-10-19,99736.17505173352,298.549955163757,0.0033124712133261,-0.1580926916005735,1.1186781188074335,0.4548719420801606,1.3573192,31.62123107910156,22.838695526123047,0.0,30.148761299194142,0.7667187578733643,1,1
2017-10-20,99891.16431917198,298.35725575156016,0.0065561178151425,-0.2065101075106508,1.2605219314069414,0.4690578814695797,0.12653269,31.69976806640625,23.41073036193848,1.1811532,30.303818041131734,0.7660496951740592,1,1
2017-10-21,99965.19926588188,297.1662333181579,0.0166936458355006,-0.7158150490638027,1.6462222964936466,0.4874860390058889,2.9823382,30.05482292175293,23.60205841064453,9.708891,30.458874783069326,0.7653806324747542,1,1
2017-10-22,99987.59300633814,298.43494876082497,0.0025699240273627,-0.0656911339205551,0.2227108023719499,0.4804247156733117,12.737076,31.78542709350586,22.948318481445312,0.0,30.61393152500692,0.7647115697754491,1,1
2017-10-23,99989.6837177719,298.82985518600293,3.141697744488976e-06,0.4581731532625689,-0.8833749906161846,0.4624544645333062,0.47410235,32.19210433959961,23.43227195739746,2.5130577,30.76898826694451,0.764042507076144,1,1
2017-10-24,100070.03692284324,298.7451993197343,3.6717019019174624e-06,0.4870906366237525,-0.8432105883252007,0.44598833559396,0.011121522,32.141971588134766,22.77529525756836,2.2673233,30.924045008882104,0.763373444376839,0,1
2017-10-25,100093.78187451168,298.87797487027115,0.0031611145004828,-0.1488856262764631,-0.4342482635960268,0.4452238844082697,0.08181197,31.934415817260746,22.89237594604492,3.558358,30.885967548321382,0.7627043816775338,1,1
2017-10-26,100132.32104958814,298.41307075483064,0.04721243868945,-0.1528917905988852,-0.1758332457561335,0.467856053736279,1.3950206,30.989017486572266,23.496387481689453,11.260822,30.84789008776066,0.7620353189782287,1,1
2017-10-27,100036.65338170716,297.47092498685754,0.0369366592816923,-0.3756925876588542,-0.1662860733770037,0.4785351797370529,16.308203,31.28691291809082,22.87879180908203,18.363665,30.80981262719994,0.7613662562789236,1,1
2017-10-28,99967.11807478788,298.07589493847945,0.0166177393214944,-0.3061955574685414,-0.2605376424146309,0.4769576999312597,27.778856,30.843563079833984,22.7310733795166,13.034326,30.771735166639218,0.7606971935796186,1,1
2017-10-29,100013.83121944351,299.01942383410454,0.0050382615193917,-0.0223279587422043,0.4018934754056275,0.4789725613287399,8.601514,31.022199630737305,22.839584350585938,0.98922825,30.733657706078496,0.7600281308803135,1,1
2017-10-30,99907.69775860183,299.1652517943504,0.0067376453638836,0.4284118561091827,-0.230078692260822,0.4705441161150085,0.275002,31.32113075256348,23.04605293273925,12.162268,30.695580245517775,0.7593590681810084,1,1
2017-10-31,99855.1747270931,298.1453721655979,0.0101030509248109,-0.3398043580576267,0.3794922684803506,0.4777968396703733,9.128954,29.552770614624023,22.951629638671875,16.624937,30.657502784957053,0.7586900054817034,1,1
2017-11-01,99903.13338729726,298.36736715325713,0.0107458610290034,-0.0722785358145799,0.3100531312590795,0.4769970271031092,14.823042,30.411975860595703,22.706031799316406,13.227633,30.61942532439633,0.7580209427823983,0,0
2017-11-02,99832.729772983,298.00930459758155,0.0088423116882864,-0.1892458503815772,-0.014478026566733,0.4701785863570716,6.9175744,29.59345245361328,22.6084098815918,9.818616,30.44709863783705,0.7573560988043399,1,1
2017-11-03,99664.112196924,299.2146456365704,0.0055978064755433,-0.4314934216607203,0.0356294260759854,0.470879150076058,15.948308,30.65210151672364,22.58596420288086,2.5835924,30.27477195127777,0.7566912548262814,1,1
2017-11-04,99685.47151146852,297.78119426800214,0.0143706728793,-0.4629983965028492,-0.3185284946784188,0.4826324657546113,0.3347325,28.53874588012696,23.00998878479004,2.6095164,30.10244526471849,0.756026410848223,1,1
2017-11-05,99782.4667329565,297.5629827226781,0.0184567282693655,-0.3226018202449571,-0.1844091233130702,0.4786133756430078,13.941474,28.857297897338867,22.5846004486084,5.127011,29.93011857815921,0.7553615668701645,1,1
2017-11-06,99853.44581298975,297.9983620536429,0.0102960642362239,-0.5386736748639545,-0.109705975428555,0.4778524122067349,11.403459,29.208654403686523,22.65983963012696,4.844734,29.75779189159993,0.7546967228921061,1,1
2017-11-07,99939.68855709168,297.5814546348241,0.0077497266511008,-0.5115937598552079,-0.113102179204691,0.4778525238642397,15.450523,29.31745147705078,22.4180850982666,6.3388247,29.58546520504065,0.7540318789140477,1,1
2017-11-08,99948.36714917237,297.72078088310303,0.0130590232290002,-0.3880813881559632,0.3884092686998542,0.4756154976207515,4.0011754,29.26997184753418,22.657066345214844,3.2789435,29.413138518481368,0.7533670349359892,1,1
2017-11-09,99859.00316569892,298.2441803253189,0.0035232072836426,-0.0642822748022106,-0.0063285254446241,0.4775889738632919,21.496548,30.295936584472656,21.9820613861084,0.031951323,29.240811831922088,0.7527021909579308,0,1
2017-11-10,99841.2695292544,299.07410835878744,0.0005532088765073,0.0508286773563792,-0.030242236908102,0.4666458722103215,0.98071194,30.73746490478516,21.808780670166016,2.6989257,29.273790413322565,0.7520373469798725,1,1
2017-11-11,99794.81825859622,299.2399007701176,0.0008074777604281,0.0496604591339364,-0.0326996917033341,0.456032479693503,1.3352457,30.09296417236328,22.44745826721192,1.1366649,29.306768994723043,0.751372503001814,1,1
2017-11-12,99736.97849320364,298.82858288656394,0.0005073516845238,0.0446296780853693,-0.0930158708914927,0.448736627223128,1.2156775,30.86602210998535,22.197710037231445,0.77323455,29.33974757612352,0.7507076590237556,1,1
2017-11-13,99690.42606949974,298.6152662143553,5.256003349901233e-05,0.3177808974279006,-0.5878685125150795,0.4367502387691426,0.5329399,31.351890563964844,22.4141788482666,0.0,29.372726157524,0.7500428150456971,1,1
2017-11-14,99699.23381405472,298.37256070928146,1.0322547006211555e-05,0.3041924768836042,-0.7932614544747983,0.4232909026835484,0.0,31.24015998840332,22.081993103027344,0.0,29.405704738924477,0.7493779710676387,1,1
2017-11-15,99782.00005904691,297.9744794916428,2.607652471334269e-05,0.1317653798157097,-0.7533868552687251,0.4114638649653552,0.0,32.040374755859375,22.15003967285156,0.0,29.438683320324955,0.7487131270895803,1,1
2017-11-16,99794.55276084632,297.76703516252485,4.4876575249316735e-06,-0.1807668222545904,0.1724001066890212,0.4005300812114244,0.0,32.94397735595703,21.56591415405273,0.0,29.471661901725433,0.7480482831115218,1,1
2017-11-17,99749.01154231376,299.048546337683,0.0008779838578363,-0.0877900186073953,0.006167608766777,0.3936748133211243,0.0,32.27659225463867,22.07510757446289,4.3970366,29.50464048312591,0.7473834391334634,0,0
2017-11-18,99820.75810673655,299.22307381719946,0.0017550057447852,-0.003493969880957,0.1887143848463669,0.3969000558294863,0.68374765,31.91292190551757,22.579833984375,1.0955387,29.09556981800771,0.7478256978365369,1,1
2017-11-19,99963.64902145365,298.56110469915785,0.0103114398815416,-0.1387878580296293,-0.0341223103450688,0.4386431910352847,0.017181022,32.05722427368164,23.097570419311523,4.027649,28.68649915288951,0.7482679565396102,1,1
2017-11-20,99977.42641808756,298.24732124107595,0.0094582015964858,-0.2123176970437737,-0.1226412281277575,0.4675255876447823,7.2632914,31.649778366088867,23.229108810424805,8.21235,28.27742848777131,0.7487102152426837,1,1
2017-11-21,99856.45074234717,298.9829610720723,0.00284030216763,-0.1012138997667296,0.243566450239847,0.458398923978222,11.499608,31.80191421508789,22.46322250366211,12.102143,27.86835782265311,0.7491524739457571,1,1
2017-11-22,99814.94777662112,298.96564189114383,0.0037820455005269,-0.0941349808621512,0.08583858535043,0.4632963319712642,8.437549,30.86042594909668,23.3665771484375,2.7278154,27.45928715753491,0.7495947326488305,1,1
2017-11-23,99836.19356310432,299.19541030991087,0.0004787711746819,-0.0723184534442698,0.1251184057051609,0.4508472580880496,0.4504864,31.58178329467773,22.42826461791992,0.0,27.05021649241671,0.7500369913519039,1,1
2017-11-24,99926.34204110368,299.4697320965395,0.0004034994034977,0.1827095945174625,-0.3189105678025971,0.4348469067112817,0.0,31.60947608947754,22.76892471313477,8.421366,26.64114582729851,0.7504792500549773,1,1
2017-11-25,100024.72558605488,298.83496192201204,0.0056493068064774,-0.3334252496997472,0.4403552661966369,0.4446451545033926,0.019379111,30.54317855834961,23.31869506835937,0.27221712,26.23207516218031,0.7509215087580507,0,1
2017-11-26,100023.11582249597,298.95119674275423,0.0074869896685909,-0.12734170608587,0.3039626401123311,0.4587069504649927,1.2857143,29.609176635742188,23.130949020385746,10.456117,26.646108529449272,0.7513637674611242,1,1
2017-11-27,99907.94265186902,298.0758705409707,0.0044296355232222,-0.3122839161317672,0.1832380042309399,0.4682014988998852,7.7393227,29.01079559326172,22.71785545349121,3.7946672,27.060141896718235,0.7518060261641976,1,1
2017-11-28,99854.52058740254,298.96321610227096,0.0025083913334707,-0.4190637704228134,-0.0247405808853807,0.460980745158039,6.8158836,29.74569129943848,22.87944793701172,7.5347767,27.4741752639872,0.752248284867271,1,1
2017-11-29,99741.92738831104,299.76783990109107,0.0022501681675163,-0.6711765358060839,-1.3156079162068488,0.4512324779706299,0.029748023,29.22345352172852,23.026269912719727,9.264489,27.888208631256163,0.7526905435703444,1,1
2017-11-30,99378.47085819642,297.8578483796146,0.0169533676730123,-1.0618764707884234,-2.5371777731891667,0.4713203443015249,1.1655985,26.96796989440918,23.0267333984375,56.389347,28.302241998525126,0.7531328022734178,1,1
2017-12-01,99600.5341175885,297.4145680766995,0.0177544398435478,-1.7911966899106502,0.4602046754586896,0.4821448964071842,21.957777,26.479528427124023,22.212797164916992,23.687157,28.71627536579409,0.7535750609764913,1,1
2017-12-02,99910.9402814247,297.62878976256275,0.0042894199743109,-1.0457496181504775,0.5228442747241273,0.4796169299118679,5.7873435,27.795228958129883,21.40411758422852,0.017206633,29.130308733063053,0.7540173196795646,1,1
2017-12-03,99969.90888310318,298.87803179977874,0.0004519325119787,-0.5814035921260735,0.2114168145017764,0.4672869133080896,1.1622986,30.419811248779297,21.175682067871094,0.3941806,29.544342100332017,0.7544595783826381,0,0
2017-12-04,99909.62689936066,298.94599168394336,0.0003934246417267,-0.3480859702131269,0.5626559219676753,0.4525735997024502,1.7658389,30.9808406829834,22.208393096923828,0.0,29.57874150415764,0.7539083135257794,1,1
2017-12-05,99881.61004406096,298.3645768406902,0.0003966535105036,-0.1736470224880544,0.3210424220766897,0.4422310165293386,1.7751955,30.786800384521484,22.26052665710449,0.9154812,29.613140907983265,0.7533570486689205,1,1
2017-12-06,99855.12953651376,298.3233149118443,0.0010923030393479,-0.0651174355676676,-0.1879345260427067,0.4370475288250796,0.23826967,30.76761054992676,22.405515670776367,0.5320726,29.64754031180889,0.7528057838120616,1,1
2017-12-07,99836.00891220402,298.5928086375858,0.0011692193067197,0.0914401435439353,-0.4591137904188842,0.4321433063997274,0.19855806,30.82742691040039,22.406234741210938,1.2706878,29.681939715634513,0.7522545189552029,1,1
2017-12-08,99885.10548870622,298.4796434648479,0.0022312215459943,-0.1328880930479966,-0.0353778534632546,0.4325159499100414,0.51625097,31.151586532592773,22.61663818359375,0.0,29.716339119460137,0.7517032540983442,1,1
2017-12-09,99954.4229215853,298.5052924520165,0.0011826133280938,-0.1861537665555018,0.4624896869591788,0.4324428124100503,0.0,31.20884323120117,22.146642684936523,0.0,29.75073852328576,0.7511519892414853,1,1
2017-12-10,100045.12069039996,299.02562254795527,0.0013142809534098,0.0120575303340104,0.4678476717999698,0.4240253576651718,0.0598012,30.98657989501953,22.260547637939453,2.6858523,29.785137927111386,0.7506007243846264,1,1
2017-12-11,100178.20763821196,298.53403753901307,0.0016979052143117,-0.009019665283027,-0.0089104253664829,0.4251036122951789,6.596195,30.445213317871094,22.43937873840332,0.0,29.81953733093701,0.7500494595277677,0,1
2017-12-12,100210.2141444613,298.33754757852387,0.0016520860436373,0.015196551123352,-0.2282692651390986,0.4252007642980521,0.030191477,31.171127319335938,22.816356658935547,3.6706696,29.954501670526383,0.749498194670909,1,1
2017-12-13,100190.6044125388,298.03249488052865,0.0092746607912176,-0.0418577972606535,-0.3339553241016687,0.4428243724209915,3.977428,29.88894271850586,23.10351181030273,9.640166,30.089466010115757,0.7489469298140501,1,1
2017-12-14,100125.65344574308,298.408858084309,0.0032740754277075,-0.1574390829576726,-0.319186567472056,0.4520548824966491,9.135125,30.906862258911133,22.416852951049805,4.3534284,30.22443034970513,0.7483956649571912,1,1
2017-12-15,100136.16396242556,299.31848674571955,0.0014143220615481,-0.2883775458626484,-0.0161825616079707,0.4441312189671924,2.206099,30.39132499694824,22.4145622253418,0.0,30.359394689294504,0.7478444001003325,1,1
2017-12-16,100125.86995935744,299.3984709917489,8.758213233330592e-05,-0.6713510890006448,-0.3163798314789366,0.4273026200753164,0.0,30.42506217956543,22.65437889099121,0.0,30.494359028883878,0.7472931352434737,1,1
2017-12-17,100143.09896649187,298.82113895446054,1.7601218135801665e-06,-1.3388071457974855,-1.084800281853096,0.4088225353794439,0.0,31.07474708557129,21.603534698486328,0.0,30.62932336847325,0.7467418703866149,1,1
2017-12-18,100191.6372310961,297.79702458093345,4.727547867283193e-07,-1.153888558736715,-0.9156229359296268,0.3924182984014732,0.0,30.62383079528809,21.23793029785156,0.0,30.764287708062625,0.746190605529756,1,1
2017-12-19,100134.56261956113,298.6606701597426,4.054120342628738e-05,-0.0569598907202908,-0.2479895904296607,0.3786631771142214,0.0,30.68253517150879,20.69669342041016,0.0,30.899252047652,0.7456393406728973,0,0
2017-12-20,100156.28876362658,299.43320663434724,4.185365128078661e-05,-0.4857982688116933,-0.4349937186761035,0.3686518520672086,0.009731332,30.179027557373047,22.59054183959961,0.0,30.869300514539987,0.7411900457414418,1,1
2017-12-21,100154.3352017619,299.370553498028,0.0005149091844132,-0.368579594185324,-0.3701469207242755,0.3602627871027646,0.0,29.776641845703125,21.543045043945312,0.007022221,30.839348981427975,0.7367407508099861,1,1
2017-12-22,100027.51991012432,299.221316603202,2.63885060290531e-06,-0.5843309468268088,-0.3084518215893868,0.3522779707983719,0.06305372,30.42033576965332,21.177282333374023,0.0,30.809397448315963,0.7322914558785306,1,1
2017-12-23,99881.34038638257,299.1206887879471,0.0003428693154699,-0.0990048151833604,-0.0325495807693789,0.3430396565050872,0.0,31.07914924621582,21.432519912719727,0.0,30.77944591520395,0.727842160947075,1,1
2017-12-24,99919.13705395546,298.739949431467,0.0001734471250173,-0.3142465020704906,0.1229226520993213,0.33640843902819,0.0,31.152244567871094,21.1845645904541,0.0,30.74949438209194,0.7233928660156195,1,1
2017-12-25,99986.9714059941,298.7615052922613,2.7079777552318995e-05,0.0592347861969896,-0.2180217080053794,0.3289663417076517,0.0,31.03446388244629,20.90744972229004,0.0,30.719542848979927,0.7189435710841638,1,1
2017-12-26,99975.96127910318,299.2485469222456,0.0001808015518495,0.0407372936489977,-0.2076877885203562,0.3222885885008225,0.0,31.622896194458008,21.93083953857422,0.0,30.689591315867915,0.7144942761527083,1,1
2017-12-27,99916.07263158652,299.2540512479316,8.626743565657477e-06,-0.4213904178920655,-0.1071615422025639,0.3152883873348095,0.0,31.324228286743164,21.55326461791992,0.0,30.659639782755903,0.7100449812212527,0,1
2017-12-28,99904.13960101215,298.52120833105164,1.0651725847609728e-05,-0.5929567461074553,-0.2029059059646556,0.3079300159473146,0.0,30.821510314941406,21.169795989990234,0.0,30.46448558004489,0.7055956862897972,1,1
2017-12-29,100028.18076595655,297.8036643799888,1.1325504828786924e-06,-0.2589752063368329,-0.2818601016514518,0.3013577669310819,0.0,31.24331283569336,20.191999435424805,0.0,30.269331377333877,0.7011463913583416,1,1
2017-12-30,99962.85790651717,298.3666591997373,8.575587688743792e-07,-0.2446519071085119,-0.0460981597893511,0.295687760308265,0.0,30.890718460083008,20.28775215148925,0.0,30.074177174622864,0.696697096426886,1,1
2017-12-31,99982.70742037838,298.6124715683744,0.0001777986514157,0.1887636436813179,0.1302642136972069,0.2870549250927923,0.0,31.1097469329834,20.58097267150879,0.0,29.87902297191185,0.6922478014954304,1,1
2018-01-01,99815.8442032992,298.6480412635112,1.3498253134683006e-05,0.1784142788993523,-0.3553175735765961,0.2883908872149258,0.0,32.10745620727539,20.59384727478028,0.0,29.68386876920084,0.6877985065639749,0,0
2018-01-02,99814.76030385544,298.709334603782,1.770589548200702e-05,0.2165848454226523,-0.1895645102681929,0.2848263841535712,0.0,31.59394836425781,20.624324798583984,0.0,29.868162357201303,0.6869208665058558,1,1
2018-01-03,99948.28503997576,298.9859055061585,0.0001392124019838,0.4454842205302104,-0.4428708030994387,0.2822735906005522,0.0,32.021202087402344,21.68963432312012,1.6042304,30.052455945201768,0.6860432264477369,1,1
2018-01-04,99950.5266777412,299.5642403768711,0.0002691878583975,0.4045063669484657,-0.2689604508732071,0.2800898043520964,0.0,31.034957885742188,21.599756240844727,0.0,30.236749533202232,0.6851655863896178,1,1
2018-01-05,99858.97603553896,298.9712185947379,0.0003826290903203,0.2577373081853376,0.0469562017311484,0.2793540560234795,0.0,31.41915512084961,21.2230167388916,0.6347234,30.4210431212027,0.6842879463314987,1,1
2018-01-06,99894.25786890564,298.5014802545492,0.0005978285253737,-0.0108587638964115,0.5528497176612278,0.2818053469432635,0.0,30.33273696899414,20.37478828430176,0.0,30.605336709203165,0.6834103062733797,1,1
2018-01-07,99928.74429229212,298.3732402784089,0.0005578596951356,0.1576491189785395,0.1876101629394997,0.280997097012171,0.0,29.73993682861328,20.26972770690918,0.0,30.78963029720363,0.6825326662152607,1,1
2018-01-08,99986.93380839656,298.24806962836925,0.0002928310099637,0.0311305883742106,0.1474512462390129,0.2819900081656074,0.0,30.064786911010746,20.04145622253418,0.0,30.973923885204094,0.6816550261571416,1,1
2018-01-09,100109.29191471048,298.51206355387814,0.0006302895664876,0.1334013053324521,-0.1793165918811753,0.2800133499134502,0.0,30.698848724365234,19.113988876342773,0.0,31.15821747320456,0.6807773860990225,0,1
2018-01-10,100139.77676337677,299.7771149114972,0.0006264714882056,-0.09632558198714,0.3118647854980733,0.2811551268878272,0.40866247,29.59479522705078,21.3598747253418,0.82339036,31.113261446229195,0.6798997460409035,1,1
2018-01-11,100114.51516600746,299.9619567947672,8.864047254757507e-06,0.0409155907231406,0.0069595685958403,0.2805553894373127,0.0,31.00156211853028,22.126096725463867,0.28076077,31.068305419253832,0.6790221059827845,1,1
2018-01-12,100085.98576524285,300.27416529141306,0.0006821445461442,0.2017128564429005,0.2391233683520891,0.2788790169638042,0.0,30.494909286499023,22.14655876159668,4.646588,31.02334939227847,0.6781444659246654,1,1
2018-01-13,99998.95221828423,299.9481509236537,0.0001313328274449,0.2490812492622809,-0.0503243307523363,0.2791530103806135,0.0,30.962554931640625,22.50235366821289,0.5176474,30.978393365303106,0.6772668258665464,1,1
2018-01-14,100016.89997160352,299.7108862787818,1.1141210783701532e-07,-0.2300385180137552,-0.2082208951428928,0.2757559131008313,0.0,31.895078659057617,20.6924057006836,0.0,30.933437338327742,0.6763891858084273,1,1
2018-01-15,99985.66986335638,299.685185848685,1.716613667213096e-06,-0.1154162611922961,-0.0869129323976546,0.2721121359622339,0.0,31.5609130859375,21.15806007385254,0.0,30.88848131135238,0.6755115457503083,1,1
2018-01-16,99975.21244454524,299.3999065624319,0.0005424666927095,0.1903938353527393,0.5202998986595568,0.2700059586726842,0.0,31.47982406616211,21.18099021911621,0.103011176,30.843525284377016,0.6746339056921893,1,1
2018-01-17,99987.48688754423,299.4142644503667,0.0004934956945325,0.1929126672553305,-0.0839554485986404,0.2728385910390017,0.0,30.64793586730957,21.58402633666992,1.5236061,30.798569257401653,0.6737562656340702,0,0
2018-01-18,99927.62198579215,299.49986601580883,0.0003360514288676,0.1215715191659194,0.2353264090389798,0.2728173010250972,0.11843109,31.34090042114257,20.64323234558105,0.0,30.773133828806586,0.6744497999268184,1,1
2018-01-19,99973.34541692966,299.0971359223583,0.0008948937109311,-0.2972574553849075,0.0514797570112448,0.277053740036317,0.0,31.85004425048828,19.877885818481445,0.0,30.74769840021152,0.6751433342195667,1,1
2018-01-20,99960.81871078024,298.761512382169,0.0001701030448976,0.0905471340454116,0.0260015205059333,0.2742846339120645,0.0,31.34183120727539,19.72202491760254,0.3274803,30.722262971616452,0.675836868512315,1,1
2018-01-21,99895.34039313249,298.4378309528449,0.000342461130398,0.0905633826197906,0.0700893193314977,0.2735706305959532,0.0,31.38906478881836,19.783187866210938,0.0,30.696827543021385,0.6765304028050632,1,1
2018-01-22,99872.00071695582,298.607013429554,0.0008739983318697,0.3811745904417389,0.3025628404127805,0.272550505734304,0.0,31.103252410888672,19.824594497680664,0.015671387,30.67139211442632,0.6772239370978115,1,1
2018-01-23,99860.1816453793,299.1497267486815,0.000914321511709,0.5000323770080339,0.1071461451742881,0.27914095091152,0.0,31.43492126464844,20.40131378173828,0.0,30.645956685831255,0.6779174713905597,1,1
2018-01-24,99816.3414532762,299.4901241254802,0.0004089713622782,0.3778487862639594,-0.276260988831821,0.2790790956343349,0.0,31.450044631958008,21.339496612548828,0.0,30.620521257236188,0.6786110056833079,1,1
2018-01-25,99753.60740033408,299.68425935345607,0.0004163465495691,0.4970100178198682,-0.1331045705834494,0.2778369661907348,0.0,31.885047912597656,21.8209228515625,0.0,30.59508582864112,0.6793045399760562,0,1
2018-01-26,99818.38790232874,299.4902402887208,0.0004170123115584,0.2363535862213173,0.2649513262512448,0.2779768590586649,0.0,31.488752365112305,21.32560539245605,0.0,30.794536328235406,0.6799980742688044,1,1
2018-01-27,99886.4506000712,299.569869950867,0.000994599391053,0.5864991617827539,0.5012753637869609,0.2769445563067695,0.0,31.735605239868164,20.62179946899414,0.2429141,30.99398682782969,0.6806916085615526,1,1
2018-01-28,99924.45259017384,298.6588357567056,0.0014031298637684,0.1781734547257954,0.2081003524403343,0.2882068058320688,0.331145,29.870954513549805,21.32425308227539,0.1348072,31.193437327423975,0.6813851428543009,1,1
2018-01-29,99970.38675561028,299.2323498222057,0.0008316803346756,0.3624330524040367,0.2109714601601326,0.2903879549457757,0.0,31.76416206359864,21.071964263916016,0.0,31.392887827018257,0.6820786771470492,1,1
2018-01-30,99972.62636007371,299.18376940192906,0.0003689980018334,0.1513640122683608,-0.1208859532910308,0.2879588533757556,0.0,32.381919860839844,21.87465476989746,0.008830531,31.59233832661254,0.6827722114397974,1,1
2018-01-31,99989.60866356152,299.3692522107416,8.955398028874033e-07,-0.1772909203692258,-0.2774741927625067,0.281932504435889,0.0,32.42527770996094,21.09116744995117,0.0,31.791788826206826,0.6834657457325456,1,1
2018-02-01,99982.12258899763,299.343804832089,1.2872037586930674e-06,0.1566887940476614,-0.0955443697947839,0.2766101660386261,0.0,32.798927307128906,20.96754646301269,0.0,31.99123932580111,0.6841592800252939,1,1
2018-02-02,99936.7788159893,299.0854008570644,2.063138887868232e-05,0.0355318314554256,0.0049693993413544,0.2724688882251129,0.0,32.588836669921875,20.350736618041992,0.0,32.190689825395395,0.6848528143180421,0,0
2018-02-03,99943.81765580158,299.0188732566792,1.2088976760139286e-05,-0.0273924455116511,0.0028643694501726,0.2693450768158146,0.0,31.897235870361328,19.77509307861328,0.0,32.07139162673605,0.6847274125853957,1,1
2018-02-04,99981.072044346,298.99868713357813,2.017362782811585e-05,0.0002779311207513,0.0574611596497137,0.2668948115630711,0.0,31.97383117675781,20.07881164550781,0.007990134,31.952093428076708,0.6846020108527492,1,1
2018-02-05,100115.05971434934,300.0055678452792,1.2696537433509908e-05,0.175107608808464,0.0629655001383874,0.2647799302614829,0.0,31.94463157653809,20.26210594177246,0.04927866,31.832795229417364,0.6844766091201027,1,1
2018-02-06,100115.33732345812,300.7447099650131,0.0008104794347032,0.4725824293859274,0.0163074878563544,0.2650907751258312,0.0,32.299102783203125,21.806041717529297,2.080001,31.71349703075802,0.6843512073874563,1,1
2018-02-07,100101.06360733428,299.73073887724706,0.0032521846505695,0.030017958608495,-0.1740566266960128,0.2826236059264733,0.5421108,32.01952362060547,22.99821853637696,0.26035032,31.594198832098677,0.6842258056548098,1,1
2018-02-08,100002.39183962824,299.9698614064769,0.0070184760217157,0.1285575018835864,0.0569797331989635,0.3160296565194675,8.1627865,32.138092041015625,22.59255599975586,1.0831586,31.474900633439333,0.6841004039221633,1,1
2018-02-09,99991.31259537894,299.3798093187049,0.0074786881795653,0.0370604091717196,-0.3140331156653043,0.3725990877083853,4.191704,32.64255905151367,22.847715377807617,3.191067,31.35560243477999,0.6839750021895168,1,1
2018-02-10,100028.06335207108,300.45245653173794,0.0006276016528968,-0.0035974138816799,0.184063247884032,0.3731263388032909,2.8653376,32.67810821533203,22.339990615844727,0.0,31.236304236120645,0.6838496004568704,0,1
2018-02-11,100105.69608140066,300.4115622871583,0.0022626712214282,0.536866321703006,0.225879208115033,0.3568497632670137,0.0,32.38411331176758,22.2041072845459,5.068346,31.496720794785936,0.683724198724224,1,1
2018-02-12,100274.09927821948,299.4182733695572,0.0098213496627919,0.3137463020409998,-0.0539222072560507,0.396913478001621,1.824761,32.215579986572266,22.651485443115234,2.127424,31.757137353451228,0.6835987969915774,1,1
2018-02-13,100330.60933403112,299.8433188397031,0.0011051840904635,-0.1635207176093858,0.1657292538070953,0.381312677645027,0.0,32.669952392578125,22.647232055664062,0.11222263,32.01755391211652,0.6834733952589309,1,1
2018-02-14,100305.70202447432,299.9340661430978,3.4742911751315926e-05,-0.059758911426286,0.0345739657409719,0.3595869440573285,0.0,32.48350143432617,21.99021339416504,0.0,32.27797047078181,0.6833479935262845,1,1
2018-02-15,100286.50969073056,300.3958237110702,3.06163953779342e-06,-0.2031233446259011,-0.3394753827199238,0.3408650823447091,0.0,32.61861038208008,22.17150115966797,0.0,32.5383870294471,0.6832225917936381,1,1
2018-02-16,100198.45507436854,300.58601361900764,0.0001250177693255,-0.1508869642190513,-0.0944353284020738,0.3257522900555337,0.0,33.11628723144531,22.46922492980957,0.0,32.79880358811239,0.6830971900609916,1,1
2018-02-17,99981.34354357077,300.1216747913529,9.643684908077e-05,-0.0036656886199472,0.3470754875473599,0.3150955171077237,0.0,32.22319412231445,21.672794342041016,0.0,33.05922014677768,0.682971788328345,1,1
2018-02-18,99917.32613149309,300.17095041349546,0.0002793333475021,0.269892712126043,0.5317345570451812,0.3064428160491221,0.0,32.58815002441406,21.67581558227539,0.014492687,33.319636705442974,0.6828463865956986,0,0
2018-02-19,99901.49144190116,300.52269789696544,5.927294048670773e-05,0.1264494159843847,0.0433244240772611,0.2994617695332089,0.0,32.12675857543945,20.74668502807617,0.0,33.37002514202552,0.6822658029715343,1,1
2018-02-20,99869.83762726183,300.2085190644731,1.8577868396213945e-05,0.0494365614184766,0.0565357743038668,0.2920682544618834,0.0,32.05138397216797,20.730348587036133,0.0,33.42041357860806,0.68168521934737,1,1
2018-02-21,99820.48385343888,300.58584024241554,0.000357553950186,0.07376198161607,0.5669957454537871,0.286643515356545,0.0,31.85608291625977,20.97495651245117,0.0,33.47080201519061,0.6811046357232057,1,1
2018-02-22,99794.38148394536,300.5582434373029,7.047929542625578e-05,0.3198487870695214,0.0930265095790199,0.2832390024822799,0.0,32.6539306640625,20.514219284057617,0.030338706,33.52119045177315,0.6805240520990414,1,1
2018-02-23,99810.51220615084,300.5894969456872,7.677561119675699e-05,0.1165660760024087,0.3695851241701109,0.2786048888472329,0.0,32.47303009033203,21.147743225097656,0.0,33.571578888355695,0.6799434684748771,1,1
2018-02-24,99917.0844311004,300.8464778730941,5.5227411210300536e-05,0.1645830454541479,0.0410377710165635,0.2751966049528162,0.0,32.62467575073242,21.784704208374023,0.0,33.62196732493824,0.6793628848507127,1,1
2018-02-25,99919.11785585665,301.0365297762531,7.211511804874391e-06,0.3254903439561799,-0.0089760838198051,0.2715121710697379,0.0,33.31462860107422,22.07101058959961,0.028395342,33.672355761520784,0.6787823012265485,1,1
2018-02-26,99906.70398264706,301.08941341119976,2.513747004652034e-05,0.1241255164762603,-0.0759674644854252,0.2688162272073054,0.0,33.316837310791016,22.382755279541016,0.0,33.72274419810333,0.6782017176023841,0,1
2018-02-27,99788.7610766299,302.0164459582519,4.573636366001117e-05,0.4813653375254415,0.3620252030760441,0.2664684646905423,0.0,32.93635559082031,22.81395530700684,0.0,33.56150122176637,0.6776211339782198,1,1
2018-02-28,99824.9697662401,301.7647183355567,0.0001969331852822,0.3415774524118741,-0.1154592568835096,0.2654849286405552,0.0,33.63711929321289,22.97926902770996,0.1805725,33.40025824542941,0.6770405503540555,1,1
2018-03-01,99793.67387965896,301.9780409769711,0.0001270339955898,0.5608832328017764,-0.0533979147411135,0.264273383723728,1.235096,33.32447052001953,22.932477951049805,0.0,33.239015269092455,0.6764599667298912,1,1
2018-03-02,99763.4994379982,302.1768498549684,0.0002601799500709,0.3502337224983025,0.2166904144410918,0.2641872489003841,0.0,33.61589431762695,22.811635971069336,0.013743379,33.0777722927555,0.6758793831057268,1,1
2018-03-03,99841.95993164885,301.53496293692604,5.78090499697626e-05,0.6778577721051577,-0.3417216255796946,0.2636851111145056,0.0,33.96619415283203,22.031890869140625,0.0,32.91652931641854,0.6752987994815626,1,1
2018-03-04,99776.75232096472,301.57474496683005,3.431090702874713e-05,0.4561429799269393,-0.0197218335266654,0.2619383829490312,0.0,33.867759704589844,22.58578109741211,0.0,32.75528634008158,0.6747182158573982,1,1
2018-03-05,99854.66143415112,301.61270138208283,0.0001259533294083,0.5642039540553698,-0.2986510822242492,0.2614894887119665,0.0,34.09715270996094,22.07348823547364,0.0,32.594043363744625,0.674137632233234,1,1
2018-03-06,99855.86833316194,301.7056004668332,1.1967206921252455e-05,0.6199278823887163,-0.1281635495157307,0.2602219782793862,0.0,33.82026672363281,22.70395278930664,0.0,32.43280038740767,0.6735570486090696,0,0
2018-03-07,99851.5968814212,301.5103067700029,0.0002487837849134,0.7081191130219808,-0.1361159918213395,0.2603339164184541,0.0,33.551456451416016,22.13452911376953,0.0,32.51297968079868,0.6733219008205112,1,1
2018-03-08,99903.51207766816,301.69872216413705,0.000868313759743,0.4423249796443094,0.585227167596323,0.2632757969409289,0.0,33.65350341796875,23.08577919006348,0.06303338,32.59315897418969,0.6730867530319528,1,1
2018-03-09,99842.82208255625,302.2964415428143,0.0005625229393333,0.5620020400848736,-0.2293557862791824,0.2645753882713424,0.0,33.85857391357422,22.78055000305176,0.12308411,32.673338267580704,0.6728516052433944,1,1
2018-03-10,99794.47665541372,302.13292261195414,1.86542924285322e-05,0.0756635710602412,-0.0745342095062442,0.2655033587778915,0.0,33.86057662963867,23.214317321777344,0.95856214,32.753517560971716,0.6726164574548359,1,1
2018-03-11,99834.30157891104,302.17321377577787,2.8495601122460664e-06,0.2438661399003992,0.3082995978753317,0.2629714925238426,0.0,33.51814270019531,23.047409057617188,0.0,32.83369685436273,0.6723813096662775,1,1
2018-03-12,99840.66072382784,303.05420287364177,0.0004613151376831,0.2005675712848658,-0.1530627221610629,0.2624375858850269,0.0,32.47787857055664,23.50060272216797,0.30131084,32.91387614775374,0.672146161877719,1,1
2018-03-13,99883.29953257882,299.87322345274634,0.0091413632496348,-0.2855896232706779,-0.0243883609399154,0.3111246667067038,0.0,30.86198616027832,23.89544677734375,2.1096087,32.99405544114475,0.6719110140891607,1,1
2018-03-14,99875.03452616236,299.9382626496481,0.0052884035954353,-0.0532076423279094,0.0423431713315411,0.3714261737662535,2.722653,30.65593719482422,22.64843940734864,4.7231045,33.074234734535764,0.6716758663006022,0,1
2018-03-15,99874.50131452664,300.52297988008434,0.0026869753042876,0.0315705567745222,0.613768864973389,0.3753590672645793,0.5746461,32.37882614135742,22.893177032470703,6.7877126,33.16500990832238,0.6714407185120438,1,1
2018-03-16,99826.55519761569,300.21196586309907,0.0069469819452791,-0.0267912771484287,0.4873010002373072,0.3846941308371077,6.540147,32.5557861328125,23.133665084838867,4.8951855,33.255785082109,0.6712055707234854,1,1
2018-03-17,99817.24559525584,300.62953892480954,0.0034707014607127,-0.0250421375706156,-0.3798736712582654,0.4125722999082102,9.539199,32.64967727661133,23.6720027923584,11.283515,33.34656025589562,0.6709704229349269,1,1
2018-03-18,99920.7127686574,300.2321222859917,0.0069401576834605,-0.0141657627406981,0.0890715829969842,0.4178551987882904,4.0032387,32.95486068725586,23.660362243652344,12.394601,33.437335429682236,0.6707352751463685,1,1
2018-03-19,100035.60808594692,299.83204163644075,0.0069705678159128,0.0605519789172875,-0.1131791786758326,0.4304333047262679,8.409352,32.78019332885742,23.065406799316406,0.380723,33.52811060346885,0.6705001273578101,1,1
2018-03-20,99974.80444180396,300.9491681120605,0.0006467542502581,0.3173380279529552,0.4872388419286464,0.4031017231015521,1.390896,33.16149139404297,22.78270721435547,0.0,33.61888577725547,0.6702649795692517,1,1
2018-03-21,99971.65453253424,300.89697769642856,0.0018418838905996,0.5517429989653004,-0.2884655039905714,0.3841251969867665,0.021316756,33.60032653808594,22.768909454345703,0.9066753,33.70966095104209,0.6700298317806932,1,1
2018-03-22,99847.5717258098,300.13371551413707,0.0100248901936421,0.2369254052975757,-0.5568626883912939,0.4090402207418709,0.6903023,33.6981201171875,23.48650932312012,3.1017807,33.80043612482871,0.6697946839921348,0,0
2018-03-23,99806.3887373783,301.1042997539294,0.0025629811647176,0.7558952452600797,-1.0512661537824306,0.4190278652267742,7.020355,33.903072357177734,24.009803771972656,1.5520566,33.63221806640099,0.6688340973911044,1,1
2018-03-24,99843.02742105094,301.9341740264875,0.0006383388159355,0.2947287733185992,-0.4800982698538453,0.3937131870479335,3.7863123,33.73320007324219,24.00020980834961,0.0,33.46400000797327,0.6678735107900741,1,1
2018-03-25,99992.7714168174,301.89657744577204,0.00116944131058,0.3301042840377344,0.5374248497531109,0.3737524245590355,0.0,32.89140319824219,24.094423294067383,0.0,33.29578194954555,0.6669129241890437,1,1
2018-03-26,100025.86003766324,301.74421236597874,0.0008208790077623,0.6975560897330078,0.2656396970623946,0.3598932877714954,0.0,33.43752670288086,23.55405044555664,0.1177839,33.12756389111783,0.6659523375880133,1,1
2018-03-27,99983.43516612244,301.6615681249887,0.0016852093188557,0.5785659093497993,0.1296506394043408,0.3529115358873806,0.0,33.91819763183594,23.97317314147949,1.7046914,32.95934583269011,0.6649917509869829,1,1
2018-03-28,99958.831775752,301.5195305016425,0.0016548715381585,0.7921490133317391,-0.3081618542424159,0.3534874863916328,1.0001894,33.51173782348633,23.82242012023925,0.42961007,32.79112777426239,0.6640311643859526,1,1
2018-03-29,99946.97024031726,301.0536054722864,0.0040772237174488,0.4545595744779901,-0.645897780018997,0.3586122245939896,0.095168695,33.923553466796875,23.838457107543945,0.027298521,32.62290971583467,0.6630705777849222,1,1
2018-03-30,99874.36553084195,301.3058634915165,0.0019104100067795,0.8990039073413547,-0.7871610210956125,0.3697888528746128,0.0,34.672142028808594,24.37684631347656,0.016874123,32.454691657406954,0.6621099911838919,0,1
2018-03-31,99809.85026517096,301.73998886811825,0.0002910383315674,1.0554058113440914,-0.3829185113208715,0.3573083861514143,0.5096563,34.17346954345703,24.2114372253418,0.03524314,32.35044737335294,0.6611494045828615,1,1
2018-04-01,99760.72611735936,301.25442358146046,0.009309739370993,0.1037475876201157,-0.0210745181726684,0.3777059365213026,1.2673662,33.89986801147461,24.276460647583008,2.8111608,32.24620308929893,0.6601888179818312,1,1
2018-04-02,99870.43973333352,300.9989200451724,0.0054657103688821,0.2700183541460355,0.2268330773591909,0.4005628812340306,2.3021035,33.466854095458984,22.9626693725586,0.006976981,32.14195880524492,0.6592282313808008,1,1
2018-04-03,99801.82205244584,300.8161605413552,0.0053585021210155,0.0853211177858485,-0.3854310832096415,0.4155553716179672,0.89456505,33.46281051635742,23.868581771850582,0.79850507,32.03771452119091,0.6582676447797704,1,1
2018-04-04,99651.10125722886,301.24309547269337,0.0106756702725404,0.4374424621941078,0.1358944038485574,0.4140304340051192,1.0593213,34.335487365722656,23.67008209228516,0.10873943,31.933470237136895,0.65730705817874,1,1
2018-04-05,99642.52304113466,301.09488312718616,0.0023034400530305,0.4273469615031327,0.1222726020521807,0.4140193407058946,0.017217379,33.99685287475586,23.98573875427246,2.1553354,31.829225953082883,0.6563464715777096,1,1
2018-04-06,99729.16526820668,301.32686252848487,0.0010311556955935,0.4557811981468966,0.0489811520118497,0.3989411831074057,0.14715387,33.611305236816406,24.165388107299805,5.7779007,31.72498166902887,0.6553858849766793,1,1
2018-04-07,99792.9134887006,301.25820207601566,0.0059590904620464,0.5257321761367785,0.0564435210877391,0.3997088247859317,0.0,34.48138427734375,24.172657012939453,1.4139304,31.62073738497486,0.6544252983756489,0,0
2018-04-08,99802.71636382546,301.7815440703304,0.0007880878575477,0.2676212901406484,0.171177493048511,0.4093333753431513,1.3755577,33.859554290771484,23.577917098999023,1.681581,31.635889185287546,0.6560892717764895,1,1
2018-04-09,99828.03288717142,301.4829471440024,0.0020217789503852,0.1841717488577423,0.2578363382754698,0.3964745166969781,5.57399,33.11742401123047,24.013755798339844,1.0068092,31.651040985600233,0.65775324517733,1,1
2018-04-10,99719.19971043554,301.702336919954,0.0040197142018302,0.320790877206378,0.147554323111235,0.3915265288859093,1.1154016,32.9897346496582,23.60896682739257,6.553009,31.666192785912923,0.6594172185781706,1,1
2018-04-11,99798.41975107342,300.62804729609786,0.0081205182386364,0.3382683721983256,0.2950540780161333,0.4202201311111679,12.861806,33.38740158081055,22.981895446777344,6.1947894,31.68134458622561,0.6610811919790112,1,1
2018-04-12,99742.2970503798,300.30780525588125,0.0114712571632158,0.2178051381432705,-0.0386285381916695,0.452591101500489,5.196542,33.389408111572266,23.389619827270508,6.3564577,31.696496386538296,0.6627451653798516,1,1
2018-04-13,99813.4560911956,300.19829588788167,0.0067019938027345,0.0042053456059412,0.4718372385323314,0.4569264182764719,9.861956,32.72846221923828,23.277681350708008,13.609733,31.711648186850987,0.6644091387806922,1,1
2018-04-14,99788.30374468696,300.23745939160995,0.0124684653845755,0.0901894863443687,0.0820409295105822,0.4570094540881803,16.439814,32.855323791503906,22.74614524841309,7.326828,31.726799987163673,0.6660731121815328,1,1
2018-04-15,99848.50096153664,299.6263233544321,0.026159857291782,0.0144620623234903,-0.1171855495187837,0.4630100162202084,9.596756,31.982227325439453,23.705123901367188,4.6052217,31.74195178747636,0.6677370855823733,0,1
2018-04-16,99877.15321207949,301.0854361644515,0.0066189671654527,0.1755514618352795,0.0154428464430056,0.4586573574516921,15.913968,33.777496337890625,23.816146850585938,4.230228,31.351142722531712,0.6694010589832139,1,1
2018-04-17,99976.16538735689,300.71952014399886,0.002138624366353,0.29119573887301,0.0692823983138678,0.4611107485413853,16.387148,33.56669998168945,24.22753143310547,1.372469,30.960333657587064,0.6710650323840545,1,1
2018-04-18,99954.23110341586,300.37510826673946,0.0047269024806593,0.3623582461889381,0.0265223105547877,0.4611373399940158,0.80280936,32.858375549316406,24.30000114440918,4.133309,30.569524592642413,0.672729005784895,1,1
2018-04-19,99809.81922500452,300.6598122712869,0.0052018240502128,0.0948000886231349,0.3389814176558302,0.4577320333655772,3.7760084,33.42992401123047,24.66290283203125,1.338182,30.178715527697765,0.6743929791857355,1,1
2018-04-20,99809.16654728164,300.06750387147525,0.0067063213941873,-0.0675456454825811,-0.2343340092717576,0.4690526334522061,2.67157,33.4911003112793,24.25556945800781,2.3023443,29.787906462753117,0.676056952586576,1,1
2018-04-21,99746.0413150854,301.06234200142063,0.0070936890282546,0.072800030801743,0.1484423895010597,0.4603831915632438,1.2109579,34.17399978637695,24.52086067199707,4.804346,29.397097397808466,0.6777209259874166,1,1
2018-04-22,99814.1926478778,301.0639051847094,0.0014293463413697,0.0561173623937126,-0.1136201924036179,0.450811829757828,3.0215645,33.87760543823242,24.68714904785156,2.6476882,29.006288332863818,0.6793848993882572,1,1
2018-04-23,99800.86082170712,301.4659588212276,0.0035605886692481,0.403304664170689,-0.1323341892837174,0.4409031458149765,1.2827184,34.438228607177734,23.97676086425781,4.251611,28.61547926791917,0.6810488727890978,0,0
2018-04-24,99818.21864346912,301.3230597400539,0.0025654569692291,0.5528558854200417,-0.6650038752536932,0.4434156054443917,8.8313055,34.32345199584961,24.439546585083008,6.0009212,28.84749466990081,0.680184830469996,1,1
2018-04-25,99757.19455351878,300.7630869726362,0.0062694910906294,0.4499976819259987,-0.5718723700186684,0.4500666008587139,12.0210495,34.40168762207031,24.179079055786133,2.7034888,29.079510071882453,0.6793207881508943,1,1
2018-04-26,99649.10173735156,302.1126475601848,0.0013696487347944,0.4835750922831165,-0.7115063846562686,0.4386644808199131,2.0571964,34.36482620239258,24.626930236816406,6.6144633,29.311525473864094,0.6784567458317924,1,1
2018-04-27,99745.9540684587,301.7259519067805,0.0045245959230589,0.1586951205242939,-0.3096173788323569,0.4338719883508474,17.105005,33.76578903198242,24.312559127807617,4.672266,29.543540875845736,0.6775927035126906,1,1
2018-04-28,99862.904460868,301.3982915402548,0.0039696655972147,0.463598332277269,0.3114553562851677,0.4405111891100765,1.6345675,32.751068115234375,23.580968856811523,0.16500412,29.775556277827377,0.6767286611935889,1,1
2018-04-29,99776.42225293524,301.3096952013048,0.00385583689805,0.2948283658518873,-0.4854315205940993,0.4375410797590533,0.0,33.4080696105957,24.38842391967773,0.8984287,30.00757167980902,0.6758646188744871,1,1
2018-04-30,99750.756472676,301.1104586688727,0.0073045220646083,0.4673347805595008,-0.5637798007541387,0.4445197242629515,1.4446652,34.11471939086914,24.173887252807617,3.5066657,30.23958708179066,0.6750005765553854,1,1
2018-05-01,99803.8299327969,301.41247156214035,0.0007754312990953,0.51265018155962,-0.2071320180896383,0.4428128578267657,2.4618816,33.15034866333008,24.247783660888672,6.618078,30.4716024837723,0.6741365342362835,0,1
2018-05-02,99793.63819028495,301.2207279751001,0.0064989370760064,0.5185928672591517,-0.7725493310520692,0.4397996506276562,0.0,33.68547058105469,24.5665225982666,17.877172,30.512455144422766,0.6732724919171817,1,1
2018-05-03,99775.33134786756,301.0109028924557,0.0042533586783405,0.2655335160484823,-0.6496659030649493,0.4453410882189779,6.090267,33.15985870361328,23.328920364379883,14.90008,30.55330780507323,0.67240844959808,1,1
2018-05-04,99770.43379342942,301.0588142031846,0.007115824412475,0.2754453353432455,0.143363328776203,0.44891359107055,9.899276,32.38666534423828,23.45417213439941,13.842876,30.594160465723697,0.6715444072789782,1,1
2018-05-05,99894.68517657011,300.1029087790705,0.0103461618832206,-0.0777311592180004,0.3395868363984001,0.4633195098453251,3.7287345,31.94659805297852,23.85429954528809,17.639013,30.635013126374165,0.6706803649598765,1,1
2018-05-06,99965.3412061128,299.36835247685895,0.0051148833460778,-0.449877914463561,0.562961519903712,0.4712384704615524,8.460436,31.91061019897461,22.928449630737305,16.494759,30.67586578702463,0.6698163226407747,1,1
2018-05-07,99844.31816838244,300.475467456277,0.0041273208292118,0.0669638923418494,0.2427640365341962,0.4622308356441805,9.778543,33.03548049926758,23.7462215423584,18.406857,30.716718447675095,0.6689522803216729,1,1
2018-05-08,99764.17024123287,299.7924265886159,0.0083889855327822,0.0017997727025542,-0.008288024594999,0.4591220089242585,3.7411315,32.62587356567383,24.12119483947754,28.427458,30.75757110832556,0.6680882380025711,1,1
2018-05-09,99819.90297424851,298.84761464279114,0.0161623055813246,-0.3650282985789514,0.6991852024080436,0.4669345554673251,20.811283,31.500003814697266,23.154773712158203,35.301655,30.798423768976026,0.6672241956834694,0,0
2018-05-10,99923.62566665444,299.12819168071564,0.0146138552623308,-0.5786700500348881,0.5308685287831424,0.4709081634877321,35.084446,31.78192901611328,22.62883758544922,16.606323,30.681359939723595,0.6599890116926326,1,1
2018-05-11,99851.203603714,299.59497522170017,0.0120642132836039,-0.43460782781675,0.8566535624593395,0.4727970407134941,12.275676,32.50554275512695,23.165756225585938,23.148146,30.564296110471165,0.6527538277017958,1,1
2018-05-12,99823.02022343667,299.3263343219961,0.0151236418445231,-0.2272969333150235,0.3795448806025344,0.4687587403523148,10.163912,32.05705261230469,23.55264472961425,29.655634,30.447232281218735,0.645518643710959,1,1
2018-05-13,99790.50815245976,299.2457624087613,0.0085239880031469,-0.2326192529116389,0.2592897764234133,0.4744837494162445,28.48552,32.1385498046875,23.05043601989746,21.718966,30.3301684519663,0.6382834597201222,1,1
2018-05-14,99783.54606536524,299.7611974818673,0.0034681410300323,-0.0209121616976609,-0.1065323946065865,0.4766969268088989,11.375181,32.24113464355469,22.9411849975586,7.597238,30.21310462271387,0.6310482757292855,1,1
2018-05-15,99617.45497135936,300.38409650307153,0.0102357314466312,0.0690455566820781,0.2108573713530742,0.47450311018564,1.5617424,32.23941802978516,23.76645851135254,26.002808,30.09604079346144,0.6238130917384487,1,1
2018-05-16,99624.83903558264,299.1854890767652,0.0105235950998673,-0.3852881761765964,0.4807879482414418,0.469538865202335,15.90853,31.305814743041992,23.41055488586425,17.18439,29.97897696420901,0.6165779077476119,1,1
2018-05-17,99683.8203104457,298.9611561563472,0.0169300457414295,-0.4752158435409296,0.6536044647006091,0.4742711884913242,14.944254,31.53901100158692,23.308460235595703,13.47283,29.86191313495658,0.6093427237567751,0,1
2018-05-18,99690.850659482,298.7050819027838,0.0101371013032766,-0.6326596521101745,0.8503686907715862,0.4603355044082805,9.046624,30.95835494995117,22.69989585876465,12.696598,29.105033393766313,0.6021075397659383,1,1
2018-05-19,99615.67101600302,300.0992235437525,0.0028526633951021,-0.0414166258481678,0.4495931505397446,0.4524001935336836,0.5469823,31.65642547607422,23.414554595947266,7.8065143,28.348153652576045,0.5948723557751016,1,1
2018-05-20,99706.87304100556,299.0246407354892,0.0147731474717895,-0.2993159350874276,0.4376743788156877,0.4734559994016735,0.0,31.863012313842773,23.42853736877441,9.126717,27.591273911385777,0.5876371717842648,1,1
2018-05-21,99703.51081221033,299.0708514531225,0.0073099845715999,-0.2201267134213278,0.0253228679100529,0.4708008751844555,8.023174,30.69949722290039,23.17544174194336,10.757584,26.83439417019551,0.580401987793428,1,1
2018-05-22,99643.28589662498,299.6666657332833,0.0077979758632597,0.1755984533662792,-0.0670328010861038,0.471782799881372,0.7431016,32.11525344848633,23.057979583740234,6.1875606,26.077514429005245,0.5731668038025912,1,1
2018-05-23,99637.99293761834,298.7070139375841,0.016045438432889,0.1740809526706002,-0.4364981719515819,0.4758454083335959,0.5346527,31.61737060546875,23.4268741607666,16.084246,25.320634687814977,0.5659316198117544,1,1
2018-05-24,99529.97416000837,299.098540727845,0.0298754164781754,0.5513610250603941,-0.5965613939108965,0.4633512522168623,3.0862858,30.65624046325684,23.281944274902344,15.8356905,24.56375494662471,0.5586964358209177,1,1
2018-05-25,99467.4383081674,298.09748188637394,0.0531330587220252,0.1471372485834326,-0.2404769669359787,0.473016319201534,15.172247,27.89247703552246,22.205097198486328,6.464746,23.80687520543444,0.5514612518300809,0,0
2018-05-26,99366.58793470474,298.7542763772042,0.0261057573169522,-0.3474009289508228,0.5494581110876674,0.4671213658100452,4.112144,31.047143936157227,22.503793716430664,15.692871,24.524502307533492,0.5411491400210835,1,1
2018-05-27,99395.27461597227,298.0361170330248,0.0237922866933357,-1.3785813647202685,1.9810955255618248,0.4757664477915442,22.697968,31.174455642700195,22.58942413330078,19.094755,25.242129409632543,0.5308370282120861,1,1
2018-05-28,99506.77913211896,298.2937796065722,0.0461155613363756,1.7947833421984345,1.147316013209048,0.4781365087935381,19.863298,30.52840614318848,23.381317138671875,21.15098,25.959756511731594,0.5205249164030886,1,1
2018-05-29,99586.27143002374,299.1672990924823,0.0083385234155458,1.5594764397198482,-0.9232658434120532,0.4685469947335295,49.66979,30.841981887817383,23.621675491333008,1.7857513,26.677383613830642,0.5102128045940912,1,1
2018-05-30,99597.72087827005,298.7335361483465,0.0104966906607423,0.6735462789882878,-0.3144777543356477,0.4796224003271469,30.87991,31.312747955322266,23.09381866455078,5.8286977,27.395010715929693,0.49990069278509386,1,1
2018-05-31,99600.26417265822,299.9858243930568,0.0022848725335691,0.1142149919614666,0.874974518530729,0.46710480461758,8.533885,31.39594268798828,23.58144760131836,4.2080364,28.112637818028745,0.4895885809760964,1,1
2018-06-01,99637.20042721528,299.4251823443635,0.0089862799514427,-0.183284365395712,1.2762524289341983,0.4783189234531245,2.625552,31.098865509033203,23.909404754638672,7.9837766,28.830264920127796,0.47927646916709904,1,1
2018-06-02,99677.60142902823,298.65581266048054,0.0160444361418703,-0.0947842245449282,1.0172225839172593,0.475921484351889,0.38195208,30.70166206359864,23.82563018798828,15.14422,29.547892022226847,0.4689643573581016,0,1
2018-06-03,99660.7116812206,297.7217359878737,0.031435059400701,0.0027668184064187,0.472792880955561,0.4755232133806891,14.990891,29.447416305541992,23.33272361755371,21.497389,29.35677316029728,0.4586522455491042,1,1
2018-06-04,99575.8085000733,297.8000496521437,0.021006640620194,0.1765711016631467,0.373859467823383,0.4793826156058611,25.923998,30.407241821289062,22.92024612426757,21.900646,29.165654298367713,0.44834013374010684,1,1
2018-06-05,99660.06582317682,298.3116785772347,0.018298232845875,0.2986794586493456,0.401731240031438,0.4805615011610252,25.902706,30.354028701782227,23.35779571533203,6.6675153,28.974535436438146,0.4380280219311094,1,1
2018-06-06,99841.18802508284,298.67564069016765,0.0198397725451799,0.8936422996644806,0.4140922242825042,0.4779979826409824,1.2871643,31.72904396057129,23.62965965270996,17.71494,28.78341657450858,0.427715910122112,1,1
2018-06-07,99834.99875614184,297.8913357733879,0.0275583286884896,1.5719162603599095,0.617726099578531,0.4818478899658952,22.778349,29.239614486694336,23.274215698242188,38.053505,28.59229771257901,0.4174037983131146,1,1
2018-06-08,99730.16784496288,298.00295529787985,0.030893613359479,2.8436206499391603,0.2635107999926134,0.4825030688067901,38.11216,29.94695854187012,22.960798263549805,15.237606,28.401178850649444,0.4070916865041172,1,1
2018-06-09,99741.2768680294,297.87567664425114,0.0458826416941528,3.660935540743237,-0.2290952592848126,0.4812737475336852,38.42664,28.7278060913086,23.228391647338867,18.098713,28.210059988719877,0.3967795746951198,1,1
2018-06-10,99828.95950171015,298.00128376898056,0.0288439219788314,2.7657003965583007,-0.3829535449807899,0.4788433614438049,57.483196,29.64208602905273,23.000991821289062,20.67336,28.01894112679031,0.3864674628861224,0,0
2018-06-11,99884.23543801982,297.94609123268503,0.0335910802943413,2.379506898135545,-0.2718215903233903,0.4751854154951571,80.32219,29.188560485839844,23.34316635131836,19.366104,27.827816476885566,0.3966116705649717,1,1
2018-06-12,99876.47781269722,297.8884226893818,0.020193223918409,1.4408288309817447,-0.1440089096715207,0.4787824244177647,49.418312,29.780517578125,23.46245002746582,15.301492,27.636691826980822,0.4067558782438211,1,1
2018-06-13,99888.80360558054,297.67857580646927,0.0226347350338078,1.856912208242561,-0.2685490772262446,0.4839500243137312,27.81334,29.65909767150879,23.884559631347656,38.82916,27.44556717707608,0.4169000859226704,1,1
2018-06-14,99917.25618020027,297.5516601951812,0.0265286702817085,1.5479371010906091,-0.3112504130760227,0.4751681867650616,54.457146,28.07822036743164,22.730796813964844,38.62955,27.254442527171335,0.42704429360151974,1,1
2018-06-15,99946.19547355828,297.8274362561566,0.0141155699377561,1.055499037293119,-0.1130987479288656,0.4738772529036196,16.309656,29.773536682128903,23.094602584838867,11.63327,27.06331787726659,0.4371885012803691,1,1
2018-06-16,100025.03143565136,297.93916496632704,0.0162842454954937,1.301913459393565,-0.1441611179524222,0.4807033805925122,0.6372876,29.516319274902344,23.45452690124512,18.632936,26.872193227361848,0.44733270895921845,1,1
2018-06-17,99979.3631494217,298.0465045635023,0.0101459468512693,0.8402949765491177,-0.4889170602044602,0.463741804949007,23.92139,29.849027633666992,22.9776611328125,1.850396,26.681068577457104,0.4574769166380678,1,1
2018-06-18,99961.03975116498,297.9168416805202,0.009315400936846,0.6615073862865661,0.2924752972535552,0.4955698810728257,6.1773686,29.90239906311035,23.077051162719727,1.6256267,26.48994392755236,0.46762112431691716,0,1
2018-06-19,99904.61631494452,297.549288178224,0.0272083241969408,0.8692114857874153,0.7972606422523135,0.4818860709860657,21.463543,29.703039169311523,22.9000186920166,16.992994,26.503213202408503,0.4777653319957665,1,1
2018-06-20,99860.53741135928,297.2710437788415,0.0341857127456979,1.462452178076492,0.9515355289061208,0.4781885311027203,44.62464,28.497827529907227,22.23353385925293,12.13868,26.516482477264645,0.4879095396746158,1,1
2018-06-21,99828.25661154764,297.288710973744,0.0390154240989444,1.4943764477140673,-0.0420584819654759,0.4759260518775277,42.847538,27.80998992919922,22.196063995361328,30.282568,26.529751752120788,0.49805374735346514,1,1
2018-06-22,99790.72369855056,297.4235505341251,0.0259688670911214,1.257808083452733,-0.1219891004514229,0.4737730722098357,25.89149,29.581287384033203,22.18953323364257,3.4066377,26.54302102697693,0.5081979550323145,1,1
2018-06-23,99798.17948946406,297.38305137185813,0.0207819467007019,0.8225498841436225,-0.2599359568473109,0.4829118783434705,11.709106,29.43225860595703,22.317291259765625,24.468494,26.556290301833073,0.5183421627111638,1,1
2018-06-24,99868.45014612636,297.86525332330154,0.0068211484750079,0.9941123357571752,-0.0415098566693144,0.4916565438018481,9.33329,30.587553024291992,22.85684394836425,0.0,26.569559576689215,0.5284863703900132,1,1
2018-06-25,99851.28494858812,297.2037837302144,0.020830556272753,1.160031268796979,-0.2019969467962572,0.4889904024051006,3.6156266,30.014854431152344,22.76786994934082,5.9873586,26.582828851545358,0.5386305780688625,1,1
2018-06-26,99769.6274200414,297.90846666766413,0.0057640757866684,1.0325765468736354,-0.7797546763591491,0.4956104558510682,23.625986,30.700428009033203,22.65788078308105,5.4637713,26.5960981264015,0.5487747857477119,0,0
2018-06-27,99743.57056735244,297.37491795443225,0.0222560882290895,1.027726173744793,-0.5174132840165384,0.4815076424935387,10.4006815,29.961971282958984,22.831750869750977,11.595942,26.589125702145125,0.5334977000937351,1,1
2018-06-28,99763.86847913568,296.5936901236056,0.0176487778787781,0.1485444190539711,-0.086340721058493,0.4732446218858131,24.28511,29.401126861572266,22.242006301879883,7.9000807,26.58215327788875,0.5182206144397583,1,1
2018-06-29,99745.3970851153,296.7977942822,0.0420930216575,0.514490655127992,-0.2996014905729637,0.4782925572643516,14.941149,30.71976661682129,22.16806030273437,11.292017,26.575180853632375,0.5029435287857816,1,1
2018-06-30,99780.44703025924,297.5355930899267,0.0083303734029673,0.3597081571061503,-0.6034285812828458,0.4733647980330613,6.3553,30.8012809753418,22.619604110717773,21.777374,26.568208429376,0.48766644313180485,1,1
2018-07-01,99802.78622977616,297.61351353498253,0.0143650409611303,0.3804660429818684,-0.3001562577483889,0.4787659234102994,5.120692,30.465938568115234,22.59290313720703,48.945602,26.561236005119625,0.47238935747782806,1,1
2018-07-02,99824.9984866157,297.7340032609843,0.0121034598450412,0.5427565989062713,-0.4751444097493241,0.4759746766574738,8.569202,30.247936248779297,22.71820068359375,35.594997,26.55426358086325,0.45711227182385133,1,1
2018-07-03,99867.816201875,298.2670177262998,0.0053815172908314,0.56822970532815,-0.8217870448841931,0.4866709854184672,13.29291,30.201416015625,22.435182571411133,5.595077,26.547291156606875,0.44183518616987455,1,1
2018-07-04,99900.01386521535,299.06059759845954,0.0019034848946517,0.6442348188126741,-1.1260752745840554,0.4762233320745887,3.072665,31.4227237701416,23.07089233398437,0.0,26.5403187323505,0.4265581005158978,0,1
2018-07-05,99914.46111839711,298.65336165970984,0.0044148862909111,1.1752968632353802,-1.061740604669576,0.4755952827975446,0.0423354,31.09966278076172,22.99576759338379,0.0,26.35369668955994,0.41128101486192103,1,1
2018-07-06,99859.53254128354,298.864187895872,0.0036935617932861,1.191353105699118,-1.7086199074499973,0.4797162854882126,7.037252,31.25050544738769,22.7790756225586,0.23715167,26.16707464676938,0.39600392920794425,1,1
2018-07-07,99806.5529245459,297.233002392686,0.0231412819403934,1.9436462488093047,-0.6634489676889026,0.4795947417084852,3.924567,30.24418830871582,23.34543228149414,26.20581,25.98045260397882,0.3807268435539675,1,1
2018-07-08,99741.84399328956,297.0303622423593,0.0181329914842578,2.3414949455403384,-1.1184190757458912,0.4820650741305686,28.842834,29.022750854492188,22.834184646606445,37.89844,25.79383056118826,0.3654497578999908,1,1
2018-07-09,99812.1339749486,296.6390402445729,0.0265693062639301,2.2224553857575904,-0.5421271768093741,0.4791866850001779,41.140587,27.264305114746094,22.802392959594727,56.65425,25.607208518397698,0.350172672246014,1,1
2018-07-10,99910.83719603186,296.8366142162439,0.033872658920834,2.312459441500367,-0.3510184159630236,0.4783874573164769,67.03068,27.45645523071289,22.05023956298828,37.941563,25.420586475607138,0.3348955865920372,1,1
2018-07-11,99923.1900519284,296.8445624869552,0.0291891480831254,2.1288231249998533,-0.707994447532275,0.4811388776485474,72.57667,26.897781372070312,21.74032020568848,79.540184,25.233964432816578,0.3196185009380605,1,1
2018-07-12,99824.96696327448,297.75152246016904,0.0178405914462283,1.5073482854132152,-0.5849797567190325,0.4858499196361271,47.52143,29.096155166625977,21.51024436950684,2.6024199,25.047342390026017,0.3043414152840837,0,0
2018-07-13,99819.87767113734,296.818027224187,0.0199884622103934,1.6168051477893786,-0.418987177615986,0.4885357587236325,44.03713,28.76449966430664,22.2337589263916,3.591349,25.191046864841656,0.31028454440534375,1,1
2018-07-14,99733.55553487544,297.274662779707,0.0208668683071146,1.7725781013020134,-1.0510601212104531,0.4719263641489485,44.416393,30.015352249145508,22.482017517089844,1.6169926,25.334751339657295,0.31622767352660375,1,1
2018-07-15,99740.05990927444,297.0573787482861,0.0427451101152846,2.49931768162174,-0.8118273132279284,0.4770576544916535,47.488262,26.17391967773437,21.987791061401367,91.109184,25.478455814472934,0.3221708026478638,1,1
2018-07-16,99834.86818601433,296.93567365579185,0.0448304568075541,1.8317612947101047,-0.6177274051774708,0.4765458786225345,119.060356,27.18257713317871,21.20236015319824,42.716465,25.622160289288573,0.3281139317691238,1,1
2018-07-17,99834.55124640554,297.5525664776503,0.0208252099702329,1.555837913006025,-0.8727598579933847,0.4775739710610969,54.130817,29.072439193725582,20.830753326416016,3.8866806,25.76586476410421,0.33405706089038384,1,1
2018-07-18,99878.66307936369,297.1314763907044,0.0234715285399653,1.3897331697262456,-0.919019656795223,0.4772672677272243,71.88102,28.773799896240234,21.54680252075196,7.2201176,25.90956923891985,0.34000019001164383,1,1
2018-07-19,99924.09251553302,296.99579293872034,0.0218402810800365,0.9818875734329454,-0.5729281218210398,0.4812469120165494,28.86298,27.82174491882324,22.368268966674805,12.298655,26.05327371373549,0.3459433191329039,1,1
2018-07-20,99946.28526166572,296.8818782245129,0.0231600278664366,1.0571355240779765,-0.6413389298330922,0.4825964457771787,40.532017,28.893123626708984,22.507680892944336,40.600536,26.196978188551128,0.35188644825416393,1,1
2018-07-21,99988.36246081544,297.6592458265735,0.0120147448856504,1.3011937343754694,-1.2383387219892958,0.4932261191963191,15.877177,29.52912139892578,23.1643009185791,28.430132,26.340682663366767,0.3578295773754239,1,1
2018-07-22,99920.21129283776,298.1329757833957,0.0083080878782126,0.9308932616541856,-1.5566268042025475,0.4824537438173568,10.929202,30.380035400390625,22.832311630249023,0.0,26.484387138182406,0.363772706496684,1,1
2018-07-23,99907.3044861185,297.7893627059906,0.0125040535454998,1.013391622457815,-1.482571809162012,0.4833882029547487,20.650194,30.17091560363769,22.79317283630371,0.017425662,26.628091612998045,0.36971583561794397,1,1
2018-07-24,100004.16601216204,297.6695937566967,0.0120747733069574,0.8933777529999303,-1.2936018774437497,0.4717661325340304,45.010563,29.552051544189453,22.999887466430664,0.13542189,26.771796087813684,0.375658964739204,1,1
2018-07-25,99995.54531888598,297.5673344439362,0.0101575331855782,0.9879417093861405,-1.1822270057224027,0.489938986790067,43.211784,30.45539283752441,22.80849266052246,2.5631018,26.915500562629322,0.381602093860464,1,1
2018-07-26,100035.1211839051,297.9371845654848,0.0057386693302763,1.2610346258424596,-1.2014290827772829,0.4951512045206281,25.27822,30.41510581970215,23.253604888916016,0.82552564,27.05920503744496,0.38754522298172406,1,1
2018-07-27,99976.90657534476,298.4370249472984,0.004355324188859,0.8849926013215144,-0.914016911367024,0.4912100402276265,8.820991,30.825897216796875,22.806472778320312,0.928619,27.2029095122606,0.39348835210298405,1,1
2018-07-28,99900.02921035903,298.2348226821685,0.005849594137967,1.268513573005604,-0.7555565732877292,0.4919037866483501,1.2778593,30.376558303833008,23.116256713867188,19.089636,27.34661398707624,0.3994314812242441,0,0
2018-07-29,99811.90546513442,298.07341924924833,0.0108999809594771,1.0990539653496985,-0.5783731521558756,0.4910051816070662,24.724169,30.97871780395508,23.553577423095703,13.956698,27.12741843162864,0.39865922514923974,1,1
2018-07-30,99846.0961443918,297.5728018575311,0.0146761377914004,1.0368992596495707,-0.1886354425174426,0.4703729299129611,14.034514,30.453670501708984,23.61319923400879,48.63805,26.908222876181043,0.3978869690742353,1,1
2018-07-31,99980.12036464438,296.85668449800795,0.0114554368644591,0.0993312024514195,-0.2547341045930361,0.4675936855394575,44.30945,28.07075500488281,21.91729164123535,62.534073,26.689027320733445,0.39711471299923096,1,1
2018-08-01,100009.62160075488,297.6919196172753,0.0037349830701591,0.6295840165580405,-0.517845286100956,0.4808249936136494,31.538113,29.083478927612305,21.7274169921875,0.49128464,26.469831765285846,0.3963424569242266,1,1
2018-08-02,100043.39885675628,298.5886308248406,0.0059110638545423,0.8124455067813076,-0.8363962170022772,0.4813363398191864,3.597459,30.61664581298828,22.71779441833496,11.964914,26.250636209838248,0.3955702008492222,1,1
2018-08-03,100092.47647111234,297.60268964491183,0.0040255313976279,0.2351693541889854,-0.7952503983196926,0.4907435441134656,10.17866,29.49846649169922,22.686538696289062,10.553472,26.03144065439065,0.3947979447742178,1,1
2018-08-04,100095.17283729972,297.802888618494,0.0033746819487771,0.6634435595221095,-0.8591242398847712,0.4879257745762285,4.7696824,30.26119613647461,22.82889938354492,1.9276603,25.812245098943052,0.39402568869921345,1,1
2018-08-05,100092.17172098508,298.21811256702165,0.0050874738670109,1.5201001465929609,-1.2500089137567638,0.4839797947953879,3.245558,30.355070114135746,22.975488662719727,2.0549107,25.593049543495454,0.3932534326242091,0,1
2018-08-06,100003.05412373735,297.7989386498806,0.007110240350396,1.306269655435156,-0.9866443415045784,0.4934652478437839,3.8786278,30.190921783447266,22.278696060180664,1.1285483,25.668602443209863,0.39248117654920467,1,1
2018-08-07,99884.51805724988,296.7797155544182,0.0164113365195727,1.0280581335706742,-0.6655583134464438,0.4867166533380164,9.553955,29.08024024963379,22.59140014648437,11.253489,25.744155342924273,0.3917089204742003,1,1
2018-08-08,99864.15567655272,296.3382987320345,0.0288667546380787,1.2238227201347842,-0.4128343337773561,0.4792197650836514,59.149143,27.38672637939453,21.905664443969727,28.946894,25.819708242638683,0.39093666439919594,1,1
2018-08-09,100048.1082573354,297.2469468502517,0.0120605929041656,0.7682791064602061,-0.7919807821415497,0.4825184793766912,71.03111,29.12641716003418,21.526641845703125,14.581701,25.895261142353093,0.3901644083241915,1,1
2018-08-10,100133.21956902593,297.0356604221535,0.0144627446001761,0.8135513551448138,-0.9927283890589252,0.4765063438410941,36.861126,28.59614372253418,22.4056339263916,30.880903,25.970814042067502,0.38939215224918716,1,1
2018-08-11,100028.5092057949,296.5487615583264,0.0112387588135467,0.6797766891261222,-1.2292801846476586,0.4771798181195631,26.03993,28.65785026550293,22.31364250183105,37.66898,26.046366941781912,0.3886198961741828,1,1
2018-08-12,99921.01148643636,296.40301815330565,0.0183451103400089,0.9209020653371698,-0.9579628445606622,0.4888078493773329,15.318448,28.347375869750977,22.18772315979004,20.249987,26.12191984149632,0.3878476400991784,1,1
2018-08-13,99907.7153737632,296.81407565316243,0.0239826744452729,0.3818446084962669,-0.4737807220959265,0.4859970097129685,38.181164,29.052396774291992,22.15193557739257,5.9774227,26.19747274121073,0.387075384024174,1,0
2018-08-14,99863.06671081686,296.548019735669,0.0726442437872876,3.021935911301251,-0.1395380395667343,0.4802633673687052,42.579712,28.42115974426269,22.39971160888672,73.74708,26.27302564092514,0.40516798907532203,1,1
2018-08-15,99893.9882467375,296.2822142721499,0.1409476688350229,3.383326622052381,0.3841115287009706,0.4869475904057298,141.5783,25.611417770385746,21.062089920043945,71.37467,26.34857854063955,0.42326059412647005,1,1
2018-08-16,99905.52504544146,296.3153078762697,0.0623674033943938,2.645885742431449,-0.1894571234191434,0.4755467696751033,185.42488,26.74459457397461,21.042192459106445,47.520157,26.42413144035396,0.44135319917761806,1,1
2018-08-17,99790.51838599896,296.76084684222246,0.0294234677278853,2.571805296644653,-1.1093488367636453,0.4760380898663768,98.32796,27.55966186523437,21.523826599121094,31.317738,26.49968434006837,0.4594458042287661,1,1
2018-08-18,99843.26604008896,296.96849628205,0.020173583292736,2.317613858473905,-1.1598732065647208,0.4782720458723918,48.29648,27.49583625793457,21.78793716430664,22.806965,26.57523723978278,0.4775384092799141,1,1
2018-08-19,99844.02905792886,297.1443401551731,0.0150661281368124,1.9739175373035671,-1.436115215927782,0.4808634804882586,30.027294,28.89262008666992,21.822006225585938,16.573952,26.65079013949719,0.4956310143310621,1,1
2018-08-20,99930.06349540352,296.90238168558005,0.0100653433021637,1.1432724184737153,-1.0167664888888432,0.4878977782337378,17.09657,29.39637756347656,22.087310791015625,13.230291,26.7263430392116,0.5137236193822101,1,1
2018-08-21,99943.40358936905,297.96901925508047,0.0036658196956343,0.991115405218778,-1.0090413933147648,0.4853846198851307,11.743568,30.3359375,22.377899169921875,2.122466,26.80189593892601,0.5318162244333581,0,1
2018-08-22,99947.72371240253,298.28376818717794,0.0035116783658498,0.8219753874796976,-1.298058807613443,0.479109401384187,6.6076484,31.166099548339844,22.370325088500977,0.0,27.296594449510998,0.5499088294845061,1,1
2018-08-23,99940.40415002088,298.6846379888704,0.0009705645112496,1.32437149471554,-1.515222553665756,0.4663637722752274,2.4458241,30.84867477416992,23.03001976013184,1.7039573,27.791292960095987,0.5680014345356541,1,1
2018-08-24,99891.97055638826,298.39233762023684,0.0005587519526352,0.882680945448584,-1.3251940604227213,0.4573186168677534,0.952782,30.380762100219727,23.18880081176757,20.250866,28.285991470680976,0.5860940395868022,1,1
2018-08-25,99839.48942509246,298.4165058078668,0.0007807355504409,1.0352658022910248,-1.301154090028669,0.4501841224462227,0.11558323,30.46714210510254,22.52092170715332,19.221262,28.780689981265965,0.6041866446379501,1,1
2018-08-26,99790.37501197372,297.9496575341888,0.0051506285718766,0.9905834278244714,-0.9655247041419344,0.4618905507998049,0.03227676,30.373817443847656,22.54012680053711,17.034594,29.275388491850954,0.6222792496890981,1,1
2018-08-27,99847.63420068848,297.8438762880773,0.0051435168672674,0.5313316658864675,-1.0691352841630268,0.4781055585712406,2.6362376,29.80794906616211,22.704774856567383,20.173836,29.770087002435943,0.6403718547402462,1,1
2018-08-28,99930.3428767989,296.9389567319585,0.0158025656763638,0.865692348688866,-1.2050081264200312,0.4835482801521522,16.584082,29.858367919921875,22.189701080322266,15.892675,30.264785513020932,0.6584644597913942,1,1
2018-08-29,99954.94160082296,297.5424000283448,0.0045214939060421,0.5624197386594787,-1.3578157702780842,0.4769943055947221,8.543581,30.255102157592773,22.415416717529297,2.1719923,30.75948402360592,0.6765570648425422,0,0
2018-08-30,99897.2874432305,298.26655444991115,0.0021421178568153,1.086090989404608,-1.3902973542492585,0.4677627558661763,2.8729713,29.72269821166992,22.61585235595703,2.5736876,30.87764652009274,0.6756513526873914,1,1
2018-08-31,99948.36301759342,297.36748266099727,0.0134334635553599,0.3683016584790488,-0.8508930855150452,0.4849051466239216,2.8580403,29.481201171875,23.16850471496582,27.678522,30.995809016579557,0.6747456405322407,1,1
2018-09-01,99999.89535426717,297.5215546756657,0.0038316984219732,0.4123821625386828,-0.6412891661236674,0.4574696905037749,6.913464,29.876853942871094,22.629148483276367,4.637977,31.113971513066375,0.67383992837709,1,1
2018-09-02,99997.49136565677,298.16470866175234,0.0019133289986425,0.8063565823217614,-0.8742309108722209,0.4594911805052125,1.6800015,30.42543601989746,22.706987380981445,3.858444,31.232134009553192,0.6729342162219392,1,1
2018-09-03,99983.547380831,298.55549931586364,3.639632583576656e-05,0.8374203203790305,-0.9039063000280652,0.4498492908214116,1.6010848,31.02409172058105,23.146175384521484,1.965803,31.35029650604001,0.6720285040667885,1,1
2018-09-04,100034.27475196793,298.58304978884365,0.0003616271463389,0.975029481662439,-0.9936320843469034,0.4358491103141007,0.0,31.231687545776367,22.14504623413086,0.7737685,31.468459002526828,0.6711227919116377,1,1
2018-09-05,100010.58898451824,298.37327439837463,0.0011237800013784,0.8351835791258473,-0.9776838555446624,0.432216355628385,0.19868697,30.81396102905273,22.19270133972168,0.0,31.586621499013646,0.670217079756487,1,1
2018-09-06,99976.44441681883,298.1363682646579,0.0036471209894901,1.157491818315809,-0.7381388523040132,0.4331359049350772,0.0,31.24388313293457,22.2619857788086,0.0,31.704783995500463,0.6693113676013362,0,1
2018-09-07,100010.2800886666,298.1843443688384,0.0017637122791291,0.7035110914760205,-0.7817406988241364,0.4450903343515249,0.0,31.35477066040039,22.470090866088867,0.0,31.55280115451039,0.6684056554461855,1,1
2018-09-08,99913.99158799232,298.5539108963738,0.0006715040177031,0.7641255534287044,-1.0993527334346007,0.4328521795464273,0.0,31.886215209960938,22.65771484375,0.0,31.40081831352032,0.6674999432910348,1,1
2018-09-09,99926.351291037,299.1390494247916,4.176378080851184e-05,0.9658501628844094,-0.9203473416239129,0.4161855435339874,0.0,31.424251556396484,22.88343811035156,3.0247314,31.248835472530246,0.666594231135884,1,1
2018-09-10,100083.63278978514,298.91076852106283,1.2595202355167349e-05,0.8893494810647068,-1.0165106663696466,0.4017254509222537,0.48744848,31.532241821289062,22.66645240783692,1.8834281,31.096852631540173,0.6656885189807333,1,1
2018-09-11,100078.28657906836,299.1143890098392,0.0001329956837472,0.911207747066776,-0.8264319415791188,0.3903813003877534,0.3129705,31.191469192504883,22.487348556518555,3.8058589,30.9448697905501,0.6647828068255826,1,1
2018-09-12,99925.54159153748,299.29097602143577,7.788638606270416e-05,0.9810940391356194,-0.7935247845712196,0.3806053440879495,1.037777,31.88194465637207,22.74343681335449,1.501199,30.792886949560028,0.6638770946704318,1,1
2018-09-13,99879.88631135006,299.1066011833965,0.000330814591742,0.9841999742242205,-0.9553524781941422,0.3728886270826863,0.0,31.46573066711425,22.84400177001953,6.8346334,30.640904108569956,0.6629713825152811,1,1
2018-09-14,99960.86793233582,299.11761754647324,6.879724527239327e-05,0.7660306074653974,-0.488931701696038,0.3636874562201699,0.031581666,31.321531295776367,22.592578887939453,10.407841,30.488921267579883,0.6620656703601303,0,0
2018-09-15,99941.76110844244,299.2269581715523,0.0001069013860861,0.6245415753248666,-0.5065910692670079,0.3550140413187318,0.2865569,31.31424140930176,22.89832878112793,8.27908,30.74382334891242,0.6611581733285496,1,1
2018-09-16,99875.41767245914,298.5794618686584,0.0119482160845131,0.5689149137327973,-0.1016091654286073,0.3851348911573829,0.15851068,30.396642684936523,22.92816162109375,3.2147245,30.99872543024496,0.6602506762969691,1,1
2018-09-17,99882.72723784132,298.10870274661727,0.0046437339655036,0.471077220745708,-0.1941859664101916,0.4594295992130757,1.9022214,30.67367935180664,23.06558418273925,0.30626324,31.2536275115775,0.6593431792653884,1,1
2018-09-18,99913.9082023033,298.52472283700035,0.0047218162930147,0.9558852773859658,-0.0267806628358265,0.4543008884567958,0.5289216,31.21245765686035,22.922456741333008,2.1531234,31.508529592910037,0.6584356822338078,1,1
2018-09-19,99817.7815830338,298.1882803841614,0.0057144827493159,0.6229849124215576,-0.731966866310836,0.4592273236180831,1.7403919,30.459697723388672,23.12356758117676,2.5766451,31.763431674242575,0.6575281852022272,1,1
2018-09-20,99685.40770504173,297.8190787042876,0.0049191912642206,0.1812304320107831,-0.0168985084123745,0.4626666705386829,12.513269,30.691017150878903,22.58408164978028,1.1371094,32.018333755575114,0.6566206881706466,1,1
2018-09-21,99789.5687750509,298.5459192736617,0.0013436974115935,0.313335582175096,-0.1991548341603674,0.4499078502533511,5.047256,31.82865524291992,22.24951171875,0.0,32.27323583690765,0.655713191139066,1,1
2018-09-22,99973.7518469463,299.15267228558605,0.0006635382132026,0.1688760837005127,0.0739630569358731,0.4320809538224839,0.0,31.99493980407715,22.650434494018555,0.80661124,32.52813791824019,0.6548056941074853,0,1
2018-09-23,100072.04582084308,299.08983188381086,0.0039865986287298,0.0196433046113729,0.2082115096933553,0.4302566270155323,0.2294862,32.2552490234375,23.372314453125,19.660881,32.26158492907981,0.6538981970759047,1,1
2018-09-24,100053.58975224498,299.0311512360708,0.0050728196245653,-0.0133462970768951,-0.0610117235211228,0.4455424109421209,16.064938,31.45150375366211,22.34714698791504,12.051641,31.99503193991943,0.6529907000443241,1,1
2018-09-25,99912.70989003436,299.5319403671191,0.0005320244859763,0.462388826084332,-0.5497998635719309,0.4319246012168027,10.317313,31.40068626403809,22.98593521118164,6.310945,31.728478950759047,0.6520832030127435,1,1
2018-09-26,99789.26441072396,299.65244491330446,0.0125886067360711,0.2474505361104645,-0.3351991391838249,0.4349738005362876,1.5159701,31.90632057189941,23.111814498901367,15.885531,31.461925961598666,0.6511757059811629,1,1
2018-09-27,99755.4139903642,299.0962993581933,0.0129320961941327,-0.0667529385283899,-0.1010499182250697,0.4649656258862901,8.221349,31.66048812866211,23.26206588745117,18.082924,31.19537297243829,0.6502682089495823,1,1
2018-09-28,99803.41005758422,299.0642743326751,0.0177444136603449,0.0895467866626349,-0.0706175501378973,0.4718483904116226,6.687621,30.926000595092773,22.91953659057617,27.558693,30.928819983277908,0.6493607119180016,1,1
2018-09-29,99831.19567810927,298.5542131115116,0.0110873657333664,-0.0861260991555621,-0.1632726497125103,0.4734159197453652,36.674,29.82455444335937,22.750200271606445,24.289984,30.662266994117527,0.648453214886421,1,1
2018-09-30,99809.41405434148,298.7480807244198,0.0119331972298756,-0.2802881710173091,-0.2119298560757779,0.4769316290502208,13.347844,30.9299545288086,23.09196662902832,18.604647,30.395714004957146,0.6475457178548404,0,0
2018-10-01,99808.65022903848,298.6811085529146,0.0083769179996152,-0.2344738225951792,0.1782470802258293,0.4806686798702826,19.320889,30.319557189941406,22.57499885559082,13.564349,30.383982683098314,0.652066451709834,1,1
2018-10-02,99863.27771963087,298.74195471221486,0.0049832669361946,-0.2062430557744378,-0.0024269730845012,0.4801679234734549,5.548778,30.218320846557617,23.003618240356445,11.631567,30.37225136123948,0.6565871855648275,1,1
2018-10-03,99841.96264422464,298.413242402451,0.0235032693915954,-0.1869287732731109,-0.1076748711742708,0.4737998410076001,20.559156,29.418716430664062,22.75013542175293,19.680998,30.36052003938065,0.661107919419821,1,1
2018-10-04,99752.57494157532,298.0397399797336,0.0275080212151105,-0.3197164963122557,-0.0032264474980431,0.4772124142009974,27.884356,28.11693382263184,22.19291877746582,12.341805,30.348788717521813,0.6656286532748147,1,1
2018-10-05,99719.13118237196,297.7385429930753,0.0310956902852213,-0.3621002116560406,0.0359440200216195,0.4689473777970006,23.643137,28.195018768310547,22.6815242767334,17.471422,30.33705739566298,0.6701493871298083,1,1
2018-10-06,99755.55045484877,298.43773007063305,0.0093185966021442,-0.4747151130523114,0.1546842706133244,0.4723486795435732,3.0478313,29.3615779876709,23.07084274291992,12.824557,30.32532607380415,0.6746701209848018,1,1
2018-10-07,99810.18973691392,298.45117106932355,0.0130504139318064,-0.6525180354429592,0.6274885284684286,0.470099905531973,9.055776,29.72183418273925,22.673139572143555,12.060892,30.313594751945317,0.6791908548397954,1,1
2018-10-08,99862.43811582489,297.992063905918,0.0179425930029978,-0.1673543663864053,0.2714409034890415,0.4780986306472157,22.095255,28.85577392578125,22.48768424987793,19.789436,30.301863430086485,0.683711588694789,0,1
2018-10-09,99823.73409396978,297.7574685561369,0.0126557512298106,0.0461208743822088,0.0206966832475402,0.4805412579075707,25.753094,29.248703002929688,22.053789138793945,10.474338,30.319451947659118,0.6882323225497826,1,1
2018-10-10,99794.30626996796,298.16105268551536,0.0105525902682785,-0.0021544372910762,-0.2155271640891767,0.4583677899910577,8.029035,30.3915958404541,22.218713760375977,3.108843,30.337040465231752,0.6927530564047761,1,1
2018-10-11,99833.68679589832,298.84047063833714,0.007303520084884,0.269676101882665,-0.1749612907045577,0.4708638395852144,2.618243,31.031801223754883,22.68610382080078,1.3149976,30.35462898280439,0.6972737902597697,1,1
2018-10-12,99904.45815977312,298.79576340024323,0.0058762169021894,-0.1616745352788046,0.0450558954168503,0.4801710497689572,0.1147431,31.263097763061523,22.991350173950195,0.6314775,30.372217500377023,0.7017945241147633,1,1
2018-10-13,100077.63171625898,298.39351871200216,0.0081029436028781,-0.2800106608476443,0.8464733047659603,0.4729515857056851,1.3574636,31.336536407470703,23.518678665161133,9.832912,30.389806017949656,0.7063152579697569,1,1
2018-10-14,100156.24786562574,297.49631856952044,0.0123372276767341,-0.455320697834406,0.7511611704156296,0.4703635576754641,20.091112,31.06500625610352,23.023021697998047,13.260697,30.407394535522293,0.7108359918247504,1,1
2018-10-15,100102.07114977996,298.1803554854065,0.0048675133294842,-0.3560419677613318,0.3075814502774301,0.4734884273090217,15.841912,30.87277030944824,22.599578857421875,18.540892,30.424983053094927,0.715356725679744,1,1
2018-10-16,100213.2852793915,297.65041166682244,0.0145398744807036,-0.438149478920149,0.6272637460907862,0.4758724957106276,6.1524367,30.01527976989746,23.196372985839844,20.05086,30.44257157066756,0.7198774595347376,0,0
2018-10-17,100131.58723682472,298.4179445732843,0.0012756763624929,-0.2649442723399531,0.2314029767086534,0.4729733580020575,37.92823,30.24209976196289,21.95903778076172,0.98876745,30.481234202593,0.7206357540433708,1,1
2018-10-18,100023.5192541523,299.2561526050332,0.0060730921378987,0.0311247218843119,0.1418505899177347,0.4668823967388092,1.1485761,30.75431060791016,23.037691116333008,22.39797,30.51989683451844,0.7213940485520038,1,1
2018-10-19,100030.83844869424,298.43964629684,0.0140059953706598,-0.3742674068556855,-0.1483589754266254,0.483753498048504,23.66796,31.0692081451416,22.297813415527344,29.041248,30.55855946644388,0.722152343060637,1,1
2018-10-20,100147.09896848752,297.45667600213284,0.0158720125392833,-0.3724036402162959,0.1100551255091206,0.4710071785889333,12.420134,30.117584228515625,22.589956283569336,25.28712,30.597222098369322,0.7229106375692702,1,1
2018-10-21,100123.67786256423,298.40804851902044,0.0137131354828634,-0.2229577142439406,0.0950422645804543,0.4713726756750126,19.382854,30.951091766357425,21.69926071166992,12.650937,30.63588473029476,0.7236689320779034,1,1
2018-10-22,100129.68347565627,297.6568031388989,0.0182757388291228,-0.1898168221963313,0.2696897885248858,0.4711354223921516,5.7735524,30.341941833496094,22.476158142089844,15.524006,30.6745473622202,0.7244272265865366,1,1
2018-10-23,100090.71054964545,298.9363629659476,0.0011467407702254,0.0034484562929439,0.1308876912974153,0.4560590524601239,20.01163,30.73023796081543,21.99405670166016,4.100047,30.71320999414564,0.7251855210951696,1,1
2018-10-24,100049.4620484147,299.1214835928931,0.0030453402553008,-0.2451313469097266,0.2421923299895585,0.4513739570858875,0.35329142,30.94856643676757,21.75017738342285,3.714508,30.75187262607108,0.7259438156038028,0,1
2018-10-25,100066.99286630428,299.3181699903444,0.0014778359863025,-0.1416832978571531,0.2091626452918178,0.4507470715001507,0.0,29.54908943176269,22.15180206298828,0.7722943,30.81685625136348,0.726702110112436,1,1
2018-10-26,100061.68376719288,299.98203741711694,0.0010893229640996,-0.36081921921024,0.3956425930104127,0.4399702425458165,0.0,30.405527114868164,22.99155235290528,0.16286254,30.881839876655878,0.7274604046210691,1,1
2018-10-27,100051.4380865362,299.7493342649394,0.0007812717583759,-0.2574552659132057,0.2408083360174239,0.4279680651015767,0.0,31.212108612060547,22.87044143676757,0.073686056,30.946823501948277,0.7282186991297023,1,1
2018-10-28,99942.09000492567,299.9497436370282,0.0002093409517212,-0.3359550231207246,0.0196495770204381,0.4152622481982487,0.0,31.89704132080078,22.61292839050293,1.7666557,31.011807127240672,0.7289769936383355,1,1
2018-10-29,99895.33282133944,298.99871836718586,0.0013947451201567,-0.0695828571817109,0.0024834142337124,0.4113199632032258,0.0873685,31.08613967895508,22.128955841064453,1.0248692,31.07679075253307,0.7297352881469686,1,1
2018-10-30,99864.4068509751,299.33176981874044,0.0002325318321089,0.1470177658820241,-0.1932186981507944,0.4035212126671229,0.0,31.718975067138672,22.04181289672852,0.0,31.14177437782547,0.7304935826556018,1,1
2018-10-31,99859.72956778629,299.1857300542957,0.0042737015469591,0.037397026112911,0.0489701400626836,0.4064001950496579,0.9102765,32.01523208618164,23.00153350830078,17.391188,31.20675800311787,0.7312518771642349,1,1
2018-11-01,99848.67266591112,298.76779816067267,0.0077236376806548,-0.2462510116857783,-0.2985737506322154,0.4347307275358711,13.131532,28.32951545715332,22.726655960083008,3.8587189,31.27174162841027,0.7320101716728681,0,0
2018-11-02,99840.04935995772,298.8494159750304,0.0200117524166507,-0.0996430410560986,0.3192149716109121,0.4715885412723116,6.63073,29.72443389892578,23.320083618164062,9.078086,31.20952238271901,0.7316159447162246,1,1
2018-11-03,99954.81768597067,297.53084149242005,0.0167674900342231,-0.3864273239119234,0.0553876060837091,0.481399498302241,2.9605923,28.888023376464844,22.297134399414062,15.062375,31.147303137027748,0.7312217177595811,1,1
2018-11-04,99926.39323885132,299.8099261023761,0.002320120223718,0.0800687223404183,0.1106140443031741,0.4668830688619631,7.8652,30.529685974121094,22.72909164428711,1.2607472,31.085083891336488,0.7308274908029376,1,1
2018-11-05,99966.9078696804,299.60801313633897,0.0010428175501096,-0.111394377565252,0.1989632292512604,0.4639311489082756,0.19844206,31.012714385986328,23.044233322143555,1.3408955,31.022864645645228,0.7304332638462941,1,1
2018-11-06,100014.92998226485,299.0570573046712,0.0026253015344649,-0.5457618574437537,0.6122369485085423,0.4603354343644042,2.3180146,29.36478805541992,22.5517807006836,5.153459,30.960645399953968,0.7300390368896507,1,1
2018-11-07,100042.93731323346,298.7523580719207,0.0016625601328989,-0.1894346396071018,0.2111960348135464,0.4613148220056295,0.131819,30.251953125,22.904586791992188,2.4427247,30.898426154262708,0.7296448099330072,1,1
2018-11-08,99966.05158513272,298.72220141166304,0.0110117180007157,-0.409872924239751,0.3419948719573546,0.4689359043578516,0.47567302,29.681596755981445,22.36176109313965,2.0336654,30.836206908571448,0.7292505829763637,1,1
2018-11-09,99907.43341907454,297.5321836179232,0.0067546758713423,-0.6244628200996437,0.0792516911455409,0.4877331421085528,3.1002693,30.14340209960937,22.803577423095703,1.3472782,30.773987662880188,0.7288563560197202,0,1
2018-11-10,99965.3991480581,299.0001122623356,0.0012496848791748,-0.2484765816571721,0.2348957977152771,0.4655527585342908,3.6501071,31.023500442504883,22.261632919311523,0.0,30.66126179534794,0.7284621290630767,1,1
2018-11-11,100084.6758819114,298.64853636503994,0.0014998852765539,0.0340118587038553,0.254719079207136,0.4605597902883315,0.45484528,31.15146255493164,22.288969039916992,0.008730494,30.548535927815692,0.7280679021064332,1,1
2018-11-12,99997.77370990212,298.490808594469,0.0022743092159678,0.0611208615244001,0.2009688669822153,0.4569543141959909,0.0,31.04290771484375,21.872034072875977,0.0,30.435810060283444,0.7276736751497898,1,1
2018-11-13,99843.4926510121,298.43274338776456,0.0017275126389635,-0.0159613432427383,-0.2735148613836088,0.4556244608157673,0.42857143,31.357120513916016,22.22850799560547,0.0,30.323084192751196,0.7272794481931463,1,1
2018-11-14,99813.50371062053,299.19739455204626,0.0004947519719202,-0.0329701094576366,-0.1603126328414787,0.4444515550633808,0.0,31.862977981567383,22.38614654541016,0.19882987,30.210358325218948,0.7268852212365028,1,1
2018-11-15,99831.23501665056,299.81558435744773,0.0007614911986192,0.39874003029225,-0.2333279645475921,0.4308837170009933,0.0,32.038997650146484,22.483800888061523,0.0,30.0976324576867,0.7264909942798593,1,1
2018-11-16,99841.7749995422,297.0661316413207,0.0879114270590772,-0.0171768853606792,0.6184949844212242,0.4745275685672278,2.767329,27.40073013305664,22.500408172607425,57.476295,29.984906590154452,0.7260967673232158,1,1
2018-11-17,99947.43049754562,298.9873702744765,0.0006158712696925,-0.8402040816081345,0.6771340244936105,0.4474136709292816,84.06744,30.37032127380371,21.860219955444336,0.65873754,29.872180722622204,0.7257025403665723,0,0
2018-11-18,100018.95559252538,298.9354666725836,0.0026476086990923,-0.5056871867463599,0.3388119982417809,0.4521160886929378,0.679685,30.32994270324707,22.67218017578125,7.37487,29.944221883471215,0.7250843293033081,1,1
2018-11-19,100104.11979923832,298.6262691677556,0.0059698197343563,-0.0327235349225717,-0.1530885995473264,0.4677188803132502,9.587922,30.875282287597656,23.00063705444336,15.273266,30.016263044320226,0.7244661182400439,1,1
2018-11-20,100120.2446985182,298.26041381951507,0.0037408544247355,-0.1371971466948542,-0.3175218031374591,0.4736898455256983,9.254888,29.99619483947754,21.8809871673584,7.4828157,30.088304205169237,0.7238479071767796,1,1
2018-11-21,99996.13881491404,299.14439036895163,0.0016540633242481,0.5355080908229539,-0.5125846747008492,0.4660290712232071,13.33151,30.96295547485352,22.30503463745117,0.48577613,30.160345366018248,0.7232296961135154,1,1
2018-11-22,100005.95369680382,298.8906089300318,0.0043940624657074,-0.4936531588268592,0.1785437980943724,0.470189535212296,1.2903082,30.28215408325196,22.85281181335449,9.374007,30.232386526867256,0.7226114850502512,1,1
2018-11-23,100207.2932499563,298.0802920770582,0.015367478906055,-0.3087163011046725,-0.1704953223814369,0.476724029088883,18.538189,30.4969539642334,23.26161766052246,9.480407,30.304427687716267,0.721993273986987,1,1
2018-11-24,100304.3802863973,298.04573165901803,0.014729029731741,-0.3617105116020503,0.030428563850633,0.4752108424540135,15.185029,30.205337524414062,22.946372985839844,2.749397,30.376468848565278,0.7213750629237228,1,1
2018-11-25,100204.40172628172,298.5225945381121,0.0016998561321506,-0.1871689554446734,0.0010599521851794,0.470551545466063,7.8304367,30.798364639282227,22.595043182373047,0.0,30.44851000941429,0.7207568518604586,0,1
2018-11-26,100011.15587535172,299.3396163788649,0.0021980054710438,-0.2674837269480949,0.1108217298418502,0.461748401280965,0.47849265,29.99181365966797,22.817481994628903,0.0,30.306250744167063,0.7201386407971943,1,1
2018-11-27,100026.08561080528,298.23757531617406,0.0004712915537678,-0.6468878151175639,-0.2003399514997215,0.4576464254189202,0.0,30.819299697875977,21.67871856689453,0.0,30.163991478919836,0.71952042973393,1,1
2018-11-28,100060.93692485055,298.8281218605211,0.0001902196801297,-0.3486840135418663,-0.1860943324205637,0.4408002311843192,0.0,31.011962890625,21.540576934814453,0.0,30.02173221367261,0.7189022186706658,1,1
2018-11-29,100182.0334560405,298.2523528173691,0.0231088560472311,-0.6562209467802473,-0.4063018173362676,0.4603497326008647,0.11598331,29.06584358215332,23.031455993652344,9.231892,29.879472948425388,0.7182840076074016,1,1
2018-11-30,100151.57497996166,298.89223407887977,0.0044682558551593,-0.3192188289535492,-0.1052722601896869,0.4615166615173069,3.0406892,30.097545623779297,22.441404342651367,0.41146877,29.73721368317816,0.7176657965441374,1,1
2018-12-01,99899.41714896107,299.1235643298111,0.0007482767642468,-0.4678468226182775,-0.1147772932671658,0.4632671727399326,1.7216915,30.8828239440918,22.589990615844727,0.0,29.594954417930936,0.7170475854808731,1,1
2018-12-02,99821.2852347835,299.0315978200064,0.0007903382660377,-0.2188926480799172,-0.1232866481428379,0.4499165361525707,0.0,31.212411880493164,22.023237228393555,0.13108459,29.45269515268371,0.7164293744176089,1,1
2018-12-03,99878.24561568163,299.0960300831659,0.0003728471828031,-0.3074530952179399,0.0450257848039643,0.4391774297806632,0.0,31.328872680664062,22.43030166625977,0.0,29.310435887436483,0.7158111633543447,0,0
2018-12-04,99979.51394973574,298.3618616573454,0.003453159101203,-0.4539068781250529,-0.2816150563026022,0.4459354344691375,0.011121522,29.96947288513184,22.60639762878418,5.8022547,29.249511111748618,0.7165557678251474,1,1
2018-12-05,99970.02417153596,298.2733886818256,0.0186423625658661,-0.3011447614396274,-0.1201103731823277,0.4671515452057888,3.343428,30.488187789916992,22.763402938842773,3.00449,29.18858633606075,0.7173003722959502,1,1
2018-12-06,99887.52055564872,298.86876081225256,0.0037913400686385,-0.3532422906376018,0.0231451377772356,0.4696944200415094,0.7957838,31.204784393310547,23.1911678314209,2.1993678,29.127661560372886,0.7180449767667529,1,1
2018-12-07,99918.58253954614,299.1496425309511,0.0014246095147086,-0.1880296878565932,0.2307940576064757,0.4611776135033435,1.1807182,31.607940673828125,23.0661678314209,0.0,29.06673678468502,0.7187895812375558,1,1
2018-12-08,99962.30944840366,299.41034794759406,0.0003671162031937,-0.2009331168342,-0.0502190350884356,0.4498097617718761,0.0,31.699323654174805,22.86571311950684,0.0,29.005812008997157,0.7195341857083585,1,1
2018-12-09,99970.21000372597,299.0336664142281,0.0007515160342359,-0.3522770239306924,0.1600595417182052,0.4389550690181499,0.0,31.286577224731445,22.47817039489746,0.18210697,28.94488723330929,0.7202787901791612,1,1
2018-12-10,100028.34619281492,298.7148080959474,0.0005926820068337,-0.1268234553281498,0.0735447683046609,0.4319983288737097,0.0,30.906476974487305,22.214170455932617,0.18193588,28.883962457621426,0.721023394649964,1,1
2018-12-11,100054.85310881204,298.92417248018467,0.000602866802734,-0.1784112852114671,-0.0917742293332972,0.4240181617172798,0.0,31.660181045532227,21.99054527282715,0.0,28.82303768193356,0.7217679991207667,0,1
2018-12-12,100146.4480628165,298.85927792789994,0.0010166878449628,-0.2350434258460196,-0.3029024560286142,0.4191918605250053,0.2985144,31.70434188842773,22.25901222229004,0.52672285,28.818669386247304,0.7225126035915694,1,1
2018-12-13,100156.85878406173,299.1485968501626,0.0025252423806976,0.257967288483506,-0.4149964215707028,0.4139515475192771,0.0,31.444812774658203,22.460636138916016,0.48224866,28.81430109056105,0.7232572080623723,1,1
2018-12-14,100126.71730681464,298.47073549512976,0.0018982673690841,-0.1343459654118038,0.1702054028385518,0.4320239503734141,0.0,32.08020782470703,22.27084350585937,0.0,28.809932794874793,0.724001812533175,1,1
2018-12-15,100061.67064434812,298.7064246140875,0.0002680148709471,-0.2348787484797796,0.1037649647205663,0.418469420303618,0.0,31.13506317138672,21.878246307373047,7.311486,28.80556449918854,0.7247464170039777,1,1
2018-12-16,100067.61876116374,298.3158370335668,0.0001448005613262,-0.084285196654426,-0.2488418452970998,0.4058441783906406,0.0,31.2551212310791,21.526819229125977,5.8838444,28.801196203502286,0.7254910214747805,1,1
2018-12-17,100113.95542242816,297.99358296867234,0.000374898707737,0.1246765991116475,-0.3749461841348244,0.396812008154881,0.0,31.89773178100586,21.46808624267578,0.31456226,28.79682790781603,0.7262356259455832,1,1
2018-12-18,100085.6601857734,297.9226449628707,8.335488612064379e-06,0.033121496714828,-0.4240297066906006,0.385419952882312,0.0,31.97176742553711,21.845016479492188,2.4575331,28.792459612129775,0.726980230416386,1,1
2018-12-19,100086.57193071302,298.6783892373251,0.0008995628909345,0.0179771091347919,0.2493148130326764,0.3778678772755864,0.0,31.00609397888184,22.39546012878418,0.08820781,28.78809131644352,0.7277248348871888,0,0
2018-12-20,100077.0452059574,298.8445380827974,4.055425756294528e-05,0.2556344690424904,-0.3948438128738367,0.3718417286084728,2.2186277,31.7304801940918,21.94411849975586,0.022576716,28.90698740309324,0.7262172073276494,1,1
2018-12-21,100045.22391090804,299.07348606697946,0.0003434922216443,-0.0750350826046532,-0.1328037532422817,0.3636954108429781,0.0,32.02155685424805,22.058717727661133,0.08778615,29.02588348974296,0.7247095797681099,1,1
2018-12-22,100052.88052745648,298.41158687404925,0.012571323139328,-0.4921735375385214,0.0526737737919307,0.4019045766148806,0.0,30.338912963867188,22.780975341796875,1.2567742,29.144779576392676,0.7232019522085705,1,1
2018-12-23,100040.67246699485,298.6368973112147,0.0042057915737016,-0.4555563608862658,-0.1304489486935993,0.4599215273301695,0.0,30.262348175048828,22.645671844482425,1.0210198,29.263675663042395,0.7216943246490312,1,1
2018-12-24,100107.42694140956,298.85754508481523,0.0031002647708917,-0.0612937986370691,-0.0259695907440992,0.4467258001695045,1.4317234,30.47614288330078,22.86613845825196,1.5067288,29.382571749692115,0.7201866970894917,1,1
2018-12-25,100070.81757186812,299.21137075083715,0.0024423257166328,-0.1070591401331613,0.0180822414107471,0.4379624411354473,11.280235,31.339418411254883,22.59778594970703,0.72936195,29.50146783634183,0.7186790695299523,1,1
2018-12-26,100130.77533509988,299.11864150517664,0.0023792559156711,0.2686186367566374,0.2679696496625777,0.4314715641882433,1.0544579,31.885478973388672,21.896228790283203,0.04655753,29.62036392299155,0.7171714419704129,1,1
2018-12-27,100054.42224019847,299.13348948059934,0.0018676738875037,0.1007984104545117,-0.378797538994969,0.4271649346785528,0.0,32.07271194458008,21.81795310974121,0.0,29.73926000964127,0.7156638144108736,0,1
2018-12-28,100010.99892864555,298.6846141579032,0.0034905456372845,-0.218618253114519,0.158386613718233,0.4245691258168763,0.0,31.16684913635254,22.16230010986328,0.004593354,29.850915744294902,0.7141561868513341,1,1
2018-12-29,100156.90597002626,298.149445819316,0.0027467047362158,-0.5093008351592522,0.0860114544110597,0.4445003086965465,12.712938,29.70175170898437,22.701669692993164,0.0,29.96257147894853,0.7126485592917947,1,1
2018-12-30,100259.7186468147,298.7999084035656,0.0001566605007632,-0.2269413947829806,-0.0775581416723776,0.4272034223556289,0.0,30.52176856994629,22.14470863342285,0.0,30.07422721360216,0.7111409317322553,1,1
2018-12-31,100440.52740122128,298.4511745987816,3.946691452637916e-06,-0.4687894195432407,-0.3121141988381573,0.4008863256169462,0.0,30.67682647705078,21.21855354309082,0.0,30.185882948255788,0.7096333041727159,1,1
2019-01-01,100430.2024636315,297.82402590229134,2.0217758485640607e-06,-0.6268197908072639,-0.2110116369240128,0.3835408500876008,0.0,30.769962310791016,20.21343994140625,0.1031768,30.29753868290942,0.7081256766131765,0,0
2019-01-02,100469.87372463186,296.9830737225763,7.78934383574204e-06,-0.7593233771159732,-0.2353524391495863,0.368668098449707,0.0,30.354555130004883,19.506216049194336,0.0,30.352357615245147,0.7063625294199811,1,1
2019-01-03,100448.366994208,297.1377603263418,0.0,-0.647014880911144,-0.466737916131586,0.3552496234119167,0.0,31.09546661376953,18.866432189941406,0.0,30.407176547580875,0.7045993822267859,1,1
2019-01-04,100371.75956245512,297.03374009377205,8.52346317969932e-07,-0.7024465972344994,-0.1219064273322679,0.3431121811556178,0.0,31.1657943725586,18.971471786499023,0.0,30.461995479916602,0.7028362350335905,1,1
2019-01-05,100300.97821928884,296.8874650588346,0.0,-0.2300796617127927,-0.1913996032005982,0.3325904564108429,0.0,30.972949981689453,19.178897857666016,0.14697753,30.51681441225233,0.7010730878403952,1,1
2019-01-06,100193.2343503802,296.8251457243588,1.716613724056515e-06,-0.029372628310631,-0.0790079353047513,0.3239877205333492,0.0,30.698400497436523,19.41538619995117,0.0,30.571633344588058,0.6993099406471999,1,1
2019-01-07,100203.09260701032,297.13833278933714,2.57658626878765e-06,-0.0167353984496602,0.0870054097011171,0.3162914714593998,0.0,31.01171493530273,19.339710235595703,0.0,30.626452276923786,0.6975467934540046,1,1
2019-01-08,100149.33136973184,298.1268699549533,8.52346317969932e-07,-0.0683459870203244,-0.4823546734258133,0.3089025772211652,0.0,31.68379783630371,19.426029205322266,0.0075395135,30.681271209259513,0.6957836462608092,1,1
2019-01-09,100145.5517311722,297.9903924095768,4.231928869558033e-07,-0.200336695703967,0.0475591780490802,0.3020257543512688,0.0,31.94851303100586,19.53854751586914,0.0,30.73609014159524,0.6940204990676139,0,1
2019-01-10,100166.23607347046,298.1522793248787,2.0311130366730373e-06,-0.2109288776149238,0.1172757916797623,0.2955184324125678,0.0,31.82308387756348,19.455434799194336,0.0,30.572424946982764,0.6922573518744186,1,1
2019-01-11,100244.30571846564,298.3458009376381,7.832971028938642e-06,0.0767417103851435,-0.4063064975665448,0.289851100234693,0.0,32.0240478515625,19.86284637451172,0.011384201,30.408759752370287,0.6904942046812232,1,1
2019-01-12,100210.87288231864,298.5209067000466,3.546853175108461e-07,-0.1131830854160119,0.0531271543539346,0.2849087337333125,0.0,31.549070358276367,20.11393165588379,0.0,30.24509455775781,0.688731057488028,1,1
2019-01-13,100216.73362869672,298.34799112692656,8.583068797918258e-07,0.1450756994152435,-0.2247543135091264,0.2806864967200035,0.0,31.24036026000977,20.20841407775879,1.1810638,30.081429363145332,0.6869679102948326,1,1
2019-01-14,100129.31472154874,298.77531071630034,1.293269178859191e-06,0.0490049001174868,0.1249138938786883,0.276941629314788,0.0,31.15630340576172,20.61236572265625,0.13975374,29.917764168532855,0.6852047631016374,1,1
2019-01-15,100187.42007423374,298.7916200083883,6.422249750159255e-06,-0.0658741973643101,-0.110736523039953,0.2736210652786198,0.0,31.67766571044922,20.455718994140625,3.1012833,29.754098973920378,0.683441615908442,1,1
2019-01-16,100159.81086244316,298.826014463929,8.959297248769999e-07,-0.2424988752672043,-0.0365737792267196,0.2704091313972327,0.0,31.884212493896484,19.92639541625977,0.27425438,29.5904337793079,0.6816784687152467,1,1
2019-01-17,100069.93238879908,298.76914408278185,4.6631376445193066e-07,-0.3315025329589844,-0.069547216188862,0.2675178203363529,0.0,31.437408447265625,19.680635452270508,0.0,29.426768584695424,0.6799153215220514,0,0
2019-01-18,100155.54425616623,298.3485963694254,2.8771570797895646e-05,-0.0410803275272764,0.1099038631614597,0.2652049215908709,0.0,30.63834953308105,19.9708309173584,0.09643934,29.64548434202743,0.6796217200933645,1,1
2019-01-19,100256.86094685404,298.07632891746323,0.0001482173936467,0.1321071130745256,-0.2055024639217333,0.2643299457944673,0.0,31.472335815429688,18.896045684814453,0.0,29.864200099359437,0.6793281186646778,1,1
2019-01-20,100275.14108866142,298.2382880249609,1.819311785050236e-06,-0.1312222839589319,0.101651984686139,0.2625899783313503,0.0,30.342605590820312,19.022275924682617,4.3208013,30.082915856691443,0.679034517235991,1,1
2019-01-21,100314.45620105964,297.66283177664457,2.7090173118748445e-06,0.0419776720653548,-0.0371999098971429,0.2608955801309754,0.0,30.671859741210938,18.9425106048584,2.9773803,30.30163161402345,0.6787409158073041,1,1
2019-01-22,100305.37871767244,297.83615411604967,1.055070723610363e-08,0.1466836864464128,-0.3855866017652198,0.259335016711005,0.0,31.7046012878418,18.289066314697266,0.0,30.520347371355456,0.6784473143786174,1,1
2019-01-23,100250.93482159964,298.7079147233635,2.6674455541602777e-05,0.2246288873409403,-0.1926931093296329,0.2579489205897541,0.0,31.8160457611084,19.310955047607425,0.0,30.739063128687462,0.6781537129499305,1,1
2019-01-24,100285.6124693936,299.26662596165454,0.0005610839224318,0.3352644873030798,0.1698900212547331,0.2576173012101331,0.0,32.224761962890625,20.05438995361328,0.0,30.95777888601947,0.6778601115212437,1,1
2019-01-25,100300.06116903144,298.6678404051683,0.0012050690970891,0.2227343108370843,0.0380272353563272,0.2674560155174285,1.717716,31.587278366088867,20.796566009521484,0.007873315,31.176494643351475,0.677566510092557,0,1
2019-01-26,100287.43031062918,299.4709372117785,0.000442823760573,0.5580100829025797,-0.5834263175292036,0.2676209441729432,0.0,31.8437728881836,21.91669654846192,0.0,31.243988090376753,0.6772729086638701,1,1
2019-01-27,100308.77985819268,299.46688262910226,0.0006894750601489,0.5609206893160883,-0.6390605332750928,0.271211894974398,0.538979,31.71293830871582,22.25525283813477,0.0,31.31148153740203,0.6769793072351833,1,1
2019-01-28,100315.2427860842,299.5445801248953,0.0002145348406732,0.6419693726872121,-0.7191841184499164,0.2700813977471713,0.5427254,32.05142593383789,21.693288803100582,0.0,31.37897498442731,0.6766857058064965,1,1
2019-01-29,100257.24797428762,300.017039718628,0.000412828392808,0.0622635280126813,0.188068609091514,0.268263072602137,0.0,31.36376190185547,21.96096420288086,0.0,31.446468431452587,0.6763921043778097,1,1
2019-01-30,100249.66731748388,300.3900408195993,0.0008823699341423,0.069489256888057,0.0360457225412244,0.267931382921007,0.0,31.64321517944336,21.72964668273925,0.0,31.513961878477865,0.6760985029491229,1,1
2019-01-31,100186.71225918944,300.4115052669715,0.0001496089875012,0.1006298292642352,-0.2500997700088326,0.2696909981212397,0.0,34.19889068603516,21.631465911865234,0.0,31.581455325503143,0.675804901520436,1,1
2019-02-01,100211.10127641584,299.9926008401337,0.0001411310009345,0.4369965625631399,0.1762150699425475,0.2675850994650889,0.0,31.60408592224121,21.109336853027344,0.0,31.64894877252842,0.6755113000917493,1,1
2019-02-02,100166.996067858,300.03130749932654,0.0002466312633163,0.2801043008387774,0.2426420617560318,0.2649378319809721,0.0,32.239681243896484,20.875062942504883,0.0,31.7164422195537,0.6752176986630625,0,0
2019-02-03,100229.33099347464,300.4125335652436,1.739566353545792e-05,0.4643630099570615,0.075401744952147,0.2634757045585076,0.0,32.55330276489258,21.32280921936035,0.0,31.865279854401017,0.6737256271622241,1,1
2019-02-04,100331.41551843876,301.01639955864096,7.564981438034682e-06,0.462391393084179,-0.0652836733120154,0.2606868398966004,0.0,32.638214111328125,21.83060836791992,0.0,32.014117489248335,0.6722335556613855,1,1
2019-02-05,100327.9161126078,300.67320987803737,0.0001821450973726,0.1566289955811482,0.188591533547617,0.2592205125070623,0.0,32.06877517700195,23.509418487548828,0.0,32.16295512409565,0.670741484160547,1,1
2019-02-06,100157.36568172292,300.6972572747594,0.0032740076210654,0.1483031263570676,0.4124707424412286,0.267476570304783,0.0,32.41598129272461,22.76634979248047,0.2484745,32.31179275894297,0.6692494126597086,1,1
2019-02-07,100194.71418028616,300.378974197797,0.0006785393730868,0.3813249014711929,0.3030348246855755,0.2874369028610288,0.5851898,32.73649215698242,22.60562324523925,0.011869243,32.46063039379029,0.6677573411588701,1,1
2019-02-08,100245.77590532212,300.6095827174278,0.0007149038312519,0.4410100371262124,0.0205325905481974,0.2871095116567795,0.49306646,33.513607025146484,22.44679450988769,0.9944191,32.60946802863761,0.6662652696580317,1,1
2019-02-09,100287.9816965248,299.9643642305689,0.0063620321846542,0.0372845093591916,0.611580623100544,0.3111460256759236,0.0,32.98326110839844,23.28623962402344,5.824429,32.758305663484926,0.6647731981571932,1,1
2019-02-10,100336.74331050948,299.81722487584847,0.0048723947281471,0.329361923919327,-0.0577695096772292,0.3624909027508849,4.6685715,32.379127502441406,22.959247589111328,2.9996254,32.907143298332244,0.6632811266563547,0,1
2019-02-11,100246.17927083334,300.8865851970104,1.2733374427960208e-05,0.1737021774350455,-0.0217832318302315,0.3493223900630557,3.777259,32.38197708129883,22.68436050415039,0.0,32.84747415531325,0.6617890551555162,1,1
2019-02-12,100295.5251293852,301.1645263929113,3.912346014109564e-06,-0.2439765398164362,-0.2156500767382625,0.3293048312015461,0.0,32.600425720214844,22.357311248779297,0.0,32.78780501229426,0.6602969836546778,1,1
2019-02-13,100335.03812806812,300.9208076067812,9.917219479878745e-07,0.0908276747195657,-0.1211896874438757,0.3133199965086021,0.0,32.91155242919922,21.93525123596192,0.0,32.72813586927526,0.6588049121538393,1,1
2019-02-14,100215.12287723004,300.84985533761795,0.0001582698642983,0.4560600964776402,0.0173073373261082,0.3013386864497744,0.0,33.15794372558594,21.753904342651367,0.0,32.66846672625627,0.6573128406530009,1,1
2019-02-15,100290.94105895296,301.1413818739384,5.757512022068763e-05,0.4875889058314064,-0.4828118330491457,0.293075408204762,0.0,33.4198112487793,22.84549331665039,0.15420787,32.608797583237276,0.6558207691521625,1,1
2019-02-16,100291.88678669784,301.35767471021165,0.0004811927298366,0.6762626352712114,-0.0792412821451822,0.2867936002066309,2.383358,33.887046813964844,23.055572509765625,0.09143457,32.54912844021828,0.654328697651324,1,1
2019-02-17,100166.11294757246,300.95501844208815,0.0001315879856032,1.014933625729148,-0.8193906666766639,0.2832378219370642,2.9614956,33.556278228759766,23.70142936706543,0.0,32.48945929719929,0.6528366261504854,1,1
2019-02-18,100043.93547047114,300.61031190514115,5.113557735157151e-06,0.9474730562524322,-0.655753015065102,0.2774724375699215,0.0,33.84210205078125,23.187986373901367,0.120572,32.429790154180296,0.651344554649647,0,0
2019-02-19,100113.92599833876,300.90494575792815,0.0002747586369173,0.6315225181725748,-0.5279451254775241,0.2734721128967987,0.0,33.914947509765625,23.120037078857425,0.00423331,32.40032250587901,0.6515759203833951,1,1
2019-02-20,100274.41153960132,302.1467424990483,0.0003576830885648,0.5687168805352575,-0.0707980052538758,0.2703200194844798,0.0,33.41972732543945,23.638198852539062,0.0,32.370854857577726,0.6518072861171431,1,1
2019-02-21,100331.5525131705,301.62367522579507,3.444879683634465e-05,0.1425675698349759,-0.2779154708467682,0.2680735489417767,0.0,33.7828254699707,23.08603477478028,0.35792413,32.34138720927644,0.6520386518508912,1,1
2019-02-22,100148.09353987072,301.3007092709013,1.887788285868696e-06,-0.0612090871525907,0.2707218139473049,0.2638924124414438,0.0,33.28797149658203,21.90023803710937,0.0,32.311919560975156,0.6522700175846392,1,1
2019-02-23,100008.25490234376,301.0122366031925,3.0017681638128124e-06,0.3873674338622113,-0.1473233038803627,0.2605862713225499,0.0,33.44373321533203,21.01532745361328,0.0,32.28245191267387,0.6525013833183871,1,1
2019-02-24,99951.1273022929,301.1958005357064,4.486793436365264e-06,0.2206870471472028,0.0956683032448721,0.2580195341439082,0.0,34.032249450683594,20.927175521850582,0.0,32.252984264372586,0.6527327490521352,1,1
2019-02-25,99962.36142293764,300.97245383631684,7.536489970831078e-06,0.7633421872310714,-0.2490492777623436,0.256127456431188,0.0,33.7733154296875,21.558494567871094,0.0,32.2235166160713,0.6529641147858832,1,1
2019-02-26,99975.33031736412,301.0974688469313,0.0001795926291116,1.2323451953098696,-0.4763783751776393,0.2551469571928412,0.0,34.418575286865234,22.55442237854004,0.037905745,32.194048967770016,0.6531954805196313,0,1
2019-02-27,99934.79970156854,300.8787166104372,0.0009151740606449,1.359890909560339,-0.5719085775207288,0.2590926010307225,0.0,33.95390319824219,23.32461738586425,0.39565337,32.13409346118691,0.6534268462533793,1,1
2019-02-28,99977.2773778736,301.1446934962364,0.0004912437343964,0.9620733385341836,-0.9415644929783558,0.2621677413297338,0.26491597,34.01484298706055,23.67457771301269,1.2755958,32.0741379546038,0.6536582119871274,1,1
2019-03-01,99883.54252798736,301.61026013282986,2.021972817936164e-05,0.742250529029817,-0.1307341426177043,0.2600323483404986,0.049329724,34.46111297607422,23.340940475463867,0.60151327,32.01418244802069,0.6538895777208754,1,1
2019-03-02,100003.91884204384,301.7393248889091,0.0020002349662031,0.8483966985242122,-0.2079563941261321,0.2620200634368079,2.1710536,33.53558349609375,23.77942276000977,4.1622715,31.954226941437582,0.6541209434546233,1,1
2019-03-03,99998.8241269307,300.9996339510046,0.0012376021345456,0.8139777207648621,-0.0770831968409805,0.2785168538879161,1.6505231,34.166099548339844,23.070173263549805,0.0,31.894271434854474,0.6543523091883714,1,1
2019-03-04,99961.31390572625,301.31408301780976,0.0004682370574085,0.838754589986984,-0.1146045647544422,0.2770824002671516,0.0,33.358543395996094,23.6043701171875,0.4623655,31.834315928271366,0.6545836749221194,1,1
2019-03-05,99984.14581006048,301.3495799693842,0.0005426751539624,1.1107796665352423,-0.7754629158151561,0.275593191709555,0.0,34.36620330810547,23.600645065307617,0.11469447,31.774360421688257,0.6548150406558675,1,1
2019-03-06,99994.98751085068,301.2601932183628,0.0003789344474097,1.3094851947652884,-0.9715783974402712,0.2739063045165549,0.0,34.74016571044922,23.981216430664062,0.0,31.71440491510515,0.6550464063896155,0,0
2019-03-07,99911.08443239644,301.6039840192541,0.0005493153717326,1.0465027177014117,0.1015768448511759,0.2724758909671244,0.06255856,35.071044921875,23.76216506958008,2.948139,31.93734285101312,0.6557398725621061,1,1
2019-03-08,100150.05779513891,300.56195486368347,0.0028991990526864,1.0867987338245144,0.0670447161736616,0.2842368334189229,0.38267305,34.2767448425293,24.64621353149414,0.35175568,32.16028078692109,0.6564333387345966,1,1
2019-03-09,100227.07634024783,301.40935222260345,0.002243753664704,0.6138761593829628,-0.0085054945854391,0.2960592663059747,0.52870166,34.61695098876953,24.10745620727539,13.855996,32.38321872282906,0.6571268049070871,1,1
2019-03-10,100202.1139674629,301.94660018014724,0.0009345534405921,0.4176818517341469,0.2320103418233295,0.2978357236138705,5.117789,34.68613052368164,23.679105758666992,0.029992664,32.606156658737035,0.6578202710795776,1,1
2019-03-11,100264.5401748833,301.27341998630106,0.0012288394236005,0.678273109932969,-0.3127437939406356,0.2985509357963942,0.6623934,34.10893630981445,23.80113983154297,0.17852446,32.82909459464501,0.6585137372520682,1,1
2019-03-12,100218.66899088545,301.6117921386368,0.0002641188011525,0.4615175833281887,-0.2959546897055089,0.2942171751585044,0.0,34.063472747802734,23.242889404296875,0.0,33.05203253055298,0.6592072034245586,1,1
2019-03-13,100221.8457737668,301.9864966250015,1.2369950612386073e-05,0.4179819621893639,0.1762269834905748,0.2851261681158424,0.0,34.14370346069336,22.466955184936523,0.0,33.27497046646095,0.6599006695970492,1,1
2019-03-14,100171.71046762752,301.8842425700806,1.4131497638437012e-05,0.5647287819303317,0.354958584372568,0.2775988905457244,0.0,34.11742401123047,22.94663429260254,0.0,33.49790840236892,0.6605941357695397,0,1
2019-03-15,100148.11140183492,301.9708807761825,0.0001130111641886,0.6206803136949797,-0.0721961585771992,0.2719643533640895,0.0,33.596656799316406,23.064611434936523,0.0,33.546541547144614,0.6612876019420303,1,1
2019-03-16,100178.307242876,301.6706866636314,8.544806775238739e-05,0.5885876897468423,0.0468861766975958,0.267965352142451,0.0,33.931297302246094,22.94163703918457,0.0,33.595174691920306,0.6619810681145208,1,1
2019-03-17,100128.85451291606,301.97508292158,9.148732679577004e-05,0.5529333969642377,0.1176960637834337,0.2639763315427349,0.0,33.92554473876953,22.73642539978028,0.0,33.643807836696,0.6626745342870113,1,1
2019-03-18,100137.32295370872,302.1741960144043,0.0002347386465334,0.8830139537241269,0.1669056888923791,0.2622530709920716,0.0,34.547542572021484,23.43326187133789,0.0,33.69244098147169,0.6633680004595018,1,1
2019-03-19,99965.9737892122,302.258762905954,0.0003939255523614,0.8313325792802251,-0.0344989465296953,0.2609342355837767,0.31704646,34.675071716308594,24.07978630065918,0.26477134,33.74107412624738,0.6640614666319924,1,1
2019-03-20,100046.65120674689,301.0002438272645,0.0034919318054496,0.5281387302793308,0.2449946109910578,0.2803317824908143,0.0,34.23600769042969,24.131994247436523,1.3878908,33.789707271023076,0.6647549328044828,1,1
2019-03-21,100127.3110213123,301.74552239779774,0.0003382167056129,0.6968782394233792,-0.0318921118769152,0.2844897726943211,0.0,34.59354782104492,23.640287399291992,0.0,33.83834041579877,0.6654483989769734,1,1
2019-03-22,100128.4292653706,302.2637206519702,0.0001792930533282,0.6978485373427585,-0.1399360740047762,0.2794152098323194,0.0,35.12556838989258,24.07145881652832,0.0,33.88697356057446,0.6661418651494639,0,0
2019-03-23,100116.54518266584,301.90856243411247,0.000708453270108,0.8600357958914223,-0.2507825025653473,0.2774504723676776,0.0,35.14299774169922,24.06157684326172,1.0666773,33.76528073460582,0.6665259327121731,1,1
2019-03-24,99979.78916614287,302.1761277089906,0.000330106523595,0.596907047841741,-0.1839164318800886,0.2751291960500666,0.0,35.588478088378906,23.849380493164062,0.0,33.64358790863717,0.6669100002748821,1,1
2019-03-25,99967.80398220487,302.7702474697887,0.0015443573395411,0.6531563492661694,0.2531256356001815,0.2731436152841853,0.0,34.97505187988281,23.60698509216309,0.041637428,33.52189508266853,0.6672940678375913,1,1
2019-03-26,100153.3201368684,302.62392096274664,0.0019087467933523,0.7044224551262984,0.4050487291584529,0.2801258164621405,0.0,34.048458099365234,23.49375343322754,0.0,33.400202256699885,0.6676781354003003,1,1
2019-03-27,100273.39871437976,302.12976332390446,0.0021184395475182,1.191446577927162,-0.5301397335849047,0.2942305460378129,0.0,35.00218963623047,23.196889877319336,0.1430098,33.27850943073124,0.6680622029630094,1,1
2019-03-28,100137.45500815674,302.6574780653446,0.001252883912503,1.0694752037662203,-0.3056481153115459,0.2978996769404504,0.88247484,35.37953567504883,23.41934967041016,0.0,33.1568166047626,0.6684462705257185,1,1
2019-03-29,100056.50469737788,301.97510175361487,0.0013401472650621,0.9756534436105312,-0.5976124321363897,0.2988929082059312,0.0,35.74991226196289,23.73895072937012,0.0,33.03512377879395,0.6688303380884276,1,1
2019-03-30,100072.10667886434,301.8800805994377,0.0027887266806417,0.7724496160704516,-0.1665116814361222,0.3043582052471995,0.0,35.34346008300781,23.965030670166016,0.0070598614,32.91343095282531,0.6692144056511368,0,1
2019-03-31,100106.78779401645,302.13823291939343,0.0013238602773896,0.8652292814291304,-0.1822084236875805,0.3099299226958177,0.0,35.64401626586914,24.9275131225586,0.0,32.999366618094,0.6695984732138458,1,1
2019-04-01,100101.99417534724,301.8945095451034,0.0009690218400851,0.9590011754529232,-0.3901676666690929,0.3094690691191576,0.0,35.55992126464844,24.297401428222656,0.0,33.085302283362694,0.669982540776555,1,1
2019-04-02,100001.73182748145,302.2717878734839,0.0016741762979098,0.8484010057705118,-0.5164268186905374,0.3072960940540066,0.0,35.1983642578125,24.27853775024414,0.0,33.171237948631386,0.670366608339264,1,1
2019-04-03,100013.23445896196,302.1709563820208,0.0029216756833357,0.7921491045604722,0.5346506976715907,0.3136629608855851,0.0,34.30416488647461,24.58202743530273,0.0,33.25717361390008,0.6707506759019731,1,1
2019-04-04,100173.22655808492,301.5761764874221,0.0036796674474447,0.5167341137297765,0.6106092743855327,0.3263859561028609,0.0746286,34.725547790527344,24.4624252319336,0.22278275,33.34310927916877,0.6711347434646822,1,1
2019-04-05,100162.0871610842,302.01941625047004,0.0007870245309081,0.8206683694539859,-0.0803135099812942,0.3293875724237085,1.3275374,34.513423919677734,24.091083526611328,0.0,33.429044944437464,0.6715188110273913,1,1
2019-04-06,100096.75676686729,302.1779110869778,0.0023274336051265,1.3420218050434218,-0.7241599562889774,0.3259968702820526,2.0157905,35.369503021240234,24.288593292236328,0.3435481,33.51498060970616,0.6719028785901003,1,1
2019-04-07,99972.88529596209,302.3970516847925,0.0010148336396811,0.8355637666548807,-0.4070488296523406,0.3253926811364419,1.462517,35.95063400268555,24.47121238708496,0.0,33.60091627497485,0.6722869461528095,0,0
2019-04-08,99960.53979278918,302.0844389682347,0.0022195822916709,0.3856966873695113,0.3148710641459031,0.320880688926726,0.0,35.39707946777344,24.82243537902832,0.9787172,33.51623224365374,0.6714459232660412,1,1
2019-04-09,99994.86541906136,301.5122264768521,0.0074065871387865,0.1789021719278504,-0.0692462827967501,0.3523245730345278,0.019379111,35.3597526550293,25.001483917236328,2.7659028,33.43154821233263,0.6706049003792731,1,1
2019-04-10,100011.34244881468,302.233395655548,0.0011433048151352,0.8512510839001888,-0.2436061076277517,0.3635292219841618,2.0009892,35.790870666503906,24.26339530944824,0.062492307,33.34686418101152,0.6697638774925049,1,1
2019-04-11,99958.81050743838,302.08893468367194,0.001869403825148,0.8108022422352059,-0.4176138820684734,0.35389588746988,0.091708496,35.59817886352539,24.89756393432617,0.114700645,33.26218014969041,0.6689228546057366,1,1
2019-04-12,99895.45408704504,302.56437712103025,0.0024542574053508,0.8395977955668369,-0.4918354964895724,0.3481045225296898,1.2868642,35.994319915771484,24.742713928222656,0.0,33.1774961183693,0.6680818317189684,1,1
2019-04-13,99918.87364381288,302.5793393242497,0.0017747175110144,0.8202778789184105,-0.2085328487052772,0.3457784914330962,0.0,35.83562469482422,24.844438552856445,0.0,33.09281208704819,0.6672408088322002,1,1
2019-04-14,99940.85716983955,302.2904529358144,0.0027894767467548,0.5482679938539233,0.1727318746742161,0.3456287620807517,0.0,35.51881408691406,24.73753929138184,0.017900793,33.00812805572708,0.666399785945432,1,1
2019-04-15,99996.12445305016,302.0410546787305,0.0013256988922754,0.7566496268086051,-0.0123894004894855,0.346819374552175,0.0,35.815032958984375,25.080245971679688,0.0,32.92344402440597,0.6655587630586638,0,1
2019-04-16,99975.02092118656,302.3339089199958,0.0049594665662935,1.059103559296707,-0.3773303726349755,0.3446871015760636,0.030191477,35.78170394897461,25.19220352172852,7.8745575,32.631345306058776,0.6647177401718956,1,1
2019-04-17,100059.32941279038,300.71638896576763,0.0122718822989317,0.1830618452751773,-0.0676437392545385,0.4101169133094994,1.2582095,34.710845947265625,25.321090698242188,12.720473,32.339246587711585,0.6638767172851274,1,1
2019-04-18,99957.7898013949,300.5734980697926,0.0383002328775738,-0.0850245537885761,0.0619670836130778,0.4318873892890084,7.159339,34.902099609375,23.90460777282715,19.315128,32.047147869364395,0.6630356943983592,1,1
2019-04-19,99883.36163897872,300.2263697011078,0.0093952589401884,-0.2312244520516231,0.2974979022453571,0.452928064280543,15.029192,33.64374923706055,23.737913131713867,16.489923,31.755049151017204,0.662194671511591,1,1
2019-04-20,99778.58900263414,299.53576088565524,0.0333036130173957,-0.2209750991762826,0.1291007989393797,0.4635050742196854,11.539155,34.255767822265625,23.63660430908203,15.213644,31.462950432670013,0.6613536486248227,1,1
2019-04-21,99729.45453297115,300.3346447826986,0.0061405573390456,0.3053253241060338,-0.6220460022637673,0.4596588340846974,22.709183,33.74610137939453,22.69557380676269,5.10185,31.170851714322822,0.6605126257380545,1,1
2019-04-22,99732.81478702706,301.1638191190991,0.015080155952863,0.363737248680144,-0.8335280497686162,0.4551535063411085,0.0,34.657196044921875,23.91185188293457,5.541704,30.87875299597563,0.6596716028512863,1,1
2019-04-23,99858.77078454266,300.6104789774811,0.0033571796477873,-0.046549230115167,-0.4050381389705614,0.4573871209155554,17.021267,33.611968994140625,22.97825813293457,5.5724354,30.58665427762844,0.6588305799645181,0,0
2019-04-24,99893.04234038256,301.24844736881187,0.0052808385059751,-0.0881682972524358,-0.0900300704108344,0.4586644383865298,9.208198,34.455448150634766,24.554452896118164,1.8386861,30.82626376605257,0.6580089690248401,1,1
2019-04-25,99923.62201650804,300.714002633515,0.0028876710828643,-0.1550151985723854,-0.2505575251122545,0.4596578276477099,8.005649,34.21196365356445,24.32587242126465,1.2340436,31.0658732544767,0.6571873580851619,1,1
2019-04-26,99829.56391313457,301.7643334937554,0.0015125911400235,0.4261823287320778,-0.4453506296530539,0.4469436337116579,3.413801,34.98163986206055,24.32319641113281,0.032900807,31.30548274290083,0.6563657471454839,1,1
2019-04-27,99751.13513252816,302.08967431284003,0.0011101399961559,0.4853795068382762,-0.3677559209692068,0.4342802008267107,0.0,35.098392486572266,24.957258224487305,3.6226652,31.545092231324958,0.6555441362058059,1,1
2019-04-28,99810.4446723839,301.2144803639848,0.0078048251642082,0.6199607609423641,0.3413635910333803,0.4471848770667768,0.0,34.513309478759766,25.59911727905273,1.360519,31.784701719749087,0.6547225252661277,1,1
2019-04-29,99893.18050601652,300.0255381535206,0.0142390235172698,0.3426965560036145,-0.0490069576972289,0.4700675737812144,6.0263176,34.70054626464844,26.084028244018555,6.442448,32.024311208173216,0.6539009143264497,1,1
2019-04-30,99858.72109951211,299.67618678242764,0.0093347586762668,0.2407863234012063,0.0465850328028887,0.4711088506472066,6.526408,34.125980377197266,24.21469688415528,7.646007,32.263920696597346,0.6530793033867716,1,1
2019-05-01,99804.9631295648,299.7838724447668,0.0090216124365046,0.2777420041022173,0.0474945733373649,0.4685306854540361,1.7189076,33.22136688232422,24.847972869873047,3.910589,32.503530185021475,0.6522576924470935,0,1
2019-05-02,99799.99092702352,301.07262031642875,0.0016479523873763,0.9077523362316848,0.0225747540353358,0.4642417206161325,4.5045004,34.67829132080078,25.113893508911133,0.6319608,32.42150143771829,0.6514360815074155,1,1
2019-05-03,99971.5786014578,300.765351462821,0.0010023882855686,0.8873970701137265,-0.4632009265066564,0.4479527728493643,0.0,34.743526458740234,25.17073440551757,0.04927406,32.33947269041511,0.6506144705677374,1,1
2019-05-04,100108.12327406612,300.6775915892737,0.0006627504680695,0.660644717746311,-1.0244036680711188,0.4321927265737249,0.0,34.394317626953125,24.778717041015625,0.03022651,32.25744394311192,0.6497928596280593,1,1
2019-05-05,100109.04661196422,301.4614255357064,0.0002599200674857,0.8943471968493701,-1.2180407005251597,0.414793140806001,0.0,35.061180114746094,24.806804656982425,1.5254613,32.17541519580874,0.6489712486883812,1,1
2019-05-06,99946.70418477611,301.7042756404365,0.0036817178643528,0.93976427421716,-0.4982555284171271,0.4112627105420576,0.0,34.97491836547852,25.295141220092773,2.6175413,32.093386448505555,0.6481496377487032,1,1
2019-05-07,100089.468725455,299.54069310184644,0.0133453905787961,0.6560758676930865,-0.3592548444901391,0.4605204202936985,3.6603253,34.18131637573242,26.13560485839844,0.86599725,32.01135770120237,0.6473280268090251,1,1
2019-05-08,100067.14334568071,300.327898450245,0.0036134633044063,0.9866785755376708,-0.7695057860736191,0.4585354963573003,0.016682284,33.60810089111328,24.416976928710938,0.0,31.929328953899187,0.646506415869347,1,1
2019-05-09,99919.87415454382,300.2673290594693,0.0043484454901689,1.2409443480392988,-1.34495617196021,0.4567050859297831,0.42857143,33.9016227722168,25.10388946533203,0.31833383,31.847300206596003,0.645684804929669,0,0
2019-05-10,99872.46211753176,301.6372004325545,0.0008920576706439,0.8961007398115721,-0.9423984380517428,0.4375789462560896,1.1531059,34.38941192626953,24.453807830810547,4.9174724,31.613721047805896,0.6448251485457646,1,1
2019-05-11,99966.68437724496,301.2763475480939,0.0042395027067469,0.5964496624241388,-0.7674292612989289,0.4415299368087359,1.6425465,34.26710510253906,25.60188102722168,5.149872,31.38014188901579,0.6439654921618603,1,1
2019-05-12,99914.27878898768,300.9253942947096,0.0053727908003266,0.7655190125096347,-0.5432239361832427,0.4542438447155716,0.5430228,34.37931823730469,25.414012908935547,0.58509403,31.146562730225682,0.643105835777956,1,1
2019-05-13,99913.88925414576,300.9740042462112,0.0037423102882063,0.7576730522068067,-0.5322320447570978,0.4556721395733714,0.5216138,34.53639602661133,25.398792266845703,0.39747664,30.912983571435575,0.6422461793940516,1,1
2019-05-14,99922.080116514,300.60660673090325,0.0050558998666946,0.5750517372335969,-0.7666136077354698,0.4546339026264761,0.0,34.71409606933594,25.497602462768555,0.04510995,30.679404412645468,0.6413865230101472,1,1
2019-05-15,99985.27082218336,300.34181019867066,0.0080824123100252,0.2696896742312845,-0.532704977696883,0.4601094270026548,0.20785867,33.67723846435547,25.700489044189453,4.9869843,30.44582525385536,0.6405268666262429,1,1
2019-05-16,100034.28690882426,300.7377109229429,0.0061048061134148,0.5688634438350283,-0.4767354447631545,0.461774815964973,3.415613,34.194091796875,24.00180625915528,1.6840469,30.212246095065254,0.6396672102423386,1,1
2019-05-17,99992.82245914156,301.02948478552577,0.0050660070468639,0.5654862902995729,-0.6114951991852215,0.4604230623501015,0.10900832,34.51613235473633,25.40129852294922,7.4723067,29.978666936275147,0.6388075538584342,0,1
2019-05-18,99888.40755462764,301.29748138018505,0.0026135373663173,0.4346249869043344,-0.1780556864574037,0.45507692198187,4.659631,34.22736358642578,23.968595504760746,2.0850852,29.85738916135714,0.6379478974745298,1,1
2019-05-19,99906.90859427382,301.1169187351387,0.0035609637944764,0.2038380543208214,0.2253136727088256,0.4510814473820829,1.9694083,34.18217086791992,25.018165588378903,2.380295,29.736111386439134,0.6370882410906256,1,1
2019-05-20,99937.34438375542,301.16276508725923,0.0022767121978486,0.372488979178827,0.4915035360891702,0.4475283122154032,0.64486873,34.43401336669922,25.06918334960937,0.22400588,29.614833611521128,0.6362285847067213,1,1
2019-05-21,99955.75658569804,301.1163204862515,0.0031218036005433,0.3199720074299196,0.4121852287204787,0.4443669834356199,0.32203585,34.31733703613281,25.4552059173584,2.6889222,29.49355583660312,0.6353689283228169,1,1
2019-05-22,99869.84965075731,301.149839901979,0.0052440535165747,0.2441126151833955,0.1061469482005327,0.4476355055008813,0.91988516,34.78976821899414,25.28041076660156,0.23837596,29.372278061685115,0.6345092719389125,1,1
2019-05-23,99928.86319317236,299.9290821548989,0.0095931836124766,-0.2337999389180735,0.6378026789084248,0.46583085962639,0.54953194,34.08263397216797,25.866668701171875,8.927652,29.25100028676711,0.6336496155550082,1,1
2019-05-24,99967.30487473062,299.6139006814189,0.0136925883985113,-0.140511676013698,0.5034543653466234,0.4665118340970913,3.4841807,33.255226135253906,24.807212829589844,9.931057,29.129722511849103,0.6327899591711039,1,1
2019-05-25,99894.91457854408,299.91181995728004,0.0070563258723709,0.2259962328914482,0.6141959127155759,0.458886798405556,10.732643,32.89469528198242,23.68042182922364,3.1344073,29.008444736931096,0.6319303027871995,0,0
2019-05-26,99792.25285956958,300.2806941342994,0.0076316148336921,0.5548842252534012,0.0102521607884958,0.4721928107601473,2.153256,33.592185974121094,24.993555068969727,5.1662335,28.96482485486301,0.6253424439277142,1,1
2019-05-27,99700.42527987312,300.8124796064238,0.0081463045550782,0.2299959137430593,-0.1179688912607244,0.4705464090515371,0.3700979,34.327911376953125,25.60056495666504,4.2568417,28.921204972794925,0.6187545850682289,1,1
2019-05-28,99671.11054605187,301.73729801075666,0.0013035006357909,0.8372188383957436,-0.8152769501273204,0.4633272271868827,1.0477862,35.1780891418457,25.733078002929688,2.5406709,28.87758509072684,0.6121667262087436,1,1
2019-05-29,99673.68436923792,300.2070277743869,0.023067129179013,0.2280975856269457,-0.5182004435126352,0.4611864452435139,4.7214775,33.78208923339844,24.847978591918945,13.093991,28.833965208658753,0.6055788673492583,1,1
2019-05-30,99661.70271394578,300.2044338144471,0.010099143974799,0.092663609004112,0.0703205999652088,0.4626948351512925,4.1140566,33.76835632324219,24.658418655395508,8.631996,28.790345326590668,0.5989910084897729,1,1
2019-05-31,99798.2359434866,299.3807831196402,0.019033608052911,-0.1971094615249342,1.0005800208643485,0.4689487325734107,1.8316172,32.793907165527344,24.75064468383789,16.800133,28.746725444522582,0.5924031496302876,1,1
2019-06-01,99815.14939011612,300.39081785472416,0.0044215239669402,0.2586588053502344,0.8192754430149708,0.4721086898160621,9.942395,32.941734313964844,24.065223693847656,5.7289596,28.703105562454496,0.5858152907708023,1,1
2019-06-02,99872.9864309447,299.28872910188994,0.0102590330990222,-0.271349263976817,0.934831408668752,0.4805809928630961,0.036336105,32.5225715637207,25.13692855834961,8.297624,28.65948568038641,0.579227431911317,0,1
2019-06-03,99842.63969588124,299.5849198372794,0.0085712052761773,0.3788151143976556,0.2176009716202016,0.4774212672792633,8.882206,32.29243087768555,24.201961517333984,6.6177673,28.480427348549973,0.5726395730518317,1,1
2019-06-04,99770.4640244852,299.2546420992564,0.0097977858439259,-0.0621822807341243,0.3506760599786752,0.4690078215032703,0.028674018,32.72972106933594,24.223663330078125,26.30264,28.301369016713537,0.5660517141923463,1,1
2019-06-05,99724.41287865186,299.10061251819366,0.0200330240562044,0.1333452388792659,0.2415361691800113,0.4666991257941587,3.7815928,32.52190017700195,24.11112594604492,42.7884,28.1223106848771,0.559463855332861,1,1
2019-06-06,99723.82851091056,299.52082591820505,0.0106987409427484,0.2236515598187501,0.6944801089407387,0.4682281841994247,25.89417,32.56557846069336,23.59229850769043,4.852766,27.943252353040663,0.5528759964733757,1,1
2019-06-07,99807.74165012874,299.5299327914651,0.0086159723659073,-0.2165141392850328,1.262507082182786,0.4719617555698673,7.6115603,32.847042083740234,24.33836936950684,16.996798,27.764194021204226,0.5462881376138904,1,1
2019-06-08,99779.16405830944,299.41639222945304,0.0100310945545119,-0.465033942913187,1.9444009348441813,0.4698358722847542,5.7364497,32.92490768432617,24.441593170166016,3.0258377,27.58513568936779,0.5397002787544051,1,1
2019-06-09,99791.63992404516,298.49316706310293,0.0227553565920034,-0.5415183486061534,2.4880690534452827,0.4767687798277173,7.7599063,31.22932815551757,24.441436767578125,36.55283,27.406077357531352,0.5331124198949198,1,1
2019-06-10,99810.15039219648,298.0719389053871,0.0385602495929637,0.9913552321510756,2.2615881818281736,0.4730165597031399,50.639183,28.883037567138672,22.966089248657227,29.59768,27.227019025694915,0.5265245610354344,0,0
2019-06-11,99856.828962075,298.4311543531163,0.0252112430051542,1.2483970279620529,1.2870263651413023,0.4739790127925946,20.93832,30.111421585083008,22.6821231842041,21.726713,27.128474248561346,0.5330838724585614,1,1
2019-06-12,99946.7198858058,298.45899383369533,0.0202982113198645,0.8874990596259693,0.707718549998784,0.4715447213183875,20.64049,29.11355781555176,23.00809097290039,13.80565,27.029929471427778,0.5396431838816883,1,1
2019-06-13,99976.2996417026,298.7022459923172,0.0188504484501378,0.7603437144546218,-0.102626803460249,0.4755044232657129,14.156281,31.38116455078125,23.479087829589844,11.737843,26.93138469429421,0.5462024953048152,1,1
2019-06-14,99935.86017495814,298.9845899139053,0.0070931864160577,0.8187514490003333,-0.1072359700038515,0.4754888122383206,13.917948,31.51511573791504,23.34661102294922,10.0938225,26.83283991716064,0.5527618067279422,1,1
2019-06-15,99992.29102011496,299.23299977591216,0.0064754615022416,0.8056290237017518,-0.6904928239917394,0.4806839923200937,6.6386604,32.1938591003418,24.32427215576172,15.417998,26.734295140027072,0.5593211181510691,1,1
2019-06-16,100021.6878571001,300.031275776538,0.0029517657112787,0.9012125750428416,-0.687298705312941,0.4688842003190199,8.460958,32.866214752197266,24.322603225708008,0.18707004,26.635750362893504,0.565880429574196,1,1
2019-06-17,100021.50718667688,299.8911361855111,0.0049427909921917,1.2939066172742295,-0.9425303270076888,0.4728139830549103,0.7183124,32.551395416259766,24.89298820495605,0.40864226,26.537205585759935,0.572439740997323,1,1
2019-06-18,99950.50094954803,299.2251594698384,0.0050432686683598,1.065595166144243,-0.5455954025531639,0.4768100500289507,3.5991662,32.00505828857422,24.92170524597168,3.4732103,26.438660808626366,0.57899905242045,0,1
2019-06-19,99870.39362330885,298.86716335749725,0.0137254449656185,1.0335033666493796,-0.5903954022323493,0.4748348532782662,10.474596,32.67066192626953,24.05815887451172,3.4382734,26.779812603613053,0.585558363843577,1,1
2019-06-20,99933.95720388832,298.20473193756925,0.017039668460596,1.2650124625136572,-0.7861497376248301,0.4767640021020883,8.040434,31.676773071289062,24.198373794555664,2.6972857,27.12096439859974,0.5921176752667039,1,1
2019-06-21,99880.0808167954,298.0419765074866,0.0258061666152033,1.900332693925763,-0.2776635415709338,0.4753094255878552,10.379632,30.49856948852539,24.14020156860352,53.61698,27.462116193586425,0.5986769866898308,1,1
2019-06-22,99814.64157484738,297.35511431551527,0.0386061189263716,1.850311027906864,-0.3589067141945792,0.4778563283869134,33.567795,29.06002616882324,23.53883171081543,16.547401,27.80326798857311,0.6052362981129578,1,1
2019-06-23,99715.55655838424,298.1963533180792,0.0126108393778597,1.1400139027445713,0.1830572392291949,0.4862458750114588,26.068192,30.477951049804688,23.15962219238281,2.864511,28.144419783559798,0.6117956095360847,1,1
2019-06-24,99785.1077283136,298.97732963415854,0.0078360536348803,1.1409451416717185,-0.1548052817742944,0.487109182511253,13.900565,31.3640079498291,23.77960586547852,7.992226,28.485571578546484,0.6183549209592116,1,1
2019-06-25,99912.20420168823,299.01378349099593,0.0041129913788988,0.6694707494859953,-0.0535847955462576,0.4816454332724386,6.0490828,31.808094024658203,24.337799072265625,11.356382,28.82672337353317,0.6249142323823386,1,1
2019-06-26,99945.97289421696,298.983392571928,0.0033860792750599,0.3088704818784049,-0.3029144067143116,0.4792157698591094,4.9507284,31.682109832763672,25.0699405670166,3.9115934,29.167875168519856,0.6314735438054655,0,0
2019-06-27,99911.7412945253,299.0278486472528,0.0061973507411178,0.7227553166648896,-0.6802390555312353,0.4846642573857216,1.2836331,32.070838928222656,24.677978515625,1.311544,28.948615397438985,0.6269933006258236,1,1
2019-06-28,99924.67151647812,299.5784744189617,0.0053071923399743,1.4959048268986848,-1.0363264184162535,0.4805964301098351,0.028245624,31.991758346557617,24.38942146301269,0.0,28.729355626358114,0.6225130574461817,1,1
2019-06-29,99908.63396110214,299.15914653704993,0.0080420075501184,1.5189063651717034,-1.2473702425061517,0.4906827464779676,0.008720449,32.43564987182617,24.185001373291016,0.3784213,28.510095855277243,0.6180328142665398,1,1
2019-06-30,99895.75780464262,298.73890328973647,0.0055567038420404,1.0392250435197037,-1.383084627348801,0.4914475209320186,0.6904011,30.97501564025879,24.20781135559082,30.553204,28.29083608419637,0.6135525710868979,1,1
2019-07-01,99769.6959437111,299.0436924381184,0.0087374353031547,1.0870190257222263,-0.4799473715011189,0.4899780415209774,0.7527441,31.442432403564453,24.34691047668457,3.6407385,28.0715763131155,0.609072327907256,1,1
2019-07-02,99888.52132116562,297.9712886991538,0.0127362355452844,2.050323288723884,-0.269562312743673,0.4850924926699351,1.7551783,31.03836250305176,24.445899963378903,5.2876353,27.85231654203463,0.604592084727614,1,1
2019-07-03,99941.44539099916,298.47100573718785,0.0089795734896056,1.3386982265194718,-0.26422155672563,0.4953295582738417,11.502364,31.32411003112793,24.25125503540039,0.5466656,27.633056770953758,0.6001118415479721,1,1
2019-07-04,99944.50821569689,298.4369298609007,0.0089350815134486,1.3494412944691394,0.0135780727269549,0.4862491398661532,13.253949,30.6245231628418,23.41048812866211,6.81451,27.413796999872886,0.5956315983683302,0,1
2019-07-05,99877.69915491802,298.10207100411503,0.0136149462817501,0.96714071310343,0.1694376860541859,0.494085342290301,20.581015,30.826778411865234,23.441987991333008,2.9534872,27.488057909889555,0.5911513551886884,1,1
2019-07-06,99903.52214260062,298.34791288178553,0.008940750406113,0.1095632028397015,-0.1293478784341921,0.4896614340712741,15.105337,30.726394653320312,24.24138069152832,10.000237,27.562318819906224,0.5866711120090465,1,1
2019-07-07,99971.0539755448,299.1610919358995,0.006086048439214,0.3625074683295357,0.1262377098054265,0.4809766738716214,8.919113,30.907548904418945,23.62046432495117,8.011314,27.636579729922893,0.5821908688294046,1,1
2019-07-08,100014.74799913196,299.34194632343866,0.0054671841585773,0.8557994947762328,-0.4176201863855238,0.4685258682660217,11.9581995,31.517831802368164,23.283315658569336,5.4278383,27.710840639939562,0.5777106256497627,1,1
2019-07-09,100021.34784407928,297.9185400270777,0.0228328293904441,0.624299737046048,0.2719977706967643,0.4714062368458716,6.699282,30.112060546875,23.04305076599121,25.129671,27.785101549956234,0.5732303824701208,1,1
2019-07-10,100059.071603583,297.5041671083531,0.0102476633463575,-0.1636495445514547,-0.6049763807391756,0.4754669399919182,15.007224,30.24382400512696,22.459228515625,2.331565,27.859362459972903,0.5687501392904789,1,1
2019-07-11,100024.54965427444,299.6133188222835,0.0007691250861233,0.380716923479833,-1.111679423412601,0.4654368224454566,5.284796,30.07404518127441,22.955446243286133,4.6398892,27.933623369989572,0.564269896110837,1,1
2019-07-12,100097.5566877694,299.3688689627228,0.0043388857169059,0.5482625990900502,-0.7924857786514751,0.4672174697817514,0.37380368,31.41676521301269,23.133094787597656,7.157411,28.00788428000624,0.5597896529311951,0,0
2019-07-13,100135.24526400864,298.8149362042307,0.0077314208019738,0.427078147245093,-0.482714462499509,0.4777957477788816,0.16549397,30.615306854248047,23.623199462890625,7.3592176,27.847331983641833,0.5549917031005069,1,1
2019-07-14,100089.44217111172,298.1554807746274,0.0157149539117105,0.7318377743096189,-0.6102741357284489,0.4789957913219702,6.3507333,30.27914810180664,23.1455192565918,19.947618,27.686779687277426,0.5501937532698188,1,1
2019-07-15,99977.29179201092,297.9012979622911,0.0169946873462063,0.7139854826141591,-0.6097895970837824,0.4740005629090058,15.963098,30.254432678222656,22.61004066467285,2.4440303,27.526227390913018,0.5453958034391306,1,1
2019-07-16,99988.72640490308,297.8942205968398,0.0142658657897364,0.924184586992666,-1.448397993091423,0.4708379485323968,4.723951,30.413562774658203,22.97810173034668,1.0286821,27.365675094548607,0.5405978536084425,1,1
2019-07-17,99854.1338186213,297.48613512411885,0.0216742194170126,1.725611046009137,-1.507633417465678,0.4780629851534906,5.84318,29.41764640808105,22.938480377197266,1.0880253,27.2051227981842,0.5357999037777543,1,1
2019-07-18,99737.82620405292,297.0224265064225,0.0752224868844295,2.9233302532210668,-1.46881146688571,0.4798046106214269,13.080299,28.928342819213867,23.10948181152344,51.154602,27.04457050181979,0.5310019539470662,1,1
2019-07-19,99774.89043208212,296.66611931227186,0.076924592890194,2.9443338407319173,-1.0898212475794942,0.475040046282655,86.27733,27.767168045043945,22.358200073242188,42.037655,26.884018205455384,0.526204004116378,1,1
2019-07-20,99786.19305645354,296.9706774838035,0.0315132468218438,0.9829281399898606,-0.0710810564486916,0.4750156218430092,70.90935,28.94700813293457,22.17208480834961,0.4988242,26.723465909090976,0.5214060542856899,0,1
2019-07-21,99799.05525233476,296.9413420055288,0.05201071355191,1.4387433327203514,-0.3789871633829285,0.4686676301627323,45.653362,29.231311798095703,22.20741081237793,14.856243,26.946552320818583,0.5166081044550017,1,1
2019-07-22,99804.0229550557,296.4904756205476,0.0300356497846751,-0.0432850337119851,-1.0380564111585362,0.465259614849456,55.38501,27.86480712890625,22.14958000183105,54.798744,27.16963873254619,0.5118101546243136,1,1
2019-07-23,99864.36224392364,296.5715631243827,0.0082558351754119,0.0259306423143409,-0.7358621220387719,0.4827279616315704,23.169233,29.77046203613281,21.75333595275879,0.043144174,27.392725144273797,0.5070122047936254,1,1
2019-07-24,99943.57583744913,297.7301824533164,0.0112943624406163,0.4395142659739061,-0.5851138387511973,0.4767779105467816,24.317566,30.33956718444824,22.617244720458984,0.3749429,27.615811556001404,0.5022142549629373,1,1
2019-07-25,100037.52501818429,298.031691741651,0.0118255074613168,0.8881161832261364,-0.5304275958474112,0.4694153939901186,4.3092093,29.54393577575684,22.87144660949707,42.44598,27.83889796772901,0.49741630513224905,1,1
2019-07-26,100002.879418328,298.0128031658304,0.0034084755387799,0.4753650562973316,-0.8823030163410527,0.4767008274999159,22.632792,28.94462203979492,22.74578666687012,29.604486,28.061984379456618,0.4926183553015609,1,1
2019-07-27,99975.8613863446,298.6240335235011,0.0018088462747904,0.6636681722589838,-0.6582841124114407,0.4684154031103142,0.119372435,29.35459899902344,22.466228485107425,2.1934412,28.285070791184225,0.48782040547087274,1,1
2019-07-28,99974.3139517481,298.98605744577463,0.0011172021874066,0.6696899583604603,-1.2421686850653757,0.4606739793974779,0.0,31.223276138305664,23.0579833984375,1.6181176,28.508157202911832,0.4830224556401846,0,0
2019-07-29,100015.65243818848,298.754830539455,0.0021566101771434,0.8749796695636152,-1.0398465887522794,0.4566972272149449,0.23472223,31.03868103027344,23.460857391357425,2.7830553,28.369638889706266,0.4767370247245947,1,1
2019-07-30,100058.136590188,299.3186537129487,0.001033264494388,0.919347050692387,-0.9053696423746164,0.450331153723472,0.516542,31.05488395690918,23.51837539672852,6.88266,28.2311205765007,0.4704515938090048,1,1
2019-07-31,100119.17588182476,298.9612265055573,0.0018984896114812,0.7077873370291173,-0.763901132605542,0.4478003796398412,1.3849952,31.28524398803711,23.588279724121094,0.2116342,28.092602263295134,0.46416616289341495,1,1
2019-08-01,100095.81620128416,299.07895304332754,0.0043983907812061,0.7780916712384573,-0.2354709558011929,0.4539560442226601,0.070663586,31.725605010986328,23.905107498168945,0.2013823,27.95408395008957,0.4578807319778251,1,1
2019-08-02,100098.14371093753,298.4411832088896,0.0074383304173869,0.4669386718282299,0.1017453132095921,0.476064259466997,0.25674704,30.4986572265625,23.89472198486328,8.612201,27.815565636884003,0.4515953010622352,1,1
2019-08-03,100106.69701194328,298.3716583997354,0.0057714419734889,0.4141140676914961,0.1848415262945767,0.481897648632298,2.7977722,30.2143497467041,24.03976058959961,4.1099477,27.677047323678437,0.4453098701466453,1,1
2019-08-04,100057.53089783883,297.6817818123536,0.0097345399788056,0.488528446182894,0.2573230858506828,0.4926502126934886,6.409923,29.84332847595215,23.761568069458008,6.2902737,27.53852901047287,0.43902443923105544,1,1
2019-08-05,99984.31882326092,297.5907879071583,0.0146850417057623,0.516394035368587,0.2574424731229,0.4690954110448845,12.46012,28.97615432739257,24.11995887756348,32.325333,27.400010697267305,0.4327390083154655,0,1
2019-08-06,99963.51842597584,297.61539757359526,0.0361028839664897,0.8417538946159041,0.3621479809238537,0.473651466077315,56.9383,29.421825408935547,23.062042236328125,52.35588,27.391875401083873,0.42645357739987566,1,1
2019-08-07,99916.09147472164,297.35380911991524,0.0402983159176852,1.9301225991084665,0.6044563159723392,0.4718602939766487,82.44973,28.476375579833984,22.182069778442383,69.04358,27.38374010490044,0.4201681464842858,1,1
2019-08-08,99888.49157559568,297.1049984212123,0.0648963912156757,2.1802662044832086,0.7135986120216693,0.4752811820662341,93.49467,26.403553009033203,22.379413604736328,148.1499,27.375604808717007,0.41388271556869594,1,1
2019-08-09,100005.2538609016,296.9575629161966,0.036329473380362,1.0149880814826353,0.05614299964174,0.4732748874942005,185.84982,26.69459342956543,21.06833267211914,30.819746,27.367469512533575,0.407597284653106,1,1
2019-08-10,100033.34992935829,296.3971603624484,0.0376417903487442,-0.2767928925145176,-0.8091968442836487,0.4694535063235696,49.26791,26.7601261138916,21.33462715148925,20.151415,27.359334216350142,0.40131185373751616,1,1
2019-08-11,99969.52915648949,297.2761051610604,0.0116790174263083,0.8393235302336829,-0.9734161318490332,0.4798485924731727,79.512276,29.51764678955078,21.33086585998535,2.9369879,27.35119892016671,0.3950264228219263,1,1
2019-08-12,99952.18107990602,297.02991546017006,0.076151208058851,1.0938104961292958,-0.8954258699344037,0.4855819832228155,30.611912,29.664566040039062,22.296539306640625,0.35020563,27.343063623983276,0.3887409919063364,1,1
2019-08-13,100030.88079314836,296.72471440106983,0.0704151006983961,2.1386619942763763,-0.9292284942860805,0.474197077842508,29.903137,29.20781898498535,22.7217025756836,2.578918,27.334928327799844,0.3824555609907465,0,0
2019-08-14,100154.94025540292,297.011764529875,0.0278429536881118,2.0217095584979003,-0.9416382663186028,0.4704564346664254,72.4295,28.94801521301269,22.23316192626953,0.0064438432,27.417558873968538,0.39399731763146134,1,1
2019-08-15,100106.82258860156,297.8802488992041,0.0099842585332092,0.9134845955801194,-1.1673800023944898,0.4733031924017545,23.95404,30.3007926940918,22.690767288208008,0.39333603,27.500189420137232,0.4055390742721762,1,1
2019-08-16,100015.43839896134,297.8004484525953,0.0145672684257008,0.6225569787153342,-1.4206595006482354,0.4707838235321631,2.5089939,29.456432342529297,22.95796203613281,23.944403,27.582819966305927,0.41708083091289105,1,1
2019-08-17,99924.0048154634,298.4003425244445,0.0111674836723283,0.7832229146555467,-0.8876053745079774,0.4712367230996319,11.205306,28.605920791625977,22.36140823364257,28.36335,27.66545051247462,0.4286225875536059,1,1
2019-08-18,100014.90978665292,298.08635535813846,0.0036396485978159,0.5274900662944692,-0.8532988391160052,0.4648523707773495,0.5609575,28.417808532714844,22.783185958862305,33.651806,27.748081058643315,0.4401643441943207,1,1
2019-08-19,100068.12612727493,297.80017173737866,0.0169920348949816,0.4190228210098442,-0.0509277158313327,0.4784402243661698,15.854181,29.585983276367188,22.22842597961425,22.95722,27.83071160481201,0.4517061008350356,1,1
2019-08-20,100044.31336244316,297.8585877607792,0.0172615239776722,0.475300760086469,-0.0670419850477313,0.473171511098343,4.040274,29.752979278564453,22.90132713317871,35.948513,27.913342150980704,0.4632478574757504,1,1
2019-08-21,100072.73747874764,297.1173314181507,0.0330354959961009,0.3932255755895856,-0.2678948081772903,0.473647715835279,20.181063,29.943279266357425,22.77103805541992,39.518227,27.995972697149398,0.47478961411646525,1,1
2019-08-22,100094.27486178462,296.4791233436907,0.0357908185151801,0.1931174281913202,-0.3553951915287881,0.474201818882734,19.258497,28.061996459960938,22.43801689147949,23.25331,28.078603243318092,0.48633137075718014,1,1
2019-08-23,100131.36648444989,296.98977337658187,0.0106820155922494,0.2109087789835144,-0.285437358092531,0.4807582684220939,20.599077,29.784666061401367,22.35310745239257,0.08142234,28.161233789486786,0.49787312739789497,1,1
2019-08-24,100101.39774949117,297.4572830071578,0.0055520593551779,0.5155167195988799,-0.3768677226245633,0.4890225193418306,10.116731,29.857236862182617,22.36322593688965,1.4561615,28.24386433565548,0.5094148840386098,1,1
2019-08-25,100070.64202773289,296.58939486361106,0.0267668086094119,0.975339900634298,0.7095817594235885,0.4744996578757334,15.4814005,29.444812774658203,22.383150100708008,2.6250963,28.326494881824175,0.5209566406793247,1,1
2019-08-26,100069.15664990424,296.5886104057576,0.0534866235721047,1.7907709172859048,0.7403460456585063,0.4733585888215867,20.846392,29.586875915527344,22.55742835998535,3.862414,28.40912542799287,0.5324983973200395,1,1
2019-08-27,100013.77997321002,297.1177375831457,0.0267400019111455,1.2772611050404807,0.3953190390634355,0.4738305387825803,39.0684,29.26596069335937,22.30596160888672,8.567418,28.491755974161563,0.5440401539607543,1,1
2019-08-28,100024.43769957796,297.313155103954,0.0253301415250128,1.1930403248286343,-0.0712681945347694,0.4742494947060772,20.145517,30.51180648803711,23.07231903076172,11.818363,28.574386520330258,0.5555819106014692,1,1
2019-08-29,100012.83424404338,297.6809485763609,0.025495275180906,1.5574765029264137,-0.375741166703089,0.4720557612568939,22.600012,30.67057991027832,23.201398849487305,52.86345,28.657017066498952,0.567123667242184,0,0
2019-08-30,99849.61407828968,297.67358546611456,0.0134021933647637,0.6436241217134557,-0.4852290527117207,0.4686155988612852,18.96516,30.57660484313965,22.51345443725586,3.7769685,28.58860793032781,0.5692598561398701,1,1
2019-08-31,99793.34978425827,297.5801558369605,0.0102223828146058,0.8804588218484348,0.1830834814780516,0.4906539154052737,11.121431,30.50037956237793,23.402019500732425,10.199294,28.52019879415667,0.571396045037556,1,1
2019-09-01,99969.055433055,297.0650753956645,0.0207656744601059,0.9961570771900636,0.8539050675900048,0.4785615412394207,8.6831,29.35377311706543,23.209741592407227,9.485834,28.45178965798553,0.573532233935242,1,1
2019-09-02,100055.43673543766,297.4374029237009,0.0174014577988465,1.0182716466092516,0.1095786574791217,0.4744840113321942,23.667603,29.47948265075684,22.86079216003418,14.638733,28.383380521814388,0.5756684228329281,1,1
2019-09-03,99998.67405299631,297.2816614786784,0.0126385995368847,0.7878877924776627,0.0873255698251542,0.4902354606540725,32.747837,29.987756729125977,22.784320831298828,15.374731,28.314971385643247,0.5778046117306141,1,1
2019-09-04,99949.86714177745,297.37230991992,0.0258337578999535,1.7252688791560031,0.1697419552236681,0.4694270789486239,27.120853,30.229236602783203,23.771907806396484,9.146648,28.246562249472106,0.5799408006283001,1,1
2019-09-05,99943.2716731771,297.7165745892288,0.0143044481640347,1.235398840191721,-0.5312263582675395,0.4784071787107037,40.766174,30.56891632080078,23.1732234954834,6.4616256,28.178153113300965,0.5820769895259861,1,1
2019-09-06,99954.61807897814,298.2196237738014,0.0108273139998594,1.5579803548644793,-0.6107650253325133,0.4808350433700388,47.062344,30.913204193115234,23.078950881958008,1.3719176,28.109743977129824,0.5842131784236722,0,1
2019-09-07,100040.89672256648,298.27829499635675,0.0063575985445373,0.6304465145534942,-0.7829574950536093,0.4886951072371328,30.37392,31.330549240112305,23.23221206665039,0.06373202,28.12664290875577,0.5863493673213582,1,1
2019-09-08,100114.9592845277,298.5649982692091,0.0073824516486797,0.3201303843063414,-0.7508452153114525,0.4785104701893541,11.130142,31.57638359069824,23.95103454589844,0.18229045,28.143541840381715,0.5884855562190442,1,1
2019-09-09,100015.88033367756,298.6954966513682,0.0035717398955904,0.5840003730510845,-1.1618293969749949,0.4737621625995271,4.607335,31.873947143554688,23.94607734680176,4.119403,28.16044077200766,0.5906217451167302,1,1
2019-09-10,99994.38439797358,298.4395933719797,0.0049657005619678,0.5944174173873961,-0.7293580221124992,0.4783881150168935,21.743732,31.2969913482666,23.756715774536133,29.853998,28.177339703633606,0.5927579340144162,1,1
2019-09-11,100141.05817191993,298.13856531925137,0.0116015408984546,0.254010387727584,-0.4588181182707864,0.4845694143653373,9.554709,30.480844497680664,23.67180252075196,24.702665,28.194238635259552,0.5948941229121023,1,1
2019-09-12,100242.90978904755,297.8351465632999,0.0091809808419015,0.4688441020044788,-0.4809948239381287,0.4690653339839074,37.198322,30.353910446166992,22.995269775390625,9.717224,28.211137566885498,0.5970303118097883,1,1
2019-09-13,100198.8777181364,298.39274557150185,0.0068291122920211,0.5213758475935779,-0.8449383568306993,0.474436668015988,1.4068645,30.80146598815918,23.91733360290528,17.909193,28.228036498511443,0.5991665007074742,1,1
2019-09-14,100144.98951486174,298.7711349048833,0.003047719813524,0.6827657131034298,-0.4562402312143553,0.4749959798060159,7.5515146,30.628198623657227,22.79468536376953,12.508803,28.24493543013739,0.6013026896051603,0,0
2019-09-15,100118.28768573396,298.3371015412781,0.0105010947139783,0.7627904057411401,-0.3731377901976137,0.4787573155954881,5.463531,30.265161514282227,23.3193359375,22.982372,28.395315900247624,0.6105015938373539,1,1
2019-09-16,99989.95535642664,297.8205337185331,0.0091997416985446,0.436522051054856,-0.8944972500855894,0.4683035072238967,12.945285,29.690074920654297,23.05645179748535,15.793177,28.54569637035786,0.6197004980695476,1,1
2019-09-17,99881.17431371233,298.3095419174136,0.0091874528216393,1.069549389963406,-0.4082747916152195,0.4787942480036128,8.116381,30.606069564819336,23.137487411499023,8.42004,28.696076840468095,0.6288994023017412,1,1
2019-09-18,99930.91699428282,297.8436455743432,0.0127855469235044,0.5259490514989102,0.4700190130686854,0.4790815210159712,9.972194,29.64067840576172,23.45287132263184,11.486786,28.84645731057833,0.6380983065339348,1,1
2019-09-19,99981.29127551788,297.867266708608,0.0102122090431465,0.0796408431831447,0.359835914871245,0.4786690464239012,22.088993,29.907697677612305,23.178178787231445,21.909819,28.996837780688566,0.6472972107661286,1,1
2019-09-20,99916.60551282628,298.93345288360723,0.0012664530502315,0.1324188057033495,-0.0404436524526369,0.4757782029192111,5.593845,30.76516342163086,23.2155704498291,1.0083892,29.1472182507988,0.6564961149983222,1,1
2019-09-21,99830.70236126082,299.41793790824573,0.0012498590350151,0.3784943109271171,-0.1849156664705825,0.462639107978207,0.19267797,31.3404483795166,23.33807945251465,10.01217,29.297598720909036,0.6656950192305158,1,1
2019-09-22,99919.50410298433,298.8885205566289,0.012139240088819,0.2129950135329674,0.2899789032442817,0.4722085977605478,5.276016,31.4385986328125,23.542280197143555,22.222841,29.44797919101927,0.6748939234627094,0,1
2019-09-23,99939.23734068192,298.04474858864984,0.0255030856120515,-0.117803998632906,0.0626805758750301,0.4863739491605212,17.078514,30.64728736877441,23.244674682617188,23.130388,29.462705109113443,0.6840928276949031,1,1
2019-09-24,99884.10589731504,297.42283608622944,0.0141406507190566,-0.4422472817139608,0.5740191109609789,0.4749397941384737,17.708616,29.295860290527344,22.72526741027832,9.37815,29.477431027207615,0.6932917319270967,1,1
2019-09-25,100031.8718411758,297.6990404200646,0.0065255395707389,-0.5630360240132417,1.4453574762855912,0.4830038025370046,19.471989,29.79680061340332,22.949169158935547,5.5059876,29.492156945301787,0.7024906361592904,1,1
2019-09-26,100302.47972918164,297.620628254916,0.0040126080075097,-0.8310660737136315,0.9712702521510512,0.4815866242332021,10.373956,29.3488998413086,22.05714988708496,0.36123362,29.50688286339596,0.711689540391484,1,1
2019-09-27,100358.47463107642,298.97192195468483,0.000762115453121,-0.1312164122482826,0.196811562972964,0.4624358951086287,2.4263504,30.590320587158203,22.69239044189453,9.915234,29.52160878149013,0.7208884446236776,1,1
2019-09-28,100237.88759219353,298.5709042603941,0.0111322771668223,-0.3585117539592174,-0.1568537511131316,0.4691403588481332,3.153619,30.700668334960938,23.133832931518555,9.563891,29.5363346995843,0.7300873488558712,1,1
2019-09-29,100195.49931214082,299.1673141032253,0.0136721108220089,-0.1213231194156339,0.5772385745578343,0.4703733103668096,0.65628135,30.47809219360352,22.81075096130371,10.036414,29.551060617678473,0.739286253088065,1,1
2019-09-30,100209.28265280774,298.6456944991072,0.0032812704471336,-0.0916679271244911,0.8290745126424623,0.4648177768809585,19.94859,29.55088996887207,22.72650718688965,21.939499,29.565786535772645,0.7484851573202586,0,0
2019-10-01,100199.29123555738,298.92187524408223,0.0034167732062572,-0.3396640257269031,0.3428811490398714,0.4667820551203585,10.761336,30.01105308532715,22.13237190246582,1.3784316,29.567887203454312,0.7428894697329299,1,1
2019-10-02,100134.12623031907,299.3305826819995,0.0138258874427599,0.1734294543503801,-0.3239892159019851,0.4730323829504722,4.7880754,31.526206970214844,23.04851150512696,10.067295,29.56998787113598,0.7372937821456012,1,1
2019-10-03,100145.8446430496,298.6185282512096,0.0132116786775463,0.0607378609609786,0.078105442149429,0.4674445723025734,7.4822464,30.963886260986328,23.321691513061523,6.3174257,29.572088538817646,0.7316980945582725,1,1
2019-10-04,100097.2651543044,298.9412407105545,0.007121519514884,0.1015460096921957,0.0621367726928886,0.4735066439456866,8.043193,30.967315673828125,22.87251281738281,4.0470524,29.574189206499312,0.7261024069709439,1,1
2019-10-05,100036.2640065254,298.4854140940115,0.0151832050896458,-0.3676097925412702,0.4269400805805834,0.4720651740589362,6.166156,31.323463439941406,23.268983840942383,16.198114,29.57628987418098,0.7205067193836151,1,1
2019-10-06,100057.6318405023,298.50048325111123,0.0080741518118262,-0.3351639615347559,0.3493430886688817,0.4694189787824493,21.456816,30.71333312988281,22.760229110717773,6.541414,29.578390541862646,0.7149110317962865,1,1
2019-10-07,100121.10508351291,298.184127404224,0.0079112498445072,-0.054682775037042,0.2055469748982981,0.4704819628836095,10.790921,30.453933715820312,22.89989471435547,4.544683,29.580491209544313,0.7093153442089578,1,1
2019-10-08,100046.02496946842,298.7676904989659,0.0037422020476425,-0.091246557418414,-0.0856741908866327,0.4631630624939199,4.568685,31.00590705871582,22.78279685974121,5.5490355,29.58259187722598,0.703719656621629,0,1
2019-10-09,100000.86195162838,298.8673101955722,0.0053099931376922,0.1202568632980873,0.0665515819271862,0.4689139020488638,8.372091,30.96460151672364,23.23304557800293,4.0623875,29.725792138199914,0.6981239690343004,1,1
2019-10-10,100030.5628020983,298.6416869906722,0.0089893585819398,-0.3455310730915875,0.3388431667824815,0.46216435969561,3.0015786,31.112302780151367,23.148595809936523,9.40351,29.868992399173848,0.6925282814469718,1,1
2019-10-11,99987.25709141525,298.6106549905361,0.0137528272641002,-0.302808873260615,0.3250695971967617,0.4703452350718766,12.441103,31.38951110839844,23.013463973999023,10.875164,30.012192660147782,0.6869325938596431,1,1
2019-10-12,100013.39699809928,298.5389650925092,0.0092292191942932,-0.3068516043593601,0.0629189356076763,0.4730515450079323,5.664586,30.275537490844727,22.270586013793945,10.195954,30.155392921121717,0.6813369062723144,1,1
2019-10-13,100096.69377117758,298.4160214017087,0.0122458354735862,-0.3392226473125004,0.0817796432195495,0.4743481283078248,19.796194,30.66983985900879,22.628231048583984,5.8188,30.29859318209565,0.6757412186849857,1,1
2019-10-14,99982.90592403022,299.34563490973585,0.021508612410089,-0.3413556028051853,0.3777566490867586,0.4678382375139844,20.080873,31.15696907043457,22.6954402923584,10.255515,30.441793443069585,0.6701455310976571,1,1
2019-10-15,99994.0827375928,298.3883383965036,0.0047961892697971,-0.0569994991492494,0.0545242531546231,0.4669634603449211,13.7819605,28.89933204650879,22.66135025024414,7.6036944,30.58499370404352,0.6645498435103283,1,1
2019-10-16,99962.19851345487,298.20783626044846,0.0256086647921545,-0.4112057141417288,0.2611385241322134,0.4709377233278706,4.315364,29.239892959594727,23.02619361877441,20.174208,30.728193965017454,0.6589541559229997,0,0
2019-10-17,99994.93167878957,297.85262463069057,0.0120670536425561,-0.6363572307016658,0.5282029109896371,0.4798960199758011,33.839676,28.868539810180664,22.098169326782227,9.853026,30.467232657527497,0.6655067765114264,1,1
2019-10-18,100016.4743617547,298.42926071225463,0.0230498128126436,-0.2170779556332877,0.4667392366964699,0.4811412682661151,15.251212,29.789501190185547,22.75785446166992,9.333043,30.20627135003754,0.6720593970998533,1,1
2019-10-19,100013.82077683492,298.8100451496461,0.016424267627722,-0.3268145553179628,-0.0087367523310285,0.4666649637916537,28.221853,30.417381286621094,22.489154815673828,10.255706,29.945310042547582,0.6786120176882802,1,1
2019-10-20,100043.80869267846,297.9331000363872,0.0895473354574823,0.3579323893579944,-0.3003899993019543,0.4777012878359507,19.280066,29.710187911987305,22.50290298461914,21.498444,29.684348735057625,0.6851646382767069,1,1
2019-10-21,100029.1091579113,296.8913144739379,0.0431779926193171,-0.1271985699299195,0.1284211663907515,0.4756175512555003,70.97019,26.962915420532227,22.134033203125,38.02303,29.423387427567672,0.6917172588651337,1,1
2019-10-22,99971.81858589262,297.25412472721257,0.0186216996829987,-0.630768508618819,-0.4210051894461972,0.473497947166706,22.536732,28.98773956298828,21.943330764770508,5.410404,29.162426120077715,0.6982698794535606,1,1
2019-10-23,99942.38148564716,297.87933995710944,0.0268720559832864,0.2560333052266147,-0.4622232595166029,0.4706243908176934,13.122802,30.389089584350582,22.39785957336425,28.358492,28.901464812587758,0.7048225000419874,1,1
2019-10-24,100089.29504991324,296.6841547329491,0.0245677654599321,-1.1635005355703425,0.6651894216610554,0.4675240071614583,37.887844,28.49925804138184,22.16348457336425,4.5770774,28.6405035050978,0.7113751206304142,0,1
2019-10-25,100064.49829097824,297.4935681164037,0.0114057154421836,-0.4244811222471041,0.959882367890457,0.4763926838549619,8.2165985,30.801456451416016,22.56889915466309,1.0096238,28.856575607082878,0.717927741218841,1,1
2019-10-26,100100.275795094,297.6141302431772,0.0083616997798283,-0.7441094210686812,-0.0564969310541262,0.4835168296258568,16.569263,29.708681106567383,22.5505313873291,0.26136866,29.07264770906795,0.7244803618072678,1,1
2019-10-27,100057.87814363326,298.17011378262697,0.0041072130340269,-0.1897309642733286,-1.1098960275759644,0.4748404823683232,10.067056,29.729846954345703,22.573074340820312,8.653657,29.288719811053028,0.7310329823956947,1,1
2019-10-28,99930.22053407867,298.85574642663727,0.0070180114075145,-0.2632054664348733,-0.6306006516167946,0.4687383938201087,0.6434321,29.039262771606445,22.753963470458984,12.04234,29.504791913038105,0.7375856029841215,1,1
2019-10-29,99847.70650083816,298.72178848763537,0.0051214876668156,-0.7538607358384407,-1.1436476001520264,0.4692484042288244,1.1691506,29.2614688873291,23.035240173339844,9.352532,29.72086401502318,0.7441382235725482,1,1
2019-10-30,99828.49611373027,297.5981256425062,0.018748264170495,-1.6695180151928433,1.095202509507366,0.4870184940031206,6.1200857,26.879777908325195,22.47943115234375,21.158709,29.93693611700826,0.7506908441609751,1,1
2019-10-31,100102.41702743356,296.6048016798817,0.0248181385726764,-0.8001046922106396,1.2464958620619502,0.4655663339022934,42.02497,26.46885299682617,21.48021507263184,2.2079718,30.15300821899333,0.757243464749402,1,1
2019-11-01,100022.50680735156,298.7460113730011,7.157837512209129e-05,-0.048467638647876,0.1997625011137163,0.4502383079382653,21.851763,30.396284103393555,20.90416717529297,0.0,30.36908032097841,0.7637960853378287,0,0
2019-11-02,100123.28571150624,299.15789451832984,0.0027891921037915,-0.0476832773493624,-0.4421477618345356,0.4477636942370185,0.06710844,30.855506896972656,22.441585540771484,0.15241046,30.3793584744913,0.7627618203640023,1,1
2019-11-03,100239.32729503416,298.57081218237164,0.0140276913790182,-0.1234616097636607,0.1152733763333024,0.4612311171023783,1.8855718,30.312332153320312,22.71636390686035,27.993181,30.389636628004197,0.7617275553901759,1,1
2019-11-04,100246.0758019786,298.52745452617773,0.0052779704725267,-0.1025297680851143,-0.3688201844555208,0.4773777382218518,16.231272,30.76827812194824,22.13157081604004,4.996049,30.39991478151709,0.7606932904163495,1,1
2019-11-05,100061.0508200132,299.267466398802,0.0044856180336169,0.0622399221252207,-0.1589354625789598,0.4718265135900272,1.651549,31.349506378173828,22.511913299560547,2.019509,30.410192935029983,0.7596590254425231,1,1
2019-11-06,99965.04648834116,298.7111773339633,0.0039731032101587,-0.0996592200852902,-0.3313462318588491,0.4785376181182278,0.49862686,31.91986846923828,22.625450134277344,1.2293206,30.42047108854288,0.7586247604686968,1,1
2019-11-07,99965.01208729947,298.6227607393814,0.0077231122638987,0.0123815283647442,-0.4275286181767782,0.4719714254620433,2.3200984,31.92076873779297,22.951690673828125,9.53827,30.43074924205577,0.7575904954948703,1,1
2019-11-08,100057.38995128416,298.49091916957576,0.0102960642417619,0.0364902394028002,-0.3414100983681808,0.4771916249885415,9.406855,31.161130905151367,22.54008674621582,8.525961,30.441027395568668,0.7565562305210439,1,1
2019-11-09,100038.6182335818,298.52986270451464,0.021381131896982,-0.1879841900237218,-0.2852154549785045,0.4748562490529029,5.905591,31.826717376708984,23.110816955566406,7.546762,30.45130554908156,0.7555219655472175,0,1
2019-11-10,100030.48886771136,298.09173196873,0.0268211069016968,-0.2310544320175931,0.1661334846394272,0.4683749766733455,5.55718,31.19935417175293,22.78899383544922,5.7520113,30.35815418594359,0.7544877005733911,1,1
2019-11-11,100023.75227348245,298.3858248413204,0.0090653051727638,-0.2190896591829615,0.3643975599150093,0.4631938300004866,17.044233,31.407838821411133,22.85332489013672,12.784489,30.26500282280562,0.7534534355995647,1,1
2019-11-12,100022.34213975696,298.99403074359526,0.0047649577054029,-0.1361438578755462,0.0645399139301987,0.46492012886252,6.951259,30.592464447021484,22.8642807006836,4.571966,30.171851459667646,0.7524191706257383,1,1
2019-11-13,100008.4035179448,299.8163503493386,0.0003282129696045,-0.2585738098027605,0.0530570447855982,0.4544504718122812,1.8336136,31.036191940307617,22.71553039550781,0.3386649,30.078700096529676,0.751384905651912,1,1
2019-11-14,100014.12767518262,299.78683924620185,0.0011600694161273,-0.2047574779174337,0.105174972179749,0.4424356941427765,0.0,31.003150939941406,22.8957576751709,5.2002788,29.985548733391706,0.7503506406780855,1,1
2019-11-15,100043.26939872188,299.22665465373194,0.0144911185934625,-0.3724772378037259,0.0550534522396394,0.4574786594727031,4.0362163,31.41164207458496,22.79429054260254,14.351068,29.892397370253732,0.7493163757042591,1,1
2019-11-16,100099.71330901283,298.5816461433031,0.0098494386911739,-0.2601904094995668,0.1377056306532059,0.4673712704830243,3.1287196,30.40552520751953,23.279024124145508,9.873756,29.799246007115762,0.7482821107304327,1,1
2019-11-17,100071.5090605544,299.3721351380915,0.0041610402141841,-0.0031042201126215,-0.0211193861906556,0.4717734664975455,5.4671874,30.84398078918457,23.07919883728028,3.4334257,29.706094643977792,0.7472478457566063,0,0
2019-11-18,100047.61699705162,299.44675095335293,0.0065482064259463,-0.2380814990412687,0.2013321978104982,0.4756581424113892,1.1658577,31.060590744018555,23.180992126464844,0.10150654,29.7446838554849,0.7474168960833093,1,1
2019-11-19,100045.617020998,299.1292813770981,0.004970258697011,0.0636129485967059,0.005509719209196,0.4752267114047347,2.3907237,31.20109748840332,23.23596954345703,3.4198349,29.78327306699201,0.7475859464100122,1,1
2019-11-20,99969.572658046,298.7541489974567,0.0118334318269258,-0.1493450863425302,0.0811432356669985,0.4685760907286428,1.9878578,30.7210636138916,23.16911697387696,17.964346,29.82186227849912,0.7477549967367152,1,1
2019-11-21,100053.0731355514,298.9610315268799,0.0018417420194868,-0.2299501863201916,-0.1528863722702553,0.4604930905455375,5.2410483,30.850074768066406,22.95987701416016,0.0,29.860451490006227,0.7479240470634182,1,1
2019-11-22,100113.95349788976,299.15131758181985,0.0037113381344148,-0.624268606193221,-0.2413513674681214,0.4635887597621174,0.2165768,30.297725677490234,22.82124328613281,2.676218,29.89904070151334,0.7480930973901211,1,1
2019-11-23,100041.65495981505,299.8983948972856,0.0010019739776623,-0.5974873276779938,-0.2640423333142452,0.4548258114226477,0.81229264,30.81016159057617,22.660186767578125,0.0,29.937629913020448,0.7482621477168241,1,1
2019-11-24,99982.52965225396,300.3511114697804,0.0001893324364259,-0.4884403863811858,-0.2557814657277074,0.441367680925976,0.19388756,31.42789077758789,23.007354736328125,2.6829834,29.976219124527557,0.7484311980435271,1,1
2019-11-25,99913.96464207675,300.1209993539276,0.0065268135293898,-0.3165666663509675,-0.2392318855482957,0.4398745676384119,0.3933952,29.98830223083496,22.61069107055664,0.78809357,30.014808336034665,0.7486002483702301,0,1
2019-11-26,99807.50981261976,300.26222844704824,0.0001469607325806,-0.6978321388215402,-0.4255794216207161,0.4362407839252574,0.0,31.14081764221192,23.04153060913086,0.0,30.125977429673316,0.748769298696933,1,1
2019-11-27,99850.12459111592,300.2331633878394,0.0005283783463149,-0.4658378503331737,-0.1839278733410597,0.4259437730577258,0.0,31.08576011657715,22.91704750061035,0.0,30.237146523311967,0.748938349023636,1,1
2019-11-28,99878.19218712588,299.83150690188364,0.0007473953420663,-0.6971436688909132,-0.683265032841328,0.4212342518773573,0.6662431,30.79827117919922,23.32933807373047,0.6154868,30.348315616950618,0.749107399350339,1,1
2019-11-29,99943.81766672657,299.6590341002366,0.0047816912058103,-0.6287592599218377,-0.0815186756324037,0.427630764752969,0.07697279,30.13272857666016,23.452699661254883,2.1423094,30.459484710589265,0.7492764496770419,1,1
2019-11-30,99922.63396065315,298.40031692387964,0.0128423271131241,-0.2323366695710983,0.2308777378710751,0.4615584631441197,0.5986759,28.56807327270508,22.857162475585938,21.655684,30.570653804227916,0.7494455000037449,1,1
2019-12-01,100021.80361829505,297.90190925568925,0.0118340312680296,-0.7920386674669054,0.2079237399886851,0.4743526730592224,5.093913,28.276100158691406,22.66527366638184,12.57365,30.681822897866567,0.7496145503304479,1,1
2019-12-02,100014.84179844652,299.1738789399831,0.0038215782176034,-0.4775028670153854,-0.1284848070875438,0.4654447333383378,5.997792,29.685272216796875,22.83090209960937,10.83496,30.792991991505218,0.7497836006571508,1,1
2019-12-03,99968.90391148828,298.3862881113105,0.0074218494932317,-0.7841970734577985,-1.069683187784363,0.4730975501107988,11.834874,28.51422882080078,22.667844772338867,0.01387122,30.90416108514387,0.7499526509838538,0,0
2019-12-04,100062.53614298972,299.7521037888803,0.0006223540471086,-0.5343477645230933,-0.4819762157571728,0.4599686494732269,0.78626007,30.548566818237305,22.35369682312012,1.6245164,30.72878008562048,0.7485143269341892,1,1
2019-12-05,100146.90209530652,299.49636580368576,0.0002323342465806,-1.1203829611124203,-0.9361910450230158,0.4455166538282373,0.057692897,28.91924095153809,22.522375106811523,1.1753376,30.553399086097087,0.7470760028845246,1,1
2019-12-06,100056.61089282508,299.12268648169515,0.0001718959794647,-0.645625421187887,-0.4161644925376923,0.4346523290758389,0.008341142,29.14051818847656,22.456863403320312,0.0150358165,30.378018086573697,0.74563767883486,1,1
2019-12-07,100077.80733551845,299.47086898248324,0.0022343370695223,-0.4846206823253997,-0.3133571741864142,0.4309653104584794,0.0,29.936840057373047,22.277143478393555,0.118997246,30.202637087050306,0.7441993547851953,1,1
2019-12-08,100120.3146398318,299.53423041040423,0.0006046245735267,-0.6929210485626454,-0.2913734573057329,0.4237070324777187,0.6102668,30.12210464477539,22.416406631469727,0.005899516,30.027256087526915,0.7427610307355307,1,1
2019-12-09,100055.6582895564,299.726513345945,3.814610588869459e-05,-0.7629383610400207,-0.5004558147233108,0.4103292542673162,0.0,30.905122756958008,22.120784759521484,0.0,29.851875088003524,0.7413227066858661,1,1
2019-12-10,99983.67424351952,299.91821679593966,0.0003952009856015,-0.1918314031257483,-0.2715173211225605,0.3977256080656673,0.0,31.25724029541016,22.130874633789062,0.0,29.676494088480133,0.7398843826362015,1,1
2019-12-11,99997.14981516404,299.6174332541982,0.0030897081787737,-0.0925928193307927,0.2231548019204561,0.3975616560311154,0.0,30.755016326904297,22.64670753479004,0.121223,29.501113088956743,0.7384460585865369,0,1
2019-12-12,100005.44695252634,299.1413645952598,0.0015384795199815,-0.3567955199786074,0.2135506963547161,0.4049179381154963,0.08984796,31.044885635375977,22.63025283813477,6.465765,29.70433105166729,0.7370077345368723,1,1
2019-12-13,100099.86736088662,299.889254467259,0.0029031965102045,-0.0242463288544694,0.2324992171831972,0.3959416518814262,5.4649124,31.545917510986328,22.55687713623047,0.041882813,29.907549014377835,0.7355694104872077,1,1
2019-12-14,100224.14529476476,298.52506600829383,0.0061557278001906,-0.2739365395549614,-0.0487814623368654,0.4196497669439206,0.05853978,29.381723403930664,23.02825927734375,17.600433,30.110766977088385,0.7341310864375431,1,1
2019-12-15,100053.5249565224,299.2906072810966,8.582061621005966e-06,-0.4354591756944913,-0.2218147707716259,0.4123640532511862,8.688169,29.94169044494629,21.89520072937012,8.973001,30.31398493979893,0.7326927623878785,1,1
2019-12-16,100049.70253726657,299.3731395759437,4.172943452512374e-05,-0.183552465913853,-0.3862657597786623,0.3950727715620136,0.0,31.09294891357422,21.20848846435547,0.012001679,30.517202902509478,0.7312544383382138,1,1
2019-12-17,100068.199391538,299.51458551721106,0.0002073985259853,-0.9498812912981174,-0.927810504007157,0.3820032140212955,0.0,29.9194564819336,22.44347381591797,0.118224055,30.720420865220028,0.7298161142885492,1,1
2019-12-18,100047.24318973,299.92749993978344,3.827372104060599e-05,-0.7959798065273244,-0.8251795751929741,0.3688257552106719,0.0,30.58833885192871,21.7956600189209,0.66182166,30.923638827930574,0.7283777902388846,1,1
2019-12-19,99958.25214484558,300.43439812875806,8.743151851084044e-06,-0.9247168468789582,-0.7008633291127584,0.3563953180422728,0.0,30.42814826965332,22.540254592895508,0.42973965,31.12685679064112,0.72693946618922,0,0
2019-12-20,100067.52217986713,298.5861415760727,0.0038147952774822,-0.143822170710655,0.4274745976057089,0.3643386443273319,0.0,28.209423065185547,22.55036735534668,3.7309089,31.077723577634657,0.7255108913431069,1,1
2019-12-21,99963.9127981322,299.1898776721589,0.0001258484830801,-0.4179750149642828,-0.376593223202731,0.3716112535849386,0.0,29.377944946289062,22.23173141479492,6.4838533,31.028590364628194,0.7240823164969937,1,1
2019-12-22,100003.42428886796,300.334785333977,0.0002251909757829,-0.2497679230262494,-0.0164884098462218,0.3596175014744318,0.07176144,30.991180419921875,22.61483764648437,0.021691114,30.97945715162173,0.7226537416508806,1,1
2019-12-23,100039.24464379792,300.3106997280195,0.0016167399321479,-0.2783943269810002,0.3222664242594636,0.353464680668038,1.1568097,30.701696395874023,22.796104431152344,10.691413,30.930323938615267,0.7212251668047673,1,1
2019-12-24,100144.4825231232,299.99899684482153,0.001821367833121,-0.1519379989214785,-0.1145533302095201,0.354973127723197,0.0,30.8140926361084,22.94801139831543,0.27072108,30.8811907256088,0.7197965919586542,1,1
2019-12-25,100119.1915605544,300.673614971994,0.0010056353349384,-0.3575211519117099,0.0529516398769685,0.3483524069658185,0.0,30.054845809936523,22.86988639831543,0.41079977,30.832057512602336,0.7183680171125411,1,1
2019-12-26,100118.91406055437,299.5494983076776,0.002851378948524,0.043661758159769,0.229743872839829,0.3556752096008068,0.057995282,31.01732635498047,22.610519409179688,0.062472604,30.782924299595873,0.7169394422664279,1,1
2019-12-27,99970.87195125422,300.1953864542644,0.0005169523377875,0.0707091163949491,0.2586669141031317,0.3527265406933781,0.0,30.5799617767334,22.47150611877441,0.0,30.73379108658941,0.7155108674203148,0,1
2019-12-28,100015.4074824144,300.1032394444257,0.00099267184039,-0.0042552352042947,0.4565942158461532,0.3467137645852977,0.0,30.872764587402344,22.16957664489746,0.0,30.845389506830923,0.7140822925742016,1,1
2019-12-29,100053.28749753056,300.27056925631126,0.0001401404059029,0.0002447722424035,0.0981750325681606,0.3370286162511601,0.0,31.274688720703125,22.510860443115234,0.0,30.956987927072433,0.7126537177280884,1,1
2019-12-30,100114.89197100996,300.0974334354329,0.0006568006229612,0.2671960427477898,0.224378636385746,0.3283149058608717,0.0,31.04568099975586,22.0454044342041,0.0,31.068586347313946,0.7112251428819752,1,1
2019-12-31,100159.6804182382,300.055050768505,0.0004367193133328,0.2053670419861074,0.3738538516983676,0.3227243074146724,0.0,30.767120361328125,22.614063262939453,0.0051095444,31.180184767555456,0.7097965680358621,1,1
2020-01-01,100180.53388556834,300.389586259402,0.0006033903476944,0.4731949672975253,0.1261079421136826,0.3259387484593006,0.06861282,31.40237617492676,22.791275024414062,1.3191062,31.29178318779697,0.708367993189749,0,0
2020-01-02,100232.30194528338,300.50978971344443,0.00028612588463,0.2437504663363086,-0.225386602486795,0.3208884793930521,0.0,31.77765464782715,23.06523895263672,0.0,31.286227656896923,0.7075908146132102,1,1
2020-01-03,100130.39576325186,300.9631598638018,0.0004902525193109,0.3887852004606401,0.0100178033604274,0.3146382290693069,0.0,32.1219596862793,23.164941787719727,0.0,31.280672125996876,0.7068136360366715,1,1
2020-01-04,99999.54433228672,301.00063231232394,0.0002400248877618,0.5370974728573629,-0.1726393092780578,0.3103755430929333,0.0,32.47968292236328,23.113216400146484,0.0,31.27511659509683,0.7060364574601327,1,1
2020-01-05,99973.7005634457,300.79961238140703,0.0004861004680161,0.1730006104235551,0.1981361355685832,0.3067984492149129,0.0,31.906625747680664,23.25478172302246,0.0,31.26956106419678,0.7052592788835939,1,1
2020-01-06,100063.96200562624,301.4508940397168,7.641853675831603e-05,0.1842370089580124,0.0664346236164631,0.3021283143414144,0.0,32.06172561645508,23.253847122192383,0.0,31.264005533296732,0.704482100307055,1,1
2020-01-07,100051.40741444426,300.9608742126637,7.719193775646103e-06,0.0070371900073094,-0.0396620446292378,0.2954132775014261,0.0,31.66630744934082,22.92744445800781,6.1586795,31.258450002396685,0.7037049217305162,1,1
2020-01-08,100065.55807224754,300.49511876514947,0.0001389719613011,0.1829287490817213,0.1075823082633281,0.2902123894538426,0.0,32.09611129760742,22.63819694519043,0.0,31.25289447149664,0.7029277431539775,1,1
2020-01-09,100025.56521539314,300.3490150360868,1.2726689497011186e-05,0.2125442033490963,0.3068842440216656,0.2860568986946121,0.0,31.737817764282227,21.74179077148437,0.0,31.247338940596592,0.7021505645774387,0,1
2020-01-10,100041.2153626699,299.92006847603085,9.379788475521544e-05,0.1203194063491353,0.4519361263714899,0.2822430911352463,0.0,31.453350067138672,21.58945655822754,0.0,31.405361584949333,0.7013733860008999,1,1
2020-01-11,100046.25599085116,299.56322018379984,6.100018446599367e-06,-0.4082198422149133,-0.5012656781718999,0.2785097704095355,0.0,31.52992057800293,21.13342666625977,0.0,31.563384229302073,0.7005962074243611,1,1
2020-01-12,100028.8459218802,299.506294935107,7.669503534910612e-07,-0.0506769136133525,-0.2326835119920591,0.2746597680496416,0.0,31.5467472076416,20.791053771972656,0.0,31.721406873654814,0.6998190288478224,1,1
2020-01-13,99993.84022966772,299.75717854972714,9.090094322324658e-07,0.116155285290162,0.0316006762432011,0.2717063644497222,0.0,31.3332633972168,20.84920692443848,1.9268603,31.879429518007555,0.6990418502712836,1,1
2020-01-14,99964.67156526804,299.9052263643468,2.4315707312995595e-05,0.402612411713626,0.1155877687105953,0.2693151340331005,0.0,31.289793014526367,21.09869956970215,0.091067344,32.037452162360296,0.6982646716947448,1,1
2020-01-15,99990.12957396102,299.6880087565311,0.0007196312490465,0.2295591228497489,0.3339490727860132,0.2689942803459109,0.0,30.997594833374023,20.85189819335937,0.0,32.19547480671304,0.697487493118206,1,1
2020-01-16,100017.26799104227,299.7342695288253,0.0005913293967412,0.2480976716416546,0.3075212462760319,0.2741849768375287,0.0,31.54863929748535,20.96182441711425,0.0,32.35349745106578,0.6967103145416673,1,1
2020-01-17,100004.19471915525,300.3756430468059,9.824979452119767e-06,0.4857536327926308,-0.0398565499967989,0.2722961296469478,0.0,31.84026527404785,21.0906982421875,0.0,32.51152009541852,0.6959331359651285,0,0
2020-01-18,99952.54832106148,301.0473872291481,0.000561956731932,0.4210532155371096,0.1679370482390081,0.2704671029073571,0.0076460466,31.3104190826416,22.51376914978028,0.3262387,32.42653065636627,0.6962365863899214,1,1
2020-01-19,100042.65613713006,301.2352527632624,0.0010037303077336,0.1893571655772342,0.0835750871788554,0.2735090499916449,0.9314961,30.73331642150879,23.00878524780273,4.485093,32.34154121731402,0.6965400368147142,1,1
2020-01-20,100100.92845268082,301.42138718188806,3.2907964040787766e-05,0.3783808342896627,0.091065784531841,0.2753632400224724,4.302895,32.08536148071289,22.20921516418457,0.0,32.256551778261766,0.696843487239507,1,1
2020-01-21,100119.01919105551,301.5219664197084,6.819421350074317e-05,0.1189777071279091,0.0987418396768984,0.2721601908762074,0.0,32.071075439453125,22.3695068359375,0.0,32.171562339209515,0.6971469376642998,1,1
2020-01-22,100029.81605349484,301.9427690699721,2.130683768860616e-06,-0.0268322143836697,-0.1322170181878557,0.269039399722173,0.0,32.53203201293945,22.349267959594727,0.30132854,32.086572900157265,0.6974503880890927,1,1
2020-01-23,99963.66379103702,302.0398918266035,1.7466051083523037e-06,-0.3179045398729125,-0.1976913250843941,0.2663433151987972,0.0,32.26722717285156,22.83910369873047,3.857876,32.001583461105014,0.6977538385138855,1,1
2020-01-24,100048.18175431664,301.50714343837103,6.609981536349362e-06,0.2397587644694186,0.0445287729458878,0.264215144475989,0.0,32.460472106933594,22.55656814575196,0.0,31.916594022052763,0.6980572889386784,1,1
2020-01-25,100097.62796337824,300.67275025796147,9.367372632413576e-05,0.0562559394455827,0.2976328846869209,0.2630553706962769,0.0,32.35679244995117,21.39808654785156,0.0,31.831604583000512,0.6983607393634712,0,1
2020-01-26,100080.4218295116,300.10201769096386,3.0129413783002368e-05,0.3550916236815996,0.3145332602386163,0.2620302549505022,0.0,32.24773025512695,21.1926498413086,0.0,31.7780288091002,0.698664189788264,1,1
2020-01-27,100099.52737491688,300.1449137727921,0.0002958243572716,0.6779322552557735,0.0596248534081403,0.26201663640331,0.0,32.521602630615234,20.782936096191406,0.0,31.724453035199886,0.6989676402130568,1,1
2020-01-28,100154.1774039825,300.58884887796205,1.7035609395020084e-05,0.5402784940213133,-0.3217489661355333,0.2622428610428321,0.0,32.375877380371094,21.50278091430664,0.0,31.670877261299573,0.6992710906378496,1,1
2020-01-29,100151.67963543782,300.9899606371115,5.080176709467864e-05,0.7650190938735673,-0.3018071077408478,0.2610797791515983,0.0,33.010555267333984,21.935646057128903,0.024451977,31.61730148739926,0.6995745410626425,1,1
2020-01-30,100073.28550683348,301.3325983807078,0.0001110345439318,0.8049842826963862,-0.4779854582714223,0.2610013606184619,0.0,33.455413818359375,22.05031394958496,0.53995675,31.563725713498947,0.6998779914874353,1,1
2020-01-31,99954.17728606486,301.40215223743195,0.0001741548580646,0.7336879703972485,-0.4251893085274992,0.2602097702393209,0.0,32.59119415283203,22.38851356506348,0.84312093,31.510149939598634,0.7001814419122281,1,1
2020-02-01,100040.76260187056,300.8556023930283,0.0016192869333487,0.7299315178246719,0.1080715043253301,0.263865361062935,0.0,32.33478546142578,22.246458053588867,1.6162137,31.45657416569832,0.7004848923370209,1,1
2020-02-02,100224.97382374643,300.20716701520865,0.0009992014712056,0.6663439551545015,-0.0364340422087269,0.2763408786302749,0.0,31.944494247436523,22.493331909179688,0.0,31.402998391798008,0.7007883427618138,0,0
2020-02-03,100167.87534547706,300.6773520484684,0.0002629534543459,0.4865049243560848,0.2628256725224613,0.2746812522604798,0.0,32.33069610595703,21.954666137695312,0.0,31.592023672161282,0.699582949366081,1,1
2020-02-04,100027.67845520466,300.7687755082144,0.0001196996688827,0.4881451605948022,0.0484397703386984,0.2724233075451544,0.0,32.51268768310547,22.320215225219727,0.0,31.781048952524557,0.6983775559703483,1,1
2020-02-05,100098.65652357602,301.0727160970012,0.0008097939624805,0.5441851862950856,0.3939150003504761,0.2710769884659989,0.0,32.39555358886719,22.7481632232666,0.0,31.970074232887832,0.6971721625746156,1,1
2020-02-06,100104.40543073934,301.0266950318183,0.0004730928216858,0.6639357117136907,0.2186706780183629,0.2735186353413614,3.8143685,32.455162048339844,22.209457397460938,0.0,32.15909951325111,0.6959667691788829,1,1
2020-02-07,100202.7829202752,300.35201157020657,0.0015119666356581,0.3797024212027989,-0.0350723012964776,0.2794497447857019,1.8646532,32.02577209472656,22.68704605102539,0.0,32.34812479361438,0.6947613757831501,1,1
2020-02-08,100209.29926980268,300.5478829985585,7.61059294192281e-05,0.6438476554704613,-0.2235643774546859,0.2799339814890547,0.0,32.409080505371094,22.320945739746094,0.0,32.53715007397766,0.6935559823874173,1,1
2020-02-09,100092.51878424252,301.1268549528328,7.624671083471641e-05,0.4834876946208428,0.075859468764791,0.2759622967519759,0.0,32.452144622802734,22.6307373046875,0.019343765,32.72617535434093,0.6923505889916847,1,1
2020-02-10,99993.93928572774,301.7601628233025,0.0002341494313483,0.1685007498633734,-0.0665747242086222,0.2726047006646721,0.0,32.76897430419922,22.61828994750977,0.0,32.915200634704206,0.6911451955959519,0,1
2020-02-11,100007.06997600327,301.606321838788,8.262516594689352e-05,-0.5009554046638197,-0.3244062348732741,0.269991343920442,0.0,32.9268684387207,22.314254760742188,0.0,33.05046832341307,0.6899398022002191,1,1
2020-02-12,100142.37448636266,301.96415711045336,2.867883494449386e-05,-0.1217558496573579,-0.3286402574424089,0.2671051023097863,0.0,33.0687255859375,22.299097061157227,0.010953708,33.185736012121936,0.6887344088044864,1,1
2020-02-13,100139.98623585694,301.81656394937414,9.318731061568816e-05,0.2041457447098316,0.1627356999481307,0.2644276062389566,0.0,33.0861701965332,22.98201560974121,0.0,33.3210037008308,0.6875290154087537,1,1
2020-02-14,100041.57304808414,301.6429768044267,1.7569739312729964e-05,0.588344356162228,0.0408793044844016,0.2631553696216134,0.0,33.514530181884766,22.821186065673828,0.0,33.456271389539666,0.6863236220130209,1,1
2020-02-15,100046.93955595816,301.6659638872227,0.0001014810927356,0.5676903899780102,0.1516431739860779,0.2617953880888752,0.0,33.3221435546875,22.665206909179688,1.2085869,33.59153907824853,0.6851182286172882,1,1
2020-02-16,100097.0733920938,301.7763460053605,0.0001993757730971,0.595446164955642,0.2508287921607001,0.2612928128440243,0.0,33.096282958984375,22.898834228515625,2.0420253,33.726806766957395,0.6839128352215554,1,1
2020-02-17,100121.50271662574,301.8549445670791,0.0005092982958087,0.1885032657104438,0.1726351640648331,0.263490410575587,0.0,33.7299919128418,22.260570526123047,0.8553288,33.86207445566626,0.6827074418258228,1,1
2020-02-18,100135.80992195247,301.0042626112324,0.0001549081379138,0.2381660488021819,0.2692108349181638,0.2628041912922136,0.0,33.22599792480469,21.942138671875,0.40566462,33.997342144375125,0.68150204843009,0,0
2020-02-19,100050.53016403056,300.7847846625358,0.0002083632603769,0.0880129539360434,0.2716063523123451,0.262706579132025,0.0,33.042266845703125,21.832439422607425,0.0,33.74869756385535,0.6804290132760497,1,1
2020-02-20,100013.93986052496,300.9474542645083,5.30390254951667e-06,0.2939170615462991,-0.0422508029471166,0.261094434371088,0.0,32.80031204223633,21.53404998779297,0.4512003,33.50005298333558,0.6793559781220092,1,1
2020-02-21,100118.54425287271,301.88952712035973,8.542164087460806e-07,0.2657042878338144,-0.1965462873726886,0.2596633913196298,0.0,32.486820220947266,22.25821113586425,1.7039143,33.251408402815805,0.6782829429679689,1,1
2020-02-22,100159.9042283196,302.6833921146588,0.0002341842450443,0.0080053687081312,-0.0386548089155685,0.2594904110313881,0.0,32.223915100097656,23.21941947937012,0.18644346,33.00276382229603,0.6772099078139285,1,1
2020-02-23,100077.7099291837,302.23574829147424,8.849591217608669e-07,0.0329115450675993,0.059746610672661,0.2591666999896682,0.0,32.54184341430664,22.51292610168457,0.18310477,32.75411924177626,0.6761368726598881,1,1
2020-02-24,99950.46261998372,301.9934797588486,0.0002545035269781,0.3532429021172032,0.23873674168812,0.2585662062716378,0.0,32.76276779174805,22.817079544067383,0.0,32.505474661256486,0.6750638375058478,1,1
2020-02-25,99907.60785692016,301.8395353544932,4.4047927511859065e-05,0.5725371902243193,-0.0657513981212832,0.2591580043462108,0.0,33.30536651611328,22.64205551147461,0.0,32.25683008073671,0.6739908023518074,1,1
2020-02-26,99913.13549167852,302.3184799428657,0.0003622621576925,0.6508780581573695,0.4699997369422551,0.2588114739037546,0.0,32.829795837402344,22.5205307006836,0.0,32.00818550021694,0.6729177671977671,0,1
2020-02-27,99919.1911527476,301.9867666182373,0.0012164461539619,0.6856304787288333,0.1304556151424581,0.2630565251018985,0.18544117,32.990760803222656,22.64879608154297,0.0,31.981577715840857,0.6718447320437266,1,1
2020-02-28,99845.69579855086,301.86724529433724,0.0021489629928669,0.7468323868647092,0.1836657344413672,0.269582433846152,0.0,32.97023010253906,23.20062255859375,0.0,31.954969931464774,0.6707716968896863,1,1
2020-02-29,99906.17657562418,301.0954542287283,0.0013391598321903,0.5385225057343993,0.7546316931806287,0.2862101235144957,0.0,32.74441146850586,22.96581649780273,0.0,31.92836214708869,0.669698661735646,1,1
2020-03-01,99936.89375683208,301.26037551915664,0.002329701393679,0.6393943208386541,0.2199997150463787,0.2920219034139233,0.0,32.79627227783203,23.32504653930664,0.0,31.90175436271261,0.6686256265816055,1,1
2020-03-02,100052.29036352682,300.32970045690206,0.004028723329429,0.6331785830013854,-0.4655309772531577,0.313608629254427,1.119429,33.24696350097656,23.409423828125,0.0,31.875146578336526,0.6675525914275652,1,1
2020-03-03,100089.79317341844,299.6255013947018,0.0060868980924521,0.2919625957391343,-0.1962857314608593,0.3553236861514965,0.5385453,33.351741790771484,23.65597152709961,0.0,31.848538793960444,0.6664795562735248,1,1
2020-03-04,99964.37780889378,301.0000077243149,0.0021519726454631,0.5594154206415914,-0.4878542100398757,0.3676271405353586,4.552235,33.51224136352539,23.70584487915039,0.5404781,31.82193100958436,0.6654065211194844,1,1
2020-03-05,99960.21825796232,300.4658231718034,0.0036266212789237,0.3204564573042868,-0.0393583223873899,0.374674283823352,5.958341,33.28999710083008,23.983448028564453,0.0,31.79532322520828,0.6643334859654441,0,0
2020-03-06,99990.1736128328,301.0233776018244,0.0014065083090718,0.5919814783301057,0.2007189273031762,0.3623903619367523,4.8905144,33.98130416870117,24.20065116882324,0.0,31.966744261016522,0.6649473427792661,1,1
2020-03-07,100065.2978060154,300.90292364978666,0.0006279786001164,0.4585054706876589,0.76203216079451,0.3514773212583725,0.11921543,33.32815170288086,24.172739028930664,0.0,32.138165296824766,0.6655611995930883,1,1
2020-03-08,100006.26780204532,301.0263734446765,0.0021766766094963,0.6834200620507949,0.5653810269386383,0.3447862795474281,0.25187168,33.522159576416016,23.81096267700196,0.0,32.30958633263301,0.6661750564069104,1,1
2020-03-09,99915.43331060676,301.232903816534,0.002797490132076,0.6574498715488395,-0.2036180025053247,0.3468475266135732,0.0,33.79997634887695,24.22260475158692,10.128586,32.481007368441254,0.6667889132207325,1,1
2020-03-10,99939.1433562994,300.9721975719747,0.0141017924237887,0.4527408103699838,0.0735977121035143,0.3865845741338922,12.555246,34.062843322753906,23.957988739013672,0.0,32.6524284042495,0.6674027700345547,1,1
2020-03-11,100023.40347538394,300.9915705001158,0.0065924977685315,0.9045340362284704,0.0692507157690867,0.3832301244037571,0.36407068,33.8621826171875,23.92902374267578,10.809133,32.82384944005774,0.6680166268483768,1,1
2020-03-12,100081.89065205828,301.2560445613795,0.0018378958793983,0.399490593516894,0.108122904149654,0.4143045839029288,10.127474,33.73363494873047,23.360933303833008,4.0119696,32.995270475865986,0.6686304836621989,1,1
2020-03-13,100004.42284146704,302.16101404949666,8.362462879130009e-05,0.612416929129096,-0.3365298654185076,0.3838938497439473,0.012702451,33.95528793334961,23.566482543945312,0.0,33.16669151167423,0.6692443404760211,0,1
2020-03-14,99908.77976619784,302.12172177967403,3.6888451607470587e-05,0.5156877256096063,0.1630972425071275,0.3602718581859847,0.0,34.040279388427734,23.085678100585938,0.0,33.22652946818399,0.6698581972898432,1,1
2020-03-15,99911.45687512208,302.0949332960266,0.0004297180690363,0.4591670226041967,0.2417246548799042,0.3431340346099636,0.0,33.97649383544922,23.517566680908203,0.0,33.28636742469375,0.6704720541036653,1,1
2020-03-16,99983.84491139212,302.4484524922326,0.0002885966944943,0.4411516885428437,0.0402047585976755,0.3298854042609905,0.0,34.382930755615234,23.79555892944336,0.0,33.34620538120351,0.6710859109174874,1,1
2020-03-17,100052.39784274656,302.7867051801053,0.0002967527040138,0.5703873174066426,0.4438972538201651,0.3197567559503739,0.0,33.48917007446289,24.291927337646484,0.0,33.40604333771327,0.6716997677313096,1,1
2020-03-18,100034.11647347896,302.8351192439975,1.6711501100681108e-05,0.5091596340270467,-0.35318240828204,0.3082832123657476,0.0,34.10631561279297,23.809192657470703,0.0,33.46588129422303,0.6723136245451317,1,1
2020-03-19,100057.277431616,302.24271561775896,0.0015890743294379,0.5523073112954601,-0.0332187045607834,0.3035650625869708,0.0,34.0672607421875,24.57193946838379,0.9432792,33.52571925073279,0.6729274813589537,1,1
2020-03-20,100061.26439951328,301.96574728023785,0.0007511259801757,0.6623278697073811,-0.3274393071061015,0.3071415282482281,3.9519413,34.64249038696289,24.34774398803711,0.056959067,33.58555720724255,0.673541338172776,1,1
2020-03-21,100026.5979788948,301.7455500701198,0.0067510500959887,0.2598327481269493,0.2968991452906192,0.3283444918295357,1.2591877,34.71983337402344,24.364643096923828,4.0809264,33.64539516375231,0.674155194986598,0,0
2020-03-22,100024.95563032478,301.5653847619768,0.0006599438199058,0.5502727531243266,0.0688294625394059,0.3585414003761275,9.696654,33.96269989013672,24.13385772705078,0.021902584,33.72318514633417,0.6751550629103112,1,1
2020-03-23,99956.3654219046,301.41016584979417,0.0045174273280051,-0.0560564708503368,0.1790667111977661,0.364199494037337,0.62623125,33.89680862426758,24.63800621032715,4.7504697,33.80097512891602,0.6761549308340243,1,1
2020-03-24,99814.49836423728,300.765145114615,0.0046907626589497,0.3100044726465654,0.146799926617954,0.3862290487279112,0.66717476,33.932735443115234,24.03917694091797,1.3786763,33.87876511149788,0.6771547987577375,1,1
2020-03-25,99871.10095741627,300.6340921562241,0.0016771465556053,0.2684276444161937,0.1095092047119186,0.3894417931618263,0.20171955,33.51676559448242,24.13092994689941,4.5560393,33.95655509407973,0.6781546666814506,1,1
2020-03-26,99866.52777779735,301.59268330902927,0.0002807077602105,0.2518947643505179,0.0171890819799242,0.3678033729917314,1.9381363,33.219295501708984,23.72943115234375,0.0,34.03434507666159,0.6791545346051638,1,1
2020-03-27,100022.97529710084,301.9754955371078,0.0001520537783039,0.4656631205141839,0.1425070484636895,0.3491183866860129,0.0,33.79584884643555,23.955612182617188,0.0,34.11213505924344,0.680154402528877,1,1
2020-03-28,99916.91935335811,302.50543669631725,0.0005166282248938,0.8894115048598925,0.2581046591127187,0.3330481122614515,0.0,34.1549072265625,23.48312759399414,0.84010446,34.1899250418253,0.6811542704525901,1,1
2020-03-29,99912.66506083823,301.81330725441387,0.0006494060582225,0.6492203809791123,0.6990363499281111,0.324665777699594,0.45035717,34.475547790527344,23.500123977661133,0.36244625,34.26771502440715,0.6821541383763033,0,1
2020-03-30,99898.00466570078,302.5248544020984,0.0006522495867842,0.5787524729913381,-0.0326713484373068,0.3163896259858582,0.12493678,34.572608947753906,23.75627326965332,1.5460525,34.16147533484709,0.6831540063000165,1,1
2020-03-31,99919.64134553623,303.0425138421923,0.000194962684311,0.5207632598803584,0.0189087743411801,0.3077906336774619,1.6990106,34.60665512084961,23.53710556030273,0.0,34.05523564528703,0.6841538742237296,1,1
2020-04-01,99870.70120861786,303.082900656833,0.0002678473944531,0.5928490819058636,0.641743463827363,0.2988604347154719,0.0,34.30913543701172,23.61945343017578,0.0,33.948995955726964,0.6851537421474428,1,1
2020-04-02,99825.49546019938,302.95155037880977,0.0008431211376215,0.6961661385922412,0.1647730645171609,0.2937784529689529,0.0,34.40918731689453,24.10050773620605,0.0,33.8427562661669,0.686153610071156,1,1
2020-04-03,99893.27132560586,302.58469996387555,0.0007499613976478,0.7753031052338245,0.0706961549579387,0.2937404170806111,0.0,34.78751754760742,24.148834228515625,0.0,33.73651657660684,0.6871534779948691,1,1
2020-04-04,99980.76235089202,302.93498532051854,0.0005483319370514,0.8415910150156753,0.0904202478295092,0.2919294341479748,0.027649945,34.75614929199219,23.996238708496094,0.0,33.630276887046776,0.6881533459185823,1,1
2020-04-05,100142.56767035788,301.70213446861885,0.004487936876765,0.2824761337608597,0.0889677384364259,0.3076134011183439,0.0,34.3450927734375,24.717866897583008,6.7915897,33.52403719748671,0.6891532138422954,1,1
2020-04-06,100067.1622201906,301.7911532601853,0.0044779116002351,0.5071805545180046,-0.1103084503221517,0.3333441545963574,23.073366,34.239013671875,23.32190322875977,3.7661397,33.41779750792665,0.6901530817660086,0,0
2020-04-07,100059.91374161608,299.93289094212577,0.0067940484716588,0.2096839278402602,-0.722196303246213,0.3927160400168685,6.2506995,32.6899299621582,23.703866958618164,7.076401,33.289981214381264,0.6881994522369363,1,1
2020-04-08,100063.24504493432,300.6713172122971,0.008351071532935,0.0641808487472231,-0.6208977725073358,0.4171778553594605,0.69008225,34.03764724731445,24.11858558654785,1.5724162,33.16216492083588,0.686245822707864,1,1
2020-04-09,99984.73308266,300.9801412259807,0.0067572051137309,0.0513767201620478,-0.6147321178328752,0.4267732454243295,8.114261,34.29291534423828,23.67999649047852,1.1700962,33.03434862729049,0.6842921931787919,1,1
2020-04-10,99998.58394716258,301.4864253997802,0.0035238113405011,-0.1529327552612906,0.063149802629471,0.4250445101664952,5.00272,33.78295135498047,22.9559326171875,0.6375744,32.906532333745105,0.6823385636497196,1,1
2020-04-11,100074.72418413186,302.0034126389956,0.0009948926155979,0.2364597492513784,0.065050453674852,0.3952311269221563,8.847208,33.48340606689453,24.126693725585938,0.055218946,32.77871604019972,0.6803849341206473,1,1
2020-04-12,99993.56748312176,302.2373344888194,0.0005626304025402,0.4328348939558364,-0.295195044512817,0.3764646769515711,0.2776007,33.999534606933594,23.871639251708984,0.1885193,32.65089974665433,0.6784313045915751,1,1
2020-04-13,99877.89634526856,302.1280985095206,0.0003327280604825,0.5201995570809529,-0.1048863240482859,0.3602191448383626,0.0,34.43092727661133,24.27904319763184,0.017228352,32.523083453108946,0.6764776750625028,1,1
2020-04-14,99943.65894443911,302.1028378483538,0.0053527719313342,0.4475003774528077,0.3572954851240619,0.3560692430302019,0.1492572,34.61327362060547,24.18866729736328,4.2805333,32.39526715956356,0.6745240455334305,0,1
2020-04-15,100033.7585065649,301.4387848887655,0.001288968435891,0.425046625239357,0.1661068179140528,0.38348043645599,0.25719532,34.33574295043945,24.42871856689453,2.050032,32.0223264179577,0.6725704160043582,1,1
2020-04-16,99936.7118486766,301.9269692881461,0.0009795523849441,0.5149460776606808,0.0225242562184526,0.3685407306099328,0.84326786,34.54391098022461,24.35654067993164,3.1756475,31.64938567635184,0.6706167864752859,1,1
2020-04-17,99879.2920555778,302.2391351825244,0.0017930139803599,0.3292279526052143,0.0924142687807061,0.3582784800822379,4.990088,34.676029205322266,24.241504669189453,0.37528574,31.27644493474598,0.6686631569462137,1,1
2020-04-18,99914.78998072,302.1092398726377,0.0010852752879664,0.4408686883547857,-0.1355374064894304,0.3542154008113559,0.69993293,34.46755599975586,24.917171478271484,0.8785905,30.903504193140122,0.6667095274171414,1,1
2020-04-19,99826.71124758411,302.38353529571407,0.0021565064245124,0.1809182825649081,0.2451797667454177,0.3512382329635171,1.0377219,34.24522399902344,24.980688095092773,7.306509,30.530563451534267,0.6647558978880691,1,1
2020-04-20,99842.70096738264,302.1792262176265,0.0038435747052001,0.3867550886713379,0.1701456948475334,0.3553514409515202,10.474335,33.80685806274414,24.553691864013672,1.0279919,30.157622709928408,0.6628022683589969,1,1
2020-04-21,99951.31093672523,300.53407378299323,0.0095059767079628,0.2069207423150875,-0.3680396024990805,0.4042518323166236,3.8016868,34.24222946166992,24.4455795288086,4.32268,29.78468196832255,0.6608486388299246,1,1
2020-04-22,99954.80536923902,300.5643436437846,0.0052942319538375,0.3694843494457929,0.0452484205259499,0.4316645362139579,10.02184,33.901954650878906,24.196258544921875,5.7544174,29.41174122671669,0.6588950093008523,0,0
2020-04-23,99885.32044110014,301.0041513214864,0.0062757805097287,0.1808533063802113,-0.0823035891031127,0.4349498047194153,3.7238498,34.6639404296875,24.22870445251465,2.0938635,29.544944755453432,0.6581222405526409,1,1
2020-04-24,99923.91167708852,300.4604054636817,0.0070886681409112,0.2923626902585191,0.2619904535208517,0.447966379247501,4.2881093,33.81861877441406,24.617610931396484,11.163657,29.678148284190176,0.6573494718044294,1,1
2020-04-25,99842.03775853846,301.37927751945807,0.0014741244279217,0.4277000959166858,-0.9319101932716852,0.4278573044103876,4.141504,34.65497589111328,24.630653381347656,6.8390794,29.81135181292692,0.656576703056218,1,1
2020-04-26,99913.6383172416,301.1840747597556,0.0090855721221733,-0.0497098182855224,0.013226965009944,0.4349883552181677,0.67602044,34.11372756958008,25.69580268859864,15.755243,29.94455534166366,0.6558039343080065,1,1
2020-04-27,99964.14868319604,302.1565725331354,0.0004614865870154,0.4854730428848606,-0.9619831428144944,0.427908683370578,18.914824,34.919219970703125,23.54005622863769,3.182701,30.0777588704004,0.655031165559795,1,1
2020-04-28,99897.92709260707,301.4276582351283,0.0221849376442541,0.0677212672618192,-0.049077627320375,0.4286954741965751,0.97224295,34.48301696777344,25.186134338378903,17.519838,30.210962399137145,0.6542583968115836,1,1
2020-04-29,99926.72329760708,300.77399038302667,0.0020613436147956,0.0450439379756619,-0.6801509441901232,0.4520234479283984,15.134791,33.2824592590332,23.44029235839844,2.8331087,30.344165927873888,0.6534856280633722,1,1
2020-04-30,99979.21545517276,301.0650168062475,0.0068706963763505,0.0863585223915456,-0.38662300090948,0.4496333408504742,0.27195686,34.02555847167969,24.195783615112305,10.225018,30.47736945661063,0.6527128593151608,0,1
2020-05-01,99914.26797331648,301.17695108476295,0.0069932205557472,0.4552571644847791,-0.4545302681659818,0.4627349745526539,17.443811,34.43462371826172,24.130353927612305,3.3351877,30.453630536974032,0.6519400905669492,1,1
2020-05-02,99765.02546481512,301.5078927617991,0.0092126878845568,0.4939208261696446,-0.8510744178477126,0.4642792688079259,3.0221038,34.32998275756836,24.80825424194336,2.0867403,30.429891617337432,0.6511673218187378,1,1
2020-05-03,99799.884382466,301.15844612681013,0.00450177364205,0.0096359090143591,-0.6437884399933603,0.4659346613635781,1.2302457,34.70164489746094,25.168270111083984,0.66325325,30.406152697700833,0.6503945530705264,1,1
2020-05-04,99849.32105017507,302.0033304799361,0.0021388709098894,0.244324876849705,-0.5319759019192974,0.4528267178659844,0.8059495,34.87376403808594,24.73198699951172,0.18216854,30.382413778064233,0.6496217843223149,1,1
2020-05-05,99814.3326869286,301.77339949563714,0.0057858337905215,0.104232968755576,-0.3338678661827458,0.4521970959835463,0.19195816,35.210941314697266,25.19843482971192,3.1115015,30.358674858427634,0.6488490155741035,1,1
2020-05-06,99807.10817862584,300.8164473683922,0.0059653895128259,-0.2751631091916083,0.0626415607089218,0.4579173033162084,6.0066137,34.33706283569336,24.43614387512207,8.678808,30.334935938791034,0.648076246825892,1,1
2020-05-07,99867.38692294888,300.3794812554279,0.0073732332636464,-0.0337197452457582,0.6237506355169173,0.4650687820594147,12.951151,34.2333869934082,24.597625732421875,10.110832,30.311197019154434,0.6473034780776805,1,1
2020-05-08,99840.67842597472,300.5268622246022,0.0023344662036392,0.0406175210565052,0.1634512313327361,0.4612292865102489,5.677476,32.84623336791992,24.02523803710937,2.8584409,30.287458099517835,0.6465307093294691,0,0
2020-05-09,99774.902210513,301.291359996234,0.0055289316802862,0.033057570844362,-0.0587167128847115,0.4554052943291464,1.0007273,33.766502380371094,23.85002326965332,9.819588,29.134668612494906,0.6443613583931309,1,1
2020-05-10,99765.834584411,301.3175192150966,0.0051339901905805,0.3628860630515046,-0.1682032507362095,0.4576541347162041,8.788693,33.969993591308594,24.738393783569336,13.992779,27.981879125471977,0.6421920074567927,1,1
2020-05-11,99762.46826060356,301.2648750428527,0.0018493381704701,0.0220617986037791,-0.1388357705917477,0.4609277224021973,7.092856,33.123661041259766,24.61933135986328,6.7730746,26.829089638449048,0.6400226565204545,1,1
2020-05-12,99735.7781652998,300.663026882373,0.0180452308486533,0.0660563302822505,0.126676441901205,0.4626688352498401,2.6802158,33.54186248779297,24.599998474121094,12.756603,25.67630015142612,0.6378533055841162,1,1
2020-05-13,99715.76755141896,299.7585644211273,0.0144580384233433,-0.1457590471596253,-0.0973617995296881,0.4583737229710518,9.953446,32.10699844360352,23.87348175048828,7.3451076,24.52351066440319,0.635683954647778,1,1
2020-05-14,99622.63661591688,300.972118576468,0.0070002797065424,0.2713768068651322,-0.3192958531721895,0.4619474991079507,15.548067,34.063209533691406,24.05120277404785,13.2672615,23.37072117738026,0.6335146037114399,1,1
2020-05-15,99632.16279874434,299.08498674987214,0.0149823018161613,-0.2177661694447457,0.311937973410167,0.4836282951354064,7.163693,33.104278564453125,24.16086769104004,14.158492,22.217931690357332,0.6313452527751017,1,1
2020-05-16,99581.63342861833,299.90398340217206,0.0019810773805724,-0.0031059165029001,-0.5914043793097642,0.4786357536870768,8.12386,32.07951736450195,23.82830238342285,9.312979,21.065142203334403,0.6291759018387635,0,1
2020-05-17,99547.72247758336,299.57259668927315,0.035399150678576,0.596867976688482,-0.4237823676197473,0.4818531243413352,1.2874984,33.54020309448242,24.91154861450196,16.283035,22.168131373146778,0.6270065509024253,1,1
2020-05-18,99588.14917335552,298.082191628237,0.0599971341497838,0.5666810175678682,-1.0344190308072994,0.4712461498382934,17.71629,30.07601547241211,23.596445083618164,8.456409,23.271120542959153,0.6248371999660871,1,1
2020-05-19,99605.28462788026,298.94134786206666,0.0113821470733158,0.3071378432066485,-0.8693914852802649,0.4557923284742262,16.360632,32.66104507446289,24.08382606506348,2.5686343,24.374109712771528,0.6226678490297489,1,1
2020-05-20,99660.68348023448,299.6372655271724,0.0051340521192554,0.5955591141024037,0.4118451607286077,0.4787890589829031,20.216934,33.71417999267578,24.160579681396484,0.50437915,25.477098882583903,0.6204984980934107,1,1
2020-05-21,99767.78011783784,299.17389615537286,0.0047835312431743,-0.1687279029568308,1.2391024786257545,0.4849584087441068,0.4980118,32.37388229370117,24.0959701538086,5.7604966,26.580088052396274,0.6183291471570724,1,1
2020-05-22,99750.70542278027,299.87795638006344,0.0025323807059364,0.0901258569280177,0.1382565756431063,0.4814996816802732,19.391314,33.097537994384766,23.691219329833984,2.5685337,27.68307722220865,0.6161597962207342,1,1
2020-05-23,99794.32338698732,299.7016734269852,0.0114994998920535,0.5413063788502847,-0.1276024438280485,0.4790331271566269,0.63668334,33.71492004394531,24.94823837280273,6.188611,28.786066392021024,0.6139904452843961,1,1
2020-05-24,99845.26248318984,300.681573833865,0.0019426779196455,0.5185765540288868,-0.7485502447871613,0.473226823519021,1.878274,33.96134567260742,25.221519470214844,2.174589,29.8890555618334,0.6118210943480579,0,0
2020-05-25,99908.1717418804,300.44985977459,0.007384272665054,0.343298380471491,-0.047379965678418,0.4824797333053477,0.0,33.8602294921875,25.28182029724121,5.153366,29.73437713219472,0.6150584008982226,1,1
2020-05-26,99900.595514715,300.5330241004182,0.0057018330010171,0.2551864257640086,0.1058079783970066,0.4806568682487517,3.3074346,34.01602554321289,24.625232696533203,3.3351212,29.57969870255604,0.6182957074483875,1,1
2020-05-27,99870.3041610672,300.0257090749556,0.0066333068113116,0.0154332485260879,0.1325400647155252,0.4766859230420269,2.431827,33.20389938354492,24.98004150390625,13.093751,29.42502027291736,0.6215330139985522,1,1
2020-05-28,99807.75788064457,299.59087052650784,0.0107281459494221,-0.1317972824513045,-0.0489180301843261,0.4648270695839152,7.099495,33.04478073120117,24.864089965820312,22.42803,29.270341843278686,0.624770320548717,1,1
2020-05-29,99809.33041515003,299.02739274334147,0.0287961742904183,-0.2778258041086529,0.7128781652433368,0.4637491740004233,26.194925,30.57856750488281,22.480180740356445,0.08778489,29.115663413640007,0.6280076270988818,1,1
2020-05-30,99810.85600363484,299.24371558844103,0.0103975234136407,-0.4566641295238502,1.0949596770036996,0.4782413708961616,1.7463834,32.073909759521484,24.085494995117188,9.166889,28.96098498400133,0.6312449336490465,1,1
2020-05-31,99935.15514442654,299.62661378500286,0.0091758258938954,-0.0646041430365453,1.9288215689224075,0.4788854121875269,15.447446,32.12596130371094,24.091020584106445,0.7707382,28.80630655436265,0.6344822401992113,1,1
2020-06-01,99983.8321646044,298.92951904367493,0.0271502174772899,-0.1926787560168676,1.6646440488413154,0.4748489572704089,8.05683,31.39761734008789,23.673519134521484,12.103995,28.65162812472397,0.6377195467493761,0,1
2020-06-02,99994.85024955812,297.56450693039017,0.0233652527858667,-0.0553232443592041,1.1674629633695204,0.4819861007490501,18.146734,29.94547271728516,23.231578826904297,13.8772335,28.359314551038295,0.6409568532995409,1,1
2020-06-03,99934.05784069694,298.4962244805328,0.0158464467077938,0.279492599830302,1.2039440728850284,0.4830769390881613,16.753353,30.77408218383789,22.61556053161621,15.571578,28.06700097735262,0.6441941598497056,1,1
2020-06-04,99933.90116956244,298.6206494606608,0.0137049962607559,0.0531445913753883,1.184569531356018,0.4696355870830739,12.403132,31.072696685791016,23.41047096252441,14.843048,27.774687403666945,0.6474314663998704,1,1
2020-06-05,99956.98411286944,298.3763130514479,0.0217101360421682,0.5076429779991849,0.7856205376112514,0.4725660162915517,12.372577,30.954805374145508,23.582204818725582,15.174802,27.48237382998127,0.6506687729500352,1,1
2020-06-06,99955.8318217686,297.39570589543604,0.0362879433548523,-0.0064705482883684,0.6759056268453113,0.4728912396390273,19.821115,30.292865753173828,22.906005859375,12.743732,27.190060256295595,0.6539060795002,1,1
2020-06-07,99894.28285981968,297.3264853790096,0.0190107168067546,-0.1584011943656416,0.0071759063158059,0.4871021099482638,12.324236,29.69254875183105,23.32256317138672,17.92812,26.89774668260992,0.6571433860503647,1,1
2020-06-08,99789.40417807692,298.9259165550514,0.0019462468217436,0.3491140306676604,-0.3874558065642328,0.4750792938637782,2.8257828,31.343786239624023,22.76644515991211,0.036868915,26.605433108924245,0.6603806926005296,1,1
2020-06-09,99773.85110350742,298.8214571476269,0.0112795683533123,0.4007193343773214,-0.7260745815222532,0.4760085854597398,0.013565378,31.91733741760254,23.68709754943848,3.6206236,26.31311953523857,0.6636179991506943,0,0
2020-06-10,99717.92358295724,298.784513129138,0.0103953339693144,0.7543177095108959,-0.8650555520379237,0.4655369374453698,3.6614144,31.36485481262207,23.88249969482422,20.532455,26.742817147596774,0.6602679417070113,1,1
2020-06-11,99653.86157200152,297.50791972146936,0.0123425466228468,0.0069253591121797,-0.2604945465727112,0.4771092379662062,11.743878,29.87479591369629,23.035808563232425,7.82556,27.17251475995498,0.6569178842633282,1,1
2020-06-12,99594.98974374594,298.17797845417897,0.0089092480808378,0.4386255175093789,-0.2863488273560994,0.4901455585623263,27.373142,29.999351501464844,22.921253204345703,4.7166743,27.602212372313183,0.6535678268196452,1,1
2020-06-13,99690.6335952526,298.30165943581835,0.0193736885418713,1.1444826209784442,-0.0525405693403845,0.4848250680165246,8.862609,31.26223564147949,23.134716033935547,4.6238093,28.031909984671387,0.6502177693759621,1,1
2020-06-14,99834.11168692575,298.08943337060924,0.0125846788560764,0.3451209810580009,-0.4923129019248313,0.4861202316797759,28.76727,31.24277114868164,22.716909408569336,9.108752,28.46160759702959,0.6468677119322791,1,1
2020-06-15,99744.33261144716,298.86051447469754,0.0100595925782995,0.61964863271492,-0.1979781767685463,0.4810283651488349,9.214471,31.84774780273437,23.837018966674805,4.5339947,28.891305209387795,0.643517654488596,1,1
2020-06-16,99714.91662822165,298.5880891089401,0.0082565042770674,0.4066443009393148,-0.0353215877103295,0.4731760478991272,17.93835,31.17591094970703,23.13642120361328,5.147676,29.321002821746,0.640167597044913,1,1
2020-06-17,99806.01311362964,298.4674693663714,0.0165184353257164,0.2664727796684565,-0.3565627865126994,0.4787576679771288,10.1704235,31.3977279663086,23.602333068847656,14.502899,29.750700434104203,0.6368175396012299,0,1
2020-06-18,99883.18845889535,299.03051723902547,0.0057247482733237,0.2124508916077842,-0.4125533685731206,0.4771818462967486,20.437925,32.013763427734375,23.14837646484375,0.9734978,29.276031174499764,0.6334674821575469,1,1
2020-06-19,99927.7396169067,298.71883949475136,0.009411159190131,0.548960692264352,-0.777233496754341,0.4767751690286443,5.563717,31.31283187866211,22.80634498596192,5.4159923,28.801361914895324,0.6301174247138639,1,1
2020-06-20,99888.15676762864,299.07589820451875,0.0124000568399881,0.8955367909470551,-0.4884663286053201,0.4783907697842462,18.164219,32.39663314819336,23.38019561767578,7.342596,28.326692655290884,0.6267673672701808,1,1
2020-06-21,99811.3207596363,297.8276045508418,0.0264113831681517,1.106360583254345,-0.8534271537376319,0.4773175249536503,13.331035,29.97674560546875,23.5791015625,35.576218,27.852023395686444,0.6234173098264978,1,1
2020-06-22,99752.41865723889,297.2283557273259,0.0241909786021713,0.1273560742372388,-0.9841270976405349,0.4775260953264664,42.560577,29.703975677490234,22.887311935424805,5.7665434,27.37735413608201,0.6200672523828147,1,1
2020-06-23,99736.1041717144,298.84904570842616,0.0041326021260403,0.2219142223697024,-0.657125591558252,0.4723563481443332,16.756979,29.94091796875,22.85574531555176,6.823874,26.90268487647757,0.6167171949391317,1,1
2020-06-24,99720.5902161679,298.26219294360374,0.0126952956992497,0.2219841715549819,-0.5813236443207433,0.4774287190914785,0.7765589,31.23456764221192,23.84854316711425,31.008698,26.42801561687313,0.6133671374954486,1,1
2020-06-25,99559.5080367138,297.7896762164199,0.0177812784481046,0.0930395253591059,0.5207214786078096,0.4766598426460259,12.256041,30.216154098510746,22.76932144165039,18.34336,25.95334635726869,0.6100170800517656,0,0
2020-06-26,99602.6945600339,297.95867191328006,0.0119887882375419,0.4491762903421913,0.7873869537232457,0.4827484122146881,14.640151,29.86209487915039,22.38419914245605,4.197575,26.41470741440642,0.607949332804246,1,1
2020-06-27,99685.8630987095,298.3073054988994,0.0090007353916608,0.4580292569314191,0.2910117312024484,0.4625540895091756,31.397146,29.77787971496582,22.33326530456543,10.825577,26.876068471544148,0.6058815855567266,1,1
2020-06-28,99642.88760738783,298.30793024281616,0.0176031868056966,0.3845666212908909,-0.3234812443840174,0.4634860468994097,10.386426,29.83031272888184,23.0289249420166,1.3428001,27.337429528681877,0.603813838309207,1,1
2020-06-29,99630.6564122909,297.97878564173595,0.0271927311041906,0.6727842300438884,-0.3652102891492333,0.4697394083864287,9.976778,30.902965545654297,23.160703659057617,75.749855,27.798790585819603,0.6017460910616875,1,1
2020-06-30,99626.85735214569,298.9335711575828,0.003948514376291,0.7972546928360824,-0.3979537723041208,0.4684262990464326,62.047947,30.959373474121094,21.960363388061523,0.08715565,28.260151642957332,0.599678343814168,1,1
2020-07-01,99713.6134399018,298.46038834615064,0.0086673034441483,0.5588083603101535,-0.4179603445055624,0.4839108202631963,4.98609,31.288965225219727,23.14389419555664,1.4136484,28.72151270009506,0.5976105965666485,1,1
2020-07-02,99748.7685369617,298.00862920151013,0.0191478836754247,0.6586655819555045,-0.873720833710401,0.4756620722129977,5.6757064,31.05527305603028,23.248958587646484,21.878407,29.18287375723279,0.5955428493191289,1,1
2020-07-03,99789.68933332912,297.05955808405446,0.0156481969422942,0.2989953734121267,-0.3131541769612594,0.4878847382650136,26.873703,28.54559326171875,22.408676147460938,10.777363,29.64423481437052,0.5934751020716094,0,1
2020-07-04,99743.3243359046,297.85760502127994,0.0093246488354337,0.5109050072705408,0.0279844335845377,0.4958297899385847,26.790524,29.77774238586425,22.452178955078125,7.494942,28.99466827315827,0.5914073548240899,1,1
2020-07-05,99700.18716391416,298.1663254355994,0.0111845387165072,0.4446897760064059,-0.0193039925858756,0.4766235664524502,27.048416,29.50777816772461,22.884441375732425,15.123605,28.345101731946016,0.5893396075765703,1,1
2020-07-06,99722.30032636604,298.066071353834,0.0124884607729022,0.6530210218516693,-0.2886492232460143,0.4885316486039948,17.779995,30.21127700805664,23.08757781982422,0.0,27.695535190733764,0.5872718603290509,1,1
2020-07-07,99808.36082264622,298.62705008635976,0.0053236400752217,-0.0320027061115736,-0.8093874126633339,0.4816740453064133,39.96756,31.00943756103516,22.207481384277344,4.5735455,27.045968649521512,0.5852041130815313,1,1
2020-07-08,99844.03902581584,298.576766387934,0.0026458561490298,0.2399508646724172,-1.6551744501412184,0.4805278509823029,9.028498,30.56660842895508,22.528959274291992,23.449707,26.39640210830926,0.5831363658340118,1,1
2020-07-09,99783.79141803592,297.78264962315694,0.015812494596448,0.1481553263526106,-0.7230988053522341,0.4769517416162463,4.3806405,30.664081573486328,22.85434341430664,31.535803,25.74683556709701,0.5810686185864923,1,1
2020-07-10,99819.06008776504,298.2530221073569,0.0055933129539926,0.5726051883122029,-0.520013842463479,0.4801499780259866,15.283151,30.127817153930664,22.018516540527344,28.47721,25.097269025884756,0.5790008713389728,1,1
2020-07-11,99782.66967653116,298.2649676569065,0.0123491095584185,0.6981199796217856,-0.0365519127689283,0.4802797533941607,1.3613127,30.69061088562012,22.57699203491211,11.692566,24.447702484672504,0.5769331240914533,0,0
2020-07-12,99717.14387744968,298.1944842003246,0.0156108185041239,0.772468101005311,-0.1991427184326286,0.4622835752439263,19.480072,30.77654838562012,22.357866287231445,3.9359512,25.139602270046254,0.5745538633851651,1,1
2020-07-13,99689.9160080534,297.3657922138316,0.0166430205729738,0.4650354861124073,-1.0463784939252003,0.4765417008664204,3.5188053,29.49880790710449,23.00018119812012,12.948556,25.831502055420003,0.572174602678877,1,1
2020-07-14,99639.16271839128,298.67711002864803,0.0065733713844572,0.6628495707135318,-1.1771882501039992,0.4804998913240026,3.542038,31.46251106262207,22.86257743835449,22.552753,26.523401840793753,0.569795341972589,1,1
2020-07-15,99704.48783276376,297.9161967729086,0.019566009197609,0.7808085089765043,-0.4716424594089981,0.4815444705549064,0.11127084,30.3040771484375,23.060461044311523,28.9284,27.215301626167502,0.5674160812663008,1,1
2020-07-16,99673.92835008248,297.31896737739874,0.0339804864331648,0.8444688400119985,0.0094233346194626,0.4821433606006188,16.142937,27.784330368041992,22.55692672729492,16.007542,27.90720141154125,0.5650368205600127,1,1
2020-07-17,99693.83131546808,296.8679229767509,0.0405770267985256,-0.4847448046125176,-0.3277490599566117,0.4771354790848168,41.923557,28.73075294494629,22.578502655029297,24.37979,28.599101196915,0.5626575598537246,1,1
2020-07-18,99718.88603883056,298.3090357617099,0.0086552868874288,-0.0593208306568548,-0.754131815241197,0.4742673269070777,11.016104,30.15635299682617,22.652006149291992,21.934807,29.29100098228875,0.5602782991474364,1,1
2020-07-19,99673.11159594894,298.97272643212995,0.0011174269437016,0.673670762661974,-0.5714106231315275,0.4747080283033716,7.4806294,30.672090530395508,22.692934036254883,25.789879,29.9829007676625,0.5578990384411484,0,1
2020-07-20,99602.6286005093,298.49372692935844,0.0100700364922009,0.0387444325344023,0.9126550217834944,0.4782284769763711,10.621631,29.31627655029297,23.25306510925293,26.41389,29.89004153417681,0.5555197777348603,1,1
2020-07-21,99658.72238496304,299.477498692924,0.0024752054410458,0.2834382491095132,0.3253976818259655,0.4723335925970159,27.05664,30.844905853271484,22.01832389831543,21.438147,29.79718230069112,0.5531405170285721,1,1
2020-07-22,99668.84303374852,299.057994680431,0.0046216895379961,0.1657398493047201,0.8755481219919335,0.4763471008651116,12.122946,30.05188369750977,23.38575935363769,21.5185,29.70432306720543,0.550761256322284,1,1
2020-07-23,99704.01317690256,298.2609595323873,0.0101720937808154,-0.2668321921083414,1.3649677664260051,0.4779027815492182,8.592886,30.20606231689453,23.19692039489746,68.09727,29.61146383371974,0.5483819956159959,1,1
2020-07-24,99800.02197911267,297.8829499052212,0.0085565910414966,-0.5844659627608804,1.6775944060123749,0.4830658025703749,22.87291,29.36459922790528,22.81378555297852,19.527937,29.51860460023405,0.5460027349097077,1,1
2020-07-25,99950.82088183863,298.4344886498234,0.0061232799061618,0.4871653387044711,0.2689161641134324,0.4833772237204289,3.202261,30.49646759033203,23.023536682128903,16.599674,29.42574536674836,0.5436234742034197,1,1
2020-07-26,100026.5146843,298.5046349213752,0.004414524809144,0.6387875668488668,-0.1129442464991506,0.4830600712387905,2.952252,29.8911361694336,22.676729202270508,1.9094849,29.33288613326267,0.5412442134971316,1,1
2020-07-27,99880.6291180205,299.1178222891946,0.0022143004723367,0.7826053125523853,-1.0172963450484904,0.4727487922904153,0.20878592,31.52449417114257,22.97218894958496,0.6560549,29.24002689977698,0.5388649527908435,0,0
2020-07-28,99722.4559918255,298.0827425633332,0.0276986150540978,0.7960601061034451,-0.7725322050806965,0.4762251004818498,2.5869117,29.48758125305176,23.40903663635254,47.80571,28.96218886052188,0.5356712906710943,1,1
2020-07-29,99736.4002532794,296.68884701848623,0.0802835012643687,0.5411173652780072,0.1427279425177497,0.4800659423408092,44.030815,28.50295066833496,22.393400192260746,42.39077,28.684350821266783,0.5324776285513452,1,1
2020-07-30,99733.6263626563,297.0447806543937,0.0294258716762584,1.2398520046049104,0.1248113584713317,0.4822511674120015,77.33562,30.20489501953125,21.705162048339844,0.62241626,28.406512782011685,0.5292839664315961,1,1
2020-07-31,99720.55786176836,297.7502300908094,0.036371488170907,1.6711767620586953,-0.0426460999481837,0.4760961370953057,20.010944,30.246076583862305,22.684642791748047,44.630604,28.128674742756587,0.526090304311847,1,1
2020-08-01,99832.52501310066,297.57537624282566,0.0282213318199276,1.857454064689386,-0.219044977089063,0.4785258675699179,42.962765,29.75313949584961,22.554977416992188,13.646246,27.85083670350149,0.5228966421920979,1,1
2020-08-02,99872.17025978048,296.9272632167838,0.0363175291507587,1.9898922257246288,0.0540984249241092,0.4716270890197497,31.818926,28.376832962036133,22.255109786987305,14.861554,27.57299866424639,0.5197029800723487,1,1
2020-08-03,99768.34725565863,297.4691869330129,0.044096095125425,2.341856985256096,0.3762959667031102,0.4737636685615005,40.87173,29.493650436401367,22.20866775512696,16.655214,27.295160624991293,0.5165093179525997,1,1
2020-08-04,99650.35081314476,297.3517201945592,0.033973721441802,1.877778063257206,0.3178030026189725,0.4735252646560751,63.795418,28.481103897094727,23.085538864135746,36.988167,27.017322585736196,0.5133156558328505,1,1
2020-08-05,99558.57607080274,297.8226456819268,0.0395519071931319,2.829824376326941,0.2895283982764932,0.4714245091752517,64.69527,28.95305824279785,22.140117645263672,17.168024,26.739484546481098,0.5101219937131014,1,1
2020-08-06,99716.43849845562,297.309752850281,0.0451824502585765,2.034844817959327,-0.1385595329336026,0.4770763148222853,27.89951,28.72463798522949,22.88145446777344,20.088764,26.461646507226,0.5069283315933523,1,1
2020-08-07,99921.4429857832,296.9811436584011,0.0477764481000852,1.405243390396619,0.2660151461251497,0.4746786683407351,126.31987,27.99691772460937,22.52606964111328,14.637628,26.183808467970902,0.5037346694736031,1,1
2020-08-08,99898.58105333756,296.67728374777886,0.0360158800519935,0.8838768413482715,-0.4942080531645917,0.4789019549232589,88.04363,28.697790145874023,22.25605773925781,63.16652,25.905970428715804,0.5005410073538541,1,1
2020-08-09,99867.48467598644,296.4210008127584,0.0617899752225142,1.701476713286697,-0.0247113456776514,0.477226675409353,80.81887,26.41424369812012,21.57100486755371,47.586582,25.628132389460706,0.49734734523410495,1,1
2020-08-10,99897.7307217829,296.86483550894246,0.0242869131961038,1.46314568765491,-0.2403187043449887,0.4745656326565409,58.030186,28.2335205078125,21.323177337646484,1.4179384,25.35029435020561,0.4941536831143558,1,1
2020-08-11,100012.41102581203,297.67646776596666,0.0110155072198842,0.6320639483156879,-0.4214246794070916,0.4830427439199331,14.826773,30.179214477539062,22.31354713439941,2.1761737,25.07245631095051,0.49096002099460667,1,1
2020-08-12,100022.04625172094,298.639446851224,0.0025909915570794,0.8312967164912811,-1.0628884609881355,0.4772889095654439,18.93732,30.67952346801757,22.745437622070312,0.38556853,24.794618271695413,0.4877663588748576,0,0
2020-08-13,99820.5024475692,298.3294952116071,0.0047969980134694,1.198472173300797,-0.9262623484711588,0.4813667620184159,2.4972072,30.713497161865234,23.007720947265625,7.132761,25.333949508463263,0.49444691149240666,1,1
2020-08-14,99780.23207880446,297.99104615991143,0.0042831104511936,0.4944368621910086,-0.5899901052466493,0.4870256025468175,1.9366866,30.24482727050781,23.142763137817383,8.923433,25.873280745231114,0.5011274641099557,1,1
2020-08-15,99815.67227330228,298.2264241047642,0.0024375282993739,0.0412043062937576,-0.1577165240578847,0.4840841446950011,3.625006,29.772628784179688,23.352170944213867,7.497062,26.412611981998964,0.5078080167275048,1,1
2020-08-16,99834.1208791622,298.5176669037217,0.0045213460669679,0.8347332226798749,-0.5142121298236619,0.4801036093237596,0.123600535,30.33658599853516,22.786296844482425,10.504894,26.951943218766814,0.5144885693450538,1,1
2020-08-17,99798.75297963676,298.44736938210605,0.0027413766816382,0.3046908772382932,-0.5682051849846714,0.4819187013442906,2.3900082,30.36795997619629,22.760025024414062,3.838617,27.491274455534665,0.5211691219626029,1,1
2020-08-18,99809.88245158624,298.45992598411544,0.0027762444278063,0.5659163149808345,-0.8835933555962302,0.4778517937342098,3.2749252,30.90750312805176,22.84004783630371,0.0,28.030605692302515,0.527849674580152,1,1
2020-08-19,99697.80573091574,299.01866099071816,0.0013248411396816,0.9442754565043038,-1.33587255589964,0.4660482078751257,2.9740055,30.780742645263672,23.03459358215332,0.0,28.569936929070366,0.5345302271977009,1,1
2020-08-20,99731.2257485805,298.7031048911023,0.0023440522608891,0.7717718155800487,-1.0665978728069798,0.4620484058523654,1.2866056,30.55866432189941,23.38011932373047,12.149511,29.109268165838216,0.54121077981525,0,1
2020-08-21,99861.31606429468,299.04105660078227,0.0010636852449435,0.5708922321857463,-0.7139631701083208,0.4583208824897818,2.7311654,31.100181579589844,23.246545791625977,9.90808,29.273317845348778,0.5478913324327991,1,1
2020-08-22,99892.41718969525,299.4187292517887,0.0023654144285507,0.8593367521458198,-0.9820491417567164,0.4524434244765988,0.6438264,31.45887756347656,23.191186904907227,8.300312,29.43736752485934,0.5545718850503482,1,1
2020-08-23,99919.2280102049,298.7086497356233,0.0061739076296119,0.6247246452558068,-0.651585682207381,0.4665922542534879,3.879235,30.65103340148925,23.29641532897949,6.057976,29.601417204369902,0.5612524376678972,1,1
2020-08-24,99916.71382117088,299.0895256405196,0.0024398208051393,0.3787526161513916,-0.4278190617865705,0.4674735644184953,8.707327,31.405292510986328,23.34727478027344,15.7706995,29.765466883880464,0.5679329902854463,1,1
2020-08-25,99969.45517538214,299.7161571462792,0.0009978064132691,0.8243052985522303,-1.081653013024741,0.4529648865769583,2.0659008,31.35243034362793,23.42270469665528,7.6681995,29.929516563391026,0.5746135429029953,1,1
2020-08-26,99936.37969046996,299.40597354427155,0.0002112250995739,0.7580267407169335,-1.0983468686922453,0.4423189489926581,0.9953275,30.309402465820312,23.59620475769043,10.894217,30.093566242901588,0.5812940955205443,1,1
2020-08-27,99846.59102075492,299.27026124177667,0.0009961218942256,0.7077182637110457,-0.9790869078135775,0.4330868197685396,0.6531348,31.28797149658203,22.90641593933105,2.4392054,30.25761592241215,0.5879746481380934,1,1
2020-08-28,99791.64729037067,299.2862745792424,0.000320310941622,0.5891897968123031,-0.6268384267624965,0.4218643557381954,0.0,31.54096221923828,23.10723114013672,2.9860313,30.42166560192271,0.5946552007556425,0,0
2020-08-29,99817.57816502982,298.94073871878976,0.0024740986173987,0.5797663545476688,-0.2569089518500171,0.4207099086175903,0.0,31.111156463623047,22.60164260864257,0.9980716,29.67782644930142,0.5902990788920344,1,1
2020-08-30,99862.70785573458,299.01473441974,0.0036196583289176,0.6335318645959235,-0.772215871287017,0.4319851188966898,3.2779334,31.94137954711914,23.37799644470215,5.798743,28.93398729668013,0.5859429570284264,1,1
2020-08-31,99861.95858084888,299.0866301800572,0.0045209048576153,0.6547013681831092,-0.8749056789562354,0.4522761125836267,0.5187549,31.65426254272461,23.68422508239746,18.763203,28.19014814405884,0.5815868351648183,1,1
2020-09-01,99816.4408088553,299.07217701296213,0.0080007074801792,0.8526019034355303,-1.01322675578109,0.4609712045171797,3.5801506,30.445873260498047,22.416410446166992,40.375183,27.446308991437547,0.5772307133012102,1,1
2020-09-02,99747.39383865248,297.7585018711432,0.024071124226145,0.0817832070942294,0.3630195384645193,0.4799428566786973,6.5540314,29.104360580444336,22.617799758911133,11.944945,26.702469838816256,0.5728745914376021,1,1
2020-09-03,99698.39058567458,298.5335606005147,0.0023067051399024,-0.2551286770526801,1.0784530956192877,0.4652514912242687,28.070745,30.4385986328125,22.188331604003903,15.335342,25.958630686194965,0.5685184695739941,1,1
2020-09-04,99634.3093064798,299.5843775637206,0.001870776230309,-0.3266603809406672,1.2093649272062357,0.4572663431572274,6.7868276,30.551097869873047,22.936670303344727,27.907671,25.214791533573674,0.5641623477103861,1,1
2020-09-05,99597.88087264002,298.9914556554424,0.0051527631836828,-0.5082989747828912,1.363061566724845,0.4683137318881347,12.674349,30.31267166137696,22.894752502441406,19.411367,24.470952380952383,0.559806225846778,0,1
2020-09-06,99738.89497310374,297.03895769601894,0.0536637742000877,-0.2671125906994601,1.50882866412978,0.4771579327900287,17.451368,29.199779510498047,23.214454650878903,37.441532,24.79575534028647,0.5554501039831699,1,1
2020-09-07,99863.95075578825,297.6082914127497,0.0075143171934443,-0.4038623645194147,0.4634904810436242,0.4853886534265205,82.43976,29.886194229125977,21.806396484375,0.0,25.120558299620555,0.5510939821195618,1,1
2020-09-08,99794.94321874253,297.93386612988576,0.0178850052692517,-0.0386958192755846,1.0919513695514298,0.4838726215887592,6.723916,30.8308048248291,22.91289710998535,18.49196,25.44536125895464,0.5467378602559538,1,1
2020-09-09,99748.4986799561,297.36307335014544,0.0322424543593133,0.4627962379533522,0.6992792618763334,0.4789529303573534,11.983541,29.433490753173828,23.07607078552246,55.10033,25.770164218288727,0.5423817383923457,1,1
2020-09-10,99764.95522509652,296.7145550513816,0.0182671210570605,0.2267084370468768,0.5320415021937862,0.4824122185746643,32.25848,28.84260368347168,22.56454849243164,5.862354,26.094967177622813,0.5380256165287376,1,1
2020-09-11,99846.67466933752,296.9945783822608,0.0252536556892046,0.6189634392132252,0.7226504997244705,0.4825959739267778,23.11714,29.414600372314453,22.499900817871094,1.9645629,26.4197701369569,0.5336694946651296,1,1
2020-09-12,99990.31625646113,296.76229550824434,0.0268175863038534,0.0884880059498235,0.3275379217191161,0.4842147044170247,33.708294,28.673458099365234,22.03726387023925,13.484369,26.744573096290985,0.5293133728015216,1,1
2020-09-13,100016.35142938043,296.8083123682726,0.0169282666653706,0.4558253895277758,-0.2928030513229673,0.4865956143098233,36.32958,27.08741569519043,22.1497802734375,28.951323,27.06937605562507,0.5249572509379135,0,0
2020-09-14,99899.59382049236,297.04072424155726,0.0150257008328542,0.711673394950741,-0.1567915065713564,0.4784501301925591,22.301023,29.724401473999023,22.20379447937012,0.082669586,27.193127219158974,0.5306609793232046,1,1
2020-09-15,99885.31037771689,297.6778489067114,0.0058363836559895,1.180799091732091,-0.5398231223879391,0.487528434237088,14.021601,30.42183303833008,22.9255599975586,8.483402,27.316878382692877,0.5363647077084958,1,1
2020-09-16,99905.1233165185,297.86273716659355,0.0066039686356904,0.9304869067484062,-0.4010629242379901,0.4909919875647418,12.718347,30.900346755981445,22.6159610748291,3.908217,27.44062954622678,0.5420684360937869,1,1
2020-09-17,99961.50401812208,297.603969333464,0.0130203465374256,1.0160552317283094,-0.0605699170279179,0.4773541151409696,10.360684,30.592187881469727,22.5920467376709,4.704636,27.564380709760684,0.5477721644790781,1,1
2020-09-18,99832.484426534,297.4275982910974,0.0187169837807011,1.4002257974291954,-0.5679726234378257,0.4826792019865723,26.557255,30.19897651672364,22.92914390563965,4.723348,27.688131873294587,0.5534758928643692,1,1
2020-09-19,99721.26457366048,296.7046578216186,0.0613846526931033,2.309452701609416,-0.0338932135340428,0.4761000031504382,23.567734,27.93805503845215,22.472875595092773,9.755237,27.81188303682849,0.5591796212496603,1,1
2020-09-20,99756.88997753873,296.5568664288031,0.0426483482597211,2.2004070220077847,0.1408591219432825,0.4759255172054503,76.872574,26.88416290283203,21.52203941345215,5.906731,27.935634200362394,0.5648833496349515,1,1
2020-09-21,99802.06751663648,296.5964488329717,0.0436629874919015,2.975902553933904,0.5980051937319938,0.4748390662955298,44.26938,27.7668399810791,22.117033004760746,2.6866894,28.059385363896297,0.5705870780202426,0,1
2020-09-22,99833.4279454412,297.4806784703076,0.0213356241143134,2.2418234619129622,0.2873284549635181,0.479906934029008,39.176,29.03352737426757,22.50125503540039,0.0,28.272089748436187,0.5762908064055337,1,1
2020-09-23,99928.82020667344,298.041608923458,0.0063175415190986,1.0501652233932208,-0.2185190348459531,0.4881688840315597,12.362486,30.760704040527344,22.18083000183105,0.0,28.484794132976077,0.5819945347908249,1,1
2020-09-24,100005.01150128616,298.2490408840425,0.0066225199553453,0.2141969224297236,-0.1944096132831686,0.4707287016762091,6.1998925,30.514291763305664,22.223262786865234,7.667977,28.697498517515964,0.587698263176116,1,1
2020-09-25,99956.06386658884,298.1289416007203,0.0051433861802735,-0.0893616908472709,0.2406838070043708,0.4696669732740485,2.0667412,29.228376388549805,23.36800765991211,23.61357,28.910202902055854,0.593401991561407,1,1
2020-09-26,99927.02643480382,298.0938982032128,0.0020096664055993,-0.0233751350418422,0.0906850376701194,0.4801225835334969,6.7808695,29.625816345214844,22.63833236694336,8.0426855,29.122907286595744,0.5991057199466983,1,1
2020-09-27,99921.95763950323,298.3963255524019,0.0051756649757016,0.2158239779384652,-0.4744962517752901,0.4811616690775883,1.1323389,31.285449981689453,23.00319480895996,11.61537,29.33561167113563,0.6048094483319894,1,1
2020-09-28,99912.78819329014,298.4076231644552,0.004544737281629,0.3598740329277001,-0.3857073438670547,0.4835120111807764,1.9731581,30.744304656982425,23.054134368896484,13.671497,29.54831605567552,0.6105131767172806,1,1
2020-09-29,99864.23806372743,298.4227941139112,0.0027291478345331,0.5670295325103956,-0.3657473437931405,0.4790339627537049,1.1363806,29.743549346923828,22.77413558959961,10.429041,29.76102044021541,0.6162169051025717,0,0
2020-09-30,99886.11539989409,297.6590272435949,0.0047223861288836,0.5175947743491608,-0.0056824253677018,0.4805875612660834,8.686181,30.103235244750977,22.80954933166504,0.54658264,29.431156043083227,0.6236090237310997,1,1
2020-10-01,99847.60505260456,298.4321549802264,0.0017028903240036,0.763256003527361,-0.7046018525347255,0.4731727748668629,6.508326,30.999679565429688,22.65117645263672,0.0,29.101291645951044,0.6310011423596278,1,1
2020-10-02,99875.43251693694,298.5605082582405,0.0020205416551059,0.4146163994080316,-0.1407480165210104,0.4646404213394623,0.0,30.83305931091309,22.25259017944336,3.1668289,28.771427248818863,0.638393260988156,1,1
2020-10-03,99984.551387625,298.07005319252573,0.0027234690319505,0.4566885538579238,-0.1536251794462207,0.4643031309567789,0.39407238,31.87175369262696,22.604721069335938,1.3260467,28.44156285168668,0.645785379616684,1,1
2020-10-04,100043.0261235458,298.22818333662144,0.0010778023809291,0.4419494337266936,-0.6805146267557678,0.4553556719684934,0.6290733,31.38280487060547,22.565162658691406,0.0,28.111698454554496,0.6531774982452121,1,1
2020-10-05,99902.09333637844,298.6610306598689,0.0002656158931711,0.6755644200670416,-1.0126037693952248,0.4389294709046167,0.0,31.82958030700684,21.998016357421875,0.0,27.781834057422316,0.6605696168737402,1,1
2020-10-06,99884.51065420412,298.526619318171,0.0179426534931246,0.8767062284751844,-0.6261786990103233,0.4622094088670282,0.0,31.65580368041992,22.874706268310547,7.3065977,27.451969660290132,0.6679617355022682,1,1
2020-10-07,99893.34285602096,298.4875673820715,0.0058153393281052,0.5678403090651126,-0.5430894390667471,0.4806537917061828,7.339721,31.084754943847656,22.73595428466797,10.540372,27.12210526315795,0.6753538541307964,0,1
2020-10-08,99837.52417852065,298.2178494792415,0.0204391691961556,0.2406378504260972,0.2292067016284473,0.4746468971950359,9.264049,30.24842071533203,23.39508819580078,23.13566,27.44121860774205,0.6827459727593245,1,1
2020-10-09,99852.46809461496,298.2015743581189,0.0053581750622565,-0.0634025998349974,0.2032035296174508,0.4806288848603658,32.473095,31.27800750732422,22.299724578857425,17.22995,27.760331952326155,0.6901380913878525,1,1
2020-10-10,99846.6984596514,297.68174730606535,0.0152595106672174,0.313544754971104,0.1614035991883533,0.4816480741605174,1.2558197,30.786113739013672,22.80739021301269,13.652441,28.079445296910258,0.6975302100163806,1,1
2020-10-11,99747.92864220604,296.7485694055274,0.0150486324260549,0.4074813050853473,-0.6057777795557766,0.4781394826203732,14.84088,28.164098739624023,22.394943237304688,22.97737,28.39855864149436,0.7049223286449087,1,1
2020-10-12,99604.26943411028,297.10602497105884,0.0309503720150865,1.9296829837175904,-0.0051990645567174,0.4803287148661934,15.244148,30.158105850219727,22.36771774291992,6.328211,28.71767198607846,0.7123144472734368,1,1
2020-10-13,99623.2759938892,296.9149230175658,0.0367865658548731,2.4001344108054217,0.2698346023906923,0.4750757976311419,34.935627,29.548316955566406,22.2880859375,0.34762973,29.036785330662564,0.7197065659019649,1,1
2020-10-14,99725.72873250196,297.44705205835515,0.0205627285290658,1.6364896517273388,0.4710087432842985,0.4878628869829935,18.62544,29.340707778930664,21.882064819335938,1.2962029,29.355898675246667,0.727098684530493,1,1
2020-10-15,99700.32267067718,297.9911115343489,0.0125999229987347,1.2743575152962203,0.6946453856424523,0.4887130121468838,21.759005,30.72931289672852,22.59393310546875,0.07592721,29.67501201983077,0.734490803159021,0,0
2020-10-16,99671.21304088348,297.5981638920194,0.0082321977983199,0.1978714690212447,0.3227058240951491,0.4868666843405594,21.972338,31.27242851257324,22.513118743896484,0.055903055,29.753495600360534,0.7363817059654537,1,1
2020-10-17,99730.647300114,298.11462224861054,0.0069736978237424,-0.1461946606879653,0.4056841750488299,0.4700494852901752,5.919959,31.02307891845703,22.43413734436035,21.4171,29.831979180890297,0.7382726087718865,1,1
2020-10-18,99786.3521371212,298.40188991153656,0.0010832911250141,0.097504999477397,0.0802210034021808,0.4618361753144362,0.7460899,31.29929542541504,23.058311462402344,2.7101734,29.91046276142006,0.7401635115783192,1,1
2020-10-19,99737.88960811426,298.76173697378886,0.0018088816010688,0.5208373043969613,-0.3886078055453195,0.4592989845794043,2.765791,31.68757438659668,23.13805389404297,4.059441,29.988946341949827,0.7420544143847518,1,1
2020-10-20,99770.65421200244,298.6014702913065,0.000750404787631,0.286197522495039,-0.3149932606716915,0.4534115147627895,3.7063692,30.278392791748047,22.59936141967773,10.681219,30.06742992247959,0.7439453171911845,1,1
2020-10-21,99824.08711397668,298.58956782802653,0.0010434051787178,0.404705495383823,-0.3954807136161695,0.4452437202379328,4.4620123,31.016775131225582,22.68197059631348,1.8944671,30.145913503009353,0.7458362199976172,1,1
2020-10-22,99827.11071259364,298.2958386225517,0.0016987420476117,0.3322780442676344,-0.190602839501779,0.4424122406723035,10.295256,30.971899032592773,22.65194129943848,2.194932,30.224397083539117,0.74772712280405,1,1
2020-10-23,99859.67772504257,298.0199229768556,0.0014479757923485,-0.0717148222965122,-0.3454023188503765,0.4414636585800992,0.19984469,31.396373748779297,22.571758270263672,6.6734314,30.30288066406888,0.7496180256104826,0,1
2020-10-24,99937.8566335464,298.65208693086026,3.602842840957505e-05,0.1919185247741105,-0.1430003339674829,0.4288912918837343,0.0,32.16520309448242,22.38992118835449,0.0,30.345151868169005,0.7515089284169153,1,1
2020-10-25,99995.69357859972,298.5761853986268,1.331325367087558e-06,0.1017255693949935,-0.2469288350469949,0.41313559677412,0.0,31.955299377441406,22.22220039367676,4.4859,30.38742307226913,0.7533998312233481,1,1
2020-10-26,99946.06383154808,299.42575632813663,0.0002255097555727,0.4334459223416523,-0.657288984089377,0.4008574902488287,0.15737371,32.000465393066406,22.51554298400879,3.2419724,30.429694276369254,0.7552907340297808,1,1
2020-10-27,99923.62387746382,298.83127900903247,0.0073119283634439,-0.0546254684094239,-0.4141352888138938,0.4263258717469634,2.5700269,31.212596893310547,23.36514663696289,5.9381957,30.47196548046938,0.7571816368362134,1,1
2020-10-28,99981.6283999495,298.52058242264104,0.0097813166535549,-0.2205217911483778,-0.3534402687943086,0.4494991894022807,3.4020226,31.647327423095703,22.98798370361328,4.2040477,30.514236684569507,0.7590725396426461,1,1
2020-10-29,99986.09594318636,298.736896809971,0.0035773853371336,0.0465522506572633,-0.0988413170132303,0.4558289091465838,8.351681,31.42769241333008,22.413715362548828,3.4402673,30.556507888669632,0.7609634424490788,1,1
2020-10-30,99950.25002588436,298.742355224934,0.0021017727116623,0.0792471203957057,-0.0763900954214078,0.4574135624312025,2.8213649,31.70779800415039,22.69332504272461,3.198394,30.598779092769757,0.7628543452555115,1,1
2020-10-31,99975.94541603746,298.9938744413034,0.0015602651739318,-0.1255665451363454,0.2062222065440106,0.448530240591393,0.02454479,31.687923431396484,22.540367126464844,1.157606,30.64105029686988,0.7647452480619442,0,0
2020-11-01,100045.43977981972,299.3827504720779,0.0036597232009545,-0.0867439615768027,0.2907435103869379,0.4414879733201531,0.028245624,31.860557556152344,23.10721969604492,2.036353,30.75905409608774,0.7647089714464714,1,1
2020-11-02,100094.17960256877,299.3195116976474,0.0042780735412291,-0.0171061769272934,-0.2788650757103733,0.45669902707969,3.7957027,31.97346305847168,23.08015251159668,0.41763362,30.8770578953056,0.7646726948309988,1,1
2020-11-03,100068.99001732204,299.0849114629079,0.0121065618799096,-0.3973429186267627,-0.0709685712984683,0.4649776570397739,9.055865,30.848434448242188,23.065210342407227,0.79487365,30.99506169452346,0.764636418215526,1,1
2020-11-04,100018.5038532487,298.786887512684,0.0106740713763664,-0.0614757016525057,-0.2694407766406131,0.4714666347776501,3.992253,31.991924285888672,23.451387405395508,9.6119175,31.11306549374132,0.7646001416000533,1,1
2020-11-05,100040.28700654188,298.5468859846224,0.0079721343213774,-0.4158318720122975,-0.2400702485557874,0.4711187209972955,12.780714,31.467687606811523,22.67904090881348,4.8261166,31.23106929295918,0.7645638649845805,1,1
2020-11-06,100079.31146773626,299.183670181511,0.0035170312858292,-0.2070476272556412,0.048828689248706,0.4677045464243421,4.9542036,30.253582000732425,22.370887756347656,3.86885,31.34907309217704,0.7645275883691078,1,1
2020-11-07,100089.06693045242,300.2231652147138,0.0021487140467945,-0.1192560527226947,0.1137573032342466,0.4603830222427767,1.0800588,31.431480407714844,22.88982391357422,0.0,31.4670768913949,0.764491311753635,1,1
2020-11-08,100151.55333376532,298.9674001391769,0.0087760937421321,-0.2007998216466013,0.2049274064554792,0.4691699264513527,0.0,30.65138816833496,23.32365798950196,13.03454,31.58508069061276,0.7644550351381623,0,1
2020-11-09,99978.20709745763,299.81397172662133,0.0011770496186412,-0.0093506039127533,-0.4788940154040201,0.4641264907327005,7.035569,31.633575439453125,22.58666610717773,0.0,31.40219406173485,0.7644187585226896,1,1
2020-11-10,99844.69502612855,299.1788395696971,0.0001966035238052,-0.2788703561703278,0.3427448931157638,0.4499004276659444,0.0,31.30646514892578,22.628040313720703,0.011792144,31.21930743285694,0.7643824819072168,1,1
2020-11-11,99895.74181508212,299.2226956593674,0.0001002038553153,0.0454686659290062,-0.2362157390128823,0.4333741967244452,0.0,31.82718276977539,21.69780540466309,0.5550467,31.03642080397903,0.7643462052917441,1,1
2020-11-12,99910.5530569611,300.0594467927034,0.0049237103386824,-0.2957261887174455,0.1635904328183122,0.4308244149434709,0.0,31.565475463867188,23.273069381713867,6.0954423,30.853534175101117,0.7643099286762713,1,1
2020-11-13,99897.44638397188,299.124207411467,0.0244613810518843,-0.1760494405510534,-0.4047940117276221,0.4634172139452663,0.021547949,29.85913276672364,23.450027465820312,9.912226,30.670647546223208,0.7642736520607987,1,1
2020-11-14,99718.97044205098,300.0679392050573,0.0030655489720183,-0.0536530282953379,0.0959432703440744,0.4587304460012163,15.837313,31.20957374572754,22.66520881652832,0.747335,30.487760917345298,0.7642373754453259,1,1
2020-11-15,99702.86840752816,299.6760343970524,0.0068117784853308,-0.7195637954343239,-0.4377558150963794,0.4587549813049663,0.0,31.214828491210938,23.266254425048828,4.5567493,30.30487428846739,0.7642010988298532,1,1
2020-11-16,99809.6355447972,298.26333428254594,0.0239856246547168,-0.6409818514248317,-0.2607380894603516,0.4639790058422581,0.7309455,27.254981994628903,23.324626922607425,41.82428,30.12198765958948,0.7641648222143804,0,0
2020-11-17,99761.1252617784,298.24613121992,0.0358686333971296,0.0608012540106275,0.0615475739348262,0.4768961059142941,7.678136,29.119457244873047,22.52597045898437,29.821985,30.082728033694863,0.7646125799403491,1,1
2020-11-18,99858.52298707682,298.64451341643934,0.0098973528426149,-0.295234503403838,0.0100688606604516,0.4592586245183146,39.096764,29.285106658935547,21.81993293762207,11.758417,30.043468407800248,0.7650603376663179,1,1
2020-11-19,99891.39013795136,299.2425116818604,0.0078219137830593,-0.1173460885070954,0.1477928351920332,0.4688231486198865,1.4101204,29.846303939819336,22.48618698120117,1.5394455,30.004208781905636,0.7655080953922865,1,1
2020-11-20,99984.53447785664,298.9431770268305,0.0036308144511748,0.1916258330814597,0.0474809098235115,0.4728419898521844,1.7026328,30.89204216003418,22.55980110168457,2.39474,29.96494915601102,0.7659558531182552,1,1
2020-11-21,100010.35966072584,298.87765804359094,7.289571256186681e-05,-0.1843560500018284,-0.0869106120222935,0.4629616845698722,6.1784005,31.15539932250977,21.85272979736328,0.0,29.925689530116404,0.7664036108442239,1,1
2020-11-22,100060.48455313843,298.5064261773842,7.097865597590444e-05,-0.2838727417065556,-0.1801055050738831,0.4456122121296189,0.0,31.08022689819336,21.492488861083984,1.1963235,29.886429904221792,0.7668513685701925,1,1
2020-11-23,100031.0910977624,298.440989655161,0.0003945625622565,-0.1780465689254561,0.1909481963940517,0.4343242053731099,0.0,31.31274604797364,21.22579765319824,7.4303865,29.847170278327177,0.7672991262961613,1,1
2020-11-24,99914.04030060614,298.5816172097563,0.0004585126064821,0.0867446828796996,-0.0748519443923972,0.4279978226291286,0.0,30.675153732299805,22.05951881408692,5.886967,29.80791065243256,0.76774688402213,0,1
2020-11-25,99809.46420462338,298.7784015225854,0.0018475569611073,0.3327333650016946,-0.2123191916666032,0.4253983904011677,0.0,30.25487327575684,22.91858291625977,16.186058,29.848466600302373,0.7681946417480987,1,1
2020-11-26,99883.24504933646,298.2828136491782,0.0042112280063538,0.1206857411817571,0.1724995567701459,0.4446422111702907,6.1097093,31.20761108398437,23.2905502319336,7.6389117,29.889022548172182,0.7686423994740674,1,1
2020-11-27,99995.61662884384,298.27889623640823,0.00168508682447,-0.4247061879263143,0.4219602347996561,0.4479061221400052,6.2652483,30.9112491607666,22.098426818847656,4.3102036,29.929578496041994,0.769090157200036,1,1
2020-11-28,100034.24543032376,299.0402844139326,0.0005156524722867,-0.4930837668540285,0.4298678993791868,0.4348369142816881,1.9296732,30.59548759460449,22.062211990356445,3.911825,29.970134443911803,0.7695379149260048,1,1
2020-11-29,100013.86975903242,299.7583318832532,0.0004462500099795,-0.2175390265254193,-0.2652586581744545,0.4221272132104083,2.054893,30.60413932800293,22.57885932922364,0.0,30.010690391781615,0.7699856726519735,1,1
2020-11-30,100014.71540469532,299.8890941618497,0.000762476741069,-0.3350671799599315,-0.1905473897284879,0.4122534611001869,0.14378712,31.20610618591309,22.81509780883789,0.0,30.051246339651428,0.7704334303779421,1,1
2020-12-01,100002.0560597235,299.32648819727274,0.0005953713493832,-0.4515820785789111,-0.1154990364746028,0.4037398091731328,0.0,31.074752807617188,22.44862937927246,2.2428107,30.091802287521237,0.7708811881039108,1,1
2020-12-02,99900.5017391828,298.9603322573989,0.0020530858173023,-0.5567755210082941,-0.204442155033024,0.3994865803810851,0.0,29.78306770324707,21.90132522583008,14.413476,30.13235823539105,0.7713289458298795,0,0
2020-12-03,99806.31645743176,296.30549506118547,0.0160160233892263,-0.1730655931999425,-1.263531466719193,0.4581171850384908,1.432976,27.37889289855957,22.65347671508789,18.05141,30.120601010497314,0.7699636608784418,1,1
2020-12-04,99696.1562519369,297.7353839819242,0.01693829441702,-0.1578617580866409,-0.8626985483436659,0.4546070823389717,3.8182106,29.205934524536133,22.520421981811523,13.151822,30.10884378560358,0.7685983759270041,1,1
2020-12-05,99777.7272276284,297.73505437561835,0.006963981681631,-0.587676257493333,0.0339368817066541,0.4714144846469912,5.9720955,28.582523345947266,22.32286071777344,2.8239386,30.097086560709844,0.7672330909755665,1,1
2020-12-06,99925.42147839988,298.37074779905305,0.0173673703357376,-0.3341397724410694,0.0666909509731723,0.4771071138369349,1.7598028,30.365215301513672,23.149314880371094,12.103774,30.085329335816112,0.7658678060241287,1,1
2020-12-07,100040.33889676962,298.478982207322,0.0047734934276421,-0.7295542796194905,-0.1001161083262016,0.4595084233357939,13.285645,29.14559364318848,22.36400604248047,12.171154,30.073572110922377,0.764502521072691,1,1
2020-12-08,100069.36580917226,298.99093144271575,0.0027968379411291,-0.4015588050766165,-0.1947327100366536,0.4579638776791785,2.9817243,30.15776634216309,22.508272171020508,2.2509403,30.061814886028642,0.7631372361212534,1,1
2020-12-09,99991.85051256912,299.114158162877,0.0005837701682861,-0.4507803285848439,-0.1437541987692769,0.453501561496504,1.6988719,30.428760528564453,22.65400123596192,0.0,30.050057661134908,0.7617719511698157,1,1
2020-12-10,100074.6676773308,299.11286356907965,0.0026913385527941,-0.2322424200667629,0.2578162968710417,0.4484842530608336,1.3829024,30.960752487182617,22.769392013549805,1.9593139,30.038300436241173,0.7604066662183779,0,1
2020-12-11,100051.32117267093,299.1593035441033,0.0009601883420901,-0.1096624738250963,0.0510708754245213,0.4424183208476124,2.7090325,30.597990036010746,22.19078063964844,0.063719325,29.986527069983033,0.7590413812669402,1,1
2020-12-12,100055.7339384288,298.406562511473,0.001257828075749,0.1238474395931705,0.136735073031822,0.4361701280484048,2.9709172,30.66332626342773,21.94077491760254,0.035164706,29.934753703724894,0.7576760963155025,1,1
2020-12-13,99964.6836236256,298.0664455690326,5.828048659893586e-05,-0.3576598257410339,0.3180741934352718,0.4250695906890271,0.9236603,30.16358757019043,21.61116600036621,0.0,29.882980337466755,0.7563108113640649,1,1
2020-12-14,99978.5983143937,297.9337252330173,0.0001990037480554,-0.3334336624020553,-0.0487380262062604,0.4112930391854799,0.0,30.59834289550781,21.30332374572754,0.0,29.831206971208616,0.7549455264126271,1,1
2020-12-15,100054.4720407187,298.36587538422845,0.000448587939299,-0.1890446436291977,-0.0865571955846957,0.4020748547685736,0.0,30.5606746673584,20.68488121032715,0.056923304,29.779433604950476,0.7535802414611894,1,1
2020-12-16,100084.16061160358,297.7178467650701,0.01518959255626,-0.543231348275479,0.142313071978982,0.4635916201021396,0.16628158,29.64795112609864,21.950807571411133,1.506331,29.727660238692337,0.7522149565097518,1,1
2020-12-17,100059.52738554064,298.2062311829362,0.0098189887428137,-0.6382364625468795,0.0154069222027127,0.471602879288191,0.4097244,29.71480941772461,22.23748779296875,2.321145,29.675886872434198,0.7508496715583141,1,1
2020-12-18,100040.4989859903,298.07423647259105,0.0073507089176214,-0.4670823321976992,0.0325106212132423,0.4642003065463026,1.1535876,29.05934715270996,22.263301849365234,0.29856956,29.62411350617606,0.7494843866068763,0,0
2020-12-19,100004.16135115676,297.66661681331027,0.0025564826302179,-1.0954334026547146,-1.3770336177088576,0.4704357545698817,0.259455,28.34254264831543,22.55624389648437,5.006104,29.707166050090684,0.7484690415145885,1,1
2020-12-20,100027.16757179772,298.106728364046,1.055858769070377e-06,-1.1457553356223158,-1.0951380598414673,0.4471234213719789,0.0,30.51892471313477,21.03727149963379,0.040592827,29.79021859400531,0.7474536964223008,1,1
2020-12-21,99942.81912980172,298.3729555696547,0.000406166851176,-0.5157945201379459,-0.2308659519566295,0.4299786359390569,0.0,30.12212371826172,21.10727310180664,0.0,29.873271137919936,0.7464383513300129,1,1
2020-12-22,99968.48956813142,298.257417495412,0.0048801457393046,-0.6306331532264303,0.5221708408985763,0.4343629778112153,0.0,29.53942108154297,21.63288116455078,0.03351656,29.95632368183456,0.7454230062377251,1,1
2020-12-23,99866.73687962044,298.4518487370634,0.0018677061520033,-0.4535087867917487,-0.1143503343131854,0.4460793230478861,0.0,29.782230377197266,22.189502716064453,0.30250886,30.039376225749187,0.7444076611454372,1,1
2020-12-24,99820.02997790964,299.46611345678394,0.0005638495151084,-0.1188594291295866,0.2003117627371875,0.4311074514718049,5.649593,31.08336639404297,21.98884963989257,0.0,30.122428769663813,0.7433923160531495,1,1
2020-12-25,99868.09859466094,299.2065577006624,0.0006336985515903,-0.5600985621786961,-0.2294592723807459,0.4188790629153385,1.0019128,30.746864318847656,22.364858627319336,0.0,30.20548131357844,0.7423769709608616,1,1
2020-12-26,99993.7203307658,298.1637760693815,0.0005380302292959,-0.1745198774056905,-0.4717454961865463,0.4093136574760884,0.0,31.92700386047364,22.04338455200196,0.0,30.288533857493064,0.7413616258685738,0,1
2020-12-27,99928.48580855948,298.2444580604085,6.22983458556376e-05,-0.2840807777512086,0.0634127553946009,0.3953468736826708,0.0,31.1464958190918,20.87362289428711,0.0,30.33700990107687,0.7403462807762861,1,1
2020-12-28,99917.1414106286,298.74216666017,4.0481326239568815e-05,-0.1799855053689936,-0.176181242720756,0.3836293832114259,0.0,30.79763984680176,21.96844482421875,0.0,30.385485944660672,0.7393309356839982,1,1
2020-12-29,99877.51893086189,299.1699255227843,0.0023246159068374,-0.0999908749910197,0.1654626858006563,0.3847530371639244,0.0,31.046205520629883,22.030855178833008,0.0,30.433961988244477,0.7383155905917104,1,1
2020-12-30,99795.18063512606,300.4022958438863,0.0008050696683506,-0.0945030124675541,0.0325665129737106,0.3795255311823104,0.017377378,31.08895874023437,22.86322021484375,0.0,30.48243803182828,0.7373002454994225,1,1
2020-12-31,99977.83269284305,298.8207718801682,0.0063095334449914,-0.6022821748485055,-0.0498040240934526,0.3887069398141913,0.68400896,28.80597686767578,22.884828567504883,8.347272,30.530914075412085,0.7362849004071348,1,1
2021-01-01,99932.67706208587,298.5177593219738,0.0001103623067907,-0.9036850658284457,-0.3204604583457767,0.401971839027116,15.728251,29.998348236083984,21.25722885131836,13.416055,30.57939011899589,0.735269555314847,0,0
2021-01-02,99885.01364417114,299.210828065557,1.2729664894376386e-06,-0.2681602765511027,-0.3966506108854781,0.3841233525744481,0.0,30.663129806518555,20.837156295776367,0.0,30.579669111492343,0.7351744240057297,1,1
2021-01-03,99809.30938853498,299.4718539841775,0.0022536836180274,-0.3241148145887511,-0.2194283071912987,0.3806664534150473,0.0,29.2561264038086,21.95467185974121,0.0,30.579948103988798,0.7350792926966125,1,1
2021-01-04,99861.03820984204,298.812377629565,0.0065873055294976,-0.2508090865599134,0.0272827100289499,0.3958409777454551,1.2887229,29.277563095092773,22.221864700317383,0.21914794,30.580227096485253,0.7349841613874954,1,1
2021-01-05,99894.79672726544,298.8073383509677,0.0175641676931926,-0.2922415801547069,0.0873172899782263,0.4246172169564879,1.8863658,29.920690536499023,22.028499603271484,2.9129448,30.580506088981707,0.7348890300783782,1,1
2021-01-06,99907.39442800602,297.9779686992566,0.0185419814109659,-0.0072436822493899,0.2776092054437225,0.4660008546609347,9.059922,30.253135681152344,22.52273368835449,14.839156,30.58078508147816,0.734793898769261,1,1
2021-01-07,99710.59009373076,298.52015277969406,0.0136839052614562,-0.324841646882172,0.0881130502464422,0.470429058444086,28.659275,30.30557441711425,22.1674861907959,5.142603,30.581064073974616,0.7346987674601438,1,1
2021-01-08,99742.2084489619,298.0170133207578,0.0078049615912124,-0.128955552262431,-0.1949298155681776,0.4707609992400429,22.264769,30.214082717895508,22.704633712768555,5.636259,30.58134306647107,0.7346036361510266,1,1
2021-01-09,99804.8572656884,297.98184215359026,0.007698009008106,-0.1437163569918904,-0.0731317032585781,0.4746151818780891,18.695223,29.231340408325195,22.238523483276367,12.512161,30.581622058967525,0.7345085048419095,0,1
2021-01-10,99848.78338771986,297.8322125407477,0.0133105632454154,-0.1903771655979975,-0.0821697034433436,0.4774776595847397,2.7946708,29.35805892944336,22.38492584228516,11.348788,30.521769723312723,0.7344133735327923,1,1
2021-01-11,99873.51880255528,297.7029476835258,0.0030705066641388,-0.2617396909409037,-0.6412371009398373,0.4744804377509419,2.721009,28.227697372436523,22.15930557250977,12.766682,30.46191738765792,0.7343182422236751,1,1
2021-01-12,99754.48406456372,296.8250354113868,0.0106598532413225,-0.6058417128347294,-1.9857488224921656,0.4793403410885767,2.538841,27.892276763916016,21.964017868041992,8.459825,30.402065052003117,0.7342231109145579,1,1
2021-01-13,99774.26713093006,297.5461217687886,0.0131858718037398,-0.3643014313782304,-0.8140117030459567,0.4860077083132303,4.183595,27.209379196166992,22.306177139282227,7.2405457,30.342212716348314,0.7341279796054407,1,1
2021-01-14,99806.97812818128,298.7617466079744,0.0040609373641848,-0.4103361822862668,0.0228044942159294,0.4743282422665178,7.3103876,28.64239883422852,22.00855255126953,0.60609466,30.28236038069351,0.7340328482963235,1,1
2021-01-15,99789.09473859493,298.58177276218817,0.0037083898775421,-0.6006708824945509,-0.1143194730787097,0.4691279734939261,1.3889185,28.164352416992188,22.46919250488281,1.700364,30.22250804503871,0.7339377169872064,1,1
2021-01-16,99794.5731603671,298.4785344671467,0.0076010314471619,-0.3608415791414895,0.0271969835321724,0.4730417591144953,0.5816606,30.094358444213867,22.203367233276367,0.49966767,30.162655709383905,0.7338425856780892,1,1
2021-01-17,99848.53337938522,299.2364666834805,0.001203882185896,-0.0921667876016035,-0.0080045080339698,0.4626308872889178,4.381926,30.20899200439453,21.609582901000977,0.0,30.102803373729103,0.733747454368972,0,0
2021-01-18,99913.44903990722,298.33681716579616,0.0012476997493975,-0.573045471967277,-0.1620103708324073,0.4512509101714519,0.2857143,30.348323822021484,20.58187866210937,0.0,30.124166400608296,0.7326989328221907,1,1
2021-01-19,99981.88745325556,297.8322749096036,0.0001948589221948,-0.3120468960944413,0.137050086524226,0.4370159201215619,0.0,30.347244262695312,20.359996795654297,0.0,30.14552942748749,0.7316504112754092,1,1
2021-01-20,100042.06389464487,298.6780145450029,0.0005056732157873,0.008350619474187,0.0616950119239577,0.4259904313938651,0.0,31.75071907043457,21.758956909179688,0.0,30.166892454366682,0.7306018897286277,1,1
2021-01-21,100012.66054070034,299.3506327866505,0.0010713013745454,0.0066359002138218,-0.0937660213473439,0.4171778986926605,0.0,31.376298904418945,22.658899307250977,0.0,30.188255481245875,0.7295533681818464,1,1
2021-01-22,99960.22635460336,299.5936345855754,0.0049828376058116,0.037631514539855,0.5323944577432507,0.4157065626433985,0.0,31.401811599731445,22.736072540283203,0.019421304,30.209618508125068,0.728504846635065,1,1
2021-01-23,100040.04439350528,298.2718488523803,0.0072307763064685,-0.0804527232044805,0.4483561842526679,0.4481413777394141,3.1011078,30.36844825744629,22.648128509521484,0.0,30.23098153500426,0.7274563250882835,1,1
2021-01-24,100042.52303156746,298.6017138816686,0.0003063600393481,-0.1836756451626583,0.2260130450392818,0.4343195455638044,0.11519531,31.19081687927246,21.80457878112793,0.0,30.252344561883454,0.726407803541502,1,1
2021-01-25,100074.00384491404,298.1303872538238,0.0007145333399722,-0.1878794147240626,0.0081425008327861,0.4212026998449051,0.0,31.001785278320312,20.92255973815918,0.0,30.273707588762647,0.7253592819947207,0,1
2021-01-26,100034.4145723809,297.5652535983412,1.588014051366166e-05,-0.1289683703204619,0.3583337502033038,0.4040770257288827,0.0,31.022130966186523,20.144290924072266,0.0,30.375389792615195,0.7243107604479393,1,1
2021-01-27,100056.28853389552,297.6410727917626,7.99490211081305e-05,-0.3954478957530096,0.3275268567068415,0.3893938109284052,0.0,30.70826530456543,20.19725608825684,0.0,30.477071996467743,0.7232622389011578,1,1
2021-01-28,100065.36053116832,298.0613759874596,4.044398412244745e-05,-0.3557395185038855,0.1927599370701695,0.3763191523725617,0.0,31.04024124145508,19.756166458129883,0.0,30.57875420032029,0.7222137173543763,1,1
2021-01-29,100103.17522218292,298.89143533061247,6.541486246451419e-05,0.08094076130708,0.0346515357659146,0.3650049054145469,0.0,31.059993743896484,21.10144424438477,0.0,30.680436404172838,0.721165195807595,1,1
2021-01-30,100040.07207721502,299.5501377753647,0.0012700159346559,-0.0260030549511713,0.4279979114736526,0.3579845419295749,0.0,31.47737693786621,21.942344665527344,0.0,30.782118608025385,0.7201166742608136,1,1
2021-01-31,100062.45944354364,299.6280578519737,0.001175983794928,0.0371413147783376,0.0481590101790264,0.3597730983262279,0.0,31.32907485961914,22.01879119873047,0.0,30.883800811877933,0.7190681527140321,1,1
2021-02-01,100129.55512471686,299.9406240678548,1.2823414086807609e-06,-0.227341408310551,-0.1161066591202288,0.3506365881643697,0.0,31.62301254272461,21.808609008789062,0.0,30.98548301573048,0.7180196311672506,1,1
2021-02-02,100132.4780883863,300.0735938808985,1.4890842628384908e-06,-0.3711818310342912,-0.2043092564359165,0.3380059093104373,0.0,31.465200424194336,21.374069213867188,0.98867726,31.087165219583028,0.7169711096204693,0,0
2021-02-03,100103.89014252956,300.10424254378785,7.214142801895247e-05,-0.0161798981351195,0.0972288562380532,0.3281595686591435,0.03588072,31.867225646972656,21.770219802856445,0.0,31.2237440529466,0.7157673822957812,1,1
2021-02-04,100096.19892204828,300.3232271848125,0.0001909255905645,0.02576436788965,-0.0063141509738302,0.3199088490629787,0.0,32.01260757446289,21.504356384277344,0.0,31.360322886310172,0.714563654971093,1,1
2021-02-05,100030.85759778306,299.9620990572045,0.0001033351485587,0.148557178961828,0.0257134995132072,0.3132905750295293,0.0,31.67323875427246,20.84440040588379,0.0,31.496901719673744,0.7133599276464049,1,1
2021-02-06,99977.19945423317,299.885559365646,0.0004327142765902,0.1461148310745116,0.4082924963003855,0.3082405575939004,0.0,31.35969352722168,21.319116592407227,2.0462763,31.633480553037316,0.7121562003217167,1,1
2021-02-07,99968.2881003764,300.0723529507985,1.871335192764014e-05,-0.187193868595586,0.1139033052522641,0.3030440340478886,0.016385153,32.497737884521484,20.81631660461425,0.0,31.770059386400888,0.7109524729970286,1,1
2021-02-08,99998.05199476304,299.61285398579344,8.543738431030128e-07,-0.3064731077901991,-0.1252178962965226,0.296237339808944,0.0,32.13934326171875,20.749168395996094,0.12130411,31.90663821976446,0.7097487456723404,1,1
2021-02-09,99971.12486065876,299.04969962237334,2.904876296936036e-06,-0.3071638449609158,-0.0971216802657804,0.2904671120921613,0.0,31.89113426208496,20.91329574584961,0.0,32.04321705312803,0.7085450183476523,1,1
2021-02-10,99928.3017012308,298.80142131804973,1.5206411991401396e-05,-0.1019489555666117,0.2806942941248597,0.2857010597534401,0.0,31.69198989868164,20.18216133117676,0.0,32.179795886491604,0.7073412910229642,0,1
2021-02-11,99925.38941770862,299.01589342808126,1.451444731036134e-05,-0.0287713618186219,0.2246357743191826,0.28154677945786,0.0,31.66209983825684,19.517805099487305,0.0,32.126495489632184,0.706137563698276,1,1
2021-02-12,100009.58379907584,299.03066744588284,9.530248063847496e-05,0.1340170118696687,-0.0080652804397049,0.2784960053548573,0.0,32.0728874206543,19.530851364135746,0.0,32.073195092772764,0.7049338363735879,1,1
2021-02-13,100129.5015251232,299.0952748687154,2.7669530314652664e-05,0.1827113289918474,0.2607859539461188,0.275472914861621,0.0,32.337127685546875,20.24574279785156,0.0,32.019894695913344,0.7037301090488997,1,1
2021-02-14,100133.61808188992,299.54640299850604,1.1130798668935528e-05,0.4567430107506697,-0.1096406677964645,0.2730077255630539,0.0,32.59189224243164,20.686094284057617,0.0,31.966594299053924,0.7025263817242116,1,1
2021-02-15,100009.1943106988,300.2907238923696,0.0002366764941992,0.5773660089408196,-0.1919306510198945,0.2708124512017726,0.0,32.890743255615234,20.861400604248047,0.62561613,31.913293902194503,0.7013226543995233,1,1
2021-02-16,100001.26068619272,299.6908353199565,0.0006290839910773,0.4172472625358244,0.1140157154136902,0.2736706001739373,0.0,31.618427276611328,22.418216705322266,0.31055415,31.859993505335083,0.7001189270748353,1,1
2021-02-17,99915.51267124763,300.36974839009787,0.0004804354671955,0.4459677293819652,-0.0794894019920302,0.2730520687247716,0.0,32.68778991699219,22.384151458740234,0.0,31.806693108475663,0.698915199750147,1,1
2021-02-18,100042.20495257704,299.6751048549722,0.0024480685875478,0.4569892626511447,0.0467745705656255,0.2815749150856367,0.0,31.80646514892578,22.77148056030273,0.0,31.753392711616243,0.697711472425459,0,0
2021-02-19,100051.05428573478,300.1655333276293,0.000360700584279,0.5946344368187535,-0.1980269922776239,0.2886484878426319,0.0,32.0951042175293,22.60360336303711,0.019004758,31.928767536913917,0.6966680126862166,1,1
2021-02-20,99979.11684660116,299.9354890176118,0.0016920316764219,0.4707208066795405,0.2645172884808465,0.2910933428650966,0.0,31.66412925720215,22.948299407958984,0.1856948,32.10414236221159,0.6956245529469742,1,1
2021-02-21,100055.96585459022,300.1295078585736,0.001631222710986,0.323789681619084,0.1797299580528754,0.2959359924815312,1.8330877,30.874919891357425,22.253740310668945,1.6117127,32.27951718750926,0.694581093207732,1,1
2021-02-22,100106.89347926484,300.3981330686786,0.0009153772974994,0.3966991176025156,0.2820496486061281,0.2986275947700113,1.2763518,32.26631164550781,22.161348342895508,0.5465563,32.45489201280694,0.6935376334684896,1,1
2021-02-23,99987.22460321207,300.9914015370904,0.0001501205710844,0.3721694164457251,0.3120482683124445,0.2968951612872162,0.4040638,33.043434143066406,22.4423770904541,0.0,32.63026683810461,0.6924941737292473,1,1
2021-02-24,99975.98170820612,300.9226622480028,0.0004096264598268,0.5162050025023753,0.2110757304149288,0.2930527433837201,0.0,32.65282440185547,22.59552574157715,0.3317456,32.805641663402284,0.6914507139900049,1,1
2021-02-25,100014.3861136076,300.50854356960406,0.0013539075228095,0.6642727227806545,-0.1880251689804963,0.2941941451476105,0.36031777,33.28477096557617,22.18789291381836,0.60751694,32.98101648869996,0.6904072542507625,1,1
2021-02-26,99882.4248229416,301.00930727827887,0.002582207459584,0.7206641018913694,-0.4184928910063642,0.3046563070888544,3.221007,33.33141326904297,22.83074951171875,3.1900885,33.15639131399763,0.6893637945115203,0,1
2021-02-27,99785.4726543131,301.1542734062891,0.0010809354178279,0.4611784511639071,-0.3099315871640973,0.3112679366982891,0.21782129,33.516361236572266,22.93115425109864,0.0,33.162961767262125,0.6883203347722779,1,1
2021-02-28,99850.26181254414,301.5191268508201,0.0004059692248034,0.5138211691088652,0.6168364547654288,0.3049464994417473,0.0,33.49895477294922,22.33736801147461,0.0,33.16953222052662,0.6872768750330356,1,1
2021-03-01,100167.5719298326,300.4708516473653,0.0017784801643598,0.6198178933408773,0.4309364942880128,0.3067255243685888,0.0,32.899532318115234,22.17444610595703,0.0,33.176102673791114,0.6862334152937932,1,1
2021-03-02,100039.11677863271,301.361046676324,0.0004093533565195,0.3556368747917072,-0.1327459957897985,0.3038517687953798,0.0,33.1681022644043,21.73039627075196,0.0,33.18267312705561,0.6851899555545509,1,1
2021-03-03,99934.22436197686,301.5331256353793,0.0007178281812387,0.1702877275788135,0.2907214477982482,0.2976484030452912,0.0,32.81660461425781,21.36587142944336,0.0,33.1892435803201,0.6841464958153085,1,1
2021-03-04,99977.71878727117,300.4591027324139,0.0003189903779327,0.2266345037292268,0.4453863253285641,0.2953578852907885,0.0,32.8336067199707,21.622453689575195,0.0,33.1958140335846,0.6831030360760663,1,1
2021-03-05,100110.66147934608,301.05060275137777,7.469330888558511e-06,0.2567376059857623,0.0481692219112967,0.287615548276116,0.0,33.341819763183594,21.583505630493164,0.5044867,33.20238448684909,0.6820595763368239,1,1
2021-03-06,100129.09224559604,301.02775571300145,0.0002219414333767,0.7684841261472907,-0.5428852796812503,0.2823214733281062,0.0,34.01945114135742,22.476531982421875,0.0,33.208954940113586,0.6810161165975815,0,0
2021-03-07,99987.71394683624,301.59341486080126,0.0001382159876335,0.6087321914120758,-0.2273408237852319,0.2781435476643118,0.0,34.08883285522461,22.83028793334961,0.0,33.23017906436613,0.6811328649020495,1,1
2021-03-08,100013.72394888352,301.6266918615706,0.0008259283853603,0.6517568082244283,0.1985218714658909,0.2768733018521349,0.16554977,33.49214172363281,23.1640625,0.25556,33.25140318861868,0.6812496132065174,1,1
2021-03-09,100075.17280865672,301.0457943000249,0.0013971864650535,0.3168007689809725,0.3998315144737318,0.2823243453563127,0.3969199,33.13839340209961,23.061622619628903,6.3356547,33.27262731287123,0.6813663615109854,1,1
2021-03-10,100078.26667469607,301.58915322949525,0.0012066198156121,0.4710594516116305,0.4747557946302697,0.2857120642081406,3.321915,33.36165237426758,23.1194076538086,18.220905,33.29385143712378,0.6814831098154533,1,1
2021-03-11,100143.29049148128,300.655386046272,0.0030247282275432,0.5542449717310161,-0.0359978842497416,0.2975736711586678,8.294799,33.12022018432617,21.76980972290039,5.8906064,33.315075561376325,0.6815998581199213,1,1
2021-03-12,100112.4204520643,301.4634691997996,9.203421706290096e-05,0.3489703609330363,0.0279970608991074,0.3057027404763146,9.484154,32.5837287902832,22.068220138549805,0.0,33.33629968562887,0.6817166064243892,1,1
2021-03-13,100043.79163544111,301.52837879695863,4.064220558337357e-05,0.5266358897955118,-0.560534719922735,0.2960324766028601,0.0,33.378753662109375,22.154685974121094,0.0,33.35752380988142,0.6818333547288572,1,1
2021-03-14,99917.70563654644,301.83873713035143,0.0003743991831113,0.4064467345626469,0.235922366140668,0.2887501061457054,0.035792734,33.433204650878906,22.729028701782227,0.34833783,33.37874793413397,0.681950103033325,0,1
2021-03-15,99885.23600853236,302.0064467056281,0.0001460901712279,0.4579810770619215,-0.1390750470936964,0.284710940037629,0.28461337,33.55902099609375,22.596200942993164,0.0,33.45369714451764,0.682066851337793,1,1
2021-03-16,99905.65706280428,301.69217996956115,0.000100934321146,0.5663869598190118,-0.1787027588456937,0.2801479078683304,0.0,33.6755256652832,22.098482131958008,0.0,33.52864635490131,0.6821835996422609,1,1
2021-03-17,99810.78713015294,302.1226365471964,0.0001339062172001,0.4615455870732106,-0.0239510796852217,0.2756926084542048,0.0,33.81078338623047,22.667051315307617,0.0,33.603595565284984,0.6823003479467289,1,1
2021-03-18,99875.09582004484,302.0085123412697,0.0009036560221789,0.830206618026438,0.1219590872665884,0.2739954340958024,0.0,33.6413459777832,22.687875747680664,0.0,33.678544775668655,0.6824170962511968,1,1
2021-03-19,99854.49364747207,301.432896130646,0.0023669667519693,0.6009693567620147,0.6563379874322861,0.2901316825150441,0.42857143,33.34685516357422,23.10321044921875,1.2719741,33.75349398605233,0.6825338445556648,1,1
2021-03-20,99787.46407731457,301.03335759341394,0.0030906004382711,0.5917338710490982,0.5155581925863658,0.2985858755596612,0.026491597,33.3508186340332,23.33733940124512,6.5300293,33.828443196436,0.6826505928601327,1,1
2021-03-21,99761.6717151743,301.0334971552071,0.0009040574889205,0.4260859417792109,-0.002368026877957,0.3131657719741089,0.3342887,33.674705505371094,23.276342391967773,9.409222,33.90339240681967,0.6827673411646007,1,1
2021-03-22,99875.74654881006,301.87284251998466,0.0004069555968615,0.5542408475108928,-0.1393409428193543,0.3070072879555104,6.8386717,33.95001983642578,23.357702255249023,2.87664,33.97834161720334,0.6828840894690686,0,0
2021-03-23,99909.7678329774,301.9782846973326,0.0004850972839103,0.3686639380177019,0.1488281797511544,0.3003751892555733,3.9687924,33.762935638427734,23.686662673950195,2.6567638,33.58840084589764,0.6808832715283257,1,1
2021-03-24,99883.87986590846,302.1499464869829,0.0013454477906579,0.4651770577406077,0.2237967101265739,0.2977113721462121,0.7945136,33.73059844970703,23.688739776611328,4.532357,33.198460074591935,0.6788824535875828,1,1
2021-03-25,99821.40487807,301.19354666498856,0.0039129951569557,0.4539062084092989,-0.1112007835418906,0.3182759746391479,1.0715773,33.58790969848633,24.13787651062012,9.096101,32.80851930328623,0.6768816356468399,1,1
2021-03-26,99745.29787621427,302.0647270534172,0.0004565639983513,0.4825771777500026,0.0556712439748326,0.3223598202571141,6.773734,33.962154388427734,23.28553581237793,2.7349226,32.41857853198053,0.674880817706097,1,1
2021-03-27,99772.08612068616,302.02825018700133,0.0016053276628933,0.3063002583040242,0.8138955296597696,0.3153974446185378,0.0,33.596343994140625,24.21731185913086,5.4625607,32.028637760674826,0.6728799997653541,1,1
2021-03-28,99822.97936235485,300.5997919139273,0.0061033834739523,0.6579118470243428,-0.01672945528137,0.3396990391221925,0.41812396,33.79886245727539,24.05255508422852,17.575397,31.638696989369127,0.6708791818246111,1,1
2021-03-29,99855.90900606858,300.1839802264307,0.0296780442054561,0.0897332858775639,0.660014307861475,0.3935794059954265,6.6116357,33.817115783691406,23.8305606842041,10.500648,31.248756218063424,0.6688783638838682,1,1
2021-03-30,99670.0473115125,301.55117100347536,0.0004651829674542,0.5125819920547768,-0.2452942439750032,0.4179833364366326,7.9758797,34.79656982421875,22.747079849243164,0.0,30.85881544675772,0.6668775459431253,0,1
2021-03-31,99668.00718722536,300.8058760661692,0.0044403279455384,0.7173680308805462,-0.1130909798795578,0.410128204133852,0.63670886,34.45222854614258,24.396957397460938,0.40488937,30.815361182255568,0.6648767280023825,1,1
2021-04-01,99750.53289591694,299.7387933888133,0.0114981439344862,0.4609001745239361,-0.0076847597446159,0.4558824022625312,1.1910439,34.450870513916016,24.45143318176269,3.3090355,30.771906917753416,0.6628759100616396,1,1
2021-04-02,99703.94500200504,301.28249873626635,0.0003862845095042,1.3624551956262971,-0.5086839879873152,0.427427216094336,12.794909,34.48463821411133,23.3431396484375,0.0,30.728452653251264,0.6608750921208967,1,1
2021-04-03,99832.57880421514,300.6523577062711,0.0010073941631911,0.8839744634819743,-0.8587689016541404,0.407531795829574,0.0,34.00376510620117,24.38128662109375,0.0,30.684998388749108,0.6588742741801538,1,1
2021-04-04,99872.19319303424,301.3866669505473,0.0001981904750894,1.026243522571592,-1.3098109520775638,0.3884712986854969,0.0,34.439212799072266,24.16682243347168,0.014579972,30.641544124246956,0.6568734562394108,1,1
2021-04-05,99801.04121043274,301.82056394490604,0.0006313174274997,0.8369257762205975,-0.9047400404275188,0.3732621975566408,0.1162191,34.69025039672852,24.214643478393555,0.37394258,30.598089859744803,0.6548726382986679,1,1
2021-04-06,99873.90956818777,301.8891771855098,0.0012690605087211,0.2046172527012192,-0.1173661524665686,0.3649586179907298,0.5498889,34.304866790771484,24.40902137756348,0.7366579,30.55463559524265,0.652871820357925,1,1
2021-04-07,99997.72339774022,300.9174990956064,0.0047030911129001,0.3447437166436847,0.724506542335581,0.3730749173123671,1.4794836,34.5675048828125,24.00474548339844,1.8812699,30.5111813307405,0.6508710024171821,0,0
2021-04-08,99856.7472378272,300.7276611857754,0.0016238013577297,0.6173198916387898,-0.359621488871748,0.3793412022958052,2.6541016,33.99519729614258,23.247482299804688,0.13333951,30.463269169923606,0.6588076580914308,1,1
2021-04-09,99783.18515761172,300.8268803393473,0.0024193447906748,0.3629661355544231,0.0985179940931126,0.3779484898672323,0.011627468,34.22413635253906,24.035062789916992,0.24726814,30.415357009106714,0.6667443137656797,1,1
2021-04-10,99910.41521632054,301.25019253766203,0.0015729006031898,0.4510312851324493,0.286195027740805,0.3755341171143591,0.0794748,33.95618438720703,23.84661865234375,1.7334343,30.36744484828982,0.6746809694399284,1,1
2021-04-11,100056.96738986764,300.55857075795427,0.002621949963519,0.3265427496445008,0.2964734598942309,0.3721034370630547,6.0012064,32.71466445922852,23.46904754638672,9.91722,30.31953268747293,0.6826176251141772,1,1
2021-04-12,100072.90507951022,299.71809824276244,0.0183415181394471,-0.0083733371192839,-0.0469617033136594,0.4220594445563434,10.553252,33.335636138916016,23.56202507019043,9.789262,30.271620526656037,0.690554280788426,1,1
2021-04-13,100030.17068161927,299.52191478854434,0.0050932519748172,-0.2627611202694416,0.3802584593134699,0.4473654854425173,13.2833395,32.48985290527344,22.638879776000977,7.2733707,30.223708365839144,0.6984909364626748,1,1
2021-04-14,99993.7378908715,299.1715195923274,0.0164860750835913,-0.1804129764113464,0.2654100448727851,0.4520843560656384,11.100347,32.74555206298828,23.44458198547364,8.360691,30.17579620502225,0.7064275921369235,1,1
2021-04-15,99972.0005182156,298.7095584658451,0.0117013465013463,-0.0388429180649212,-0.1509660867304021,0.4683586813707395,20.835733,32.39788818359375,22.908519744873047,7.35385,30.12788404420536,0.7143642478111722,0,1
2021-04-16,99937.58835220015,299.9527171653458,0.0038897352810019,0.1099755188237733,-0.2203158018522817,0.4647879407359712,7.695812,32.94057846069336,22.93244743347168,4.19107,30.16219475256736,0.7223009034854211,1,1
2021-04-17,100033.48204693326,299.99199503020384,0.006024535127675,-0.1506921103516799,0.0519350516221488,0.4599436584437806,3.9259522,33.52616500854492,23.018613815307617,4.3070455,30.19650546092936,0.7302375591596698,1,1
2021-04-18,100166.74130660988,298.9245044510158,0.0127116773608321,-0.0326240230945028,0.5430824742005961,0.4685811935701771,2.3018863,32.45846176147461,23.86375617980957,2.9569151,30.23081616929136,0.7381742148339187,1,1
2021-04-19,99974.96588258758,299.9644991352748,0.0057635045937154,0.1415609638770335,-0.0069420246826311,0.4707881713346274,3.1676426,33.25625991821289,23.67321014404297,1.1490699,30.26512687765336,0.7461108705081674,1,1
2021-04-20,99905.55965853066,299.790215013176,0.0058612298936436,0.0732792747581015,-0.392102177433418,0.468693974413885,7.3810096,30.587631225585938,23.129770278930664,9.746232,30.29943758601536,0.7540475261824162,1,1
2021-04-21,99992.88040179107,300.1586169190011,0.0060777740275606,0.1249539794536691,-0.2772880090172868,0.4685699612149425,0.14491324,33.42426681518555,23.23335647583008,1.5385619,30.33374829437736,0.7619841818566649,1,1
2021-04-22,100008.36644589242,300.0269094646687,0.0078385389984307,0.0903302471659793,0.0226679839886127,0.4737616555165438,1.8247786,33.62171936035156,23.6740837097168,9.844688,30.36805900273936,0.7699208375309138,1,1
2021-04-23,99964.89109027294,300.00613814618873,0.0068150958993938,-0.0043566023190013,-0.2574172169274616,0.4788427961633561,6.0270553,33.088623046875,24.22296905517578,2.0505152,30.40236971110136,0.7778574932051625,0,0
2021-04-24,99862.45244349576,300.579101538426,0.0072453717714566,0.1861480190599462,-0.4543365317047868,0.4710843011383999,2.0845456,33.933834075927734,24.19394493103028,6.356349,30.427955762732136,0.7685541416917748,1,1
2021-04-25,99857.5535052126,300.03138719474583,0.0114785645544177,-0.1596760807709133,-0.1017003137771005,0.47151409219787,4.7494836,33.671512603759766,23.99560165405273,4.710567,30.45354181436291,0.759250790178387,1,1
2021-04-26,99835.59490951392,300.3871754826169,0.0050194080968733,-0.0417304120967703,0.1876895011710868,0.4707071876594663,3.1179338,33.336669921875,24.14027976989746,2.0731456,30.479127865993686,0.7499474386649994,1,1
2021-04-27,99933.08114226002,299.87182490902177,0.0052811985146784,-0.1010551452636719,0.3100591926194109,0.4812126799348541,3.304604,33.583274841308594,24.52543830871582,3.25737,30.50471391762446,0.7406440871516116,1,1
2021-04-28,99969.9809833265,300.3725341613914,0.0050755415157776,0.1317741910716865,0.2695929105070611,0.47673766540498,3.006387,33.803733825683594,23.98661994934082,0.040016178,30.530299969255235,0.7313407356382239,1,1
2021-04-29,99905.8668373274,299.79101057610904,0.0081081916585788,-0.0129096376765503,-0.0025798848993948,0.4859399648795464,0.077802025,33.836814880371094,24.818687438964844,1.1842037,30.55588602088601,0.7220373841248362,1,1
2021-04-30,99756.28467835773,300.37468734431235,0.0147661436212445,0.0069835118081567,-0.2501299726460068,0.4793239261743211,3.0684707,33.73779296875,24.40046119689941,1.5086643,30.581472072516785,0.7127340326114484,1,1
2021-05-01,99788.1942328696,299.8837073227866,0.0134103446124135,-0.2971258522269387,-0.0096884992693261,0.4598717967511542,7.860761,33.441688537597656,24.186532974243164,11.748055,30.60705812414756,0.7034306810980607,0,1
2021-05-02,99778.8101714637,300.0933510069236,0.0073423219842683,-0.1017415924475791,0.5282144392893742,0.4730391684081753,11.410592,33.61471939086914,23.820816040039062,5.9898868,30.440605774431464,0.694127329584673,1,1
2021-05-03,99806.72264762186,299.3771567479365,0.0100479789585996,-0.1319019807360896,0.318600950139061,0.4826925660371924,7.9020257,32.95439910888672,24.0255069732666,15.457905,30.27415342471537,0.6848239780712853,1,1
2021-05-04,99762.67191708414,299.4667558941736,0.0072848869082553,-0.4390416909387614,0.0496880776149347,0.4762642338006798,8.20981,32.60309982299805,23.84935760498047,14.343426,30.107701074999273,0.6755206265578976,1,1
2021-05-05,99723.57773151073,300.5037752640537,0.0039111992655581,-0.3216069578364973,0.0572214484401069,0.4707683219776687,6.0670614,33.55565643310547,23.45774269104004,1.9227542,29.941248725283174,0.6662172750445099,1,1
2021-05-06,99812.36975686072,300.80919348859703,0.0030001946821661,-0.0805479104536945,0.3238126052688386,0.4645183776230004,4.320757,33.71905899047852,24.208005905151367,6.3005157,29.774796375567078,0.6569139235311221,1,1
2021-05-07,99887.20947394751,299.53585751071864,0.0134935047785076,-0.1196331563427523,-0.3519346339439799,0.4730184089393767,11.227257,33.11250686645508,23.81300544738769,5.8883834,29.608344025850982,0.6476105720177344,1,1
2021-05-08,99723.57212534468,300.6061006145476,0.0015004209440579,-0.2071819225746445,0.4016522630674792,0.4675926340788457,13.258496,32.62947463989258,23.000423431396484,6.083708,29.441891676134887,0.6383072205043467,1,1
2021-05-09,99718.41413152496,299.81621059441113,0.0103133908877023,-0.1373019270605157,0.4378745627813091,0.4746146227880974,3.3247573,33.43137741088867,24.071420669555664,12.52453,29.27543932641879,0.629003868990959,0,0
2021-05-10,99743.48594320516,299.2780857893234,0.0105561457641665,-0.3368749161124272,0.3859664713595547,0.4752252333180551,12.410673,32.644386291503906,24.58083915710449,12.207806,29.23463413701061,0.6337939673919506,1,1
2021-05-11,99766.59773783563,299.61138776203,0.0072391893377241,-0.2126195829409592,0.7949722614235597,0.4731480121211315,14.089488,33.09229278564453,23.95192146301269,11.909412,29.193828947602427,0.6385840657929421,1,1
2021-05-12,99640.18613734376,299.5446620255169,0.0109066179108502,-0.375832074249374,0.9228208892576713,0.4782251087944874,14.120646,32.08232879638672,23.69631767272949,19.572874,29.153023758194244,0.6433741641939337,1,1
2021-05-13,99651.53719970616,298.47717579294675,0.0291714774102832,-0.1660575176577884,0.8985581245254992,0.471711650320595,8.24619,32.31187057495117,23.66529655456543,24.798998,29.112218568786062,0.6481642625949253,1,1
2021-05-14,99562.49964812525,297.42696432385804,0.0760753666958175,-0.8510711067842599,2.6931607738282333,0.4780734672413407,44.2057,29.79973220825196,22.45879364013672,37.364933,29.07141337937788,0.652954360995917,1,1
2021-05-15,99512.61431310292,297.71202109527496,0.0756422092341398,1.121838597956723,2.45856398605558,0.4812768253372731,103.565895,27.86392402648925,21.879825592041016,39.170193,29.030608189969698,0.6577444593969085,1,1
2021-05-16,99668.65758407196,297.9201248266159,0.0380066016085131,0.0646663743266836,1.2091749823857192,0.4833006833032112,91.89945,29.03647232055664,22.25632095336914,15.813395,28.989803000561515,0.6625345577979,1,1
2021-05-17,99747.43076331523,299.9329402940552,0.0028011257171123,-0.0108605263424917,0.7832197803103419,0.4713394338371863,32.465317,31.844371795654297,22.75688362121582,3.3962274,28.948997811153333,0.6673246561988917,0,1
2021-05-18,99795.75167009915,299.38695953562666,0.0080459981345849,-0.2295418773824914,0.8505415053218012,0.4791026861138294,6.591316,32.15103530883789,23.309892654418945,1.6066631,28.895830275124034,0.6721147545998833,1,1
2021-05-19,99773.38775054422,298.86021554600467,0.0492855673043892,0.003083173465465,1.213197306853559,0.4753216998997553,8.959691,32.02176284790039,23.673084259033203,31.09308,28.842662739094735,0.6769048530008749,1,1
2021-05-20,99828.53011331838,298.83108013853285,0.0176676184970268,0.0755179031836125,0.5853665515570877,0.4728551785065186,14.632876,31.97272491455078,22.944664001464844,30.510303,28.789495203065435,0.6816949514018664,1,1
2021-05-21,99887.9258899526,297.8344231752381,0.0257544956142146,-0.0030419202589733,0.6447976413204743,0.481712915301538,13.233449,29.70193290710449,23.61622810363769,9.842618,28.736327667036136,0.6864850498028581,1,1
2021-05-22,99803.25477475554,298.2045359294537,0.0132032386714097,-0.0112357852063165,0.7968313492523791,0.4769658907085447,11.493364,30.43857955932617,23.261573791503903,10.827357,28.683160131006836,0.6912751482038497,1,1
2021-05-23,99853.6608992076,298.76961083658074,0.0096668663881033,-0.0924333427255866,-0.1045887528997385,0.4786007965194276,8.077652,31.52968406677246,23.018354415893555,3.021843,28.629992594977537,0.6960652466048413,1,1
2021-05-24,99868.23188898576,299.933828237868,0.004020319619591,0.7702890545835519,-0.3748574773914783,0.4753342495613452,3.6743166,32.82833480834961,23.594661712646484,0.0,28.576825058948238,0.7008553450058328,1,1
2021-05-25,99818.50762866816,298.77564766332785,0.0159351067409977,1.378055601627842,0.2034813172113066,0.4852023614772684,3.9965668,32.07325744628906,23.979412078857425,17.712076,28.52365752291894,0.7056454434068244,0,0
2021-05-26,99833.0035574274,297.2727379714631,0.0334295140032895,1.048725711681734,-0.0511593429468216,0.4767632511375988,67.5799,28.49921226501465,22.0513916015625,15.108204,28.491459773607765,0.7023184962926804,1,1
2021-05-27,99839.81366456166,298.82659174619573,0.005537168258177,0.8129949965203579,-0.3936364939327723,0.4850932676239877,28.6537,31.456546783447266,21.958608627319336,0.0,28.459262024296592,0.6989915491785362,1,1
2021-05-28,99913.93595996834,298.8513180328858,0.0054649866975002,0.9943346332394604,-0.4585997974346688,0.482030002439462,4.2711043,32.68036651611328,22.608104705810547,0.0,28.427064274985423,0.6956646020643922,1,1
2021-05-29,99979.44372034744,298.3574353009552,0.0087026644281819,0.8115382707524521,-0.5468537144569815,0.4942706284979845,5.867746,31.440513610839844,23.22073554992676,4.2508836,28.39486652567425,0.6923376549502481,1,1
2021-05-30,99895.5138062272,299.11756452245635,0.0024921196254823,0.7636535941214643,-0.797988858585791,0.4796390726039267,8.34245,32.70926284790039,23.258289337158203,0.0,28.362668776363076,0.689010707836104,1,1
2021-05-31,99808.26805179128,298.53508126178264,0.0154167009665997,0.7682479604360422,0.1261329673806525,0.4823214946737196,3.4181328,32.56830596923828,23.373340606689453,0.03992109,28.330471027051907,0.6856837607219599,1,1
2021-06-01,99781.454083778,298.9749406864329,0.0059651037189485,0.3809277356738497,0.272377773336614,0.4877079922299729,22.630327,31.950138092041016,22.761775970458984,0.08776224,28.298273277740734,0.6823568136078159,1,1
2021-06-02,99748.00259665378,299.7350217324208,0.0039511747171936,0.4121672005045226,0.3255752304853019,0.487523057251857,4.376856,32.54912567138672,23.250926971435547,7.1274967,28.26607552842956,0.6790298664936718,0,1
2021-06-03,99842.6760996688,299.217618835418,0.0147101777348854,0.5517956233537604,0.4487023959295698,0.4754890044558891,4.94596,31.997783660888672,23.8034782409668,56.714012,28.13981750435365,0.6757029193795276,1,1
2021-06-04,99915.67119825006,298.43412248107285,0.0117057249234808,0.0160670596284495,0.2652365245101457,0.4754700381561804,26.341246,30.147430419921875,22.74032974243164,44.910362,28.013559480277742,0.6723759722653836,1,1
2021-06-05,99944.30671786722,297.25344518819014,0.0303563553462372,-0.2658980758105037,0.6564236932225578,0.475436671248192,16.21573,29.418663024902344,22.684158325195312,38.71176,27.88730145620183,0.6690490251512395,1,1
2021-06-06,99915.26120164964,298.6132185950074,0.0034180289403773,0.147699487454359,0.2563341781631343,0.4720903656376369,29.498491,31.51122283935547,22.20311546325684,0.0,27.76104343212592,0.6657220780370954,1,1
2021-06-07,99894.57616776635,299.4203633217732,0.0044005731738004,0.8654515495350735,-0.0423117183782057,0.4737981810479773,1.5899321,31.5203800201416,22.911911010742188,1.5691112,27.63478540805001,0.6623951309229513,1,1
2021-06-08,99898.18811001407,298.7900461475929,0.0074797601850128,0.6390325097112592,-0.3802282196037584,0.4828869367623102,1.2235663,31.989341735839844,23.515010833740234,19.535593,27.508527383974098,0.6590681838088073,1,1
2021-06-09,99861.06677837444,298.78127192430657,0.0041878669513634,0.8987299068599729,-0.6490712068676735,0.4803767812439765,11.636699,31.423099517822266,23.12578392028809,1.2822,27.38226935989819,0.6557412366946631,1,1
2021-06-10,99779.25455130482,298.72542441471614,0.0028964890159728,0.3730536175542245,-0.648657250582047,0.4806140392269993,8.630511,31.638336181640625,23.15850067138672,0.5219624,27.25601133582228,0.6524142895805191,0,0
2021-06-11,99819.09774294207,298.6318109269067,0.0054789241275716,0.6564720461955795,-0.3334876397063288,0.4838942547144834,3.7928033,31.9525089263916,22.807302474975582,0.39160803,27.458496987738833,0.6473891105781003,1,1
2021-06-12,99876.8042907825,297.99106205287853,0.0350575780088274,1.311774880342407,-0.4747332763694802,0.4831634485488013,13.406743,30.11157417297364,22.74263000488281,29.963213,27.660982639655387,0.6423639315756816,1,1
2021-06-13,99901.3083285673,296.9048034098448,0.0365150750354064,1.9912912916973795,-0.6655466776510918,0.4812953784812857,34.96273,27.97965431213379,22.740283966064453,18.452581,27.86346829157194,0.6373387525732629,1,1
2021-06-14,99858.41021617732,296.83163579603064,0.0159862319640936,1.0100696605907522,-0.4022238557764883,0.4863823905474349,70.41517,27.8508529663086,21.47035217285156,8.466873,28.065953943488495,0.6323135735708442,1,1
2021-06-15,99789.33268921764,297.49598372241945,0.0233984643551769,1.7379809942565323,0.1324267556767922,0.4827870525897072,35.360004,29.565582275390625,22.47086334228516,1.3714862,28.26843959540505,0.6272883945684254,1,1
2021-06-16,99937.07107253771,297.8093080657049,0.0189979976827308,1.012183740457415,-0.0120444258670277,0.4800471929363771,38.817635,29.99550437927246,23.09984016418457,3.310733,28.470925247321603,0.6222632155660067,1,1
2021-06-17,99992.19711425136,297.9482519594805,0.0094154525664983,0.7625768863032798,-0.193678542174518,0.4880953583669773,46.60191,30.091426849365234,23.114044189453125,1.4457824,28.673410899238156,0.617238036563588,1,1
2021-06-18,100053.0549405329,298.40894907646305,0.0066243984366727,0.5263265230747668,-0.4500117983321098,0.4956095687814853,15.159204,30.4587516784668,23.41466522216797,18.154291,28.87589655115471,0.6122128575611693,0,1
2021-06-19,100184.11805700338,298.3048397932708,0.0038691443560383,0.6046934472868285,-1.135819060138419,0.4919189311432315,5.426904,31.28888511657715,23.02725601196289,0.115606785,28.586802570649738,0.6071876785587506,1,1
2021-06-20,100155.77958571169,298.3985350483069,0.0028882185617289,0.8294626974919082,-1.4388370582698875,0.4834858696826706,5.633641,31.735889434814453,23.04525184631348,1.1793252,28.297708590144765,0.6021624995563318,1,1
2021-06-21,100014.04670061808,298.4828082961753,0.0052002611715484,0.8536490293517254,-1.1927448886563423,0.4821659495787833,11.011824,31.013086318969727,23.01066017150879,0.022143556,28.008614609639793,0.5971373205539131,1,1
2021-06-22,99910.43909966548,298.6984483471483,0.0048441052399212,0.746235819157535,-0.8132166841852935,0.47754136729891,1.9450772,30.779253005981445,23.169893264770508,12.426135,27.71952062913482,0.5921121415514944,1,1
2021-06-23,99933.46089553332,298.2615635806887,0.0097810068608186,0.4649807228063619,-0.4878504769649339,0.480444369113765,8.535953,30.76431655883789,22.992578506469727,28.899256,27.430426648629847,0.5870869625490757,1,1
2021-06-24,99964.85164238352,298.6407185997122,0.0017864073516531,0.3825805841522271,-0.8233314970391116,0.4811246179304869,33.079662,30.598819732666016,22.40350151062012,2.4872186,27.141332668124875,0.5820617835466569,1,1
2021-06-25,99847.75109976273,299.18631999844297,0.0040293755442047,1.0466296508601975,-0.7596436514420526,0.4773050665439846,0.8980419,31.81544303894043,22.9287338256836,0.0,26.852238687619902,0.5770366045442382,1,1
2021-06-26,99873.5869129473,298.1430869812661,0.0058696227295279,0.6124207250973629,-0.6102989713565878,0.4884557704510547,5.244216,31.2780990600586,23.02224540710449,1.7345535,26.56314470711493,0.5720114255418195,0,0
2021-06-27,99898.35524459496,298.56365598372975,0.0035298304371011,0.5713529033089992,-0.6000909439602327,0.4804123756847984,14.619843,30.269636154174805,22.464418411254883,1.849599,26.40357510579303,0.5605227011694631,1,1
2021-06-28,99845.06617822112,297.4618593622449,0.0128011576730904,-0.0502602542474129,-0.296587866420771,0.4759538599842658,3.630595,30.122314453125,22.98733329772949,0.036760356,26.244005504471133,0.5490339767971069,1,1
2021-06-29,99762.00348317856,299.3356049110403,0.0011990687013525,0.4151158459499802,-0.1250335959549033,0.4637818766952865,0.5905759,31.055843353271484,23.357328414916992,19.897877,26.084435903149235,0.5375452524247505,1,1
2021-06-30,99750.21821998684,299.7068221801491,0.002040194761036,0.5923004987678615,-0.1887863652897305,0.4607904961310066,1.7398442,31.68511009216309,23.85852432250977,15.863845,25.924866301827336,0.5260565280523941,1,1
2021-07-01,99766.2190991748,298.2240286122178,0.0164275556410472,0.536739878305407,0.0728793522531789,0.4772418273557107,1.8352602,31.25780487060547,23.66401481628418,24.258461,25.765296700505438,0.5145678036800378,1,1
2021-07-02,99807.89043025096,298.742181561976,0.0040750113358533,0.3394054897073112,0.0889414152369389,0.4689242298434826,25.419384,30.810970306396484,22.559715270996094,0.5672092,25.60572709918354,0.5030790793076815,1,1
2021-07-03,99841.32282956375,298.36770203887653,0.007262651057444,0.5253043226903985,-0.6722598863573712,0.4782639865850024,0.59981346,31.2640380859375,22.89484596252441,16.31032,25.44615749786164,0.49159035493532516,1,1
2021-07-04,99820.58772187776,298.7180185413143,0.012527239761353,0.6776667169716973,-1.0642444100685455,0.4774010362841789,16.685705,31.337804794311523,23.092191696166992,35.740086,25.286587896539743,0.48010163056296884,0,1
2021-07-05,99680.93520920438,298.7623274257828,0.0060538701491602,1.0515536366066176,-1.3878346904852543,0.4847378959476927,7.6727476,30.86642837524414,22.42096328735352,5.8915515,25.373325630402917,0.4686129061906125,1,1
2021-07-06,99573.2996706875,299.4300764179929,0.002161511798714,0.7165381033441484,-0.587882862066417,0.4742176392027099,6.306942,31.468406677246094,23.241254806518555,28.815193,25.46006336426609,0.4571241818182562,1,1
2021-07-07,99691.15213867072,298.736894024036,0.0064769390297367,0.6901104749717856,-0.6527599605864554,0.4861463614847959,6.4362535,31.086463928222656,23.249473571777344,14.517152,25.54680109812926,0.44563545744589983,1,1
2021-07-08,99677.769165582,299.2227607655517,0.0085533396957779,1.148758271377037,-0.747466604029535,0.4848225154846902,5.3068304,31.418991088867188,23.49481010437012,22.866543,25.633538831992436,0.4341467330735435,1,1
2021-07-09,99640.8825244851,297.45876247233144,0.0512282866412517,1.487240044912161,-0.1940166519759781,0.4767145837122811,18.031786,29.63412475585937,23.044282913208008,26.194735,25.72027656585561,0.4226580087011872,1,1
2021-07-10,99771.0932808532,296.28405006803973,0.0641707378637743,2.364902099231528,-0.4877216500980319,0.478698792831874,59.29296,25.97793769836425,21.35599136352539,29.677113,25.80701429971878,0.4111692843288308,1,1
2021-07-11,99671.29355088412,297.10158371997005,0.0155276518374507,1.372595391890825,-1.165932332141022,0.4816317584082146,56.75819,27.286754608154297,21.1527156829834,5.602003,25.893752033581954,0.39968055995647456,1,1
2021-07-12,99695.63243239312,297.3374058074254,0.0158135002946227,1.7103213809949156,-1.5081083003625455,0.4824270674178973,13.913318,28.81182289123535,21.725814819335938,3.5105438,25.98048976744513,0.3881918355841182,0,0
2021-07-13,99730.90299115264,298.07859732614924,0.0076364735414909,0.9518813644411012,-1.2155534828177783,0.4731242169209261,37.83981,28.927886962890625,22.4719295501709,19.809767,26.13787518641216,0.3982175399558583,1,1
2021-07-14,99757.94466145834,297.1962333988264,0.0104662076765925,0.4051221993583113,-1.3662933379730535,0.4878486835522383,38.128872,28.48359680175781,22.25667953491211,27.91737,26.29526060537919,0.40824324432759834,1,1
2021-07-15,99739.10640586966,298.2341072705234,0.0053183301841623,0.3797029765097335,-1.4029066842369542,0.4883920361408462,31.916367,28.67934226989746,22.10941696166992,34.468544,26.452646024346226,0.41826894869933845,1,1
2021-07-16,99883.21307827196,297.8016189992937,0.0062305241973658,-0.0754017901543829,-1.126073020598481,0.4971292456521312,73.47017,28.32039451599121,22.036821365356445,17.194902,26.610031443313257,0.4282946530710785,1,1
2021-07-17,99843.48040647496,298.9154897587334,0.0060115382294606,1.2035628086185923,-2.09285788358956,0.4837616482439029,37.602966,30.13600730895996,22.055879592895508,18.978153,26.76741686228029,0.4383203574428186,1,1
2021-07-18,99888.39938119348,297.10509141572817,0.0118616168437266,0.4148507233436385,-1.5145152876735068,0.4772880223812227,33.08399,27.133363723754883,22.006481170654297,38.03157,26.92480228124732,0.4483460618145587,1,1
2021-07-19,99942.63246097746,298.02632324052763,0.0054670396159153,0.9427744554404328,-1.13084722323291,0.4886478671002722,13.725331,29.99217414855957,22.12565803527832,0.9821705,27.08218770021435,0.45837176618629877,1,1
2021-07-20,100074.71128820088,298.05635910983386,0.0061644887584578,1.22117327669375,-1.4475535202204055,0.4920175455842887,7.357515,30.571605682373047,23.0267333984375,4.9602795,27.239573119181387,0.4683974705580389,1,1
2021-07-21,100039.91629078575,297.4502872550039,0.0178601773119213,1.6360235816083402,-1.1637547375247634,0.4819536618364446,9.756906,28.66924095153809,22.512731552124023,29.384132,27.396958538148418,0.4784231749297789,1,1
2021-07-22,99837.7120518777,297.35240666558786,0.0306825149244149,2.479852079585677,-0.8891306472578392,0.4765011638041112,33.11605,29.507644653320312,22.81754302978516,5.692597,27.55434395711545,0.48844887930151903,1,1
2021-07-23,99798.43906497696,296.96105408969447,0.0260416098785351,2.550928578065528,-0.6183134646696001,0.4790599193405627,44.33657,28.801008224487305,22.84471321105957,7.9687443,27.71172937608248,0.49847458367325914,1,1
2021-07-24,99875.46141909006,296.96289454654,0.0193756526917051,1.7628545322044495,-0.4657274492659067,0.4841699593341441,63.138184,29.21054458618164,22.282604217529297,12.685389,27.869114795049512,0.5085002880449992,1,1
2021-07-25,99967.00363161752,297.1208180497367,0.0501185495347695,1.9374421616416804,-0.7276751703046122,0.4803626656260022,36.107975,28.88238525390625,22.530248641967773,5.953833,28.026500214016544,0.5185259924167394,1,1
2021-07-26,99977.67826180566,297.3644523721487,0.0195620340004572,1.296000880394895,-0.6460211667064177,0.4776066659605695,24.561817,29.744258880615234,22.380863189697266,0.0,28.18388563298358,0.5285516967884794,1,1
2021-07-27,99934.17055877126,297.73416262696685,0.0121543099744372,1.266530792505957,-0.5367244590230108,0.473398328529612,7.081173,29.819232940673828,22.40025520324707,6.4702053,28.34127105195061,0.5385774011602195,1,1
2021-07-28,100002.50114630756,297.9838127881837,0.0054319566432431,0.7691010590828531,-0.4704870680717196,0.4827198350009673,10.791763,30.459009170532227,22.80673599243164,0.333877,28.49865647091764,0.5486031055319596,0,0
2021-07-29,100029.91568176952,298.596693210439,0.0028735422448087,1.081384779183477,-1.1763943269542525,0.4817759965185163,11.046357,31.24274444580078,22.68353271484375,14.5874605,28.145543558391505,0.5449534053379638,1,1
2021-07-30,100104.20571220393,298.4734804018399,0.0033684175758375,0.9738622533112916,-1.450200720007624,0.4798166348622071,1.5490154,31.001771926879883,22.627498626708984,8.358972,27.79243064586537,0.5413037051439679,1,1
2021-07-31,100123.8659878976,298.79533239722986,0.0035931792938866,1.217778609053764,-1.5978170184651193,0.4759720202635252,6.10076,31.41341781616211,22.54642868041992,0.0,27.439317733339234,0.5376540049499721,1,1
2021-08-01,100014.3438165011,298.6064160820785,0.0035815419002058,1.069679171065468,-1.2360413109314732,0.4792291485556819,3.282095,30.54491233825684,22.80923652648925,0.1430337,27.086204820813094,0.5340043047559763,1,1
2021-08-02,100094.72898981954,298.2093228760757,0.0052190648235257,0.9182169747217904,-0.7392350395133624,0.4780578807019631,4.8636293,30.642641067504883,22.66437530517578,0.0,26.73309190828696,0.5303546045619805,1,1
2021-08-03,100190.37608767158,298.6107006792926,0.002791261206684,0.8780337107956792,-1.2799975149533196,0.4767287512613126,8.486768,30.88633918762207,22.660865783691406,0.0,26.379978995760823,0.5267049043679846,1,1
2021-08-04,100183.5649677602,298.33186139600724,0.0040861360656196,1.090881437532517,-1.2866658972983096,0.4776461198075143,6.2699866,30.46859169006348,22.537494659423828,0.0,26.026866083234687,0.5230552041739888,1,1
2021-08-05,100049.04052892853,297.7280869454716,0.0188459154128426,1.3366433783410938,-1.0356602185992525,0.4822841674780844,4.0760126,30.25194358825684,22.879323959350582,3.1358407,25.67375317070855,0.519405503979993,0,1
2021-08-06,99976.94802589754,297.60192926372247,0.0263914093439348,1.6097014069858109,-1.2379466419051457,0.4799419028897428,48.91399,30.39068984985352,22.478429794311523,13.899539,26.149121252542656,0.5157558037859971,1,1
2021-08-07,100016.35219335074,296.8750823479832,0.0127448396935567,0.8323657022873534,-1.0766233871985922,0.4778525287936778,49.13827,29.21312141418457,22.63816261291504,17.024736,26.62448933437676,0.5121061035920013,1,1
2021-08-08,99995.94168188034,297.3737883420501,0.0090250058969282,0.2312517162698552,0.2773404055195426,0.4788449586963895,23.086908,30.8602294921875,22.558238983154297,21.718218,27.09985741621087,0.5084564033980055,1,1
2021-08-09,100004.76152564444,298.43016735443285,0.0063292222772492,0.6585035978680206,0.1385807129522544,0.4689469850468858,14.225461,30.91251564025879,22.60728454589844,15.8533325,27.575225498044976,0.5048067032040097,1,1
2021-08-10,99985.0742742752,298.08984887157163,0.0031173635788699,0.4898078103150894,-0.6564641661161928,0.4767976029014655,23.25671,29.476215362548828,22.35135841369629,5.849708,28.05059357987908,0.5011570030100138,1,1
2021-08-11,100009.18490228977,297.5661842563088,0.0220742135614182,1.2227962753895687,-0.9545701623665112,0.4797526793004744,1.4770287,29.29435157775879,22.92854118347168,7.034512,28.52596166171319,0.49750730281601796,1,1
2021-08-12,100076.28039475944,297.3770328108573,0.0176140019637292,0.4996744596781904,-1.220369675652685,0.4715998162729177,8.961241,29.377655029296875,22.403493881225582,10.239631,29.001329743547295,0.49385760262202216,1,1
2021-08-13,99933.74864884792,297.3534213074241,0.0138196607758335,0.7596692001465667,-0.9863314129352164,0.4741692905859357,2.0674942,29.349639892578125,22.70563507080078,9.213473,29.4766978253814,0.4902079024280263,0,0
2021-08-14,99857.4548022599,297.5264991001809,0.0035634942747293,0.6064467633597367,-0.9965007908714842,0.4792147330444499,14.816972,29.38345527648925,22.216232299804688,26.885761,29.281843191114056,0.4878464577487864,1,1
2021-08-15,99895.54379029978,297.9231143441964,0.0044375878462841,0.9830802629051022,-0.8829513895839782,0.4781108932550143,12.203662,30.029916763305664,22.00271987915039,5.9007,29.08698855684671,0.48548501306954644,1,1
2021-08-16,99963.43723023916,296.7749278968107,0.0093054250053745,0.3600831926549652,-0.6007827646329092,0.4955976495147827,2.7040598,29.890987396240234,22.26062774658203,13.440304,28.892133922579365,0.4831235683903065,1,1
2021-08-17,99978.19647882246,297.1056974681328,0.015017761141658,0.6108589520863092,-0.183613857307003,0.4818729082399412,4.3566732,29.612808227539062,22.819549560546875,27.272087,28.697279288312018,0.4807621237110665,1,1
2021-08-18,99898.95384154496,296.8165523780339,0.0324718884196091,0.400114516624967,0.3517267130532938,0.483968274813172,6.5149837,28.827301025390625,22.6762809753418,27.407011,28.502424654044674,0.4784006790318266,1,1
2021-08-19,99818.39333346716,297.1185554511732,0.0066571714669305,0.0767210471915258,-0.2453959002806054,0.4896237277858516,21.026249,29.998533248901367,21.8371810913086,0.84022444,28.30757001977733,0.47603923435258666,1,1
2021-08-20,99792.72278179802,298.7927755323048,0.0026644329289607,0.8146667842725134,-0.518851033926784,0.4764888909935221,2.720312,30.20784568786621,22.7336540222168,12.084029,28.112715385509983,0.4736777896733467,1,1
2021-08-21,99909.0340146967,297.9561980213451,0.0090073226591683,0.205752116511226,-0.4555506281790246,0.4710171608157364,0.58552784,29.331472396850582,23.162857055664062,22.17029,27.91786075124264,0.4713163449941068,0,1
2021-08-22,99869.2372929486,298.390425423559,0.0067138777376031,0.0294405184108515,0.2351928429758911,0.4703389819044665,4.9228134,30.08409118652344,22.75968742370605,37.7337,27.80085316466656,0.46895490031486686,1,1
2021-08-23,99908.05058474014,297.3250895322608,0.0044169083988937,-0.2964514700864023,0.6204986740353733,0.483661342890937,15.32971,29.653249740600582,22.36197662353516,13.864373,27.68384557809048,0.46659345563562693,1,1
2021-08-24,99894.17113480112,298.5297046044165,0.001987361163285,0.1431777835795048,0.9930468330533476,0.4757366143735732,3.1136708,30.29178237915039,22.61507034301757,1.3211819,27.5668379915144,0.464232010956387,1,1
2021-08-25,99785.70884421207,298.77157879506245,0.0025494487097903,0.1534280473186586,1.0293809149697764,0.4708669750517643,3.391627,29.91345977783203,22.59658432006836,3.5036652,27.449830404938325,0.46187056627714707,1,1
2021-08-26,99678.67214528912,298.09974828381456,0.0146553150409288,0.4706983666019323,1.056997312549674,0.4825101622682248,6.9809957,30.61338424682617,22.41330909729004,15.979193,27.332822818362246,0.4595091215979071,1,1
2021-08-27,99694.5694492183,297.0147692011676,0.0236683504408354,0.9291624657765852,0.2179646358307716,0.4753142637850531,59.923397,28.24888610839844,22.64015769958496,42.00481,27.215815231786166,0.45714767691866715,1,1
2021-08-28,99647.6584014544,296.90214633815555,0.0609841995841273,1.673039298201427,-0.0479846362067982,0.4784750362359097,26.826368,29.32063865661621,22.471046447753903,20.933966,27.098807645210087,0.4547862322394272,1,1
2021-08-29,99683.31903301414,296.33936382517936,0.0703257695644164,2.064733449305633,-0.2844780717908885,0.4806129299887873,42.482304,27.53892707824707,21.78512954711914,46.137028,26.981800058634008,0.4524247875601873,0,0
2021-08-30,99759.89522566706,296.5364044667265,0.0118393537802978,0.5297950385123839,-0.704263518056928,0.4858813064002923,41.09939,29.065155029296875,21.4871768951416,0.0,27.133697547173483,0.45864719895131,1,1
2021-08-31,99787.18322414948,297.8735801677518,0.003685256770988,0.4961837585592287,-0.2317117219762828,0.4890627570415377,6.1391234,30.58935546875,22.719757080078125,1.8031998,27.28559503571296,0.4648696103424327,1,1
2021-09-01,99871.4049020174,298.1155534900859,0.005175319304228,0.8549809777431441,-0.5434550380517635,0.4896750998677564,8.217392,30.190570831298828,22.91437339782715,14.934573,27.437492524252434,0.4710920217335554,1,1
2021-09-02,99842.26606074948,297.48757709466946,0.0112269584486583,0.5692341152557548,-0.5822111737027393,0.4818373910651955,11.142904,29.92511749267578,22.77042961120605,20.333466,27.58939001279191,0.4773144331246781,1,1
2021-09-03,99793.26040709944,297.39821056586527,0.0091645250074563,0.4505316446228432,-0.0470340030384488,0.4776160338418188,7.1704397,28.292675018310547,22.32747268676757,0.27796105,27.741287501331385,0.4835368445158008,1,1
2021-09-04,99882.39095327952,297.117384053893,0.0223571448512747,0.8645428958915291,-0.2418643260377576,0.4754036571962613,4.5925565,28.68170166015625,22.316556930541992,15.6062155,27.89318498987086,0.4897592559069235,1,1
2021-09-05,99895.15365111588,297.1893134389392,0.0226283286356599,1.8381834446287653,-0.4336576465231136,0.4786266703375803,25.169235,28.877534866333008,22.415658950805664,13.151129,28.045082478410336,0.4959816672980462,1,1
2021-09-06,99931.3877757243,296.6545560806756,0.0114283470385045,1.631009201717457,-0.3793250976065658,0.4989706140998063,23.446241,29.28498077392578,22.21204948425293,0.61299556,28.19697996694981,0.5022040786891689,0,1
2021-09-07,99921.1265750724,297.1795580215446,0.0151581187197502,1.1329030815204304,0.0998481565806309,0.4844564766189717,17.032488,29.792787551879883,22.48501777648925,0.43097818,28.177821975299224,0.5084264900802916,1,1
2021-09-08,99998.44889035316,297.70594242952075,0.0050378420374052,0.0927922718512609,0.0822466106164883,0.4913456503309471,6.497354,30.518415451049805,22.55916786193848,0.0,28.158663983648637,0.5146489014714143,1,1
2021-09-09,100016.09874785414,298.6127076874073,0.0023653704753192,0.7088025933719769,-0.9429003319239904,0.4811299986987751,3.7368298,31.239154815673828,22.51255226135254,0.0,28.139505991998053,0.5208713128625371,1,1
2021-09-10,99956.1755450038,298.74140057458885,0.0032732018497973,1.0169352758301895,-0.9969602590542112,0.4761487862455945,0.9015625,31.657657623291016,23.14101219177246,0.0,28.120348000347466,0.5270937242536597,1,1
2021-09-11,99907.12664797128,298.17891864338696,0.0056503072160699,0.6641129141659787,-0.1725250475251025,0.479868740513285,2.251644,30.94509696960449,23.20402908325196,1.6650349,28.10119000869688,0.5333161356447824,1,1
2021-09-12,99858.47497662775,297.4757140843194,0.0225828773453912,1.3817593120213152,0.0682449981933861,0.4893454960840141,18.723204,29.92786407470703,23.066722869873047,7.6201673,28.082032017046295,0.5395385470359051,1,1
2021-09-13,99810.74289829293,297.81219220703105,0.0092653704154593,1.662915577036155,-0.63482037178383,0.4924525091146275,42.82598,29.82748985290528,22.456727981567383,7.1266637,28.062874025395708,0.5457609584270279,1,1
2021-09-14,99832.21003283854,298.0795355041463,0.0085445674637023,1.305959562138162,-0.460764849640197,0.4992927090882942,18.445164,31.68515014648437,23.15897560119629,0.0,28.04371603374512,0.5519833698181505,0,0
2021-09-15,99854.2832797216,298.50755438246915,0.0081148390058473,1.1238691077981522,0.0447196963888361,0.494372931190488,5.917379,31.058706283569336,23.37948989868164,19.26535,28.151393428952744,0.5538210624898842,1,1
2021-09-16,99798.8947776504,297.94023570264665,0.0082980051029244,0.165790916678567,-0.4889539100613959,0.4578615042549701,15.697313,30.88626289367676,22.916332244873047,4.7973914,28.259070824160368,0.5556587551616178,1,1
2021-09-17,99736.56940860156,299.3517119814276,0.0017080263336544,0.8396317749903858,-0.8286246612591017,0.4482135318738222,14.44593,31.57599639892578,23.416656494140625,16.355165,28.366748219367988,0.5574964478333514,1,1
2021-09-18,99859.33341844068,299.21452250608473,0.002543134059323,0.3911254383907508,-0.8017699060309377,0.4526529321304837,2.4216063,30.432016372680664,23.48285675048828,10.370205,28.474425614575612,0.559334140505085,1,1
2021-09-19,99937.20531577988,299.3555217675972,0.0041836305530443,0.3415656469808001,-0.8049991433616728,0.4595124498842599,4.0118136,32.06373596191406,23.502126693725582,8.822819,28.582103009783236,0.5611718331768186,1,1
2021-09-20,99896.6224143222,299.4500212989785,0.0008268070122071,0.6645707317177586,-0.7557801355434618,0.457655079448749,2.1302228,31.053804397583008,23.567007064819336,6.245235,28.689780404990856,0.5630095258485522,1,1
2021-09-21,99845.79648561931,299.186467443898,0.0036961698268846,1.09894706963891,-0.6600019883931807,0.4534138834151187,0.0,31.60411071777344,23.38282012939453,0.86980003,28.79745780019848,0.5648472185202859,1,1
2021-09-22,99703.89105276704,299.1965516593999,0.002684485950911,1.3426338142608707,-1.1224045167105148,0.4563605128206992,5.9129305,31.51082992553711,22.986234664916992,3.482688,28.905135195406103,0.5666849111920196,0,1
2021-09-23,99796.4849735686,298.7918327887309,0.003660252667689,1.208524067508786,-1.361538272678372,0.4617599817920954,0.12960261,31.71359062194824,23.060867309570312,10.27416,28.8189394556548,0.5685226038637532,1,1
2021-09-24,99785.9005917718,299.4578473884078,0.0020978004212373,0.6486339392405831,-0.9836876641415764,0.4540380930037923,2.0130563,31.450056076049805,22.95301055908203,13.090232,28.732743715903496,0.5703602965354868,1,1
2021-09-25,99752.43387096516,298.88496907666723,0.0026679928424509,0.8088012128541754,-0.4759928238393309,0.455004276743817,12.045372,31.104507446289062,23.082677841186523,3.9117272,28.646547976152196,0.5721979892072204,1,1
2021-09-26,99599.98028309866,298.2548400586809,0.0224418889591887,0.8221857991982632,-0.1462589372077058,0.4750305954861747,2.8034463,30.52004051208496,23.341392517089844,16.13391,28.56035223640089,0.574035681878954,1,1
2021-09-27,99691.7861271778,296.8850357357392,0.0287464881927753,0.6855610892067363,-0.3831498315377597,0.4699434066480822,36.618988,27.764408111572266,22.18417739868164,19.384268,28.474156496649588,0.5758733745506877,1,1
2021-09-28,99873.54713830444,296.5812996170644,0.0147734257456381,0.4007878916268452,0.1134113165489368,0.4749970566210431,35.382336,29.454973220825195,21.8795166015625,0.0,28.387960756898288,0.5777110672224213,1,1
2021-09-29,99891.06060756536,298.08070027190547,0.0049016225093684,0.3668766604090041,-0.6095041301706431,0.4791971072079917,5.3788238,31.33028221130371,22.519874572753903,4.5294323,28.301765017146984,0.5795487598941549,1,1
2021-09-30,99894.6234307384,298.2720070575375,0.0097461656987009,0.2413962382882787,-0.5266915372765283,0.466332448791291,7.993134,31.17660522460937,22.511415481567383,24.564173,28.21556927739568,0.5813864525658885,0,0
2021-10-01,99803.28689273293,298.11730998805376,0.0454815722402566,0.1761057315243596,-0.4428409303462712,0.475410545111591,8.412009,29.13829040527344,22.41136932373047,12.915561,28.17428962412243,0.590843997419189,1,1
2021-10-02,99719.8793834967,297.8349786786624,0.0258851661574122,-0.1847217544682225,-0.1014391395503733,0.475810104156432,8.638616,29.63359260559082,22.49020195007324,10.824296,28.13300997084918,0.6003015422724894,1,1
2021-10-03,99700.40003516988,298.44575311014444,0.0014562118784738,-0.2384653244329223,0.5433386283964619,0.4711023130759638,19.296926,30.604150772094727,22.41399002075196,20.568481,28.09173031757593,0.60975908712579,1,1
2021-10-04,99652.36028787876,298.7902137111165,0.0051402694781119,-0.0907678607565119,-0.0510850141707313,0.4721834711450156,14.931009,30.14606094360352,22.87979316711425,19.139778,28.05045066430268,0.6192166319790904,1,1
2021-10-05,99667.75195300762,298.5626248255245,0.0157602647027563,0.0683365367986158,0.3748287674555027,0.4780854008378053,13.009448,30.157485961914062,22.38338088989257,19.853525,28.00917101102943,0.6286741768323909,1,1
2021-10-06,99627.54390880444,297.9194340472583,0.0117576757122904,-0.1556861630740224,0.918913557546932,0.4729978484823121,14.490678,29.483213424682617,22.201040267944336,2.9712288,27.96789135775618,0.6381317216856913,1,1
2021-10-07,99709.33651493854,299.02681989792467,0.0029176077525021,-0.270798295575103,1.6995350055531795,0.4755123256275697,3.8689742,30.774112701416016,22.69527816772461,1.8786687,27.92661170448293,0.6475892665389918,1,1
2021-10-08,99855.61064767728,298.24580219849787,0.0157551258920634,-0.001735167028182,1.1267032324085584,0.4797980985699946,5.7012205,30.508264541625977,23.241100311279297,35.248413,27.88533205120968,0.6570468113922923,0,1
2021-10-09,99972.18159813008,297.2246546361837,0.0119122457265681,-0.8625227206744085,0.4148131105845072,0.4831131536064419,51.62966,28.630050659179688,22.227235794067383,1.7596272,28.158880461693876,0.6665043562455928,1,1
2021-10-10,99863.12840200384,298.2527384239258,0.0115438662133533,0.2201955515341856,0.1147559221754682,0.4767255036787053,6.7481527,30.4370346069336,22.64149475097656,3.303904,28.432428872178072,0.6759619010988933,1,1
2021-10-11,99785.6051244469,297.27022372898193,0.0361145279087637,0.5076733919444717,0.2972203351970131,0.4791995812127304,13.724139,29.39146423339844,22.80112838745117,24.184624,28.705977282662264,0.6854194459521937,1,1
2021-10-12,99795.48558962822,296.3083891838213,0.0313122378759946,0.0827761580270849,-0.4030657848180924,0.4663555977765521,59.155735,28.61893081665039,22.39910125732422,3.6717765,28.97952569314646,0.6948769908054943,1,1
2021-10-13,99709.63371000077,298.19049539255377,0.0050366012318401,0.4485223509253958,0.3138132928469274,0.4696122144388885,20.712612,31.2666244506836,22.38001251220703,0.7729917,29.253074103630656,0.7043345356587947,1,1
2021-10-14,99561.61967879676,298.237275314698,0.0059945271077948,-0.1208642917637183,1.027508953368811,0.4899500845601774,17.459919,30.87617492675781,22.69108772277832,2.5856538,29.526622514114848,0.7137920805120952,1,1
2021-10-15,99270.25852951453,299.0566156478811,0.0028056502400311,-0.9138902970726838,2.0532956808457974,0.4773180769360801,9.143248,31.45534896850586,23.07064819335937,0.5482553,29.800170924599044,0.7232496253653957,1,1
2021-10-16,99294.57377202464,297.542443853113,0.0640774874928149,0.0507350173731924,1.0598218152264818,0.482495193513544,6.135872,29.82447052001953,23.102087020874023,46.15135,30.07371933508324,0.7327071702186961,0,0
2021-10-17,99703.63359255264,297.39464746368145,0.0245766115261566,1.2899815061513955,0.6985419330896132,0.4793373715033509,94.27637,29.50144386291504,22.28899574279785,29.566713,30.045967739606745,0.7133517359431059,1,1
2021-10-18,99925.8948283039,297.753798883399,0.0050426543661375,0.4625304160546278,0.007776946069415,0.4901045941291972,49.39522,30.67145156860352,22.82636833190918,11.709314,30.01821614413025,0.6939963016675156,1,1
2021-10-19,100036.64072753963,298.7450890397207,0.0028145126936172,0.2321632012450819,-0.3477670540673786,0.4791935599614028,14.789081,31.32241439819336,22.732616424560547,5.4566402,29.990464548653755,0.6746408673919253,1,1
2021-10-20,100117.14631985378,298.1854113489264,0.0488817333863437,-0.030849006259394,-0.6845305306448045,0.478301043807923,2.477616,31.042150497436523,23.43780899047852,30.599829,29.96271295317726,0.655285433116335,1,1
2021-10-21,100092.49278923814,298.2352511014686,0.0060036405464221,-0.3492491323510275,-0.2381209604641841,0.4581298312253569,34.79046,30.63324546813965,22.31778907775879,16.977062,29.934961357700764,0.6359299988407447,1,1
2021-10-22,100121.32119438794,299.00298335601224,0.0105520954054434,-0.2224197036902739,0.567701041089441,0.4627183470993696,14.355835,31.27073097229004,22.76542854309082,9.9688425,29.90720976222427,0.6165745645651545,1,1
2021-10-23,100228.3379240223,297.7025817020938,0.0249858059910581,-0.1093117640215927,0.2357223565252602,0.4727942199285165,17.552006,29.95143699645996,22.626445770263672,19.448149,29.879458166747774,0.5972191302895642,1,1
2021-10-24,100168.95647312207,298.4248356659233,0.0045343217891001,-0.1616319731345385,-0.1756831589678271,0.463183363808908,16.98876,31.28975486755371,22.24629211425781,23.073982,29.85170657127128,0.5778636960139738,0,1
2021-10-25,99988.61671964452,298.4520353403699,0.0436549649377066,-0.038502175126716,-0.244286975202573,0.47759526715082,2.7745082,30.70235824584961,22.65049171447754,10.285265,29.799635445902986,0.5585082617383836,1,1
2021-10-26,99924.73463096762,297.755400631631,0.0153762240341979,-0.3478712216494304,0.2444504156380924,0.4699345695412147,7.737807,29.899158477783203,22.40467071533203,5.497189,29.747564320534693,0.5391528274627932,1,1
2021-10-27,99939.8940157344,297.95150337168803,0.0380125199924175,-0.3652259885354862,0.4597829845550901,0.4738009654926786,5.4177527,29.582799911499023,22.6169490814209,12.786419,29.6954931951664,0.519797393187203,1,1
2021-10-28,99913.96262702713,298.33224716443306,0.0079358809268564,-0.2343635795236508,0.2275111930618809,0.4685090784127215,25.870825,30.65968513488769,22.09047508239746,6.647492,29.643422069798106,0.5004419589116127,1,1
2021-10-29,99984.1047606571,297.8439871768193,0.003972761470017,-0.0003093632816021,-0.1634013321067525,0.4733041093131357,3.3805766,28.584457397460938,22.411283493041992,11.884838,29.591350944429813,0.4810865246360224,1,1
2021-10-30,100031.64997447954,297.57564603899783,0.0216074021872664,-0.4686289653280548,0.0167295041171987,0.4846016391708755,2.9969573,28.381160736083984,22.33550262451172,17.16166,29.53927981906152,0.46173109036043214,1,1
2021-10-31,99988.05259744026,297.76473453025125,0.0100457029832944,-0.0350253733896209,-0.074778603080202,0.4839572415843091,2.8941674,28.206567764282227,22.4304256439209,20.997133,29.487208693693226,0.44237565608484186,1,1
2021-11-01,99847.02878218112,297.46406698244124,0.0158795443760802,-0.1233494236056858,-0.7134986237302282,0.4791141282567785,11.274009,27.6658935546875,22.227230072021484,19.810871,29.435137568324933,0.4230202218092516,0,0
2021-11-02,99838.9414090087,297.7017060481724,0.0342804044305501,-0.6381790820531139,0.241630232753999,0.4863531111753795,21.86552,29.69025039672852,22.40874481201172,18.684067,29.4807419313716,0.4445814500703872,1,1
2021-11-03,99903.59549205888,297.75541928095635,0.0159183748975197,-0.5078205957423038,0.247060214216455,0.4683508067653219,29.985382,28.605371475219727,22.62585830688477,20.869452,29.526346294418268,0.4661426783315228,1,1
2021-11-04,99942.51664493787,297.7167374686219,0.0145437695315218,-0.7074199673762357,0.7729267575646525,0.4734300801868349,17.351706,29.206222534179688,22.47551345825196,20.035028,29.571950657464935,0.48770390659265833,1,1
2021-11-05,99916.84035856128,298.2733448015725,0.0042222246527217,-0.2403612876256536,0.9008717221384912,0.4807442599641747,8.145469,30.5256404876709,22.097354888916016,16.016073,29.617555020511602,0.509265134853794,1,1
2021-11-06,99843.57987521745,298.45148001257115,0.0014105835805197,-0.0566552376887563,0.3305028092475705,0.4725331255902121,7.29664,30.739669799804688,22.65372085571289,21.639496,29.66315938355827,0.5308263631149295,1,1
2021-11-07,99831.37090739436,298.6473596249368,0.0005439949353739,0.1563618810492964,-0.4315988793655692,0.4620508461535041,3.7527049,29.48955726623535,22.464279174804688,6.722208,29.708763746604937,0.5523875913760651,1,1
2021-11-08,99891.5369695642,297.8200352271312,0.0051792911689148,-0.0611879034302587,-0.9895739806989508,0.4767403230599478,0.9359357,27.51548385620117,22.56258773803711,9.519488,29.754368109651605,0.5739488196372007,1,1
2021-11-09,99893.6501266162,296.81447174199747,0.0164771075140082,0.0040956245676401,-1.0984435752687982,0.4870618701425364,3.495091,26.50216293334961,21.35964775085449,11.217314,29.799972472698272,0.5955100478983363,1,1
2021-11-10,99751.89565120364,297.44526905514243,0.0073715158607373,0.2371098169527858,-1.058672625824499,0.4725865128951974,2.1335118,29.632022857666016,21.593334197998047,2.1278136,29.84557683574494,0.6170712761594719,1,1
2021-11-11,99606.39887201691,298.7831244170057,0.0057520891234662,0.8741568170898965,-0.5205634052269964,0.4730254777536211,1.4930371,29.7526798248291,21.93125915527344,8.958268,29.891181198791607,0.6386325044206075,1,1
2021-11-12,99728.1066815,296.7213176936395,0.0123720773481661,-0.2365676663446089,0.1329957095458109,0.4762609260330723,38.297207,28.534887313842773,22.853759765625,0.34977457,29.936785561838274,0.6601937326817431,1,1
2021-11-13,99851.71229393464,297.3125368882464,0.0416907012848951,0.242511015583767,1.2650227396802587,0.4771760248596213,24.641909,28.05233192443848,22.0737361907959,4.4909844,29.98238992488494,0.6817549609428786,1,1
2021-11-14,99816.04770177364,297.18836909226604,0.0198016170721607,-0.3393148942010337,0.7600493281488595,0.4929219304490712,59.89106,28.16366195678711,22.148473739624023,9.083678,30.02799428793161,0.7033161892040143,1,1
2021-11-15,99696.27121214896,297.0162486502694,0.0237773993455551,-0.2308017862775976,0.411840353093478,0.4794477332539678,16.708677,29.782760620117188,22.54002571105957,25.454828,30.073598650978276,0.7248774174651498,1,1
2021-11-16,99712.89291691085,297.49865212883566,0.0103725623066473,-0.8409770470798157,0.7419008859606201,0.4674530153106018,16.952606,29.98708152770996,22.55370330810547,18.735739,30.119203014024944,0.7464386457262855,1,1
2021-11-17,99810.78949678212,298.5237836100646,0.0054906591900977,-0.2251482059182076,0.0484383609779523,0.4700054138207439,11.32713,30.51573371887207,22.94771385192871,27.745586,30.16480737707161,0.767999873987421,0,0
2021-11-18,99655.27178336582,297.82081387911103,0.0051755681112654,0.0269962711565797,-0.5363026048174442,0.4894457190121891,17.532026,28.227832794189453,21.7683334350586,28.379198,30.171037132845903,0.7675520647220141,1,1
2021-11-19,99520.51060542882,297.37263245966045,0.0252702479338603,1.1675608584851882,-0.1703439546700409,0.4808965738697514,6.08155,29.91944122314453,22.31614875793457,10.780859,30.177266888620196,0.7671042554566071,1,1
2021-11-20,99694.2184918607,297.0940211624292,0.010207079932893,-0.1907519571969451,0.6771240706683955,0.4721528013274997,33.774044,30.93511009216309,22.831018447875977,1.4233364,30.183496644394488,0.7666564461912002,1,1
2021-11-21,99913.44592703356,298.15974137885945,0.0002287904454065,-0.4445172230889841,0.405269703966506,0.4595298607742892,0.3263171,30.71380615234375,21.447528839111328,0.0,30.18972640016878,0.7662086369257932,1,1
2021-11-22,99907.7753285847,298.95324179810655,0.0024697838160468,0.5749166075721038,-0.760139156210407,0.4496668862499775,0.25435278,31.27069854736328,21.915376663208008,8.060119,30.195956155943072,0.7657608276603863,1,1
2021-11-23,99872.62360324211,298.02154297409675,0.0187254371209178,-0.0661099577540459,-0.4012008157540491,0.4740891601621195,6.555557,30.72383499145508,22.818565368652344,14.335789,30.202185911717365,0.7653130183949794,1,1
2021-11-24,99864.77293630592,297.83105205357515,0.0036798427965103,-0.3931585638149669,0.0382793963650468,0.4777542216973547,24.931288,28.02546119689941,22.395132064819336,14.496457,30.208415667491657,0.7648652091295725,1,1
2021-11-25,99840.2864524052,297.08996697563526,0.0124724485955084,0.0874443456292338,-0.4548619299614742,0.486705446432439,0.0,27.10198974609375,22.411264419555664,30.994728,30.21464542326595,0.7644173998641656,0,1
2021-11-26,99823.98260247862,297.64011688269113,0.0097996540074738,-0.3105276376958336,-0.7864999623951512,0.4668055688092479,19.040558,28.23523712158203,21.85761451721192,9.709226,30.147364079863863,0.7639695905987587,1,1
2021-11-27,99841.96747362491,297.8629134623302,0.0148072119770996,-0.7286270577140347,-0.0798438028986028,0.4764096985386031,0.82529724,29.30325508117676,22.465696334838867,9.737903,30.080082736461776,0.7635217813333517,1,1
2021-11-28,99863.99571006277,297.479534554301,0.0243223883359018,-0.4194499778122781,0.1665084521376982,0.4719943114091664,11.002625,29.409198760986328,22.758604049682617,12.665747,30.01280139305969,0.7630739720679448,1,1
2021-11-29,99949.25780897832,297.4031585001404,0.013643235245364,-0.2582471108748974,0.4073154992790144,0.4750323782231976,10.239512,28.280759811401367,21.704280853271484,25.363802,29.945520049657603,0.7626261628025379,1,1
2021-11-30,99946.15151574384,297.7643087517543,0.0073751005473055,-0.5319861723032833,0.1143406570810353,0.4688400334356954,6.4968004,29.423553466796875,22.08586311340332,18.605846,29.878238706255516,0.7621783535371309,1,1
2021-12-01,99958.278077786,298.6963429054915,0.0003712428666297,-0.2135711490627894,0.0392581767969398,0.4549650110179867,10.023489,30.58500289916992,22.063526153564453,1.4320812,29.81095736285343,0.761730544271724,1,1
2021-12-02,99959.68144839986,299.1214768700566,0.0014463654787347,0.0204100732061636,-0.0107715502426105,0.4493646557506768,4.0565186,30.798131942749023,22.61931800842285,10.778589,29.743676019451343,0.761282735006317,1,1
2021-12-03,100073.75294841111,298.38070043317833,0.0051544357862628,-0.1384699732398368,0.0466560303756488,0.4661212794582122,1.797866,30.81963539123535,23.038122177124023,10.890504,29.676394676049256,0.7608349257409102,0,0
2021-12-04,100130.99326296306,298.2867940656697,0.0015405665629332,-0.3762136989666416,-0.0625156815313694,0.4649020882950536,7.6949797,30.136240005493164,23.05991554260254,4.9807186,29.750814103803087,0.7578588099612679,1,1
2021-12-05,100058.04976964676,299.07120542369194,0.0019724638339921,0.0844578438616813,-0.5118419451988121,0.4542757576081397,3.653294,31.28004646301269,22.468589782714844,29.035711,29.82523353155692,0.7548826941816256,1,1
2021-12-06,100005.03898660776,298.92661815143026,0.0043921246743798,-0.0404134423189086,-0.3817397929653696,0.4586073521997998,13.605516,31.16049194335937,23.073917388916016,2.4564774,29.89965295931075,0.7519065784019834,1,1
2021-12-07,99981.33908617748,299.1549928699324,0.0020027346712662,-0.1767153654523817,-0.214552508192662,0.455479835457979,1.3091623,31.47780036926269,23.207841873168945,2.4664342,29.97407238706458,0.7489304626223411,1,1
2021-12-08,99986.24356876253,299.3818128539731,0.0008333920492104,-0.2317268732921309,0.2491837891839936,0.4429601919681123,7.852273,31.035919189453125,23.03606033325196,3.5829356,30.04849181481841,0.7459543468426988,1,1
2021-12-09,100119.23476878276,298.97324077979016,0.007529421474197,-0.406695405685181,0.1917598228182898,0.4513746919160796,2.1636367,30.59209251403809,22.948780059814453,7.8508787,30.12291124257224,0.7429782310630566,1,1
2021-12-10,100087.22928464304,298.7834449584187,4.429235329491781e-05,-0.4248364913605457,-0.1290847965696279,0.4588041389227802,1.3742607,31.074668884277344,22.217304229736328,0.0,30.19733067032607,0.7400021152834143,1,1
2021-12-11,100065.14461406824,299.1335743533718,0.0001322815881541,-0.6711742026199156,-0.3615144015734178,0.4381442287246517,0.0,30.41374015808105,22.074068069458008,0.0,30.271750098079902,0.737025999503772,0,1
2021-12-12,100014.56699495787,299.3872509727199,0.0001684924378706,-0.536187238999321,-0.346116576118529,0.4227497137743545,0.2197984,31.06851387023925,22.444202423095703,0.0,30.2751979610585,0.7340498837241297,1,1
2021-12-13,99935.9398807746,299.5652616411207,0.0003401921864887,-0.8106107052622941,-0.4492676413421778,0.4099050425096033,0.012272395,31.27215576171875,22.278165817260746,0.03830935,30.278645824037095,0.7310737679444874,1,1
2021-12-14,99941.20948181264,299.5798852395261,0.001006601446656,-0.5764465900636204,-0.2515695720699662,0.4023896788358544,0.0,30.35424995422364,22.5684871673584,0.290615,30.282093687015692,0.7280976521648452,1,1
2021-12-15,100022.1367569016,299.2811507983825,0.001166286796939,-0.3528452711704904,-0.0478430602080203,0.3996118858952781,0.03266947,30.762657165527344,22.49348831176757,0.0,30.285541549994292,0.7251215363852029,1,1
2021-12-16,100100.06773815026,299.29748982909723,0.0005250457194665,-0.3998018325070147,0.0845060912816767,0.3924271334448548,0.0,31.17542839050293,22.33412170410156,0.0,30.28898941297289,0.7221454206055606,1,1
2021-12-17,100137.61434761544,299.1442931906967,0.0003101367291465,-0.0968504175570653,-0.0297821912502981,0.3826729889915659,0.2744513,31.305225372314453,22.197668075561523,0.0,30.292437275951485,0.7191693048259185,1,1
2021-12-18,100073.37971846732,299.07519123184244,0.0005602146899532,-0.3247449464244272,-0.0769010347333546,0.3732080613209775,0.0,31.44205474853516,21.760400772094727,0.0,30.295885138930082,0.7161931890462762,1,1
2021-12-19,100157.95840335616,298.6503515746792,0.0002368217205855,-0.4269797147101316,-0.3037887822694683,0.3654228588296382,0.0,30.962013244628903,22.000120162963867,0.0,30.29933300190868,0.7132170732666339,0,0
2021-12-20,100169.18590737786,298.7931921741455,0.0004604933109575,-0.2534159155817097,-0.1593236475126118,0.3549435806182704,0.1904774,31.019824981689453,21.16184425354004,0.0,30.375772789330142,0.7106145609915203,1,1
2021-12-21,100234.87295284613,298.82585504740274,0.0003369228088837,0.045761454834762,-0.2107442958321418,0.3497305890805648,0.0,31.20166778564453,21.19499397277832,0.0,30.452212576751606,0.7080120487164069,1,1
2021-12-22,100125.33641439452,298.6720874117808,0.0005889442151486,0.0415758416549218,0.1211321290001615,0.3427703267952788,0.0,30.92959213256836,21.27178192138672,0.0,30.52865236417307,0.7054095364412933,1,1
2021-12-23,100083.1397969938,298.58076784877,0.0004302119433858,0.207807629293856,-0.0822627872268029,0.338221316928545,0.0,30.87614250183105,21.110538482666016,0.0,30.605092151594533,0.7028070241661799,1,1
2021-12-24,100101.64823752712,298.5122473283748,0.0002348809455311,0.1264373785258056,-0.1285082068146959,0.3312657631737551,0.0,30.92977523803711,20.45178604125977,0.0,30.681531939015997,0.7002045118910664,1,1
2021-12-25,100144.02751924716,298.334447509696,8.035803685925991e-05,-0.0165771888502946,0.1678650130702836,0.3240938780470843,0.0,31.14113044738769,20.51228713989257,0.0,30.75797172643746,0.6976019996159528,1,1
2021-12-26,100263.56829833248,298.4660463932687,0.0001924238614801,-0.0200213573632124,0.3413233155169042,0.3171022888387191,0.0,31.16194725036621,20.331043243408203,0.0,30.834411513858925,0.6949994873408394,1,1
2021-12-27,100220.26673362558,298.49442740343045,4.645367124503655e-06,0.1431153010026611,0.0353086449260507,0.310743974570343,0.0,30.901891708374023,20.698097229003903,0.0,30.91085130128039,0.6923969750657258,0,1
2021-12-28,100134.68519717196,298.4158201755305,4.410743663640915e-07,-0.0811995831457579,-0.0520324216093606,0.3039129397977729,0.0,30.756736755371094,20.75267791748047,0.0,30.97420547119997,0.6897944627906123,1,1
2021-12-29,100079.88130580696,298.80489030625483,4.269458657828839e-06,0.0320439440425391,-0.1788183055340721,0.2977946296679972,0.0,31.32773780822754,20.72332191467285,0.0,31.03755964111955,0.6871919505154989,1,1
2021-12-30,100137.37173751352,299.565819788558,1.5432211412506968e-05,-0.045634724555329,-0.1449765247828055,0.2924391512315367,0.0,31.70804023742676,20.960485458374023,0.0,31.100913811039128,0.6845894382403853,1,1
2021-12-31,100217.12640729766,300.49082056652094,0.0001232023142197,-0.7515328776151285,-0.6481396690456348,0.2831458446166525,0.2374563,30.93942642211914,22.046581268310547,0.0,31.16426798095871,0.6819869259652719,1,1
2022-01-01,100193.11435172404,300.20092075956404,0.0011842744571247,-0.6545822021121204,-0.7623446944069727,0.2907026770997899,0.17950119,30.743070602416992,22.216949462890625,9.181785,31.22762215087829,0.6793844136901583,0,0
2022-01-02,100031.62400788342,300.30728168283497,6.100531631198722e-05,-0.5909955803914373,-0.5240053703527293,0.2900763859125783,1.4348221,30.207963943481445,22.18198204040528,0.0,31.084853768808856,0.6798543448095592,1,1
2022-01-03,100069.42247920326,300.13774511839625,5.46838246122788e-05,-0.5508423030971121,-0.5030047759111004,0.2858121107082869,0.0,31.293533325195312,22.24205780029297,0.0,30.94208538673942,0.68032427592896,1,1
2022-01-04,100099.71062741589,300.0730261797515,1.4685024498947427e-05,-0.1537676977558139,0.0517845456453166,0.2814996338532598,0.0,31.1010799407959,21.867250442504883,0.0,30.799317004669987,0.6807942070483609,1,1
2022-01-05,100142.8646759536,299.5775841645201,0.0002496146764559,0.2696540684407112,-0.2303900796069679,0.2796613336942104,0.0,31.50990295410156,21.26445198059082,0.0,30.656548622600553,0.6812641381677618,1,1
2022-01-06,100054.15690004385,299.8516032478819,0.0001823394672826,0.3777622569565993,0.0634456382002419,0.2766717121368676,0.0,31.713972091674805,21.704364776611328,2.6672316,30.51378024053112,0.6817340692871627,1,1
2022-01-07,100134.22143851095,300.03507321395904,0.0001748120594583,0.5666641501770499,-0.017470394537589,0.2753067719333087,0.0,31.4553337097168,22.16824722290039,0.081065804,30.371011858461685,0.6822040004065636,1,1
2022-01-08,100116.5195112351,299.90796853418686,0.0003801468065229,0.436749348604331,-0.0764913487454448,0.2741911815098093,2.590109,30.99780464172364,22.553993225097656,0.66796595,30.22824347639225,0.6826739315259645,1,1
2022-01-09,100040.64555406394,299.7583227433871,0.0009053930586142,0.3949197832674544,0.1807930601060154,0.2758191177830386,0.18584606,31.48782730102539,21.910795211791992,0.11755188,30.085475094322817,0.6831438626453653,0,1
2022-01-10,100026.78334851182,299.9531883492409,0.0003364183293989,0.4019860387607927,-0.1462004652732925,0.2791906692242591,0.25705037,31.52177047729492,21.76447105407715,0.0,30.052553546486187,0.6836137937647662,1,1
2022-01-11,100037.1292182124,300.05711268174974,2.6016182287686952e-05,0.4461896595637922,-0.2506235261736674,0.2765121002554936,0.0,31.91661262512207,21.89957046508789,0.0,30.019631998649558,0.684083724884167,1,1
2022-01-12,100048.06831699742,299.6459348916807,3.349566895997013e-05,0.5729721868420781,-0.705277626883283,0.2734688153446316,0.0,32.356876373291016,22.27276611328125,0.0,29.98671045081293,0.6845536560035679,1,1
2022-01-13,99989.96835885847,299.62111622044245,1.4514409572032468e-06,0.6972860408984264,-0.777791154515014,0.2706514908324814,0.0,32.24669647216797,21.94087600708008,0.0,29.9537889029763,0.6850235871229688,1,1
2022-01-14,99990.2736933502,299.61299257660187,2.626620632775292e-06,0.7033277269251748,-0.6088408193474766,0.2681880055145657,0.0,31.921491622924805,21.449331283569336,0.0,29.920867355139674,0.6854935182423697,1,1
2022-01-15,99993.74992469473,300.157840859218,5.536367216879059e-05,0.7301360635978701,-0.440489327739904,0.2663790807942957,0.0,32.393028259277344,21.747926712036133,3.235275,29.887945807303044,0.6859634493617706,1,1
2022-01-16,100056.76081168208,300.8146376425808,2.3666106962444032e-05,0.2065242570615013,-0.0808634904159177,0.2648790647009414,0.1482842,31.458721160888672,22.323532104492188,2.3052845,29.855024259466415,0.6864333804811714,1,1
2022-01-17,100201.7468161644,300.92700866541475,8.89951348090521e-05,-0.2389648624130819,-0.2272078621515016,0.2633983611143442,0.008181597,31.90585327148437,22.41029930114746,0.5182633,29.822102711629785,0.6869033116005723,0,0
2022-01-18,100045.49745711064,300.78862358879223,1.0447680924783404e-05,-0.2165244487146157,-0.2867861104736621,0.2625418885537445,0.0,31.657394409179688,21.509984970092773,0.0,30.00585744773657,0.6878606091500696,1,1
2022-01-19,100028.78458297884,300.0605394060988,0.0001379527551922,0.3497367413632357,0.1259313193002648,0.261846458901865,0.0,31.801071166992188,21.505828857421875,0.007502824,30.189612183843355,0.688817906699567,1,1
2022-01-20,99979.49165367168,299.6607606995348,4.27614898783225e-05,0.5212740106556275,-0.0905109368374835,0.2612880467652043,0.0,31.78909683227539,21.016307830810547,0.0,30.37336691995014,0.6897752042490642,1,1
2022-01-21,100059.70398646216,299.6377926961866,0.0004561019422201,0.5512198860763659,0.2496385226987391,0.2616596004111447,0.0,31.83150100708008,21.49135971069336,0.0,30.557121656056925,0.6907325017985616,1,1
2022-01-22,99919.81160144278,299.6693059290985,0.0002476721910449,1.0236013689670505,-0.5938082269814631,0.264327974728716,0.0,32.873443603515625,21.732250213623047,0.0,30.740876392163706,0.691689799348059,1,1
2022-01-23,99935.89079398203,298.87628372610584,5.666485470724673e-05,1.1084364657075896,-1.1958406663654604,0.2635232985256124,0.0,32.68063735961914,21.345638275146484,0.0,30.92463112827049,0.6926470968975563,1,1
2022-01-24,99876.10624029188,298.756865604005,2.114028554930397e-06,1.031969831789152,-1.0605899179364384,0.2621286020555208,0.0,31.48920249938965,20.688289642333984,0.0,31.108385864377276,0.6936043944470537,1,1
2022-01-25,99855.02846945576,298.94149819502604,2.531564390964191e-05,0.937227844819382,-0.9347358904201288,0.2609477088433904,0.0,31.463319778442383,20.958784103393555,0.42824927,31.29214060048406,0.6945616919965509,0,1
2022-01-26,99928.52725922964,299.0117321064845,0.0006251642893592,0.5642720979485809,-0.5179596371713174,0.2619135660941189,0.07267221,31.248512268066406,20.80792999267578,0.072217725,31.321434200122646,0.6955189895460483,1,1
2022-01-27,99809.77329774792,299.95428797504866,0.0031529363553605,0.5188943851680506,-0.1180703873272655,0.268674206770961,1.3606993,31.339637756347656,21.36097717285156,2.9627,31.35072779976123,0.6964762870955457,1,1
2022-01-28,99878.37135323932,300.0306175707453,0.0001856607880913,-0.2192200751155024,-0.1222924539598368,0.2928862904739976,0.28203583,31.404102325439453,21.428794860839844,0.0,31.380021399399816,0.697433584645043,1,1
2022-01-29,99987.88094418886,300.93545502306023,6.509827190890389e-06,-0.3535555610147745,-0.1954904260766063,0.2856565046258839,0.0,31.82812690734864,22.321252822875977,0.0,31.4093149990384,0.6983908821945404,1,1
2022-01-30,99924.76470771917,301.3641231895453,1.4021684132966806e-05,0.1130020878953793,0.1395949599748334,0.2798022663296666,0.0,32.326656341552734,22.325925827026367,0.27760196,31.438608598676986,0.6993481797440377,1,1
2022-01-31,99913.15312984816,300.880006805752,0.0001148049306141,0.4193234773822266,0.2654568783178511,0.2758012004219035,0.0,33.06466293334961,22.56429100036621,0.029610915,31.46790219831557,0.700305477293535,1,1
2022-02-01,99874.2413276813,300.781986370011,0.0003076028734701,0.4499983551812037,0.4590762181126709,0.2727828800198207,0.0,32.49136734008789,22.66067123413086,0.0,31.497195797954156,0.7012627748430323,1,1
2022-02-02,99992.442454244,300.61294304193933,0.0005369674920863,0.7847388114245956,0.1111442128659613,0.2737928952917426,0.0,32.82992935180664,22.082273483276367,0.0,31.52648939759274,0.7022200723925297,0,0
2022-02-03,100007.91032922332,299.85612764116644,0.0007906595991221,0.5829978590903482,-0.0854779615011306,0.2765844163735307,0.0,32.44143295288086,22.07135009765625,0.032060444,31.491847172282142,0.700957490832432,1,1
2022-02-04,99880.33547909438,299.2032375952446,1.2934207802572928e-06,0.933749897174214,-1.1845763238781215,0.2739644281593907,0.07333916,33.0621337890625,21.740747451782227,0.0,31.457204946971544,0.6996949092723341,1,1
2022-02-05,99886.76360179351,299.32635843084614,4.4381148893359e-06,0.6753041062995294,-0.4211865153245621,0.2703388208150147,0.0,32.70796203613281,21.312088012695312,0.0,31.42256272166095,0.6984323277122364,1,1
2022-02-06,100158.16017738012,299.4078364917358,0.0003508296003417,0.56094629384245,-0.2939324099536928,0.2683599884513766,0.0,32.26876449584961,21.67734718322754,0.008844868,31.38792049635035,0.6971697461521387,1,1
2022-02-07,100130.96284865828,300.19359559000566,0.0001261861248498,0.6827874729905311,-0.3704060716029472,0.2685692588044038,0.0,32.661861419677734,22.230514526367188,2.367408,31.353278271039752,0.6959071645920408,1,1
2022-02-08,99994.67286048408,300.2069047026112,4.5402094896639486e-05,0.7998181503686586,-0.5231850426104481,0.2663629353942027,0.0,32.333946228027344,22.43303298950196,0.5693842,31.318636045729157,0.6946445830319431,1,1
2022-02-09,99959.07589383822,300.423333472394,0.0007907985388555,0.4237135467455929,0.167805391401751,0.2655623599104131,0.0,32.86520004272461,22.23867416381836,0.008524531,31.28399382041856,0.6933820014718453,1,1
2022-02-10,99886.7110204943,300.183822846897,0.0001226651978765,0.2896002906921292,0.1714401770159665,0.268438009763512,0.15565895,32.24990463256836,21.56160926818848,0.0,31.24935159510796,0.6921194199117475,0,1
2022-02-11,99857.30135956896,300.1995264929869,0.0022225379728901,-0.4625906955165521,-0.0946367405715908,0.2734748419839496,0.0,31.78884696960449,22.682117462158203,1.082734,31.42437453789222,0.6908568383516498,1,1
2022-02-12,99868.66724181607,299.61455613452813,0.0059804054876548,-0.1573167077078385,0.4345221676237811,0.3053393139835161,4.3048844,31.00462532043457,22.9858512878418,2.5239818,31.59939748067648,0.689594256791552,1,1
2022-02-13,99796.11546457562,300.20414728407013,0.0021920302865766,0.3554749546722805,0.5541215054417676,0.3311826737114179,1.1921823,31.67994499206543,22.43449592590332,0.0,31.774420423460736,0.6883316752314542,1,1
2022-02-14,99794.44611186322,300.3574887115318,0.0004566419582722,0.4483557035178144,0.0827223111666342,0.3252310210057271,0.0,31.466583251953125,21.96874237060547,0.0,31.949443366244996,0.6870690936713564,1,1
2022-02-15,99825.91371743382,299.7576736746421,0.0015080354574688,0.4955217079669758,0.4610193362386772,0.3202647398205701,0.23724268,31.554826736450195,22.15991973876953,0.144583,32.12446630902925,0.6858065121112586,1,1
2022-02-16,99636.6541605272,300.01599166123594,0.0006657336787157,0.400521993149873,0.5972177928163822,0.3168417441900827,0.47533944,31.42688369750977,22.069032669067383,2.0284264,32.29948925181351,0.6845439305511609,1,1
2022-02-17,99560.21574189643,300.2338771996611,0.0014050169419692,0.2683201416250405,0.4041729493845626,0.3138734119588158,6.13189,32.09770202636719,22.151412963867188,0.0,32.47451219459777,0.6832813489910631,1,1
2022-02-18,99719.94976343687,300.3664085935237,0.0013376845781054,0.5213341539274947,0.4148376891211487,0.3143762936312959,0.0,31.83707046508789,21.986045837402344,0.0,32.64953513738203,0.6820187674309653,0,0
2022-02-19,99863.18632663415,301.07278785127795,3.0040218265433343e-05,0.3357140405459793,0.2067947145092443,0.3077557614566415,0.0,31.984344482421875,21.94437026977539,0.0,32.69139799910166,0.6811328452095688,1,1
2022-02-20,99890.412664803,301.0101243170542,6.601607804344464e-05,0.5497353000413886,0.0097764083178144,0.2981890916738362,0.0,33.210296630859375,22.507469177246094,0.0047224965,32.73326086082129,0.6802469229881722,1,1
2022-02-21,99851.87144480308,301.0404846869148,5.12958018950852e-05,0.8398268789407626,-0.2848730180137131,0.2910528849030733,0.0,33.08464050292969,23.211265563964844,0.0,32.77512372254092,0.6793610007667756,1,1
2022-02-22,99973.30843181134,300.79832085899363,0.0010973817222403,0.2925511830299287,-0.22046156244247,0.2900071395734624,0.0,32.85846328735352,23.48293685913086,0.8739704,32.81698658426055,0.6784750785453791,1,1
2022-02-23,100108.75718364496,301.13601833049574,0.0017614612870118,0.5098769922413525,0.1187282402880247,0.290277024246291,0.014337009,32.772735595703125,22.340471267700195,0.0,32.85884944598018,0.6775891563239826,1,1
2022-02-24,100181.84219441425,301.1235354909932,4.665304769302077e-06,0.3481420351201088,-0.1874264619688329,0.2942647721879484,0.1457038,32.07451248168945,21.83464813232422,0.0,32.900712307699806,0.676703234102586,1,1
2022-02-25,100061.65506894515,301.52118701684907,6.62332034919185e-05,0.2423349521039469,-0.0329963527257116,0.2866480586935457,0.0,32.74147415161133,21.849454879760746,0.024368666,32.942575169419435,0.6758173118811894,1,1
2022-02-26,100084.91982273966,300.82107592597714,0.0001715960471078,0.4153943486562756,0.1605518798241178,0.281172613095085,0.12288865,32.67387771606445,22.42241668701172,0.45876867,32.984438031139064,0.6749313896597929,0,1
2022-02-27,100086.44112557192,301.4741206342805,0.0008700223441773,0.3092620167283431,0.153492733755569,0.2776534038891742,0.0,32.76387023925781,22.879444122314453,2.73176,33.044373477329074,0.6740454674383964,1,1
2022-02-28,100060.01388118032,301.1574163199589,0.0001165332478521,0.3654875494365094,-0.0530489104515458,0.2788343093675811,0.0733668,32.621185302734375,22.15220642089844,0.4141062,33.104308923519085,0.6731595452169998,1,1
2022-03-01,100014.41518180804,300.9799113779748,0.0002979517568761,0.2952139946485543,-0.322486583050777,0.2755622421266483,0.0,33.4477424621582,22.05556869506836,0.0,33.164244369709095,0.6722736229956032,1,1
2022-03-02,99905.680645515,301.1029099813948,8.612870487922919e-07,-0.0819563257506524,-0.1557268057180176,0.2716568634908121,0.0,33.30787658691406,21.45828437805176,0.107652,33.224179815899106,0.6713877007742067,1,1
2022-03-03,99883.88790608516,301.20686893667204,1.7232014516475003e-06,0.0760021496312035,0.0509367854366768,0.2677404324815514,0.0,32.96477127075195,21.383729934692383,0.16306028,33.28411526208912,0.6705017785528102,1,1
2022-03-04,99905.64368457888,301.3922140571071,0.000164579328423,0.3209186867604908,0.1242766690549404,0.2648953246244919,0.0,33.21858596801758,21.69500732421875,0.0,33.34405070827913,0.6696158563314136,1,1
2022-03-05,99883.13575310473,300.9648180066399,0.0001982744091076,0.5771989181560742,0.1279004603026076,0.2652397042270004,0.0,33.25859832763672,22.49995422363281,0.0,33.40398615446914,0.668729934110017,1,1
2022-03-06,99862.99334325745,300.94126066168235,8.417546231577414e-05,0.5007023183696759,0.2847805672331575,0.2634108988535721,0.0,32.95392227172852,22.48560905456543,0.0,33.46392160065915,0.6678440118886205,0,0
2022-03-07,99849.2658390009,301.3607402736858,0.0011046829278406,0.5184838954954426,0.6642844466037341,0.2642443337425016,0.018433297,31.81165885925293,22.71716690063477,5.933055,33.325518969271684,0.6664567360366703,1,1
2022-03-08,99893.48174970326,301.1023150915309,0.0014020397324145,0.6974221438309196,0.2101056532069373,0.2715003618556069,4.12333,32.298377990722656,23.03554916381836,17.987394,33.18711633788422,0.6650694601847201,1,1
2022-03-09,99839.72175540368,301.26915692864657,0.0001618371495708,0.8616260476289481,-0.1995647760205063,0.2757848296433146,0.56625724,33.65169143676758,22.833892822265625,0.0,33.048713706496756,0.6636821843327698,1,1
2022-03-10,99856.13172142414,301.1832815803778,0.0001675105791387,0.5571154158681986,0.1245287748351236,0.2729314312738271,0.0,34.19415283203125,22.39829444885254,0.0,32.91031107510929,0.6622949084808196,1,1
2022-03-11,99772.65750283848,301.72889314154656,5.2039789520139845e-05,0.5605062011744429,-0.0544904030376736,0.2696619139280525,0.0,34.105438232421875,22.388505935668945,0.0,32.77190844372183,0.6609076326288694,1,1
2022-03-12,99743.965871553,301.749433201972,4.4089526892708816e-05,0.6832446098356295,-0.1441335603872419,0.2670386906268577,0.0,34.21338653564453,22.17664909362793,0.0,32.63350581233436,0.6595203567769192,1,1
2022-03-13,99752.13275034232,302.25319140374995,1.2536914806004643e-05,0.3998807440985996,0.1155474144100699,0.2644260276723816,0.0,34.064239501953125,22.306730270385746,0.0,32.4951031809469,0.658133080924969,1,1
2022-03-14,99801.7022448142,302.3335801445675,3.039775523370137e-05,0.6351790915946717,-0.1689586774677249,0.2624408520390057,0.0,34.45734024047852,22.98695182800293,0.0,32.356700549559434,0.6567458050730188,0,1
2022-03-15,99784.6521112016,301.9673080673612,0.0013272758698231,1.1781582007515332,-0.2741600705362423,0.264161889692642,0.0,34.10628128051758,22.53592872619629,1.044537,32.535168115724176,0.6553585292210685,1,1
2022-03-16,99753.16073034292,300.58045431724724,0.004384475392837,0.5454524340917893,0.133235524030012,0.2873178956198827,0.9703766,33.80970764160156,23.207094192504883,8.90682,32.71363568188892,0.6539712533691183,1,1
2022-03-17,99711.34723793282,301.11514620729923,0.0017239241104117,0.7416545651483195,-0.0690769055870121,0.3098183096651705,0.6902152,34.19498443603516,23.50432205200196,2.3357992,32.89210324805366,0.6525839775171681,1,1
2022-03-18,99702.87971418262,301.05619914223047,0.0022968991172257,0.6123760588854921,-0.0705830727306778,0.3153695883637997,1.126784,33.96986770629883,24.28764915466309,0.867141,33.0705708142184,0.6511967016652179,1,1
2022-03-19,99775.56605543176,299.5428361721889,0.0081455132948857,0.2871869653732046,0.2488760502668854,0.3578606861287376,3.2443855,34.32425308227539,24.08645820617676,0.8162571,33.24903838038314,0.6498094258132677,1,1
2022-03-20,99767.59505073336,299.74221757026027,0.002037688068404,0.4834875066286957,-0.1383098517061498,0.387091173519809,0.43766478,33.57511138916016,23.399803161621094,0.171142,33.42750594654788,0.6484221499613174,1,1
2022-03-21,99769.65268282936,300.2912361616412,0.0013582672202788,0.6679299942990569,-0.2123373871540877,0.374035983722447,0.39174798,34.11685562133789,23.543476104736328,0.0,33.60597351271262,0.6470348741093672,1,1
2022-03-22,99707.69812250898,301.37843718255345,0.0012976056781272,1.125841102959488,-0.3203806642844622,0.3559698873392191,0.011816618,34.23138427734375,24.01569175720215,0.12722248,33.784441078877364,0.645647598257417,0,0
2022-03-23,99690.62447397804,300.07500491100427,0.0055143019759214,0.4198802690090992,0.0194567781698963,0.3708271612870549,0.73925513,33.89861297607422,24.70209312438965,6.258917,33.31019534419645,0.6489291852682157,1,1
2022-03-24,99757.98207675012,298.9788461452007,0.0092167680971393,-0.0122491091772804,0.1725098212789294,0.4121445786395544,3.0545418,33.11328125,23.792999267578125,6.142598,32.83594960951554,0.6522107722790145,1,1
2022-03-25,99861.03543358248,300.00963526176776,0.0030841527452716,0.0557914368879022,0.1989062829062921,0.4051875566000376,11.594491,33.40635299682617,23.995630264282227,0.0,32.361703874834625,0.6554923592898132,1,1
2022-03-26,100009.9156770153,300.3564867505031,0.0049479860950797,0.0924347851021041,-0.0081506534929042,0.4082927134106088,0.10217898,33.57440948486328,23.89499282836914,1.8711723,31.88745814015371,0.6587739463006119,1,1
2022-03-27,100006.70861782656,300.1039128673236,0.0054153063178672,-0.0587077151698724,0.0832462699844052,0.4192337105374223,2.523474,33.516387939453125,24.318504333496094,5.2835965,31.413212405472798,0.6620555333114108,1,1
2022-03-28,99964.717117935,300.5138059165103,0.0059077326319856,0.0813793700995791,0.1216043549556115,0.4240673365308081,5.488541,34.303592681884766,23.37057304382324,6.9567676,30.938966670791885,0.6653371203222095,1,1
2022-03-29,99895.51079630402,300.5354612948645,0.0034921016685112,0.1740588169714653,0.31375534724467,0.4253523204458178,7.4400887,34.0823860168457,23.578596115112305,0.9001873,30.46472093611097,0.6686187073330082,1,1
2022-03-30,99897.04940051574,300.3371745030572,0.0041658581404792,0.1137681136353111,0.3505226516540212,0.4219729569915797,1.4359688,34.06821823120117,24.808353424072266,3.467452,29.99047520143006,0.6719002943438069,0,1
2022-03-31,99883.0882919794,300.81816519709616,0.0029727309012602,0.1892401615807264,-0.1286186777724284,0.4168195246446448,3.7363179,34.06280517578125,24.275320053100582,0.7846888,30.24657865901564,0.6751818813546057,1,1
2022-04-01,99952.0789221328,299.83551834185323,0.0052265230608378,0.0858984095558178,0.0542224522808564,0.4194587209302368,0.6422021,34.05697250366211,24.7575798034668,1.3135282,30.50268211660122,0.6784634683654044,1,1
2022-04-02,100006.8734883179,300.0583273361101,0.0031919970600225,0.2039761862541022,0.2954255976862081,0.418584708970303,9.429937,33.70481491088867,23.95831680297852,3.1545334,30.758785574186803,0.6817450553762031,1,1
2022-04-03,99875.72457586038,300.5469291580169,0.0023537664653383,0.1598758295846538,-0.2921335754779716,0.411056289622411,4.0415654,33.79826736450195,23.911094665527344,5.922043,31.014889031772384,0.685026642387002,1,1
2022-04-04,99959.82137058944,300.7778938165979,0.0013037678218982,0.0955542516989237,0.1457448704968652,0.3972772767243155,3.4638007,33.98172378540039,23.54442596435547,0.0,31.270992489357965,0.6883082293978007,1,1
2022-04-05,100127.9886770871,300.24482742435214,0.0025160352336503,0.2419687877095136,0.1477175295130824,0.3917519312263726,0.0,33.18878555297852,23.50469207763672,1.485022,31.527095946943547,0.6915898164085994,1,1
2022-04-06,100146.65881877374,299.779612220556,0.0040544582128075,0.2706986161461386,-0.2558823576310548,0.3958271403541386,1.5384438,33.59047317504883,23.32572555541992,15.168955,31.783199404529128,0.6948714034193981,1,1
2022-04-07,99959.2114724435,300.8693278505619,0.0013047166869758,0.2654073400872303,-0.2614329938548074,0.3926476283577258,29.877731,33.85907745361328,22.27867889404297,3.8056083,32.03930286211471,0.6981529904301969,0,0
2022-04-08,99939.73763625392,299.79733747162913,0.0071638698477715,-0.0556083337119141,0.0435930066906011,0.4060090341624165,0.7292551,32.41312026977539,23.84638977050781,24.340033,31.9312069734326,0.6974552649595857,1,1
2022-04-09,99880.0465793548,298.4210803878753,0.0365240074777448,-0.2576923748667044,0.074312303670683,0.4588858714139811,27.886127,32.59566879272461,22.433237075805664,22.726809,31.823111084750494,0.6967575394889746,1,1
2022-04-10,99796.12025165703,298.9385056390774,0.013050288227956,0.1092017818377101,-0.5875074192227788,0.4751682563503856,32.80554,32.05598831176758,22.121797561645508,14.379916,31.715015196068386,0.6960598140183634,1,1
2022-04-11,99702.87436257556,298.43888041279274,0.0287157987789063,-0.2730834703632295,-0.3295096235932145,0.4685758216290222,6.4149346,31.33487129211425,22.69810676574707,15.736098,31.606919307386278,0.6953620885477523,1,1
2022-04-12,99630.26962410504,297.94549831367914,0.0198102487937011,-0.3408753964631285,0.2639576433828092,0.475097610738676,20.438557,31.122276306152344,22.46123313903809,17.27087,31.498823418704173,0.6946643630771411,1,1
2022-04-13,99645.92585256406,298.07631521526474,0.0335498036614532,-0.4318387111028037,0.5345724924551581,0.4717673552639569,10.749276,29.961349487304688,22.62968635559082,13.79108,31.390727530022065,0.69396663760653,1,1
2022-04-14,99709.06427029104,298.74127953854133,0.0136287933732042,-0.5011187808733459,0.6176933570039405,0.4635464834155251,6.9711304,31.511743545532227,22.455873489379883,6.3198366,31.282631641339957,0.6932689121359188,1,1
2022-04-15,99686.02098887433,300.1907082718288,0.0020802650432657,-0.3161740712154255,0.6242106422837472,0.4616406735698682,4.3096495,33.208126068115234,22.62513542175293,3.320359,31.17453575265785,0.6925711866653077,0,1
2022-04-16,99653.3408980243,300.3497928136071,0.0017475443252141,-0.2865303846087101,0.4949975131953447,0.4556203821069676,1.5438309,33.39751434326172,23.89919662475586,0.4975128,30.985957050720177,0.6918734611946965,1,1
2022-04-17,99794.20158790308,299.3739064912813,0.0081942482599539,-0.2279263260359088,0.5560446915137593,0.4588680297139889,1.8255131,33.11362838745117,24.003700256347656,5.1211042,30.797378348782505,0.6911757357240853,1,1
2022-04-18,99930.8038016208,299.795155891247,0.0037664355995944,0.148533310851794,-0.3289624070272894,0.4626416726702179,11.515223,33.105133056640625,22.27044677734375,8.88798,30.608799646844833,0.6904780102534742,1,1
2022-04-19,99972.55829787004,299.61321734430584,0.0081521694603492,0.2706601785659103,-0.4644716175176559,0.4674548159311678,13.41152,32.07185745239258,23.5127067565918,3.5680113,30.420220944907157,0.689780284782863,1,1
2022-04-20,99694.04272722128,301.3209773516596,0.0008772622504623,0.3120248007909053,-0.3698089624887075,0.4578853504691278,0.89306194,33.76308822631836,24.27779960632324,1.0937493,30.231642242969485,0.6890825593122519,1,1
2022-04-21,99654.74010119674,301.0014829648231,0.0039789060204777,-0.1980805237113548,0.3327938543516421,0.4562188255226604,0.023553655,33.934959411621094,24.848262786865234,4.7234983,30.043063541031813,0.6883848338416407,1,1
2022-04-22,99768.97794916242,300.3409635243701,0.0036379435630346,-0.0144417539555975,0.7867364492650244,0.4625116694015099,4.48301,32.90104293823242,24.27828788757324,13.61296,29.85448483909414,0.6876871083710296,1,1
2022-04-23,99833.80877998828,299.83567640600563,0.0012274782771811,-0.3322600687993148,0.7129846592192497,0.4591654756777361,16.022453,32.165714263916016,23.60186004638672,14.459165,29.66590613715647,0.6869893829004184,0,0
2022-04-24,99711.0516936005,300.039550966276,0.0056434242150099,-0.3553419643933562,0.0563280073721429,0.4596771030905214,23.374216,33.539894104003906,22.61844253540039,4.143161,29.81386960088537,0.6691006391606831,1,1
2022-04-25,99695.90732481748,300.6920966423393,0.0038137559995262,0.1639127010249622,0.0159675996167998,0.4659316405351238,2.4741235,33.21623229980469,24.026439666748047,1.3273246,29.961833064614268,0.6512118954209476,1,1
2022-04-26,99678.103958007,301.1347353898902,0.0021204484953765,0.0282536908000804,-0.4900056327502736,0.4562721145827979,0.16881478,34.07156753540039,24.68642234802246,2.5780623,30.109796528343168,0.6333231516812122,1,1
2022-04-27,99642.44378796373,301.8294484252783,0.001678311620028,0.0803832952786214,0.7049487371515778,0.4421840658095009,1.7518511,34.09869766235352,24.554426193237305,0.569107,30.257759992072067,0.6154344079414769,1,1
2022-04-28,99821.14225806275,300.7622252704003,0.0022593536855853,-0.095120089402894,0.4075890543913955,0.4394417220632793,0.14285715,33.769805908203125,24.845855712890625,3.1866152,30.405723455800967,0.5975456642017414,1,1
2022-04-29,99813.26867706596,300.62731947166907,0.0079216954248595,0.1254547906475064,-0.110392334685043,0.4505837054504256,4.7499347,33.668888092041016,24.486331939697266,3.6117349,30.553686919529866,0.579656920462006,1,1
2022-04-30,99688.06526733797,300.8564252726146,0.0041103398050859,0.7021337382451519,-0.5424157879733453,0.4623757895547504,5.0400305,33.49403762817383,24.22243309020996,2.9766257,30.701650383258766,0.5617681767222706,1,1
2022-05-01,99713.5530659414,299.3073298640801,0.0185649311460945,0.0099670599538383,-0.485668993652519,0.4780846321893752,2.3386497,33.01494598388672,24.95571517944336,12.742209,30.849613846987666,0.5438794329825352,0,1
2022-05-02,99630.7727292897,299.86332530243953,0.0079707513663083,0.1360793491441021,-0.4767164069165517,0.4752041040267605,8.116624,33.85481262207031,23.85625267028809,2.4071696,30.63679717550352,0.5259906892427998,1,1
2022-05-03,99658.40263252794,301.053072345072,0.0056669491504745,0.308760881796524,-0.8171147382636244,0.4753112372246941,0.8596629,34.11378479003906,24.417234420776367,2.054082,30.423980504019376,0.5081019455030644,1,1
2022-05-04,99784.51290714167,300.0502749955602,0.0084665882470394,0.392114297660702,-0.4229031280766801,0.477585616113475,0.6787469,33.66317367553711,25.000408172607425,18.574133,30.21116383253523,0.490213201763329,1,1
2022-05-05,99717.6474200273,299.6955479031387,0.0088081255742548,0.3311231626686474,-0.6988331992002272,0.4721317129620052,7.21948,32.949737548828125,23.206195831298828,0.4010091,29.998347161051086,0.4723244580235936,1,1
2022-05-06,99696.44871755592,299.5594365587313,0.009624582011047,0.3320943032452831,-0.6086811232500916,0.460489424164299,1.0311302,33.12141036987305,24.091100692749023,1.8180804,29.78553048956694,0.4544357142838582,1,1
2022-05-07,99596.00682437466,300.277366938994,0.003600821987176,0.1335716708403737,-0.5679495843904985,0.4644644845347376,0.47868133,33.781761169433594,23.993532180786133,1.6658963,29.572713818082796,0.4365469705441228,1,1
2022-05-08,99465.6529024649,300.689301001623,0.0054562835563418,0.6976163180663418,-0.8937182336748327,0.4719509845141652,0.31803268,33.518760681152344,23.59596061706543,8.368771,29.35989714659865,0.4186582268043874,1,1
2022-05-09,99487.8440263934,298.72752646331475,0.0156241697537318,0.3089240803599916,-0.535793922113418,0.4834633795225445,6.4148498,32.324806213378906,24.283090591430664,7.9790235,29.147080475114507,0.400769483064652,1,0
2022-05-10,99542.2525418916,298.8516865070085,0.0116665598398627,0.5906510560010141,-0.7294787211635394,0.4848528567494246,19.019636,30.651100158691406,24.2500228881836,20.993305,28.934263803630362,0.41380935861584084,1,1
2022-05-11,99660.57045947156,297.86234561651,0.0107504180088329,-0.1088552008398537,-0.4644603204062272,0.4724963716996921,53.873554,29.52826881408692,22.5722599029541,0.077421896,28.721447132146217,0.4268492341670297,1,1
2022-05-12,99674.19010962524,298.6886618504489,0.0084471202825236,-0.0392840355975021,-0.2060520426988286,0.494513991762059,17.637821,30.74951934814453,22.76999282836914,0.1943192,28.508630460662072,0.43988910971821854,1,1
2022-05-13,99626.9245585806,298.2434263468964,0.0181724562079271,-0.1394052690060498,0.0528392360708807,0.4883096134136726,30.652042,31.579423904418945,22.36897659301757,1.8628972,28.295813789177927,0.4529289852694074,1,1
2022-05-14,99693.69133317508,297.88858554173817,0.0558804481978879,0.8414789587993695,0.4434793144195811,0.4787894507012756,10.772474,30.21773338317871,22.95556259155273,12.765836,28.082997117693782,0.46596886082059624,1,1
2022-05-15,99727.61279431876,297.3858502992488,0.0342992264184521,1.064706650587326,-0.3442856559301743,0.481008808233658,75.22906,29.33880615234375,22.43540954589844,23.997536,27.870180446209638,0.4790087363717851,1,1
2022-05-16,99603.85936883705,297.98618028335585,0.0233504533127438,-0.0021405844236168,0.7173568145029966,0.4827836684731282,10.631544,29.734840393066406,22.58160400390625,5.4297915,27.657363774725493,0.49204861192297394,1,1
2022-05-17,99397.6997242288,297.9795455529092,0.0485811839078335,0.3254481603469051,2.236539280805784,0.4844903435783325,24.00664,29.79879570007324,22.853166580200195,8.86282,27.444547103241348,0.5050884874741628,0,1
2022-05-18,99587.70665149527,297.5152371584589,0.0925499840317768,0.8575546295829998,0.5438587467950445,0.4804360709205845,27.052567,27.424863815307617,22.462480545043945,24.79776,27.585189240066853,0.5181283630253517,1,1
2022-05-19,99811.26733812234,297.38679395511275,0.0208237340228462,0.2160097657093737,0.4721142627224496,0.4649764387807332,82.58242,28.16370010375977,21.774105072021484,17.498133,27.72583137689236,0.5311682385765405,1,1
2022-05-20,99877.26000087336,297.968400113298,0.0149052556707589,0.6088892073137769,0.961334030621613,0.4762152677431232,10.650142,30.41625022888184,22.27351760864257,11.268234,27.866473513717864,0.5442081141277293,1,1
2022-05-21,99819.40837486576,298.26701886740744,0.0155896978615344,0.955012273438806,0.2299177409192807,0.4824576342904036,52.64334,30.53379821777344,22.839231491088867,4.0449185,28.00711565054337,0.5572479896789182,1,1
2022-05-22,99721.40720971712,297.8032655318148,0.0168913639830984,0.8587582289334285,-0.4063341528596407,0.4846609650731216,30.527052,29.742122650146484,22.954025268554688,4.8702717,28.147757787368874,0.5702878652301071,1,1
2022-05-23,99631.13514825582,298.44150494170714,0.0070416452171128,0.6173300052408502,-0.2830922128432273,0.4878466188055003,9.820482,30.996129989624023,22.92691230773925,1.4240206,28.28839992419438,0.5833277407812959,1,1
2022-05-24,99833.9937639224,298.39232363828694,0.0074244516854129,0.4086020839144109,0.0711866008761067,0.4890409719056988,17.446892,31.42689514160156,23.208654403686523,11.737643,28.429042061019885,0.5963676163324847,1,1
2022-05-25,99873.80410965063,298.9878165557675,0.0054706042610614,0.2784040294912719,-0.0390031627199228,0.4781885084043773,5.4681845,31.85497093200684,23.17301750183105,21.10111,28.56968419784539,0.6094074918836736,0,0
2022-05-26,99958.885219159,298.22190868878886,0.0109161701414709,0.2488493760598797,0.6536082851727688,0.4746989988337801,13.802926,30.870594024658203,23.012985229492188,18.653656,28.68524994391482,0.6169879279112235,1,1
2022-05-27,99896.02105150156,298.3786693655079,0.0089258760606129,0.0749710998736919,0.0133920268723563,0.4697414946851286,5.4114327,30.982690811157227,22.55605125427246,7.5721684,28.800815689984248,0.6245683639387734,1,1
2022-05-28,99872.02590825362,298.213131132973,0.0094358027603675,0.0026281175454056,0.6930981876902003,0.4718402482408903,10.73927,31.06298828125,22.931156158447266,12.273948,28.916381436053676,0.6321487999663232,1,1
2022-05-29,99799.5811733682,298.39582582751865,0.0053136965459899,-0.1256973671503315,0.7694796843803309,0.4785888070942104,9.247947,30.96986961364746,22.626930236816406,7.727653,29.031947182123105,0.639729235993873,1,1
2022-05-30,99712.69114711294,299.0815947737054,0.0031543260557977,0.3337800222773552,0.188492809927998,0.475200143051285,5.6297483,31.522232055664062,22.822046279907227,1.5654788,29.147512928192533,0.6473096720214229,1,1
2022-05-31,99716.00399082908,298.6490647973658,0.0151466271048984,0.5656135734249041,-0.3669175400099426,0.4772375216634818,2.1557362,31.23925399780273,23.1037654876709,13.463759,29.263078674261962,0.6548901080489727,1,1
2022-06-01,99700.1084031918,298.35866994407263,0.0068479504555818,0.3399213611370297,0.399926756305009,0.4725259938396532,12.666097,31.35004425048828,22.83411979675293,2.789831,29.37864442033139,0.6624705440765226,1,1
2022-06-02,99695.13768292787,298.6001879940498,0.0073633128400268,0.4194921300250445,-0.0927119947336717,0.4759686251416891,6.320433,31.695457458496094,22.75061798095703,7.369165,29.49421016640082,0.6700509801040725,0,1
2022-06-03,99666.70344582527,298.669538109531,0.0109504006343538,0.4051396798336645,-0.3896056842540287,0.4666364792233291,2.9184368,32.01608657836914,23.1648063659668,13.768796,29.56826321798988,0.6776314161316224,1,1
2022-06-04,99605.49864591318,299.2423221098859,0.0092653875012573,0.2518174421014887,-0.2042060270950275,0.4651298639880075,0.865224,32.13514709472656,23.438491821289062,8.938839,29.64231626957894,0.6852118521591722,1,1
2022-06-05,99632.98275385228,299.05117921752424,0.0100300422126595,0.2843068303189494,0.3192154487346655,0.4759826556981966,9.087942,32.18510818481445,24.29716682434082,56.747738,29.716369321168003,0.6927922881867221,1,1
2022-06-06,99678.2018218602,299.3530047854948,0.006439579246155,0.4013666610818656,0.5322034993786725,0.4767336174191899,15.8338,31.126296997070312,23.214019775390625,17.126667,29.790422372757064,0.7003727242142719,1,1
2022-06-07,99807.10317449138,298.1558863613122,0.0083531105577502,0.488056121415309,0.5536697130963297,0.4941318539246757,18.3484,29.531723022460938,23.08157539367676,6.482616,29.864475424346125,0.7079531602418218,1,1
2022-06-08,99785.93421198132,298.3491724623928,0.009008697620482,0.7215297991072479,-0.530726268538232,0.4657376240417208,4.406091,31.78384590148925,22.84027671813965,3.189898,29.938528475935186,0.7155335962693716,1,1
2022-06-09,99724.07463765416,298.7422963802826,0.0080939186951341,0.3875389594357668,-0.1250098780064445,0.4691735210434751,6.321035,32.48503875732422,23.145057678222656,4.252911,30.012581527524247,0.7231140322969215,1,1
2022-06-10,99853.24303205816,298.10986794060074,0.0129617023383579,0.2554167802409207,0.5524546983996068,0.479566279362136,1.2891004,30.40050506591797,23.5233154296875,7.7741504,30.08663457911331,0.7306944683244714,0,0
2022-06-11,99893.83738948962,298.378286408696,0.0086676941296328,0.3118853096148617,0.1975644672557502,0.4651059366100783,17.587206,31.235538482666016,22.1951904296875,1.3585198,29.50354633459761,0.7118634961563497,1,1
2022-06-12,99914.73432921816,297.7281288014452,0.0127536090376469,0.2626701379742297,0.1159323089210757,0.4678902455800026,6.9876413,30.84841537475586,22.801815032958984,17.553617,28.920458090081908,0.6930325239882281,1,1
2022-06-13,99878.62960366048,299.2089679455267,0.0025853234746541,0.8813848423261401,-0.6782291093430337,0.4691403505105441,9.171637,31.77159309387207,22.51036262512207,16.566963,28.337369845566208,0.6742015518201064,1,1
2022-06-14,99787.56690357024,299.4396465047935,0.0033057817424622,0.7022690732313729,-0.3722455932452339,0.4709264233874965,9.767939,31.24734878540039,22.770687103271484,20.194572,27.754281601050508,0.6553705796519849,1,1
2022-06-15,99767.02284034013,298.3056628748493,0.0120785817121944,0.3519447066202404,-0.5295785730425907,0.4784046929248581,8.059384,30.61899185180664,23.09925079345703,43.888107,27.171193356534808,0.6365396074838632,1,1
2022-06-16,99719.50894096444,298.1359796793448,0.0099870275734264,0.0883430508928726,-0.843860566522915,0.4738028382206067,15.692464,30.849470138549805,22.349571228027344,6.0983524,26.588105112019107,0.6177086353157415,1,1
2022-06-17,99694.80553505154,298.15829923138887,0.0116976990156257,0.1363673840080377,-0.1594113384334639,0.477553289546203,22.773129,30.44493103027344,22.37841987609864,11.301929,26.005016867503407,0.5988776631476199,1,1
2022-06-18,99740.67807075437,297.6701126146781,0.0258907883151265,0.2638450014518136,0.1265362658628493,0.481828792520205,9.6613865,30.23245620727539,22.5425033569336,12.411141,25.421928622987707,0.5800466909794982,0,1
2022-06-19,99773.4951916711,298.6823336751089,0.004494870364529,0.5589607115877494,-0.5360040772719257,0.4766569049301907,15.14618,30.80584144592285,22.59187698364257,8.054388,25.887367828887918,0.5612157188113767,1,1
2022-06-20,99726.4169960027,298.1562451294859,0.0176523163554645,0.9103015728159612,-0.5132528385558313,0.4834693366911768,2.203583,31.05225372314453,22.77114486694336,8.819336,26.35280703478813,0.542384746643255,1,1
2022-06-21,99704.29944694327,297.6140856295197,0.0144863224259533,0.5417950542260569,-0.7990307719651032,0.4708618235596674,15.854271,30.356895446777344,22.60057258605957,16.917168,26.81824624068834,0.5235537744751333,1,1
2022-06-22,99820.64647515994,298.0940896513543,0.0115526242421408,0.3246522048930019,-0.2801158128700114,0.478561263916111,14.666758,30.65870475769043,22.295557022094727,15.384491,27.28368544658855,0.5047228023070116,1,1
2022-06-23,99842.12025294836,297.97902734125734,0.0152626160724294,0.768922198204227,-0.1140432251891145,0.4736306857340527,5.390148,30.482894897460938,22.61145782470703,22.54865,27.74912465248876,0.48589183013889004,1,1
2022-06-24,99783.7741538102,297.9962326744053,0.0185136679267991,1.285519653221265,-0.3800647176505711,0.4737487730605627,15.462225,31.03208541870117,22.5014762878418,4.4723754,28.21456385838897,0.4670608579707684,1,1
2022-06-25,99682.36457816824,297.330804947492,0.0139560338309559,0.7659495989137695,-0.5092354836207713,0.4772363012263172,24.111963,28.22492218017578,22.153133392333984,25.176952,28.68000306428918,0.4482298858026467,1,1
2022-06-26,99744.95846210954,298.5247240780725,0.0067830837528393,0.7380485099043206,-0.6099019511156695,0.4940058390299477,11.142296,31.798126220703125,22.733009338378903,0.0,29.145442270189392,0.4293989136345251,0,0
2022-06-27,99857.91724263776,298.2725529322789,0.0060049731191634,0.7645399916958732,-0.8384960864739204,0.4958676637286592,2.0848472,31.18119430541992,23.028627395629883,11.388549,28.9618346885026,0.44150287626718465,1,1
2022-06-28,99828.39437588514,297.5388380051347,0.0243242095221753,1.090719556031799,-1.0424210282096584,0.4737995561319327,8.15644,30.3079833984375,22.35207176208496,7.1925035,28.778227106815805,0.4536068388998442,1,1
2022-06-29,99718.73683031692,297.1888162892861,0.0191300273907938,0.966702830033429,-1.4409024173042098,0.4813287278496457,25.994703,30.240636825561523,22.666257858276367,0.0,28.594619525129012,0.46571080153250377,1,1
2022-06-30,99737.07869105176,297.2536360406721,0.0256355772143531,1.370924103272937,-1.055075642509176,0.4827110473031192,18.413511,28.79192543029785,22.3418025970459,11.86442,28.41101194344222,0.47781476416516333,1,1
2022-07-01,99721.04543269504,297.05287344637134,0.019843483031425,1.2879529554750189,-2.1208154128884344,0.4815877031027548,38.93935,30.435300827026367,22.18418884277344,0.5687752,28.227404361755426,0.4899187267978229,1,1
2022-07-02,99604.05594116024,298.07615650340705,0.0161423349838329,1.2951681868705287,-1.8209850665883591,0.4855130378236164,13.517585,30.607166290283203,22.791120529174805,7.8989177,28.043796780068632,0.5020226894304824,1,1
2022-07-03,99751.08455565058,297.19150847508257,0.0547713085588856,2.061020349364311,-0.9643369872547972,0.4752973051423106,28.867176,28.17357444763184,22.23284721374512,10.6282,27.86018919838184,0.514126652063142,1,1
2022-07-04,99755.47691237918,297.123627724678,0.0264661908730024,1.2354679435530973,-1.3884030321008642,0.4749873716508216,32.790096,30.252901077270508,22.0327205657959,48.653988,27.676581616695046,0.5262306146958016,1,1
2022-07-05,99712.18760183532,296.94464971687034,0.0326085554118557,1.0187905374979342,-1.0923681716561275,0.47781186826614,40.92813,27.623409271240234,22.12315559387207,37.000656,27.492974035008253,0.5383345773284611,1,1
2022-07-06,99840.61628096028,297.0131934395575,0.0290939924800185,0.598887328961704,-1.266346894601372,0.4725454685593157,53.629387,28.07738494873047,22.439058303833008,18.415289,27.30936645332146,0.5504385399611207,1,1
2022-07-07,100012.26982560396,296.387619438818,0.0371229410472865,0.5136249671118207,-1.28175522801337,0.4840764251949267,42.10239,27.189008712768555,22.05780029296875,4.1419697,27.125758871634666,0.5625425025937802,1,1
2022-07-08,99890.90026854003,297.73814712296985,0.0189968513203382,1.362798780672166,-1.81290275415186,0.4800668902832207,35.482178,30.47166633605957,21.9471435546875,1.1543351,26.942151289947873,0.5746464652264398,1,1
2022-07-09,99792.0226673081,296.7135637081333,0.0230003208680017,1.9130641328756848,-1.6680602873872,0.4764944664172965,37.03104,27.53199577331543,22.03683090209961,52.209873,26.75854370826108,0.5867504278590994,1,1
2022-07-10,99893.28249192129,297.07281603505373,0.0146761494925814,1.9743652595953816,-1.3276340864443814,0.4974547944571597,26.531403,28.031946182250977,22.11883354187012,4.399313,26.574936126574286,0.5988543904917589,1,1
2022-07-11,100044.18444705365,296.9488727286653,0.0160284427058769,1.8915041499963845,-0.8974118784566182,0.4765363833783609,46.344917,27.78648376464844,21.74637222290039,2.8397505,26.391328544887493,0.6109583531244185,1,1
2022-07-12,99990.72304146337,297.21326459372665,0.019742335875593,1.9531753990337504,-0.693761476832437,0.4798096163740868,25.762728,28.7059268951416,22.66839027404785,7.7376866,26.2077209632007,0.623062315757078,0,0
2022-07-13,99793.63675437772,297.4916015973041,0.0303589144073635,2.977598946919048,0.0672674236682792,0.4765526454800352,22.492067,28.424606323242188,22.09616470336914,12.527301,26.443476975194415,0.6181143833494304,1,1
2022-07-14,99675.63440512215,297.46792011487963,0.0256921922326546,1.7390078746265107,0.3558441988764682,0.4785416178124961,44.10912,28.51995658874512,22.25756072998047,2.244938,26.679232987188126,0.6131664509417828,1,1
2022-07-15,99739.36135359852,297.7248778764496,0.0206489382288632,1.3596978775081274,0.079312889116546,0.4731813854488534,29.977398,28.71198463439941,21.94224548339844,8.708218,26.91498899918184,0.6082185185341351,1,1
2022-07-16,99778.90966162976,297.95381194219124,0.017512751470853,0.7868543378090769,-0.3789560908035441,0.4844055585039251,30.495821,29.302963256835938,22.10665512084961,4.951445,27.150745011175555,0.6032705861264874,1,1
2022-07-17,99809.53807243776,297.7924127348313,0.0159762702008842,1.0255698970998048,-1.067288183667279,0.4780996326988083,24.707441,29.682456970214844,22.5003662109375,55.97247,27.38650102316927,0.5983226537188399,1,1
2022-07-18,99871.9182460238,297.2518534517615,0.0292624713194056,1.0488358971189595,-1.105363234531881,0.4785871942508449,22.27798,28.418750762939453,22.250741958618164,25.395287,27.62225703516298,0.5933747213111922,1,1
2022-07-19,99799.03050868592,298.0067135331321,0.0096258825980389,1.554901450911828,-1.2669683805608538,0.4666213605220194,20.34395,29.81713485717773,21.80560874938965,17.350899,27.858013047156696,0.5884267889035445,1,1
2022-07-20,99764.68681925882,298.20023882659905,0.0111625693102685,1.3250269529294734,-1.3232137777725368,0.472631695207774,2.6336498,28.98029899597168,22.92333602905273,32.69069,28.09376905915041,0.5834788564958968,0,1
2022-07-21,99785.85781284043,298.712405571271,0.006376796916997,1.6576481234613183,-1.4574681790864643,0.4803851353805474,14.313518,30.159160614013672,22.84091567993164,83.58575,28.139289254125543,0.5785309240882492,1,1
2022-07-22,99844.6628031464,297.5582076986473,0.0123579093021077,1.0861641010823682,-1.0563542617027943,0.4778728753360566,2.7571197,28.98073005676269,22.602514266967773,57.887474,28.184809449100676,0.5735829916806016,1,1
2022-07-23,99838.50556813188,297.65077507783906,0.0075219546777147,1.2926164811183976,-0.8254191537132087,0.4909256035095943,7.129958,29.25750541687012,22.33178329467773,35.5045,28.230329644075812,0.5686350592729539,1,1
2022-07-24,99798.8592222764,298.30935779800353,0.0016131552501196,1.0404377685227724,-1.431009797397063,0.4854124237502593,16.786425,30.14892196655273,22.21124267578125,8.381157,28.275849839050945,0.5636871268653063,1,1
2022-07-25,99844.37242388938,299.06304650089464,0.0015360739674529,1.3759105059658914,-1.6190747906631804,0.4703893480370832,1.402908,31.035680770874023,22.23215103149414,48.73347,28.321370034026078,0.5587391944576586,1,1
2022-07-26,99816.07744496314,298.53599854859186,0.0077188250973137,0.8360596416173958,-1.4864863980230567,0.4787091092287254,0.1492572,29.803123474121094,22.676074981689453,34.78237,28.366890229001214,0.553791262050011,1,1
2022-07-27,99767.49692398666,298.07917740522976,0.0143718350838321,0.6226082513045486,-0.8532067076605894,0.480545379605656,1.1947969,29.897533416748047,22.656646728515625,57.737316,28.412410423976347,0.5488433296423634,1,1
2022-07-28,99747.2392928533,298.7361589343034,0.0065173512978902,0.3520195717163306,-0.745994953642615,0.4733613021443392,29.415684,30.21065902709961,22.072296142578125,38.835323,28.45793061895148,0.5438953972347157,0,0
2022-07-29,99715.17545966174,299.22868392793936,0.0043951794420709,0.0887426024862372,-0.1593990520382604,0.4751743476455897,16.565454,30.429594039916992,22.4948844909668,17.852669,28.133254526925242,0.5559776635641636,1,1
2022-07-30,99642.81425109784,299.29170939228493,0.0043543525051116,0.4601425164478704,-0.4341296401358035,0.4818593595073493,1.708644,30.91733360290528,23.31552505493164,60.697422,27.808578434899005,0.5680599298936115,1,1
2022-07-31,99546.47521528046,298.55549060428564,0.0230418706279812,0.7770549757203485,-0.4484657625092208,0.4786501442072039,18.641226,31.26775360107422,22.042701721191406,63.321167,27.483902342872767,0.5801421962230595,1,1
2022-08-01,99568.05827996811,296.58892814286816,0.0557832440573679,0.330553105021056,0.6810294050969159,0.4740836324277929,33.05134,27.73739624023437,21.954116821289062,31.099005,27.15922625084653,0.5922244625525074,1,1
2022-08-02,99510.9850848538,296.6167502824555,0.0803593275614597,3.0806477876047147,0.3462186274096892,0.4816602611071732,114.292435,27.14830207824707,21.707406997680664,6.626309,26.834550158820292,0.6043067288819552,1,1
2022-08-03,99488.49184431208,296.6607509238858,0.1110252158600065,3.5144816188947527,0.0981495102117634,0.4846673889334406,36.655987,26.958127975463867,21.5460205078125,54.442455,26.509874066794055,0.6163889952114032,1,1
2022-08-04,99699.26658929537,296.18371959167666,0.0755762302998425,3.6510062354704926,0.3097007440566328,0.4773888546108757,64.28911,25.582672119140625,21.78822898864746,79.36763,26.185197974767817,0.6284712615408512,1,1
2022-08-05,99799.58241335256,296.544719583241,0.0402648243250765,2.359347075077044,-0.1503834090764197,0.4745098761260358,76.64174,27.016759872436523,21.590389251708984,10.016276,25.86052188274158,0.6405535278702991,0,1
2022-08-06,99713.8592344262,297.2333634981013,0.0221626015032411,2.0382064415838506,-0.3235975706257747,0.4818159516778528,28.645403,27.791269302368164,21.125225067138672,0.10617581,26.364572981735897,0.6526357941997469,1,1
2022-08-07,99674.58255615676,297.1937415602976,0.036894351799561,2.740774187220305,-0.0622268310173842,0.4728847088213652,23.599628,28.19544219970703,22.000638961791992,5.7265296,26.868624080730214,0.6647180605291949,1,1
2022-08-08,99695.75275982505,297.37262857686824,0.0336721658819512,2.503327134796484,0.0635872710308557,0.4758067329939576,37.46726,27.9410457611084,22.20231819152832,4.218809,27.37267517972453,0.6768003268586429,1,1
2022-08-09,99678.00307607211,298.2329406639693,0.0114303428343033,2.020336128195428,0.1940454693994981,0.4887977219040629,31.122663,28.54157829284668,22.41456413269043,9.663174,27.87672627871885,0.6888825931880908,1,1
2022-08-10,99657.01028119931,298.2072643915584,0.0062842431242047,1.2286290385313574,-0.1843194439084731,0.4934162522095989,11.021747,28.831615447998047,22.15312385559082,2.8827665,28.38077737771317,0.7009648595175386,1,1
2022-08-11,99791.12275668838,298.6207139762296,0.0041183802535928,0.9699487639155606,-0.8985428177747237,0.483710253234379,2.5557666,30.1058349609375,22.20933723449707,0.0,28.884828476707487,0.7130471258469866,1,1
2022-08-12,99823.63027395404,298.8593465628741,0.0019379721529018,0.7194729850962553,-0.9294079444001164,0.4797485909620749,9.385153,30.87705039978028,22.369552612304688,0.0,29.388879575701804,0.7251293921764346,1,1
2022-08-13,99817.04103933768,298.9629919313728,0.0008377459060344,0.712081285319172,-1.113534913282008,0.4660472687598475,1.2293484,31.0488395690918,22.35331344604492,0.3859885,29.89293067469612,0.7372116585058824,0,0
2022-08-14,99876.93107521892,299.0820723067168,0.0003655031612928,0.9228385159969046,-1.47882367018711,0.4553910730148481,0.19231018,31.26150321960449,22.117328643798828,1.4662042,29.80497430420511,0.7263723558424346,1,1
2022-08-15,99848.38481569162,299.47637880139376,1.8849625814811456e-05,0.819469550493059,-1.33147472668359,0.4410927003644266,0.0,32.00786209106445,22.41861152648925,0.0,29.7170179337141,0.7155330531789867,1,1
2022-08-16,99811.51603257604,299.71017867330323,0.0002690810025483,1.1109931687635792,-0.9988356028229074,0.4292803944439712,0.0,30.975473403930664,22.76837539672852,0.41620263,29.62906156322309,0.704693750515539,1,1
2022-08-17,99850.31485987932,299.48108768497525,0.0005946656345805,1.2140029978760734,-0.9135785487168454,0.4220431740860883,0.09568192,30.361705780029297,22.896387100219727,7.883693,29.54110519273208,0.6938544478520912,1,1
2022-08-18,99859.089675531,299.0203825994988,0.0061361604719449,1.1695412765229636,-1.0935417656744308,0.4360413882061473,0.74915403,30.48866081237793,23.087526321411133,12.480261,29.45314882224107,0.6830151451886433,1,1
2022-08-19,99865.88174631068,298.98019294335245,0.0034038409177729,1.282777316467968,-1.159601682280531,0.4642482589738189,8.418036,30.26198387145996,22.55234146118164,5.0920105,29.365192451750058,0.6721758425251955,1,1
2022-08-20,99861.71250617468,298.96129425329474,0.00113905004232,1.2003639545387943,-1.4145495386017044,0.4480964535918284,1.5410572,30.816564559936523,22.66020774841309,3.3817873,29.277236081259048,0.6613365398617477,1,1
2022-08-21,99879.5929665431,297.907938537295,0.0116483549264487,1.6527015233443958,-0.7199260802893186,0.4693038827855078,0.0,30.68867874145508,22.46906089782715,11.678284,29.189279710768034,0.6504972371982998,1,1
2022-08-22,99892.48990656504,296.7133039217011,0.0675010370157216,2.0666892130453145,-0.4628250962166937,0.4857892031737826,17.74642,28.782203674316406,22.226367950439453,37.38926,29.101323340277023,0.639657934534852,1,1
2022-08-23,99952.34263163112,296.3749281987217,0.0711970602620271,1.80745024691982,-0.8942782834883364,0.4805187823064827,49.09026,29.00229835510254,21.91019821166992,27.682463,29.013366969786013,0.6288186318714042,1,1
2022-08-24,99966.81571911112,296.3505984303012,0.0242651635849661,0.8164274332858376,-1.0517816492851744,0.4843703782505422,34.376293,27.53369140625,22.26128196716309,13.221549,28.925410599295002,0.6179793292079563,1,1
2022-08-25,99803.88938401782,297.12139081100906,0.0223059105735492,1.1582389909038324,-1.0388921086125282,0.4822742820058338,9.432894,29.43307304382324,21.863677978515625,17.889757,28.837454228803992,0.6071400265445085,1,1
2022-08-26,99745.95407896503,297.0564014539365,0.033371471430135,0.9704834914777788,-1.115969930851255,0.4846067397636583,6.4723477,29.20376777648925,22.291370391845703,56.580235,28.74949785831298,0.5963007238810607,1,1
2022-08-27,99778.91514612164,296.2452110506507,0.089615484915225,1.5780233563619075,-0.7363336130552159,0.4795281043031466,16.928017,28.03672409057617,21.42448616027832,17.6518,28.66154148782197,0.5854614212176128,1,1
2022-08-28,99667.55106286718,297.8635540171331,0.0061485758917057,1.0291714088778352,-0.7411043555966678,0.4880078387154397,24.90904,29.648906707763672,21.501644134521484,27.152887,28.57358511733096,0.574622118554165,1,1
2022-08-29,99720.86864506562,298.1414596925835,0.0137140762653326,0.8565417098402904,-0.9803143965537364,0.4798343996400372,33.2454,29.533750534057617,22.368297576904297,42.577045,28.48562874683995,0.5637828158907172,0,0
2022-08-30,99710.73097886569,298.20261547722805,0.0263429247371143,0.3723010757763608,-0.7658475317738925,0.4754004328851876,12.504621,29.57221221923828,22.36945152282715,48.774868,27.992863507725737,0.5685326524319112,1,1
2022-08-31,99620.59467896112,298.03652911891817,0.0101461251831379,-0.3129558100811005,1.0398019330406123,0.4656677681718515,36.85404,28.4710750579834,22.316036224365234,31.580534,27.500098268611524,0.5732824889731052,1,1
2022-09-01,99864.43997621222,296.93303380091044,0.0131760373050512,-0.6458258230047942,1.290925471767495,0.4950814047087871,37.307312,27.885398864746094,21.88562774658203,9.753504,27.00733302949731,0.5780323255142992,1,1
2022-09-02,99906.91541001304,297.90341607841367,0.0035661172850958,-0.7392824741349311,1.5437193247314425,0.494267098676386,12.18602,29.36441230773925,21.5983829498291,6.9086514,26.514567790383097,0.5827821620554932,1,1
2022-09-03,99922.09594782324,298.6661535635177,0.0044558182003625,0.2341479390755712,0.9870470152091544,0.485783125520512,3.889003,30.22586250305176,22.32874298095703,5.3856807,26.021802551268884,0.5875319985966871,1,1
2022-09-04,99850.24776519914,298.7213163720916,0.0109563383884087,0.3713297772427593,0.1691616030463893,0.4775135871638672,6.096718,31.05507469177246,22.73929977416992,23.837547,25.52903731215467,0.5922818351378811,1,1
2022-09-05,99807.6692371426,298.51345912457833,0.0121531921344564,0.4898204807909023,0.0352733714289068,0.4714278462902115,7.058983,29.97480773925781,22.55492401123047,22.226866,25.036272073040458,0.5970316716790751,1,1
2022-09-06,99916.10336548393,297.14889582425224,0.0414899529897204,1.4007093051488992,0.5761819851629177,0.4766711865441274,55.57819,29.039419174194336,22.46697425842285,19.474737,24.543506833926244,0.6017815082202691,0,1
2022-09-07,100048.011518425,296.5674268326116,0.0275136155303327,1.5686812198481634,0.4541466138958717,0.4786968340107359,16.194582,28.12771224975586,22.02223014831543,19.676352,25.132266499760235,0.606531344761463,1,1
2022-09-08,99958.57465684724,297.40861126642585,0.0126652439247567,1.2588008211587312,0.2848227888163014,0.4889428629040045,16.21731,29.07168197631836,22.222496032714844,0.96212655,25.721026165594225,0.611281181302657,1,1
2022-09-09,99973.12935596883,297.3690267469551,0.0197139034261542,1.709387202720858,0.5672647824495483,0.4792800530287951,20.390833,30.02394294738769,22.78260612487793,3.07154,26.309785831428215,0.616031017843851,1,1
2022-09-10,100019.48054722484,297.5038676985842,0.0175340116910657,1.4762716626931818,0.2219049729812545,0.4773201945309801,28.926718,29.178022384643555,22.53319358825684,8.148636,26.898545497262205,0.6207808543850449,1,1
2022-09-11,99988.94268239028,297.8447077994536,0.0085679491968632,1.3541639068691556,0.3360398947468944,0.4930608138139324,16.37364,30.16442108154297,22.57317924499512,2.1351786,27.4873051630962,0.6255306909262389,1,1
2022-09-12,99975.74868823208,297.83212760607057,0.007500351904705,0.7818397747121876,-0.0193128752040668,0.4917517169219166,11.264384,30.87437629699707,22.6760368347168,0.12184481,28.07606482893019,0.6302805274674329,1,1
2022-09-13,100101.25017097768,298.4327578454625,0.0028715058380868,0.5994919266662342,-0.3336551151448738,0.480972577436768,10.439738,30.288469314575195,22.223567962646484,0.0,28.66482449476418,0.6350303640086269,1,1
2022-09-14,100245.8655636523,298.51882038306763,0.0024434314810632,0.6225987131857272,-0.1627160466796347,0.4755812173910563,3.7121403,30.63139915466309,22.33782768249512,1.8059932,29.25358416059817,0.6397802005498209,0,0
2022-09-15,100267.5917394716,298.7500932734522,0.0011803878761112,0.7491577614785272,-0.6361462984796987,0.4688547693604044,0.73631096,31.16923713684082,22.472352981567383,0.022661338,29.1937423783376,0.6205341614494343,1,1
2022-09-16,100054.9684653894,298.69817562541186,0.0022189473063965,0.9210346724955792,-1.059359764906632,0.4628333169575108,0.1147431,31.065053939819336,22.379886627197266,0.0,29.13390059607703,0.6012881223490476,1,1
2022-09-17,100099.1656514244,298.60914224752344,0.0018851488361199,0.8968246321019566,-0.4446826424502971,0.4606143344063387,0.5289211,30.825180053710938,22.758102416992188,0.46949813,29.07405881381646,0.582042083248661,1,1
2022-09-18,100116.91126751684,298.85320043672755,0.0047619735339074,0.8411992707351665,-0.5096130611833751,0.4665726736082253,4.04535,31.41160774230957,22.85981750488281,9.52692,29.014217031555887,0.5627960441482744,1,1
2022-09-19,100123.95483953108,298.60236289813867,0.0030368746627001,0.9372744855434796,-0.6984629628033231,0.4684571447187869,3.9032161,30.71336936950684,22.6858139038086,0.804812,28.954375249295317,0.5435500050478878,1,1
2022-09-20,100061.34570922924,298.5490031947969,0.0024265360894548,0.9712924106660724,-0.5830365038789341,0.4654236433669085,0.7004124,31.449193954467773,22.89088249206543,0.022107076,28.894533467034748,0.5243039659475012,1,1
2022-09-21,100071.31660434464,298.6148507044514,0.0017326649290493,0.6505577652797433,-0.420283009203771,0.4566051776857096,0.37857145,31.76749992370605,22.235225677490234,0.0,28.834691684774178,0.5050579268471145,1,1
2022-09-22,100122.79311102598,298.26473512866204,0.0009941559731259,0.4776567602862617,-0.5960654990720927,0.449160940415843,0.34360027,31.521129608154297,22.47455406188965,0.0,28.77484990251361,0.4858118877467279,0,1
2022-09-23,100162.44055159645,298.63308665356624,0.0016090208328631,0.6942525474565764,-0.6475292653873544,0.4386910609233723,0.0,32.122371673583984,22.259321212768555,0.0,28.47132002007836,0.4665658486463413,1,1
2022-09-24,100054.84644972163,298.6890760690694,0.0014268626666392,0.705780120319523,-1.1529248287248162,0.4339721468524129,0.16227338,32.25669479370117,22.16524124145508,0.0,28.16779013764311,0.4473198095459546,1,1
2022-09-25,99929.22390991022,299.5993417525953,0.0006532803816276,1.0381588127080288,-1.3102639974747046,0.4230694977734751,0.22756912,32.63291931152344,22.63495826721192,1.6185626,27.86426025520786,0.42807377044556805,1,1
2022-09-26,100034.22947334652,299.1896869782315,0.0020690869432709,1.0503916068065051,-1.2485440881482426,0.4187906047217132,0.38876063,30.953346252441406,23.15340232849121,1.6659681,27.56073037277261,0.4088277313451814,1,1
2022-09-27,99921.67963314868,299.38313937149945,0.0009962376821004,1.042741049394999,-1.3270858356995372,0.4172642803318241,0.25459155,32.39707946777344,23.04380416870117,1.1565406,27.25720049033736,0.3895816922447948,1,1
2022-09-28,99881.1487344952,298.6485921623817,0.0025233252712904,0.710035942913119,-0.6445244217108099,0.4152696584047413,0.0,31.79138946533203,22.68370246887207,1.0386618,26.95367060790211,0.3703356531444082,1,1
2022-09-29,99924.974261785,298.4045998274901,0.0045963121274134,0.9508731469237932,-0.5587568541016771,0.4262785857106964,0.4968412,31.88877868652344,22.463497161865234,2.3988748,26.650140725466862,0.35108961404402156,1,1
2022-09-30,100055.48048471498,298.0677339615968,0.0064163992830961,0.8832425861379277,-0.1560442710470188,0.4588625144752148,0.47724375,31.635683059692383,22.618968963623047,0.9870611,26.346610843031613,0.3318435749436349,0,0
2022-10-01,100051.31549108216,298.24682983249875,0.0051989332604187,1.093361358284907,-0.5097451027317508,0.4672983854862199,4.196752,30.498878479003903,22.21025848388672,1.9904472,26.4046420300677,0.354643523589037,1,1
2022-10-02,100019.98554502024,297.785444161972,0.0121917542496013,0.8563889990576273,-0.4828993913029405,0.4799764051734291,1.625858,30.48358726501465,22.86937522888184,4.3683257,26.462673217103784,0.377443472234439,1,1
2022-10-03,99972.74000898736,297.6818799554106,0.0077183847349406,0.6898059127336226,-0.3917551880946655,0.4915440262818455,15.590447,30.7633113861084,22.09520530700684,0.09941165,26.52070440413987,0.4002434208798411,1,1
2022-10-04,99918.79887114825,298.51900356029984,0.007895293472939,0.896734837228138,-1.0568301944524026,0.4853112367157008,0.6412072,31.60033416748047,22.50739097595215,0.132277,26.578735591175956,0.42304336952524313,1,1
2022-10-05,99927.52592339684,297.55380049965845,0.0085718786782795,0.3864063857223339,-0.4249933748839066,0.4953300344469685,7.2225213,30.446577072143555,23.23485946655273,2.6287813,26.636766778212042,0.4458433181706452,1,1
2022-10-06,99918.1103005568,297.66466893277385,0.0039422373629384,0.4683657966134124,-0.3360033201216963,0.4920938982243061,3.18271,30.38022232055664,22.591630935668945,4.6666594,26.694797965248128,0.4686432668160473,1,1
2022-10-07,99983.4065607298,298.16028110464254,0.0019365347064749,0.55008858324086,-0.2193109682939247,0.4804202883500636,0.5472751,30.788105010986328,22.42013931274414,1.7251828,26.752829152284214,0.4914432154614493,1,1
2022-10-08,99962.99272713912,298.6693220469854,0.0003906993918843,0.6696653094396582,-0.8341428895368644,0.4627528351679318,0.26290935,31.294666290283203,21.91800880432129,7.6178393,26.8108603393203,0.5142431641068514,0,1
2022-10-09,100008.80821833869,298.3377922742268,0.0040376933287172,0.1054344377146272,-1.000605288914927,0.4589567162667004,0.8691382,29.761213302612305,22.419641494750977,14.616863,26.99874510581562,0.5370431127522535,1,1
2022-10-10,100069.0835962856,298.3053410974084,0.0004576315915136,0.3075708737953995,-0.233820857731163,0.4646822578245838,3.7446907,30.265287399291992,22.40691566467285,11.036529,27.186629872310938,0.5598430613976555,1,1
2022-10-11,100018.7980741328,298.9489141797372,0.0031146187559603,0.2989041857714262,-0.082160508866235,0.4564054872944086,4.87152,30.602224349975582,22.549354553222656,11.320695,27.374514638806257,0.5826430100430575,1,1
2022-10-12,100081.41357128404,298.68815647000986,0.0028695021011355,0.0377647369179334,-0.3355991331369405,0.4537413229462561,10.0800905,30.9028377532959,22.24814796447754,12.089709,27.562399405301576,0.6054429586884597,1,1
2022-10-13,100011.79699960888,298.62435838823376,0.0273962438729313,0.0866036541775193,-0.0136425513346502,0.4612631570233908,5.755304,31.114940643310547,22.42953491210937,3.1274843,27.750284171796896,0.6282429073338617,1,1
2022-10-14,99949.72705436165,298.2932295658824,0.0102367122568546,-0.0160138494393217,0.2102781013881291,0.4734769397693866,19.16392,31.10687065124512,22.14809799194336,16.255043,27.938168938292215,0.6510428559792638,1,1
2022-10-15,99864.84188620836,298.2496542742023,0.0097725749455607,-0.2593640663228594,0.6771840351621526,0.4858156997060703,12.910689,31.86170196533203,22.423025131225582,12.870072,28.126053704787534,0.6738428046246658,1,1
2022-10-16,100081.21219738186,298.1239116823234,0.0110182931002256,-0.6421123898535168,0.9681274016927476,0.4715904029949825,17.086079,31.39188766479492,22.43022918701172,17.300226,28.313938471282853,0.6966427532700679,1,0
2022-10-17,100217.15904821138,297.6776885018782,0.0285756196607492,-0.9649846727765804,1.4681476318344706,0.4732139204281829,16.115414,29.78693199157715,22.593244552612305,20.382685,28.501823237778172,0.6975742533324752,1,1
2022-10-18,100280.6837945446,296.45022422491564,0.038920353844668,-0.3673735927082424,0.6824401947637779,0.4677105183812886,43.741966,29.76386451721192,22.022062301635746,1.2138302,28.68970800427349,0.6985057533948826,1,1
2022-10-19,100209.3550728542,297.2543080267189,0.0079090029785449,0.118556424851801,0.3029028665189747,0.4759143239418065,4.6793747,30.5562801361084,22.61673164367676,4.9887547,28.87759277076881,0.6994372534572899,1,1
2022-10-20,100209.64933095082,297.116643425306,0.0246502728342677,-0.1902610349145012,0.8417153216164939,0.4794659970514274,17.260012,30.13663101196289,22.31977653503418,28.6253,29.06547753726413,0.7003687535196973,1,1
2022-10-21,100264.12254192446,297.31476043855247,0.0172166887830621,-0.7008358455217293,0.4820880639265041,0.4715191784608907,19.508429,29.452924728393555,21.90888977050781,10.426759,29.25336230375945,0.7013002535821047,1,1
2022-10-22,100271.37934986455,298.46868926061,0.0058254140794943,-0.1972400762954861,0.2589025129161642,0.468595111895989,15.136163,30.59743881225586,21.850391387939453,1.1541386,29.441247070254768,0.7022317536445121,1,1
2022-10-23,100235.62329937964,298.40553260603303,0.0038393332312902,0.1407140167104265,0.2648394945249891,0.4719479384653298,2.382654,31.20925712585449,22.72783660888672,7.5343556,29.629131836750087,0.7031632537069195,1,1
2022-10-24,100124.45999140004,298.5367416595521,0.0020125576715111,0.3037809813763463,0.3630674613727259,0.4669036554565136,5.1790614,30.39987564086914,22.61188507080078,3.136895,29.817016603245406,0.7040947537693267,0,1
2022-10-25,100168.19496461649,298.3508877167838,0.0008664629030056,0.1357741197122234,-0.3900939483799632,0.4580461674261616,2.7978687,31.12748336791992,22.27531623840332,0.9659025,29.762382653382588,0.7050262538317341,1,1
2022-10-26,100194.66895124066,298.7680011485143,0.0009910361542411,0.2894592053587297,-0.1287635774448494,0.4415833611573749,0.0,31.527488708496094,22.172592163085938,0.5747443,29.70774870351977,0.7059577538941415,1,1
2022-10-27,100162.22150806418,298.8220131843476,0.002353983855719,-0.380617826113063,0.1486051729886431,0.4410552550915529,0.0,30.98931312561035,22.22706794738769,0.0139405215,29.653114753656947,0.7068892539565489,1,1
2022-10-28,99987.72525008638,299.34359182808777,0.0007640524381091,0.0333750429370108,-0.2264857119931555,0.4352042515384764,0.0,31.52228736877441,21.68116569519043,0.009460083,29.59848080379413,0.7078207540189563,1,1
2022-10-29,100020.14731214644,298.66759127449404,0.0075266270961934,-0.1407547868033243,0.3148730524401063,0.4406859768971699,3.086735,30.18367385864257,22.322826385498047,0.0,29.54384685393131,0.7087522540813637,1,1
2022-10-30,100072.83986552572,298.28455376146445,0.0122048033291085,-0.1444280720456372,0.1919980846441255,0.4636198243981357,2.4005473,29.805679321289062,22.574562072753903,0.6954515,29.489212904068488,0.7096837541437709,1,1
2022-10-31,100064.4843345007,298.0211390965202,0.0190484312067031,-0.152070806094955,0.1012088142488564,0.4705113270976593,8.820636,30.90475273132324,22.51243019104004,8.048762,29.43457895420567,0.7106152542061783,1,1
2022-11-01,100130.01768518414,297.665343871898,0.0087256182026217,-0.1438660484650542,-0.0488070237950388,0.4764603227215729,23.613356,30.073183059692383,22.217937469482425,10.553297,29.37994500434285,0.7115467542685857,0,0
2022-11-02,100059.97622858586,298.0567105391061,0.0087304679217204,0.0805945243954672,-0.0521996979788528,0.4698926219717788,4.1901584,30.142911911010746,22.151111602783203,17.541279,29.238894505577562,0.7136389198067281,1,1
2022-11-03,100057.5824062505,298.3429674315244,0.003501150964224,-0.2661310966548789,-0.0224487850880706,0.4725990708107302,20.319675,29.41350173950196,22.24039077758789,11.449357,29.097844006812274,0.7157310853448704,1,1
2022-11-04,100175.84044413814,298.1965542908027,0.0226312247834856,-0.3641103844557234,0.4213235516547584,0.4769696205736195,11.2461605,29.566001892089844,22.62557601928711,9.9734955,28.95679350804699,0.7178232508830128,1,1
2022-11-05,100341.13705524674,297.60498610458814,0.0135659717246561,-0.4655155616678402,0.1487690591227479,0.4713683405207935,16.72016,29.67268753051757,22.14427757263184,3.3103034,28.8157430092817,0.7199154164211551,1,1
2022-11-06,100329.84647519515,297.92299611586515,0.016997865698893,-0.0910273465503794,-0.0519676819947035,0.4713058039494068,3.1422021,30.13829803466797,21.86289024353028,11.960491,28.67469251051641,0.7220075819592975,1,1
2022-11-07,100263.38648960588,298.42402934443425,0.0034798625908007,-0.2398990565645164,0.116457437749579,0.4711206142454425,12.989401,31.046112060546875,21.39828872680664,1.3471303,28.533642011751127,0.7240997474974398,1,1
2022-11-08,100193.33936069255,298.7543227283668,0.0149914860821105,-0.2665527234471235,0.1277898915299201,0.4737763260975381,0.23418443,30.538021087646484,22.30379104614257,14.2621765,28.392591512985838,0.7261919130355822,1,1
2022-11-09,100139.506798549,298.9542901543187,0.0052115586015194,-0.3248390755353602,0.0289518632830328,0.4693062904147893,4.118857,30.832916259765625,22.80601501464844,1.5636277,28.25154101422055,0.7282840785737246,0,1
2022-11-10,100088.62351120885,299.1973330578791,0.0012764419501884,-0.1438786838759395,0.2381018170342879,0.4647637695228125,2.4431012,31.232589721679688,22.117382049560547,0.3773567,28.365604173114512,0.7303762441118669,1,1
2022-11-11,100096.64480171524,297.2489184922847,0.008955558475627,-0.1296817874919911,-1.3504595793644845,0.4753635133426196,1.3764471,28.69524574279785,22.70479393005371,25.28816,28.479667332008475,0.7324684096500093,1,1
2022-11-12,100076.14870397396,296.6057234907512,0.0058009910235448,-0.0733144473307321,-0.8883567325397388,0.4732507322109409,10.62352,28.228797912597656,21.64176177978516,15.249833,28.593730490902438,0.7345605751881515,1,1
2022-11-13,100107.06430227964,298.03770387486526,0.009702619951515,-0.5315048588283764,0.4866458361990565,0.4684129051899078,10.110927,30.11928939819336,22.0889892578125,10.0691185,28.7077936497964,0.7366527407262939,1,1
2022-11-14,100259.16367840186,297.67757789147765,0.0227073450283938,-0.4014149565065633,0.2842317833351909,0.4806171147378251,12.059503,29.29267311096192,22.297178268432617,8.532552,28.821856808690363,0.7387449062644362,1,1
2022-11-15,100260.06400622352,297.82614696758094,0.0108351397048984,-0.4241961194769896,0.1127533740414953,0.4656750635109725,12.259913,30.06889533996582,21.495849609375,2.1520236,28.935919967584326,0.7408370718025786,1,1
2022-11-16,100158.09838283174,298.26200841983257,0.0016763670092834,-0.2609745064439761,-0.1071471095815962,0.4636152349766208,3.9393697,30.40388298034668,22.1542911529541,2.5431492,29.04998312647829,0.7429292373407209,1,1
2022-11-17,100101.28250906013,298.5484055925955,0.0016082167448096,0.0837241676166404,0.1365972087709702,0.4578068289909818,0.0,30.62994384765625,22.3515567779541,0.0,29.16404628537225,0.7450214028788633,0,0
2022-11-18,100103.9559458088,298.4147819365888,0.0013317388981756,-0.1439859317549577,0.3432132305040256,0.4536325527163191,2.0470045,29.962865829467773,21.536001205444336,0.3562767,29.048994221185644,0.7440522039661672,1,1
2022-11-19,100059.42560246594,298.4582248455717,0.0009116349894649,-0.2591764913440424,0.0156983970406393,0.4423161550329947,0.0,30.8576774597168,20.778488159179688,2.3333418,28.933942156999038,0.7430830050534711,1,1
2022-11-20,99994.83055971506,297.88052148104777,0.0001623298001555,-0.1733491986771446,-0.0739264161215047,0.4311042320901694,0.8913001,30.68736267089844,20.43971443176269,0.0,28.81889009281243,0.742113806140775,1,1
2022-11-21,100013.98597730676,297.80231290850054,2.161444641904607e-05,0.3192883805739134,-0.7499908709672225,0.4175361605099809,0.0,31.3453426361084,20.98636245727539,0.0,28.703838028625825,0.741144607228079,1,1
2022-11-22,100096.99035182311,297.74346647206403,0.0003640772019144,0.2237244759747753,-0.4118824019313419,0.4074679798970415,0.0,31.36003494262696,21.01910781860352,0.0,28.58878596443922,0.7401754083153828,1,1
2022-11-23,100159.6627812533,297.7513580677644,0.0001266806424682,-0.0417116563872429,0.1462001348289823,0.3995751896677204,0.0,32.13690185546875,21.1539249420166,0.0,28.473733900252615,0.7392062094026867,1,1
2022-11-24,100129.9692568288,298.32215669381816,0.0001936801103018,-0.1537873697103195,0.3550098532738486,0.3901813440360707,0.0,31.63901329040528,21.40263938903809,0.0,28.35868183606601,0.7382370104899906,1,1
2022-11-25,100136.6157201324,298.6627157089558,0.0010194894485901,-0.1442010592978682,0.4727870498171849,0.3865352458199539,0.0,31.375144958496094,21.787818908691406,0.0,28.2436297718794,0.7372678115772945,0,1
2022-11-26,100066.71101527048,298.3974725065474,0.0018494967386591,-0.1408999987355876,0.3982342553691861,0.3891383766167897,0.0,31.71622467041016,22.30929946899414,0.03912522,28.217585727751352,0.7362986126645984,1,1
2022-11-27,99965.68585613742,297.7762840835934,0.0161886972416844,-0.2050739755594955,-0.0205718257533542,0.4406078671990628,4.180821,31.279645919799805,22.638891220092773,15.843918,28.191541683623303,0.7353294137519023,1,1
2022-11-28,100031.8132519966,298.11069816596694,0.0058976763944648,-0.3540360985044132,-0.2233006107877375,0.4693724805022794,21.724493,30.67943382263184,22.046342849731445,7.6278076,28.165497639495253,0.7343602148392062,1,1
2022-11-29,100077.30405124943,298.33361066168703,0.0047333465420595,-0.4449073080403801,-0.1332869722602717,0.4633364282500961,25.42096,30.215106964111328,22.103710174560547,10.582922,28.1394535953672,0.73339101592651,1,1
2022-11-30,100085.62389113964,298.935965034649,0.0008460099047811,-0.0872130721273696,0.1120843549146719,0.4508537511897784,8.794493,30.464599609375,22.350345611572266,1.754696,28.11340955123915,0.7324218170138139,1,1
2022-12-01,100027.27823696606,299.12364199895507,0.0004227726036105,-0.071737620962083,0.2391146357091864,0.4363486432931733,1.1538341,31.3545036315918,21.622621536254883,0.4618163,28.0873655071111,0.7314526181011178,1,1
2022-12-02,100029.7920711906,298.78323462823647,0.0070297057990587,-0.094430587343018,0.2298522735676637,0.4416214745410691,0.089701794,31.155981063842773,23.01539802551269,7.795195,28.061321462983052,0.7304834191884217,1,1
2022-12-03,100059.73411263467,298.37003358377115,0.0051276764412283,0.0902266803591966,0.2135236827724469,0.4632140360338239,1.3715953,30.66609764099121,22.927658081054688,16.972946,28.035277418855003,0.7295142202757257,0,0
2022-12-04,100108.1363989226,298.33057238027044,0.0062336410979179,-0.2852018947769837,-0.0784254252072322,0.464239911027705,5.2238193,30.623798370361328,22.54698371887207,17.686016,28.2008335389148,0.7295085199107232,1,1
2022-12-05,100115.4291378828,298.966543743997,0.0031968164208946,-0.2674550268566656,0.2111708468751188,0.4526334034162785,8.0833435,29.932876586914062,21.876468658447266,8.354898,28.366389658974597,0.7295028195457208,1,1
2022-12-06,100060.56650385931,299.089277964685,0.0007584940210313,-0.0937169826092349,0.1412825125572643,0.4436438682346136,0.0,31.026695251464844,22.263256072998047,1.9667213,28.531945779034395,0.7294971191807184,1,1
2022-12-07,100038.21413395494,298.69655870643294,0.0004609422580219,0.0885681302834909,-0.34342628596336,0.4348555945593486,0.0,29.487512588500977,21.96207046508789,20.700914,28.697501899094192,0.729491418815716,1,1
2022-12-08,99940.26250790032,298.25467483125243,0.0001837048258078,0.3112290788691325,-0.7290314851808554,0.4256061889156869,0.0,29.499496459960938,21.31407165527344,36.92107,28.86305801915399,0.7294857184507135,1,1
2022-12-09,99851.19778049496,296.322311465106,0.0027716160196712,-0.7414383836084294,-0.8603016501336248,0.4287914434782171,2.141262,27.662351608276367,21.13736915588379,5.7554874,29.028614139213786,0.7294800180857111,1,1
2022-12-10,99852.76035157424,296.96214357713825,0.0124810953502962,0.2342326758873407,-0.0669299128795274,0.4711176017855693,7.9554296,29.757888793945312,21.51614570617676,4.749012,29.194170259273584,0.7294743177207087,1,1
2022-12-11,100001.56079010588,295.9408696561296,0.0339666935781251,0.2768608590332502,-0.2818150909950934,0.4820459712968878,36.94092,28.960506439208984,21.59733390808105,13.774435,29.35972637933338,0.7294686173557062,0,1
2022-12-12,100001.03929129198,296.6378304339012,0.0055104273101148,-0.8549312361302119,0.985683161287529,0.4885796843734066,41.330696,30.178674697875977,21.72036933898925,0.7549604,29.29945232666089,0.7294629169907038,1,1
2022-12-13,100075.10401705385,298.0717304171042,0.0001082216386537,-0.9373226169497224,0.5220648110923123,0.4733590442324104,2.0129943,31.38694953918457,21.26224136352539,4.2756824,29.2391782739884,0.7294572166257014,1,1
2022-12-14,100137.25477534252,297.69179879858143,0.0075196678921988,-0.3977166357085115,0.0632036722455837,0.4727410389721028,2.0893204,29.86441802978516,21.932785034179688,9.59612,29.17890422131591,0.7294515162606989,1,1
2022-12-15,99990.808609715,298.1142366681912,4.766821249841566e-05,-0.231639807034261,-0.1085644104630059,0.4658072693214092,13.833406,31.169353485107425,20.72710227966309,0.0,29.11863016864342,0.7294458158956965,1,1
2022-12-16,99982.82673205723,298.19926369845086,0.0001511425971935,-0.1022378599031826,-0.2675363039337023,0.4511605298408795,0.14285715,31.47248649597168,21.03177261352539,0.0,29.05835611597093,0.7294401155306941,1,1
2022-12-17,99984.34007483104,298.5266472369035,0.0001339877172984,-0.5367782314116888,-0.2058464739955751,0.4387774594143357,0.0,31.61040496826172,20.72767639160156,0.0,28.99808206329844,0.7294344151656916,1,1
2022-12-18,99919.04204818224,298.7405427670677,0.0001546038722735,-0.5579099855768036,-0.5596332952571844,0.4278916347369305,0.0,31.37977600097656,21.884855270385746,0.16367532,28.93780801062595,0.7294287148006893,1,1
2022-12-19,99848.7902373332,298.9252372071754,0.0013472218575558,-0.7532008797636053,-0.1242322706519905,0.4194624032205022,0.0,30.405500411987305,21.604076385498047,0.06996247,28.87753395795346,0.7294230144356868,0,0
2022-12-20,99802.6825608993,299.18413347211487,0.0017170332094649,-0.1454439161058543,-0.0384775551627326,0.4208528886894321,0.012272395,30.98398971557617,22.139942169189453,0.0,28.95225474413398,0.7274314296123519,1,1
2022-12-21,99856.78689026766,299.28456659978474,0.0003941530256714,-0.411447994352777,-0.459826993016558,0.4150178087117337,0.0,31.776899337768555,22.08712577819824,0.016387777,29.026975530314502,0.7254398447890169,1,1
2022-12-22,99919.56346306272,298.54377872683943,0.0005830842215137,-0.4995125521689543,0.0460909594135626,0.4040118309293376,0.0,31.6897087097168,21.40425109863281,0.006298487,29.101696316495023,0.723448259965682,1,1
2022-12-23,99963.07931262872,298.2699554215001,0.0002921272674527,0.0549222205834171,-0.1041352153039348,0.3941365526421511,0.0,32.1498908996582,20.50601577758789,0.0,29.176417102675543,0.7214566751423471,1,1
2022-12-24,100000.84604308476,298.6347044527367,6.599883829920879e-05,0.0935835523636299,-0.3741303281237234,0.3824179592377895,0.0,32.03070068359375,21.28030014038086,0.0,29.251137888856064,0.7194650903190122,1,1
2022-12-25,100011.81930952489,299.31802999659465,0.0016026011637241,0.0222786120288517,-0.1716053861596718,0.376486065898152,0.0,31.27269554138184,21.70583152770996,3.0665023,29.325858675036585,0.7174735054956772,1,1
2022-12-26,100127.29410871856,299.598240442754,0.0015488282990181,-0.4378814279982958,-0.0380673023754193,0.3821169837963581,4.4561615,30.680395126342773,22.66153335571289,1.8723034,29.400579461217106,0.7154819206723423,1,1
2022-12-27,100273.1148986413,299.45973229227707,0.0011606037330902,-0.1982468615244295,0.2210451753283653,0.3845602662134292,0.44830298,30.697998046875,22.87073516845703,0.0,29.475300247397627,0.7134903358490073,0,1
2022-12-28,100404.39466630651,299.7057067127323,0.0012614829496542,0.0143200422310602,0.1410929221404202,0.3806447748926372,0.59454,30.6885929107666,22.93750190734864,0.0,29.552414341428765,0.7114987510256724,1,1
2022-12-29,100514.29031451677,299.5886758627092,0.0007019776822727,0.0823481791666285,0.0511859604796189,0.3743059839504759,0.0,31.755916595458984,22.039703369140625,0.0,29.629528435459907,0.7095071662023376,1,1
2022-12-30,100603.21856141392,298.93149025421013,0.0002440300543051,-0.3274096404292403,0.0929775571920562,0.3670527609169289,0.0,31.422107696533203,21.7879581451416,0.0,29.706642529491045,0.7075155813790026,1,1
2022-12-31,100566.99514547415,298.52888550097003,2.638635896017087e-06,0.1298454236253468,-0.3538711410463999,0.3499719268974217,0.0,31.50976181030273,20.687488555908203,0.0,29.783756623522187,0.7055239965556677,1,1
2023-01-01,100461.12739139843,298.5512695133665,8.787539760167747e-06,-0.1630238930699573,-0.0942884069865305,0.343491398237806,0.0,32.125823974609375,20.37238311767578,0.0,29.860870717553325,0.7035324117323327,0,0
2023-01-02,100452.24061917754,298.265887264908,9.893261806822798e-06,-0.0997224159575466,0.2476970346118126,0.3335205629075687,0.0,31.28487205505371,20.84693145751953,0.0053033624,29.769817993782432,0.703342538829803,1,1
2023-01-03,100449.81939592348,298.2827857497049,1.716777271674084e-06,-0.0761382989634658,-0.1470209397523359,0.3246264661185257,0.0,30.76740264892578,20.383525848388672,1.9928855,29.67876527001154,0.7031526659272733,1,1
2023-01-04,100286.78607276783,298.82231205801423,0.0001322510571819,-0.1351141898817477,-0.0683400236452581,0.3167403388845905,0.0,30.904705047607425,20.697004318237305,0.0,29.587712546240645,0.7029627930247436,1,1
2023-01-05,100369.10245119652,298.6028525490847,6.740701689668335e-05,0.149412759681034,-0.3212207963595899,0.3108513271855914,0.0,30.98289680480957,20.75383949279785,0.23789126,29.496659822469752,0.7027729201222139,1,1
2023-01-06,100395.35561707152,299.5265373049312,1.1008474778946467e-05,-0.4468816771273974,-0.3409246997429725,0.3043135177460065,0.0,30.82620048522949,20.826637268066406,0.3022855,29.40560709869886,0.7025830472196842,1,1
2023-01-07,100336.11449581952,299.14610111027014,0.0017371413077578,-0.4397783281711708,-0.1049089815943612,0.307714344088397,0.0,31.19249725341797,21.94452857971192,1.0037086,29.314554374927965,0.7023931743171545,1,1
2023-01-08,100274.89038423431,299.6183300921659,9.211368007089016e-06,-0.1357342978769919,-0.1885755455168641,0.3067762437011777,0.0,30.952842712402344,21.76512908935547,0.0,29.223501651157072,0.7022033014146248,1,1
2023-01-09,100372.2700289224,299.4170769990557,8.751027065835027e-05,0.0297131848343864,-0.1184046857559647,0.3001737596897254,0.0,31.182880401611328,21.74251365661621,0.0,29.13244892738618,0.7020134285120951,0,1
2023-01-10,100325.2229545952,298.57953275306147,5.6271994867090765e-05,-0.0173109648448083,-0.0541998578143931,0.2952332940865687,0.0,31.062950134277344,20.294347763061523,0.0,29.243348069319786,0.7018235556095656,1,1
2023-01-11,100224.2158027628,297.8775099162686,8.581309242451445e-05,0.1810142520185072,-0.216647049428924,0.2910403256118836,0.0,31.05485916137696,20.127744674682617,0.04129295,29.354247211253394,0.7016336827070359,1,1
2023-01-12,100155.61498768115,297.5678594121281,2.301538889046142e-08,0.0025038026189958,0.265773504338366,0.2867705516767038,0.0,30.81341552734375,19.485082626342773,0.34016988,29.465146353187002,0.7014438098045062,1,1
2023-01-13,100237.81569856797,297.7995366794528,2.9449793782011654e-06,0.2314774479369072,-0.1777294775602522,0.282892555381719,0.0,30.15818214416504,19.0700798034668,1.3903297,29.57604549512061,0.7012539369019765,1,1
2023-01-14,100197.45806239858,298.2072989015228,9.891842725343151e-06,-0.08626772632592,0.1433082618368318,0.2794470476952292,0.0,30.75576972961425,19.44382095336914,0.0,29.686944637054218,0.7010640639994468,1,1
2023-01-15,100137.65449385442,298.4052828426387,1.864309136675725e-06,0.0258833567301432,0.0938027312025053,0.2764142486163238,0.0,31.0632266998291,19.706222534179688,0.021887777,29.797843778987826,0.7008741910969171,1,1
2023-01-16,100162.26505266796,298.96695275736033,5.245184578144858e-05,0.1974653542679453,-0.0497165633761147,0.2739276029639754,0.0,31.44008445739746,19.99353408813477,0.0,29.908742920921433,0.7006843181943874,1,1
2023-01-17,100232.01400038927,298.761509491684,0.0001020103541522,0.1879253973538435,-0.2382624545397129,0.2723740691074831,0.0,30.899412155151367,20.455385208129883,0.41720927,30.01964206285504,0.7004944452918577,0,0
2023-01-18,100284.77831456043,298.98912238318104,2.523283428309677e-05,-0.0561302524874568,-0.0998107738714978,0.2704306991215809,0.0,31.143150329589844,20.30082321166992,0.0,29.859567736994784,0.6993922289421969,1,1
2023-01-19,100254.44185473626,298.494728647125,1.028849888627196e-05,-0.3088099651861713,-0.2938482226309746,0.2684217408981902,0.0,31.390260696411133,19.65111541748047,0.0,29.699493411134526,0.6982900125925362,1,1
2023-01-20,100280.77950553472,298.2713656940776,5.714784113427104e-06,-0.0796891655081066,-0.0990367012250909,0.266530876650319,0.0,31.02619171142578,19.209835052490234,1.4187832,29.539419085274268,0.6971877962428754,1,1
2023-01-21,100193.6027263573,298.8674903837072,8.153916531556189e-07,0.2106156544640081,-0.1900384806428824,0.2649308126811613,0.0,31.58169937133789,19.97360038757324,0.034994982,29.37934475941401,0.6960855798932147,1,1
2023-01-22,100077.39617781258,298.83223490022044,0.0001213953081683,-0.6230764007293229,-0.3508094014678958,0.2642921309500363,0.0,30.42280578613281,20.9306869506836,0.0,29.219270433553753,0.694983363543554,1,1
2023-01-23,100062.85128328932,299.7951712726988,0.0004954736525185,0.3269137487859734,0.0244963321853162,0.264214344989911,0.0,30.64183235168457,21.66816139221192,0.0073036146,29.059196107693495,0.6938811471938933,1,1
2023-01-24,100133.49752173349,298.2799523905329,0.0134683599087988,-0.2761831245738765,0.0124277029348144,0.3241883867247516,0.47831252,28.817407608032227,22.35879135131836,12.228055,28.899121781833237,0.6927789308442325,1,1
2023-01-25,100096.33475937988,298.6728837723657,0.0010643107743681,0.1580094815389598,-0.0881792889834739,0.3825818959559539,18.923893,30.559389114379883,21.146249771118164,0.0,28.73904745597298,0.6916767144945717,0,1
2023-01-26,100098.54246062996,298.9607725912654,0.0006568815271639,0.0435560923210774,0.3698915569150888,0.3652507027893029,0.9400546,31.36408233642578,20.707237243652344,0.0,28.965897594521316,0.690574498144911,1,1
2023-01-27,100090.40869123016,298.9345689565607,0.0001581589860037,0.0899378078060377,0.1934147332777611,0.351254253408086,0.0,31.346773147583008,20.86544609069824,0.0,29.192747733069652,0.6894722817952502,1,1
2023-01-28,100015.1384191356,298.7966408163815,0.0001166872961735,0.1718322269216382,-0.3351537281682478,0.3363756171097075,0.0,31.47764587402344,20.55802726745605,0.0,29.419597871617988,0.6883700654455895,1,1
2023-01-29,99974.00004314062,298.6574004437291,2.1158409157107407e-06,-0.1633722635684843,0.1588496950931138,0.3232240608097025,0.0,31.43626976013184,19.977191925048828,0.0,29.646448010166324,0.6872678490959288,1,1
2023-01-30,100078.06710160618,299.62672739960936,0.0020986226928269,0.466862788752361,-0.207030271678493,0.3166346889889746,0.0,30.707733154296875,21.17699432373047,1.6267247,29.87329814871466,0.6861656327462681,1,1
2023-01-31,100030.89834147548,299.5556819279302,0.0019744732216969,0.1829606859941067,-0.5395829021135394,0.3313542133427137,0.009875561,31.60908508300781,22.09049797058105,0.0,30.100148287262996,0.6850634163966073,1,1
2023-02-01,99936.15247017842,300.19802028185075,0.0004275404273928,-0.0473792161745497,0.0455693647199159,0.3252407756759107,0.111082606,31.74617576599121,21.908864974975582,4.32621,30.326998425811333,0.6839612000469466,1,1
2023-02-02,100012.38591498468,299.0396866998444,0.0049067146793899,-0.6538985608102383,0.3506915691394993,0.3351038910904418,0.0,28.903797149658203,22.75108337402344,10.602731,30.55384856435967,0.6828589836972858,0,0
2023-02-03,100063.1756385632,299.0669096529319,0.002845812850896,-0.1542769596114985,0.0985168582302029,0.3638500137274076,0.25484887,29.34509658813477,21.52812385559082,0.6206423,30.631729094111463,0.6830039968672597,1,1
2023-02-04,100035.08231251506,299.6145321705806,0.0082400471987683,-0.2510536357550856,0.5490270143002899,0.3755142773870007,3.99531,30.1186637878418,22.08221244812012,0.17369507,30.70960962386326,0.6831490100372335,1,1
2023-02-05,100002.4456961286,300.16419709911,0.000948277729673,0.212312467210868,0.1748109361646496,0.3718974435253488,0.40906885,32.129817962646484,21.58938217163086,0.0,30.787490153615053,0.6832940232072073,1,1
2023-02-06,100086.61674183112,299.5622792682449,0.0009372791543713,0.2790918308376822,0.1205962830286843,0.3566201111777126,0.0,31.126585006713867,20.255517959594727,1.487158,30.865370683366848,0.6834390363771812,1,1
2023-02-07,100077.57146579228,299.65406877018114,2.818836476952692e-06,0.248683702775185,-0.2015078237730518,0.3405111444470745,0.0,32.416072845458984,19.5887451171875,0.12357335,30.943251213118643,0.683584049547155,1,1
2023-02-08,100057.83450000796,299.9092284458334,0.000162910664932,0.1731221055250814,0.2359201030270356,0.3270629819073719,0.0,31.9487533569336,20.65520477294922,0.0,31.021131742870438,0.6837290627171289,1,1
2023-02-09,100184.51707763528,299.51441290069334,0.0010896269680941,0.2726994222396124,0.1876024839353326,0.3232474059407449,0.0,31.935136795043945,21.5590877532959,0.09649552,31.099012272622232,0.6838740758871027,1,1
2023-02-10,100216.3800391752,299.800003608899,0.0001870729476856,-0.1109125144436664,0.3365302990944229,0.3158925056801434,0.0,32.14553451538086,20.63226890563965,0.0,31.176892802374027,0.6840190890570765,0,1
2023-02-11,100299.35689362268,299.0272754947072,0.0007582889841764,0.2835554984315455,0.2433755940894608,0.3122038228506938,0.0,32.01559066772461,20.53335189819336,0.049918458,31.303627343976977,0.6841641022270505,1,1
2023-02-12,100246.47445706229,299.45145955884215,0.0003413220432919,0.2833976082997276,0.1264737464585174,0.3054166491866498,0.0,32.032249450683594,20.57174301147461,0.0,31.430361885579927,0.6843091153970243,1,1
2023-02-13,100232.36313228287,299.66314489793604,0.0003908832704939,0.2171312546068007,0.5805999096776305,0.3009550586631198,0.0,31.97288703918457,19.7562198638916,0.0,31.557096427182877,0.6844541285669982,1,1
2023-02-14,100220.50873981764,299.11991681317784,0.0008797333439734,0.4649387951552947,-0.2316010581399546,0.3005010752970817,0.0,31.98746490478516,20.317840576171875,0.0,31.683830968785827,0.684599141736972,1,1
2023-02-15,100074.5906417045,299.2911465903117,2.9823005715941727e-06,0.1430122181979176,0.253779045104522,0.2940607561573901,0.0,31.98712730407715,19.544713973999023,0.0,31.810565510388777,0.6847441549069458,1,1
2023-02-16,100078.93402503872,299.6839519626376,0.0002879198856107,0.2742990149172299,0.2399428132090778,0.2878985272561262,0.0,31.731801986694336,20.35261344909668,0.0,31.937300051991727,0.6848891680769197,1,1
2023-02-17,100176.9040655592,299.32779694497697,0.0012381212282731,0.2205084786849005,0.3730480595841003,0.2917095620638762,0.0,31.607873916625977,20.20989799499512,0.0,32.06403459359468,0.6850341812468935,1,1
2023-02-18,100242.84715053646,298.8859526839075,0.0019421984775326,0.2313448120329956,-0.035077740558854,0.3018470556206652,0.0,32.227508544921875,20.268421173095703,0.0,32.19076913519763,0.6851791944168674,0,0
2023-02-19,100233.26594506222,299.6857353466781,1.1946470060567709e-05,0.2069061892381409,-0.0797152666965919,0.2953428278062218,0.0,32.409427642822266,20.90853881835937,0.0,32.286927023044875,0.6840656690540445,1,1
2023-02-20,100249.80960946188,300.29714856363853,7.653764082643473e-06,0.2897236217944034,0.0409236268536347,0.288398639157581,0.0,32.66648864746094,21.916717529296875,0.0,32.38308491089212,0.6829521436912218,1,1
2023-02-21,100231.48247205898,300.77286581655505,0.0001053443865817,0.4009981546311413,-0.0305063861653644,0.2829068790678366,0.0,32.90666961669922,21.94486618041992,0.0,32.47924279873937,0.681838618328399,1,1
2023-02-22,100161.59922416166,300.6895520874823,0.0003263485407231,0.1195660419282983,0.3801790505078051,0.279039944431962,0.0,32.634647369384766,21.26735115051269,0.0,32.57540068658662,0.6807250929655762,1,1
2023-02-23,100143.06981306676,299.9444406841621,0.0010760609982428,0.1891675071656696,0.4784411199821677,0.2834845677148925,0.0,32.60649871826172,20.43464469909668,0.0,32.67155857443387,0.6796115676027534,1,1
2023-02-24,100286.7791528382,299.9334132472746,1.7275115080093182e-06,0.4775171278760846,-0.3673985029215537,0.2791618304064045,0.0,32.64678955078125,20.984588623046875,0.0,32.767716462281115,0.6784980422399306,1,1
2023-02-25,100372.28353404575,300.58043553883937,5.8438847978513774e-05,0.3071924913443974,-0.1849765749788152,0.2748005345744975,0.0,33.18382263183594,21.30646133422852,0.0,32.86387435012836,0.6773845168771079,1,1
2023-02-26,100415.65626837147,300.71574798457425,9.007593730877314e-05,-0.0042636766214756,0.2306833542343343,0.271690564683487,0.0,32.81596374511719,21.15395736694336,0.0,32.96003223797561,0.676270991514285,0,1
2023-02-27,100420.74335417469,299.93476105745145,2.4935672908424644e-05,-0.1199921439338553,0.218552374398426,0.2688428253089455,0.0,32.43490982055664,20.341440200805664,0.0,33.04782979924907,0.6751574661514622,1,1
2023-02-28,100412.60444640565,300.68501725915047,7.3212430558700285e-06,0.3507526437599135,-0.2076865815961571,0.2663515756760441,0.0,32.25143814086914,20.81891822814941,0.0,33.135627360522534,0.6740439407886395,1,1
2023-03-01,100384.73705329806,301.2636876943694,0.0010066886595802,-0.2060124524325501,0.2622050858845088,0.2672270202682574,0.0,31.863725662231445,22.44968605041504,0.0,33.223424921795996,0.6729304154258167,1,1
2023-03-02,100434.96148711724,301.21011334701376,1.6729283259742924e-05,0.1738534143644824,-0.1608617105425543,0.269268680727959,0.0,32.6759147644043,22.00096702575684,0.0,33.31122248306946,0.6718168900629939,1,1
2023-03-03,100446.7786864501,301.05056430680463,8.607292287028575e-07,-0.237624473218692,0.1972318101293236,0.2661859573316568,0.0,33.09131622314453,20.87530899047852,0.0,33.39902004434292,0.6707033647001711,1,1
2023-03-04,100442.29903244128,301.0280099323785,7.388868453962214e-07,0.4287915913613603,0.1912767405922072,0.2638434933876672,0.0,33.2054443359375,21.44304656982422,0.0,33.48681760561638,0.6695898393373483,1,1
2023-03-05,100405.15287840008,301.4959443031932,0.000296508757449,0.2045769834191714,-0.0546499681323748,0.2633477877160508,0.0,32.842674255371094,22.554248809814453,0.061738633,33.57461516688984,0.6684763139745256,1,1
2023-03-06,100290.4177574491,301.12399351581064,8.161378028036929e-06,0.1080780244816494,-0.0383837389708109,0.2626901897820649,0.0,33.033546447753906,21.72839736938477,0.0,33.662412728163304,0.6673627886117027,0,0
2023-03-07,100220.63119775,300.8910906574219,1.720129843549366e-06,0.2113064484952203,-0.0063968905177106,0.2611998186502366,0.0,32.6810302734375,21.59336280822754,0.0,33.462335436345256,0.6670787974635067,1,1
2023-03-08,100156.81660399248,301.4948167290764,7.697550205833096e-06,0.3259945945221582,0.1078190999415677,0.2599694876447866,0.0,32.89414596557617,22.73021507263184,0.0,33.26225814452721,0.6667948063153107,1,1
2023-03-09,100111.71269986722,301.9187823842533,6.146043457017903e-06,0.1735029425783245,0.1644586119919474,0.2589665108080136,0.0,32.99421691894531,22.55501937866211,0.013048112,33.06218085270916,0.6665108151671147,1,1
2023-03-10,100132.12299346288,301.313579750084,0.0002617403423197,0.3861528461491608,0.4550632146534287,0.2591626533795353,0.0,32.78728103637695,22.47669219970703,0.079779275,32.862103560891114,0.6662268240189188,1,1
2023-03-11,100136.35111501158,301.4125841807712,0.000266722217121,0.3306494193633655,0.0079908627474418,0.2604025801667687,0.0,33.21967697143555,22.63457298278809,0.0,32.66202626907307,0.6659428328707228,1,1
2023-03-12,100067.84747482468,301.95365613228233,0.0003257910201872,0.3579436482281506,0.2935947716587194,0.2608963128021237,0.0,33.148921966552734,22.64909744262696,0.0,32.46194897725502,0.6656588417225268,1,1
2023-03-13,100008.9448822678,301.9817338836409,7.989361952601242e-05,0.4499821452541928,-0.0781037266229491,0.2605795419507051,0.0,33.19114685058594,23.22657012939453,0.0,32.26187168543697,0.6653748505743308,1,1
2023-03-14,99924.93215631672,302.00102400685154,0.0007446376920829,0.4177414591258814,0.1463564463798953,0.2626599936491596,0.45587182,33.51315689086914,22.65757369995117,0.05786394,32.061794393618925,0.6650908594261349,0,1
2023-03-15,99975.39059712,300.7454735003551,0.0066270197331112,0.3782549256357899,0.3400035997840817,0.2920134854239331,0.0,33.71543884277344,23.26294136047364,3.7796998,32.06841479423043,0.6648068682779389,1,1
2023-03-16,100074.80238021114,299.9794867836895,0.0056543652369872,0.1296705315069791,-0.0853313327423152,0.3506130380604126,5.426543,33.37749481201172,22.71826934814453,0.18381162,32.07503519484193,0.6645228771297429,1,1
2023-03-17,100013.33498940448,300.71479690864504,0.0042906852398807,0.1954316902596269,-0.1217689470597679,0.3709832260364782,6.042475,33.69512176513672,23.246376037597656,0.94470793,32.081655595453434,0.6642388859815469,1,1
2023-03-18,100020.32869011264,299.7680427976806,0.0049495804551936,0.0741946398746166,0.5128446938484559,0.3900438566192983,4.1491656,33.28483963012695,23.513919830322266,0.24319081,32.08827599606494,0.6639548948333509,1,1
2023-03-19,100005.68160834291,299.44252851706085,0.0025828653891655,0.3569991951708697,0.0172611922939202,0.4024543268116839,9.0182,33.8824348449707,23.16939163208008,0.0,32.09489639667644,0.6636709036851549,1,1
2023-03-20,99966.67947555346,300.06924125675056,0.0016816608659927,0.6375954193856256,0.1511116376618436,0.3868746113814418,3.2195513,33.54997253417969,23.27102279663086,0.0,32.10151679728794,0.6633869125369589,1,1
2023-03-21,99931.2127211734,300.84402642225416,1.1881108438053703e-06,0.6266112712186495,-0.6644558755806083,0.3627194096110936,0.38650233,34.049163818359375,22.900758743286133,0.12944363,32.108137197899445,0.6631029213887629,1,1
2023-03-22,99959.88371381589,300.8237325333821,1.509657664809348e-06,0.590179732476652,-0.6464227602621988,0.3402345913908691,0.0,33.99287033081055,22.806846618652344,1.2499254,32.11475759851095,0.6628189302405669,0,0
2023-03-23,99965.983026137,301.31892925793915,1.5090395640104675e-05,0.6658679537366741,-0.1277695882347631,0.3238174376801267,0.0,33.97713851928711,23.168312072753903,8.752448,32.09946643301385,0.6640513355011523,1,1
2023-03-24,100038.48505474336,300.71445674302413,0.0019152639530771,0.1472483115752795,0.0478309528918518,0.3220993312079541,0.0919008,33.32093811035156,23.77397918701172,14.836401,32.084175267516756,0.6652837407617376,1,1
2023-03-25,100084.50619639998,301.17703722268146,0.0013036526304732,-0.1235940442347214,0.035251739478223,0.3230369230605817,9.707841,34.14659118652344,23.292909622192383,2.4349997,32.06888410201966,0.6665161460223229,1,1
2023-03-26,100076.66942285265,300.0771211288714,0.00590783925391,-0.0410360516744073,-0.0309445676443625,0.3415613994100859,1.833416,34.05412292480469,23.46714973449707,8.20217,32.05359293652256,0.6677485512829082,1,1
2023-03-27,99987.34606650396,301.51652890097733,2.1197087189543343e-05,0.7265052579890536,-0.7936606937510016,0.347857446850514,6.73827,33.88246536254883,23.212003707885746,0.6830324,32.038301771025466,0.6689809565434935,1,1
2023-03-28,99981.0232147536,302.12391760819577,0.0002168064303575,0.6237567844750833,-0.4184667923685765,0.3309686605511039,0.93597573,34.110816955566406,23.46991539001465,9.515399,32.02301060552837,0.6702133618040789,1,1
2023-03-29,100094.11896278003,301.22303751291946,0.0019759732228008,0.4138534842581831,-0.6524661562307794,0.3289699415731264,0.45548204,33.853240966796875,24.055007934570312,2.8328056,32.00771944003127,0.6714457670646642,1,1
2023-03-30,100037.6389678724,301.4083952634922,0.0003880338439045,0.914106423357012,-0.8137918372382941,0.3242279375555252,2.4422762,34.27601623535156,23.639766693115234,9.320733,31.992428274534177,0.6726781723252495,0,1
2023-03-31,99937.04274893836,301.52474872755573,0.0001828281690487,1.0195729562562454,-0.9618964474108636,0.3135685611765665,4.3122144,34.54220962524414,23.261213302612305,0.24797112,32.156254355845086,0.6739105775858347,1,1
2023-04-01,100026.6279664304,301.15744360841114,0.0005441882557528,0.976269361448053,-0.4469047734077941,0.3065061543993486,1.4994562,34.090763092041016,23.73517227172852,1.6738461,32.320080437155994,0.67514298284642,1,1
2023-04-02,99998.90539716592,300.65911294611783,0.0014377256189715,0.4623823692082414,-0.7040299902255756,0.3067475842919427,3.866115,33.762451171875,23.59821891784668,1.2645437,32.4839065184669,0.6763753881070054,1,1
2023-04-03,99980.62222291873,301.3554518179533,0.002796384463798,0.7450030311137844,-0.6172455862632008,0.3043747967374856,8.26467,33.8692512512207,23.620933532714844,3.5926764,32.64773259977781,0.6776077933675907,1,1
2023-04-04,100071.64395621802,299.62422841843943,0.0071140739044427,0.515026558418517,-0.9442633367069124,0.3850463249746718,5.951701,32.70323181152344,23.786766052246094,2.3211958,32.81155868108872,0.678840198628176,1,1
2023-04-05,100039.18061728284,300.27524414388074,0.0096000654577907,-0.0995023390151715,0.0407036882651111,0.4009098060315353,7.302478,33.768341064453125,23.179128646850582,1.0408511,32.97538476239963,0.6800726038887613,1,1
2023-04-06,100032.54404890865,300.9034866787434,0.0049871310859357,0.1263218811031488,-0.0468072883210684,0.4087121482938081,1.2063538,34.2603759765625,23.78974342346192,2.9985323,33.139210843710536,0.6813050091493467,1,1
2023-04-07,100171.0627161726,300.47783373628533,0.0026089874140691,-0.0012114639250127,-0.3497033799578757,0.4163120010464019,2.234874,34.224090576171875,23.64668083190918,1.5178199,33.303036925021445,0.682537414409932,0,0
2023-04-08,100245.52535675815,301.1692950581971,0.0011793366099325,0.2699725798423337,0.2404042361432908,0.3924432476633858,1.7645605,33.191986083984375,23.32137680053711,0.9321688,33.29741753553988,0.6801064194547708,1,1
2023-04-09,100246.2042232953,300.8908671826063,0.0018872286904281,0.0943079883196217,-0.110554365602189,0.3800266938565485,0.61805266,33.73290252685547,23.432994842529297,1.7531613,33.29179814605831,0.6776754244996096,1,1
2023-04-10,100129.44339400488,301.7177160024385,0.0008895968760052,0.2652607193387519,0.0202777952310457,0.3662885612472201,0.6728012,33.45331573486328,23.626609802246094,0.64075947,33.286178756576746,0.6752444295444484,1,1
2023-04-11,100158.41516425832,302.17687927064514,0.0004467610839785,0.264960211162198,-0.1944625575692339,0.3530951840528747,0.12540181,34.10976028442383,24.29181671142578,0.0,33.28055936709518,0.6728134345892871,1,1
2023-04-12,100101.0589412814,302.1401142691719,0.0006109762664901,0.2745940440806478,0.3321095055750836,0.3401147478087359,0.0,34.245826721191406,24.02172470092773,0.0,33.27493997761361,0.6703824396341259,1,1
2023-04-13,100105.6010416432,302.46173987404086,0.0005869947285201,0.5657073088686172,0.0603936420981307,0.3288310619913224,0.0,35.00914764404297,24.144664764404297,0.0,33.26932058813205,0.6679514446789647,1,1
2023-04-14,100100.15905619384,302.30904182308444,0.0004405705427169,0.6696174380756055,-0.3566323420450885,0.3206316863907289,0.0,35.31938552856445,24.23215103149414,0.0,33.26370119865048,0.6655204497238035,1,1
2023-04-15,100022.78322859852,302.08374560379417,0.000190712197592,0.536188919593801,-0.3411638375328257,0.3118902687442347,0.0,34.80693435668945,24.311017990112305,0.0,33.258081809168914,0.6630894547686423,0,1
2023-04-16,99949.55303858969,301.5361289932173,0.0014837782895491,0.3885755407106621,-0.1335764371627998,0.3094534430886163,0.06583707,34.91173553466797,23.697772979736328,0.0,32.883230987539115,0.6606584598134811,1,1
2023-04-17,99956.56673623166,302.3181560457663,0.0003075346684434,0.4871284699465795,-0.3640797002941158,0.306908257951357,0.0,35.017967224121094,23.873157501220703,0.0,32.508380165909315,0.65822746485832,1,1
2023-04-18,100024.63410695305,302.7959965126835,0.0009668860903342,0.7906322107820618,-0.2489719803566285,0.3026759564582797,0.0,35.11607360839844,24.5551986694336,0.0,32.133529344279516,0.6557964699031588,1,1
2023-04-19,99853.17475779045,302.6013048304748,0.0013475831108875,0.7135268175941575,0.018937914829183,0.3031706789935892,0.0,34.857177734375,24.93462562561035,1.4468007,31.758678522649717,0.6533654749479976,1,1
2023-04-20,99715.54570662322,302.5226815846523,0.001085605895502,0.8132061312327326,-0.0681390124511397,0.3051119037568104,0.67836344,34.510196685791016,24.896244049072266,0.041861087,31.383827701019918,0.6509344799928363,1,1
2023-04-21,99765.21367502106,301.2953290307676,0.0042297933593236,0.4727646637054603,-0.1221844326032585,0.3207769978575186,0.2513089,34.617713928222656,25.08344268798828,1.3068712,31.00897687939012,0.6485034850376751,1,1
2023-04-22,99748.89757844427,301.8998423795429,0.0029368623849333,0.5154637644992796,-0.5454144779055833,0.3405454027808935,8.244069,34.692626953125,24.93474006652832,1.9299741,30.63412605776032,0.6460724900825139,1,1
2023-04-23,99763.88044499038,302.1372473435071,0.0038276821229804,0.3546229987380052,-0.599170123589327,0.3492855968949944,8.423702,34.7564582824707,24.770038604736328,5.028213,30.25927523613052,0.6436414951273527,0,0
2023-04-24,99835.527149764,302.1697436535728,0.0017888603093836,0.2215497745661112,-0.065586413295671,0.3508612500573742,10.184545,34.38618850708008,24.4003849029541,3.5983598,30.037811376488072,0.6476187473070016,1,1
2023-04-25,99928.27773178068,300.79325212803536,0.0095562536152221,0.0370645879595766,-0.0732330280021487,0.379987224877375,11.246861,33.3076286315918,24.551252365112305,8.296844,29.816347516845624,0.6515959994866507,1,1
2023-04-26,99888.86687154644,300.15019928553545,0.0190638271890905,-0.0345598760312072,-0.1686023916672566,0.435993494702612,15.212844,33.301876068115234,23.138771057128903,6.171939,29.594883657203177,0.6555732516662997,1,1
2023-04-27,99913.57484167688,300.97267899213466,0.0071423486858509,0.0185500304420086,0.1116995445050389,0.4318085326671543,13.661887,33.19429397583008,23.255863189697266,5.7907534,29.37341979756073,0.6595505038459486,1,1
2023-04-28,99972.86969763775,300.4940409691865,0.0069108017833113,0.2597042544126826,-0.0268781291620277,0.4454591480323451,7.7926326,33.15732192993164,24.308433532714844,14.696952,29.15195593791828,0.6635277560255977,1,1
2023-04-29,99903.84669465464,299.35555218819144,0.0112131275953907,0.0094364747245633,-0.3008813329837201,0.4591989747634488,20.612238,32.76317596435547,23.3891716003418,12.282663,28.930492078275833,0.6675050082052466,1,1
2023-04-30,99789.61619555949,299.51039342379295,0.0242612537072836,-0.2041987547408447,0.0031515416337802,0.4708762559226992,14.9871235,32.56847381591797,22.461101531982425,8.378068,28.709028218633385,0.6714822603848957,1,1
2023-05-01,99849.30169313092,299.00541920437814,0.0254797992866899,0.1795345849322505,0.0699330424012896,0.4753811172832019,19.638275,31.98194122314453,23.38452911376953,16.646986,28.487564358990937,0.6754595125645446,0,1
2023-05-02,99908.72360904116,299.2535739641434,0.0128459764539934,-0.2363661101036654,0.0434100176511668,0.4761183285085554,36.65893,31.262678146362305,22.858930587768555,23.06335,28.689444390947486,0.6794367647441936,1,1
2023-05-03,100021.49180504534,299.67321284239455,0.0005607456640564,-0.0300598703965156,-0.640376331170228,0.4640212679786284,19.647612,30.877456665039062,22.551820755004883,16.589846,28.891324422904034,0.6834140169238426,1,1
2023-05-04,99951.62609659316,300.90678119602103,0.0003245963082554,0.5952853113717366,-0.3869023921326644,0.4474531648995599,1.2304586,32.41714096069336,23.316909790039062,11.1697855,29.093204454860583,0.6873912691034916,1,1
2023-05-05,99902.63702020602,299.80995258010773,0.0017072106875054,-0.2444936793818326,-0.0269678117621617,0.4404139425307745,0.22707105,31.005943298339844,23.88080406188965,5.3918395,29.29508448681713,0.6913685212831406,1,1
2023-05-06,99908.86464484538,300.14486746289924,0.0075527146216761,0.1896278180960265,-0.2139659470728862,0.4511064986137119,3.656572,32.553863525390625,24.02619361877441,17.49699,29.496964518773684,0.6953457734627896,1,1
2023-05-07,99889.90183932777,299.65227802385294,0.0007639189897943,-0.0705511171322829,-0.6194774483470823,0.466988106590149,14.183309,30.902189254760746,23.083532333374023,1.579053,29.698844550730232,0.6993230256424385,1,1
2023-05-08,99842.78953599022,300.4368661510671,0.0018321745411946,0.3358083253354462,-0.693347258813709,0.4495379838509005,0.33801445,33.15704727172852,23.8839054107666,15.050373,29.90072458268678,0.7033002778220876,1,1
2023-05-09,99872.74588567729,299.4855604952438,0.0143869889247117,0.2334701537168833,-0.1497257623352645,0.4661303503121561,10.109222,32.3595085144043,24.17890357971192,12.37858,30.10260461464333,0.7072775300017365,0,0
2023-05-10,99820.81074385442,300.16490020985816,0.008942695476719,0.1580219339874447,0.0567015150530806,0.4740566861702567,11.839946,33.1276741027832,23.68954849243164,1.0525182,30.091652734099977,0.7030935956607054,1,1
2023-05-11,99986.00845949174,299.8536376120853,0.01363497793589,-0.1190831743477198,0.37286032528699,0.4615520368847285,4.0113773,33.184181213378906,24.276588439941406,14.488914,30.080700853556625,0.6989096613196744,1,1
2023-05-12,100041.81177341825,300.5844549951051,0.0050504496504003,-0.1409289083424662,0.6062418834451502,0.4601510648960134,4.70867,32.917354583740234,24.242263793945312,1.4164592,30.069748973013272,0.6947257269786433,1,1
2023-05-13,100118.92978587231,300.1573758914589,0.0077042596099377,0.38443278269006,0.8111048434729015,0.4704810874022778,0.0,33.40717315673828,24.963376998901367,0.2786462,30.058797092469916,0.6905417926376122,1,1
2023-05-14,100006.26278728708,300.88530911779105,0.0035570293874505,0.8588027580381373,0.1177612570619222,0.4722841664967822,0.68509966,34.22913360595703,24.887922286987305,0.26199535,30.047845211926564,0.686357858296581,1,1
2023-05-15,100037.85526748584,300.7078333855937,0.0027036012717366,0.6296072369628349,-0.482125677445113,0.4715060105560519,0.09171548,33.68226623535156,24.82297134399414,0.084662825,30.03689333138321,0.68217392395555,1,1
2023-05-16,100063.46893212966,302.08291426597987,0.0003644275957951,0.9099681052698484,-1.0496162213389586,0.450117401928265,0.0,35.04972076416016,25.318923950195312,0.070436865,30.02594145083986,0.677989989614519,1,1
2023-05-17,100098.54319877455,301.66786074532325,0.0048062595860186,0.1704236516758775,-0.5909869541040277,0.4475308918210661,0.53803766,34.42088317871094,25.11824989318848,6.646696,30.014989570296507,0.6738060552734878,0,1
2023-05-18,100160.91326730412,301.5168598049865,0.0049229885830674,-0.0084197324891978,-0.1590834186833443,0.4510056215605638,7.7664304,33.41352844238281,24.830596923828125,8.419614,29.813458195404756,0.6696221209324567,1,1
2023-05-19,100148.5553492828,299.7217141688049,0.0098818634236026,-0.1032680188653732,0.1640733750856099,0.4739468230953553,4.1539245,32.95361328125,24.94857406616211,3.4173994,29.611926820513006,0.6654381865914256,1,1
2023-05-20,100069.24986206742,300.8411425255657,0.0041074250209129,0.2074090102670685,-0.2090803562040039,0.4710261602501469,2.0463514,34.13334274291992,24.76678466796875,2.744484,29.410395445621255,0.6612542522503946,1,1
2023-05-21,100145.09326735346,300.0049100262083,0.0077281721685924,0.1181512129451523,-0.2596480439153195,0.4727557573571831,1.0554601,34.12212371826172,24.597599029541016,12.483471,29.208864070729504,0.6570703179093634,1,1
2023-05-22,100163.53740408114,299.5759667328795,0.0084608740156101,-0.2530261343639478,0.304413587832941,0.4642973616799852,6.4841504,33.11158752441406,24.042818069458008,13.849282,29.007332695837754,0.6528863835683323,1,1
2023-05-23,100208.80217824268,300.52766635214755,0.0021497076560194,-0.0456539696978754,0.2701577909406324,0.4583067113869694,15.909905,33.06027603149414,23.483135223388672,3.6507347,28.805801320946003,0.6487024492273012,1,1
2023-05-24,100245.4542701337,300.5390376118402,0.0078257516508359,0.2073941059389973,0.3958781719608998,0.4677176801670284,5.7811913,33.20915985107422,24.47835922241211,6.2948346,28.604269946054252,0.6445185148862702,1,1
2023-05-25,100290.5377852445,300.34647316972234,0.0039207917680776,0.1899693992679861,-0.2098806541059751,0.4782258602472032,4.1466126,33.33260726928711,24.38801383972168,3.6042001,28.4027385711625,0.6403345805452391,0,0
2023-05-26,100301.99448058476,299.4299645977019,0.0085688865273015,-0.098805343607524,-0.4840567221448376,0.4827273667238412,5.3928747,32.847267150878906,24.262435913085938,11.916569,28.47504609012904,0.6290393936158972,1,1
2023-05-27,100080.14474008576,300.1344293958222,0.0092533469720242,0.2832293475472393,-0.4373982650526644,0.481218925762211,1.8600829,33.73069763183594,23.699369430541992,5.040604,28.54735360909558,0.6177442066865553,1,1
2023-05-28,99995.5543171364,299.9757334891098,0.0100851364651102,-0.0318993537353486,-0.514943518250561,0.4649305310382883,12.522179,33.57174301147461,24.374818801879883,9.054299,28.61966112806212,0.6064490197572134,1,1
2023-05-29,99963.6532696003,301.36709089195494,0.0023667164122718,0.0739475795462923,-0.4766100239819641,0.461105558530888,1.7064683,33.978878021240234,24.69024658203125,28.398714,28.69196864702866,0.5951538328278715,1,1
2023-05-30,100010.49332083607,300.7121330441901,0.0037585705206368,-0.1836235333354531,-0.133599377864971,0.4638935293854966,4.4737043,33.59553527832031,24.31409072875977,20.98998,28.7642761659952,0.5838586458985296,1,1
2023-05-31,100011.17187728912,299.6962130973368,0.0148158039678703,-0.1003153397782173,0.4381209862663535,0.473896592006415,7.4418488,32.88239669799805,23.815902709960938,27.03932,28.836583684961738,0.5725634589691877,1,1
2023-06-01,100057.88435640551,299.6326060874601,0.0080211660829032,0.4016554805289267,0.6232834791016558,0.462462945459611,11.844243,32.72262954711914,24.166879653930664,11.127791,28.908891203928277,0.5612682720398459,1,1
2023-06-02,100043.32404818316,299.793200036714,0.0123192150080455,0.0522838521711613,0.1523549864392166,0.4709421497853506,0.49089962,33.496463775634766,24.44321060180664,13.390371,28.981198722894817,0.5499730851105039,0,1
2023-06-03,100004.82223099517,300.6273125113024,0.0093801856056052,0.4565269808626501,0.0274125261223076,0.4725570418482461,3.9480205,33.702510833740234,24.92867660522461,36.2572,28.385430682156453,0.5386778981811621,1,1
2023-06-04,100031.79250271406,299.7091389525495,0.0052280940042338,0.2523901853757433,-0.0345024621490962,0.4791544293938871,2.6285274,33.98008346557617,24.285873413085938,10.135886,27.78966264141809,0.5273827112518201,1,1
2023-06-05,100023.57507076237,299.45427795178136,0.0111988093016476,0.4387139548388707,-0.0892220790289617,0.4764657684896612,1.2954295,33.73433303833008,24.79784393310547,12.126523,27.193894600679727,0.5160875243224783,1,1
2023-06-06,99965.4446373348,299.66496717570163,0.009222551412629,0.3066162559214887,-0.1114002160834555,0.4757233760809437,4.053092,32.87642288208008,23.62826919555664,13.162126,26.598126559941363,0.5047923373931364,1,1
2023-06-07,100053.7547090175,298.6669747952959,0.0152495710342754,0.0757401091846971,-0.1157543151650037,0.478174022963907,12.93738,33.01179122924805,24.47759246826172,30.408808,26.002358519203,0.4934971504637945,1,1
2023-06-08,100029.9794381297,299.3200220623216,0.0088747521921146,0.3121330838089365,-0.1136891231727164,0.4729334704791975,38.56439,32.65165710449219,23.455698013305664,1.4281054,25.406590478464636,0.48220196353445266,1,1
2023-06-09,99968.7171436433,298.9435403495759,0.0113978130267328,0.2711964203827312,-0.1248435465414544,0.4739800636721626,8.406366,31.9664363861084,23.60647201538086,12.557282,24.810822437726273,0.4709067766051107,1,1
2023-06-10,99922.79827234488,298.24073930055505,0.0275193430193986,-0.1998567135234565,-0.4061014851292591,0.4665633691218427,18.660583,31.75524139404297,23.088991165161133,5.973721,24.21505439698791,0.4596115896757689,0,0
2023-06-11,99899.09025214778,299.10385668731993,0.0101138218925655,0.2805086203615373,-0.2366193607028595,0.4778550840768266,7.90861,32.04240417480469,23.73262405395508,1.4752346,24.361022697968046,0.4623803418912548,1,1
2023-06-12,99927.73168020874,298.2500971931579,0.0217658757287495,0.136397209172066,-0.0947322536939209,0.4768205629631454,11.064929,31.14065742492676,23.65240859985352,50.49441,24.506990998948183,0.4651490941067407,1,1
2023-06-13,100009.51975968982,298.28655885076694,0.0113474452262135,0.0587743192155253,-0.3763760297197264,0.4766868478275431,24.313887,31.52705955505371,23.08134078979492,8.664133,24.65295929992832,0.46791784632222666,1,1
2023-06-14,100105.00140432952,298.88632464096486,0.005771566087513,0.0515848185698248,-0.740277895432766,0.4828167636888305,13.744501,32.33217239379883,23.587736129760746,0.77675956,24.798927600908456,0.47068659853771255,1,1
2023-06-15,100062.48411650854,299.68098534676795,0.0028460871575363,0.5851920190117138,-1.0610422896628111,0.4759577440375792,9.055725,33.154579162597656,24.16796112060547,23.950415,24.944895901888593,0.4734553507531985,1,1
2023-06-16,99996.33545362086,300.01417122708006,0.0040892980184873,0.8226442257935853,-1.1409202490249553,0.4777978500905468,6.6435456,33.42047119140625,24.596792221069336,0.1118268,25.09086420286873,0.47622410296868445,1,1
2023-06-17,100088.81239933864,299.2278955250724,0.0065084470379883,0.4025579189534859,-0.4983105422613899,0.4844662481409553,4.534546,31.62519264221192,24.188188552856445,24.573902,25.236832503848866,0.47899285518417034,1,1
2023-06-18,100025.81805768424,298.74160485348466,0.0072677577612333,0.6079968652955643,-0.6717760171980822,0.4941452061675722,19.102589,30.17616081237793,23.534727096557617,2.462542,25.382800804829003,0.4817616073996563,0,1
2023-06-19,99835.16027516544,298.9035274183712,0.0049704024470802,0.5299648819584186,-0.5882638867249038,0.4891257067686206,10.559454,31.214290618896484,23.83765983581543,12.471452,25.96153464753018,0.48453035961514224,1,1
2023-06-20,99813.42557411638,298.2609187088444,0.0062096127478777,-0.2503155461439849,-0.0735016255041114,0.4726035969520164,8.301868,30.874706268310547,23.930397033691406,83.23269,26.540268490231355,0.48729911183062813,1,1
2023-06-21,99886.98623761782,298.5013863084006,0.0088402867681585,0.1156780537769103,-0.044944150399984,0.467239238992593,6.712233,29.661664962768555,23.88207626342773,63.529785,27.11900233293253,0.4900678640461141,1,1
2023-06-22,99922.0025263962,298.99794218840844,0.0050134345695565,0.5577470300460982,-0.400441683947947,0.4686452991931767,8.181803,31.52652931213379,23.44100379943848,8.788064,27.697736175633707,0.4928366162616,1,1
2023-06-23,99950.80443892792,299.09658647916234,0.0038059088807804,0.530233397623111,-0.6230557419987508,0.4756073055824475,10.802939,31.761438369750977,23.6081771850586,10.379584,28.27647001833488,0.4956053684770859,1,1
2023-06-24,99908.0828262698,299.0741549192791,0.0036361387241178,0.6797105532624516,-0.4699119954946624,0.4772574439302691,2.7385526,32.138328552246094,23.57853889465332,12.001004,28.855203861036056,0.49837412069257186,1,1
2023-06-25,99953.54034838364,298.3213696138749,0.0183170437293204,0.4944327859182687,0.047125478048195,0.4850708007353947,1.7754679,30.989574432373047,23.19679832458496,8.859841,29.433937703737232,0.5011428729080578,1,1
2023-06-26,100019.66362422664,297.8556509512035,0.0178620148067179,0.5668071357515201,0.0008123885956159,0.4804753510908148,20.030521,30.73615264892578,22.906902313232425,1.0176212,30.01267154643841,0.5039116251235437,0,0
2023-06-27,100112.87851604764,296.9760265783674,0.0303804468832325,0.4037207546020905,0.3648164022827194,0.4787231609932804,9.276357,28.84940528869629,22.94761848449707,2.0754166,29.388153995867167,0.5147872444260504,1,1
2023-06-28,100178.66401084865,297.8810622002848,0.0210036834670275,0.8965479704834748,-0.5752325370802102,0.4859692713061927,28.963593,31.08792304992676,21.84647750854492,0.4005603,28.763636445295926,0.525662863728557,1,1
2023-06-29,100232.06975484162,297.22478404241724,0.0117699598834743,0.1820074244751525,-0.4723275025628309,0.4781077781940456,12.849678,30.364192962646484,22.651273727416992,35.74909,28.139118894724685,0.5365384830310637,1,1
2023-06-30,100135.81807417744,298.6849867122251,0.0047382625132402,0.7194469644410318,-0.7438257387272226,0.4817537684210764,5.7480683,31.811494827270508,23.09344291687012,4.462877,27.514601344153448,0.5474141023335704,1,1
2023-07-01,100125.47635020126,299.5801696584752,0.0043845146286113,1.2393364615703462,-1.158355355520692,0.4777230183541423,4.55559,32.53858184814453,23.046142578125,8.412943,26.890083793582207,0.558289721636077,1,1
2023-07-02,100116.465148669,297.8581377919699,0.0231979130607755,1.045788067151526,-1.1880919737001354,0.4787181593331742,4.221845,31.8364200592041,23.79228782653809,31.388151,26.265566243010966,0.5691653409385837,1,1
2023-07-03,100066.12658193968,297.3021690010064,0.0543353468920699,2.0007778579963205,-0.5939449525707717,0.4751048919773113,43.624615,27.718505859375,22.565704345703125,24.807781,25.641048692439725,0.5800409602410903,1,1
2023-07-04,99964.23899767756,297.0585855662157,0.0736905920958037,2.927301373615304,-0.1736136932386803,0.4797901807460151,73.89192,26.60512351989746,22.04562759399414,22.900057,25.016531141868484,0.590916579543597,0,1
2023-07-05,99899.88674798,296.8742158797831,0.0757859238687155,3.193397986256944,0.062204203678447,0.4791623609744382,108.58661,27.7825984954834,22.07355690002441,24.853554,24.524073963977095,0.6017921988461037,1,1
2023-07-06,100099.61453896012,296.6363302586902,0.0363163130300311,1.6097160831697432,-0.724296101871513,0.4756833649782168,69.07856,27.994956970214844,21.695987701416016,45.59727,24.031616786085706,0.6126678181486103,1,1
2023-07-07,100229.18655912386,297.04761060996043,0.0418324180884056,1.265613471591884,-0.2003077066694118,0.4767937840772286,51.543324,28.726192474365234,22.45780372619629,16.554523,23.539159608194318,0.623543437451117,1,1
2023-07-08,100229.04456225251,296.93666749952627,0.0149603398257234,0.2384078943725102,-0.7751119427704471,0.4811622313774467,40.6558,28.775230407714844,22.516536712646484,3.8353379,23.04670243030293,0.6344190567536236,1,1
2023-07-09,100095.13249889424,299.22344237546645,0.0023876302482866,1.1749319614649307,-1.289799027753028,0.475972754864441,23.090149,31.5058650970459,22.96495246887207,2.708564,22.554245252411537,0.6452946760561303,1,1
2023-07-10,100016.57111920005,298.46576356572564,0.0115071947479212,0.2275921500263656,-0.3569314935944204,0.4800146761845046,5.89829,30.47831153869629,23.200634002685547,62.836704,22.06178807452015,0.656170295358637,1,1
2023-07-11,100006.32973481968,298.203650417344,0.0070313573606529,0.3542154758993086,-0.3539455623376798,0.4627006824005967,7.307313,29.48787498474121,23.14176177978516,12.158499,21.56933089662876,0.6670459146611436,1,1
2023-07-12,99995.19126919788,298.9348280666281,0.0045215426381593,1.3710447555121958,-0.8821683402158331,0.461153454212547,6.1135144,31.1391830444336,22.864479064941406,9.31701,21.07687371873737,0.6779215339636503,0,0
2023-07-13,100116.47566857965,297.1149371195649,0.0160585236199311,0.8821981539877006,-0.5262039230769465,0.4799037128131627,3.6270459,30.279539108276367,23.169506072998047,25.89892,22.359959597449095,0.6752774966395586,1,1
2023-07-14,100193.38078999789,297.9652420586872,0.0036869674394367,0.7011714421265515,-0.8322708483913906,0.4797348641965206,12.335012,31.770526885986328,22.882080078125,0.37233222,23.643045476160818,0.6726334593154669,1,1
2023-07-15,100120.07464416925,298.9646033463477,0.0048644194749559,1.1626187313174756,-1.3745057709960211,0.4838385495418454,3.0437129,31.634605407714844,23.22205352783203,0.025588997,24.926131354872542,0.6699894219913753,1,1
2023-07-16,100082.77642371051,298.85026484238506,0.0044678440414909,0.9799593982680485,-1.033375395234208,0.4860199359564099,3.0911167,31.81584930419922,23.52117919921875,18.043749,26.20921723358427,0.6673453846672837,1,1
2023-07-17,100064.93818115209,298.7720727252192,0.0054585525425779,1.322639613673727,-1.0213486015230635,0.4853934697168265,6.037499,31.333789825439453,23.38182640075684,3.4929163,27.492303112295993,0.664701347343192,1,1
2023-07-18,100075.74240789862,298.17836402290527,0.0114835615741956,2.223705351589133,-0.6593208513748245,0.4956114105571276,8.576971,30.708803176879883,23.605222702026367,0.41743982,28.775388991007716,0.6620573100191003,1,1
2023-07-19,99971.37382874716,298.0360806741772,0.011023434635603,2.027959727770952,-0.6556198733803571,0.4899543656052155,17.429985,29.768156051635746,22.9521713256836,2.084536,30.05847486971944,0.6594132726950086,1,1
2023-07-20,99948.69076213434,298.72125009659874,0.0108708540882385,1.8906613473838327,-1.012952358293654,0.4960388294104873,27.15183,30.94548416137696,23.213695526123047,0.0,31.341560748431164,0.6567692353709169,0,1
2023-07-21,100071.4021767636,298.75971760126765,0.0087728726402838,1.8182444471853805,-1.2288617145156815,0.4991036062129402,3.602087,31.065635681152344,23.95759963989257,17.43894,30.96599639324581,0.6541251980468253,1,1
2023-07-22,100193.59129697224,298.5300390722947,0.0077512112993565,1.323623747561382,-0.9796080529969222,0.4955693623354435,3.0527427,30.249473571777344,23.624786376953125,2.3550928,30.590432038060456,0.6514811607227337,1,1
2023-07-23,100164.1953135565,297.5948354588318,0.027399507272852,1.1860975040124435,-1.015118661917292,0.4864217166875416,36.329628,29.30994987487793,22.80185317993164,9.453387,30.214867682875102,0.648837123398642,1,1
2023-07-24,100114.10177984652,297.1255259923687,0.0145978422584908,-0.1228096796093773,-0.4564179146228207,0.4765899576580802,61.336792,28.44799423217773,22.56925201416016,33.46847,29.83930332768975,0.6461930860745503,1,1
2023-07-25,100139.80949952667,297.2774260998174,0.0087931697942346,0.4555762960784981,-0.9168674895963728,0.4862818512181164,51.842968,28.82769775390625,22.25113296508789,0.38763383,29.463738972504395,0.6435490487504586,1,1
2023-07-26,100254.6163584373,297.3682531796335,0.0202176716159348,0.6897040267505962,-0.6860638232396793,0.4753765844929058,27.46345,28.668025970458984,22.265729904174805,12.415873,29.08817461731904,0.640905011426367,1,1
2023-07-27,100261.24703233704,298.1972389276217,0.0070875494307301,0.9788303803417426,-0.952757538747782,0.4842542883782079,16.58577,30.45888328552246,22.39459228515625,0.0,28.712610262133687,0.6382609741022753,1,1
2023-07-28,100174.38571959006,299.03820412914723,0.0034292774524148,1.2741210860463204,-1.5333967320347857,0.4777217676525206,3.2514577,31.62084579467773,22.72882843017578,0.0,28.337045906948333,0.6356169367781836,0,0
2023-07-29,100163.69462553716,299.09253758887775,0.0022531802847767,1.4580469366477826,-1.7052266416762911,0.4725267125058741,2.1426568,32.60472106933594,23.169363021850582,0.0,28.29774155730835,0.6375502324939828,1,1
2023-07-30,100088.37008132505,299.173078118329,0.002020343272986,1.3709075463220812,-1.6115017298509158,0.4652867195110135,0.22018416,32.52410888671875,22.88849639892578,0.0,28.258437207668365,0.639483528209782,1,1
2023-07-31,100125.28363036376,298.9567323497374,0.0039479744797161,1.6320535556845028,-1.7653070581204362,0.4644050404406151,0.14311552,32.36933517456055,23.54957771301269,0.0,28.21913285802838,0.6414168239255812,1,1
2023-08-01,100158.9356614471,298.99548846246074,0.0046228578424239,1.2685360542239588,-1.4595719974965828,0.472385641043684,1.5653366,32.173622131347656,23.743711471557617,0.8866718,28.179828508388397,0.6433501196413804,1,1
2023-08-02,100190.42966490252,299.1102937812316,0.0048972821180731,1.3073599928057902,-0.8291309740927691,0.4772590307507869,0.3497537,31.64906883239746,23.75350379943848,0.0,28.140524158748413,0.6452834153571796,1,1
2023-08-03,100178.39966416064,299.0332065474057,0.0049401407846087,1.3907198018072775,-1.5138060121184325,0.4817237201713145,0.31997254,32.33548355102539,23.866226196289062,0.0,28.10121980910843,0.6472167110729788,1,1
2023-08-04,100328.18205107708,298.62789870082287,0.003958885475929,0.8084922845095079,-1.274528380296654,0.481050078406588,2.758231,32.64596176147461,23.35664749145508,0.0,28.061915459468445,0.649150006788778,1,1
2023-08-05,100388.01257275796,299.2096722040316,0.0014993462323275,0.7516081333876891,-1.5951278353413791,0.4692672615312643,4.1844482,33.10163879394531,22.76432609558105,0.16029206,28.02261110982846,0.6510833025045772,0,1
2023-08-06,100244.42896109434,299.19142422158507,0.0021685416136155,1.033837824776878,-1.3654053176247545,0.4643110776695584,2.0174422,32.92366409301758,23.683155059814453,6.5575624,28.109199930172657,0.6530165982203764,1,1
2023-08-07,100086.72626650262,299.4291717737021,0.0022295260795752,1.409281979201576,-1.4414865688745155,0.4588315568014413,0.7625062,32.10242462158203,23.87148666381836,6.4611135,28.195788750516854,0.6549498939361755,1,1
2023-08-08,100155.1100725866,298.45406429686506,0.0058237395940949,0.5519246485302378,-0.8628858055743421,0.4729114851852439,0.8020582,31.34592056274414,23.77399253845215,13.063876,28.28237757086105,0.6568831896519748,1,1
2023-08-09,100208.98757532878,299.4693345534056,0.0017004904924612,1.0915376651973476,-1.1044334538468148,0.4648464704766442,5.0863805,31.78311347961425,23.444862365722656,12.735022,28.368966391205248,0.6588164853677739,1,1
2023-08-10,100215.7734898557,298.9114869075664,0.001708170541046,0.7144077778836975,-0.9667406609775157,0.4615131240149562,0.14488016,30.50490951538086,23.53969383239746,17.85379,28.45555521154945,0.6607497810835732,1,1
2023-08-11,100141.26347847594,299.11027980868187,0.0058137404184614,0.8038391806153896,-0.6414181247527301,0.46799566906538,0.44816804,31.14185905456543,23.21754646301269,16.62803,28.542144031893645,0.6626830767993723,1,1
2023-08-12,100162.20035795556,298.4346401202219,0.0062001824309059,0.7209510346963037,-0.939211585427408,0.4831185412530158,8.974775,30.98158073425293,23.15904426574707,6.7417784,28.628732852237842,0.6646163725151716,1,1
2023-08-13,100103.42577596752,299.0260775353219,0.0017532717598536,0.801482865251247,-0.9473278345089006,0.4737009743627327,3.6776597,31.57250213623047,23.155805587768555,0.19313201,28.71532167258204,0.6665496682309707,0,0
2023-08-14,100155.09765484132,298.67390560338606,0.0029055666120698,0.6200418698127087,-0.6358683904441937,0.468231384822104,0.42815477,31.06206321716309,23.06635856628418,6.3443494,28.845971122652845,0.6700216881045047,1,1
2023-08-15,100189.62378918695,298.6460245622869,0.0003677198856133,0.4141399109789151,-0.3067318273143767,0.4578703211855325,0.0,31.61604118347168,22.946680068969727,5.154993,28.97662057272365,0.6734937079780385,1,1
2023-08-16,100181.87557356468,298.9007401542604,0.0006642978016409,0.2571261663078073,0.3088239052359022,0.4441192789509945,0.0,31.20572090148925,22.3842716217041,0.0,29.107270022794456,0.6769657278515725,1,1
2023-08-17,100182.79705143633,299.01227338607254,0.0044241118981354,0.5623853339328119,-0.1871653276075034,0.4474940990682318,0.0,31.62584114074707,22.68347549438477,0.0,29.237919472865258,0.6804377477251065,1,1
2023-08-18,100135.38490150325,298.8127227390682,0.004837520979412,0.7023099971972544,0.0754599974180933,0.463114505978298,0.10706266,31.53047752380371,23.645038604736328,0.1723916,29.368568922936063,0.6839097675986403,1,1
2023-08-19,100080.44849657036,298.64983238631083,0.0029194320619557,0.8370184205389178,-0.7556340845606478,0.4713894268228023,3.9694655,31.27584648132324,22.91033172607422,0.16169989,29.49921837300687,0.6873817874721743,1,1
2023-08-20,99994.1488501238,299.06652448429253,0.0032276178325827,1.0699927452335936,-0.9570510258452796,0.4640950460762972,1.3876812,32.065391540527344,22.92792510986328,0.0,29.629867823077674,0.6908538073457081,1,1
2023-08-21,99896.87059032552,299.8389477478167,0.0005421960192806,0.8520146000914053,-1.1391250109755655,0.4500266189887011,1.1274354,32.615386962890625,23.40526390075684,0.5823466,29.76051727314848,0.6943258272192421,0,1
2023-08-22,99928.84929606266,300.13282680454165,0.0008913988605854,0.816562571424119,-0.8800661534353984,0.4363746801266977,0.05860495,32.61627197265625,24.10033226013184,11.51141,29.96365677396583,0.697797847092776,1,1
2023-08-23,99958.9249556503,299.78845276725406,0.0003274967353333,0.6071542922601288,-0.6712647121762813,0.4263385273341535,0.7962775,32.04869842529297,23.968360900878903,0.36921337,30.16679627478318,0.7012698669663099,1,1
2023-08-24,99964.97819738234,299.5403260759385,0.0002491326659951,0.4912695223815971,-0.3385947087820168,0.4131380367313444,0.0,31.9321517944336,23.22314643859864,0.0,30.36993577560053,0.7047418868398438,1,1
2023-08-25,100006.9470664739,299.62386235423867,0.0006907769796911,0.5270939877520733,-0.2644737408215329,0.4038915072428606,0.0,32.14874267578125,23.088085174560547,0.0,30.57307527641788,0.7082139067133777,1,1
2023-08-26,100072.40878895688,299.6617336282365,0.0016450982601185,0.5005267565461617,-0.1766751923946853,0.4019746284012556,0.0,32.751434326171875,23.34770393371582,0.05396428,30.776214777235232,0.7116859265869117,1,1
2023-08-27,100108.80232732724,299.86902864146435,0.0018020342811109,0.6254461982929731,-0.2603440769074957,0.4031962353330003,0.0,32.67355728149414,23.847152709960938,2.339118,30.979354278052583,0.7151579464604456,1,1
2023-08-28,100096.54731562117,299.16706138213743,0.0212697260971108,0.6137592830628152,-0.0749060756986223,0.4470667861404722,0.0,32.25665664672852,23.79534149169922,0.88497126,31.182493778869933,0.7186299663339795,1,1
2023-08-29,100051.72002584682,298.6103871947715,0.0178352449523098,0.5367623090829999,-0.3283346918773043,0.478085359682729,7.8890905,31.71619987487793,23.493587493896484,27.092316,31.385633279687283,0.7221019862075134,0,0
2023-08-30,100042.76273099892,299.0816477853413,0.0043420261562552,0.4723160338095137,-0.5825233012240787,0.4723966888315848,36.742916,31.4183349609375,22.79337501525879,18.846642,31.262340864944406,0.7044266500362882,1,1
2023-08-31,99997.2883432551,299.1543322133394,0.0098330828204689,0.1097399467085829,-0.2717596036709477,0.4807735321140301,12.810272,31.34524917602539,23.471755981445312,21.38308,31.13904845020153,0.686751313865063,1,1
2023-09-01,100022.22067700588,298.96237270613386,0.01011732619686,0.2954553617194719,0.2374851758383489,0.4815940919984547,6.367664,31.477956771850582,23.59833526611328,21.527748,31.01575603545865,0.669075977693838,1,1
2023-09-02,100049.5818306902,298.46768093739644,0.0067756967519889,0.174078018393908,0.4864215267035578,0.4896544714303012,25.522816,31.00041580200196,23.33428192138672,13.233842,30.892463620715773,0.6514006415226128,1,1
2023-09-03,99946.57154414972,297.8081828315809,0.0203733833244386,0.6363077061668385,0.2933879620267418,0.4822631110966184,10.466672,30.912158966064453,23.227575302124023,7.303854,30.769171205972896,0.6337253053513876,1,1
2023-09-04,99899.94020418244,297.75527934062825,0.0167956850823509,0.4492124941991288,-0.4305706085071412,0.4741177852945642,33.385967,29.86918830871582,22.80620384216309,7.8358912,30.645878791230018,0.6160499691801624,1,1
2023-09-05,99914.76570552916,297.5297204100293,0.0137612660261985,0.468087207469993,0.0074324809038978,0.4906575781520362,16.812841,29.66317749023437,23.43791580200196,0.33452958,30.52258637648714,0.5983746330089372,1,1
2023-09-06,99989.88885711548,297.21002562066974,0.0281211757650239,0.5157618441824185,0.7648095343746035,0.4811848526835542,13.416961,30.79083633422852,22.743257522583008,2.5787196,30.399293961744263,0.580699296837712,0,1
2023-09-07,100089.70057618244,296.8722965001115,0.0471035276825755,0.4999594130701195,0.7742941491892451,0.4767466344602952,32.245533,29.19467735290528,22.72882652282715,3.7996619,29.11901456946741,0.5630239606664869,1,1
2023-09-08,100173.6958855951,297.26073318588743,0.0097616503422887,0.2131049581152384,0.325540337171072,0.4943923531766264,47.609444,29.837825775146484,22.854066848754883,0.037716947,27.838735177190557,0.5453486244952617,1,1
2023-09-09,100088.08074231424,297.41189681762893,0.0253132629901577,0.8048197825033228,-0.6713958315328273,0.4822508489473722,10.385785,30.330915451049805,23.054935455322266,0.49198553,26.558455784913704,0.5276732883240366,1,1
2023-09-10,100049.4035996406,297.42078529130475,0.027779658972647,1.0800621375712025,-0.2196543953398383,0.4824770589132179,24.894598,30.363136291503903,23.054637908935547,3.335436,25.27817639263685,0.5099979521528114,1,1
2023-09-11,100110.18988558758,297.25277464314433,0.0285862426056008,0.7539826654616942,-0.1875430871867434,0.4805317205912163,27.848019,30.43317031860352,23.22110748291016,0.17068256,23.99789700036,0.4923226159815862,1,1
2023-09-12,100057.42355795333,298.8613720437715,0.016307448587433,0.8287425091066304,-0.6829362743848618,0.478272386003621,11.796188,31.88783836364746,23.36928367614746,0.100465514,22.717617608083145,0.47464727981036103,1,1
2023-09-13,100070.76818854992,298.1712530915418,0.0154987466423476,0.5144197044643107,-0.2304803615493948,0.4664839702037138,6.9974856,31.51113510131836,23.9337100982666,3.167838,21.437338215806292,0.4569719436391359,1,1
2023-09-14,100110.72120525822,298.044767548508,0.0083995064392594,0.7503802084782356,0.2738864801009983,0.4893834250150126,9.50643,31.379085540771484,23.18512725830078,1.7214395,20.15705882352944,0.4392966074679107,0,0
2023-09-15,100169.04545059692,297.35354179343807,0.0272988317569913,0.4339354503955789,0.3573378956737764,0.4803427410664532,20.475546,30.25099754333496,22.88391876220703,0.9100126,20.799081768811604,0.45581455386049874,1,1
2023-09-16,100144.31620351848,297.8932935568214,0.0117928267567758,0.4720926689462515,0.1444467493427073,0.4810908432547927,23.296574,30.72004127502441,22.892452239990234,0.10137544,21.44110471409377,0.47233250025308676,1,1
2023-09-17,100023.01971390792,297.88883184833537,0.0147801882128581,0.172703263908356,-0.0118190895151183,0.4770253542911434,11.48993,30.22112846374512,22.919448852539062,11.7618685,22.083127659375933,0.4888504466456748,1,1
2023-09-18,100070.10097109216,297.70894435369456,0.0118083155949408,0.1534542074024656,0.1741493923014381,0.4827932847751307,12.576277,30.129440307617188,23.148250579833984,24.176878,22.725150604658097,0.5053683930382628,1,1
2023-09-19,100156.02522258204,297.7914271532938,0.0119790087150695,-0.1525475623186627,-0.1122431885180156,0.4756524812460146,20.47243,30.187631607055664,22.44157218933105,18.843338,23.36717354994026,0.5218863394308508,1,1
2023-09-20,100126.71364473455,298.35624836104216,0.0062220374352657,0.285463195334892,0.0757919804008696,0.4727008712737373,7.4339623,30.87361526489257,23.229677200317383,4.8402514,24.009196495222426,0.5384042858234388,1,1
2023-09-21,100119.1909348141,298.46975873270094,0.0121019576441076,0.413655657423762,-0.0225897397483709,0.4717159273532996,3.1553037,31.13361167907715,23.257307052612305,18.934408,24.65121944050459,0.5549222322160269,1,1
2023-09-22,100092.5221574272,297.9711779686017,0.026579027288405,0.8860689429856219,0.0136177077690617,0.4698542730067984,42.18858,30.20986557006836,22.95000267028809,13.097276,25.293242385786755,0.5714401786086148,0,1
2023-09-23,100171.78976296264,298.5689446497084,0.01642362339764,0.5712563152109177,0.0462714015957483,0.4781039017068465,19.366838,31.59535026550293,23.0256462097168,6.6552505,25.83348570732278,0.5879581250012029,1,1
2023-09-24,100140.929128609,298.73714375280963,0.0027082090558577,0.3939709792358972,-0.6607855387011435,0.4611254253128368,15.732628,30.84795570373535,22.77727508544922,2.5150092,26.373729028858804,0.6044760713937909,1,1
2023-09-25,100023.4694278652,298.7415595624951,0.0075012016772007,0.4036983407909359,-0.3844607465039911,0.4757015133351142,5.299434,31.282344818115234,23.17584609985352,1.8344449,26.913972350394832,0.620994017786379,1,1
2023-09-26,100044.8478998917,298.4623752873252,0.0106840857461426,0.2899798182200778,-0.0872688771354591,0.4802168812770688,1.8202913,31.287885665893555,23.66360664367676,5.669254,27.454215671930857,0.6375119641789669,1,1
2023-09-27,100071.9033969678,298.3204556274965,0.0077065153109911,0.5725461212627764,-0.0496409459961823,0.4876550189977885,6.9616003,31.337390899658203,23.241437911987305,6.948691,27.994458993466882,0.654029910571555,1,1
2023-09-28,100104.86674288768,297.62237386454734,0.0330763111556646,0.5790338171174685,0.2358837427750762,0.4807912808425267,17.251516,29.6989688873291,22.88184928894043,10.3465395,28.53470231500291,0.670547856964143,1,1
2023-09-29,100173.94413267776,297.0830300896626,0.0285562685109002,0.7985004165422201,1.0202262696630608,0.4798927003337955,55.27429,28.37648200988769,22.68720436096192,6.7411532,29.074945636538935,0.687065803356731,1,1
2023-09-30,100207.4413753179,297.4016261817831,0.0364132830162276,1.6894694127806085,1.2668226788516577,0.4762902722391375,44.865685,28.736648559570312,22.924171447753903,9.462018,29.61518895807496,0.703583749749319,0,0
2023-10-01,100197.98014915736,297.42394397527875,0.0281759786999448,0.887180279304036,1.0768054559807143,0.4778645727866285,60.97271,29.15182113647461,22.657947540283203,9.450805,29.78733062004349,0.7046875454502985,1,1
2023-10-02,100188.97120901472,297.84810246709367,0.0105108918317852,0.2865798212843082,0.708172129128813,0.4769487030188872,39.64081,29.88199043273925,22.621950149536133,3.1245308,29.959472282012023,0.7057913411512782,1,1
2023-10-03,100178.2759519225,298.65867745341825,0.0033624939215406,-0.0064703451496632,0.6983506543688771,0.4762264950542815,16.382278,30.279115676879883,22.84685516357422,0.0,30.13161394398055,0.7068951368522577,1,1
2023-10-04,100165.55919002955,299.2669377779214,0.0021899378191165,0.087744069595236,0.2677553047826048,0.4701926002910553,1.128997,30.79849433898925,22.642303466796875,0.43762207,30.303755605949082,0.7079989325532372,1,1
2023-10-05,100101.60774581108,299.39109335004144,0.0009520077179725,0.4537908806510236,-0.2706995907992264,0.4618655245010922,2.532307,31.68891906738281,22.95108222961425,1.2340397,30.475897267917613,0.7091027282542168,1,1
2023-10-06,100030.86265315798,299.286351517683,0.0002022261734349,0.2642120262768023,-0.859238393806268,0.4455967626974036,0.59958106,31.9426326751709,22.49029922485352,0.33804953,30.64803892988614,0.7102065239551963,1,1
2023-10-07,100039.91848720032,299.4062674330152,6.573061800329771e-08,0.2025607371505085,-0.738812615398834,0.4289180664134034,0.0,32.87977981567383,22.6726188659668,9.4892235,30.820180591854673,0.711310319656176,1,1
2023-10-08,100157.07952692304,299.3745541199424,0.0020298658169982,-0.1895653192405732,-0.1290881602519663,0.4257145219159279,0.060049385,32.11944580078125,23.48725128173828,5.5571785,30.992322253823204,0.7124141153571555,0,1
2023-10-09,100284.81961673296,299.8842872975466,0.0023661868088872,0.0199735196454405,-0.3221968111904184,0.4269092965404034,7.747684,32.23516845703125,23.800025939941406,12.608759,30.817749973512754,0.713517911058135,1,1
2023-10-10,100225.65521955576,299.8702050165597,0.0018614913370557,0.1228831974785694,-0.0647204477406705,0.4235579324092468,10.162501,31.92573547363281,23.51182746887207,1.7847354,30.643177693202304,0.7146217067591146,1,1
2023-10-11,100260.77394931782,298.62539200129925,0.0160429151134288,0.222990316100269,0.1481591634759537,0.4600754874387977,7.3819475,31.12418556213379,23.85985946655273,19.273787,30.468605412891854,0.7157255024600941,1,1
2023-10-12,100320.75108808244,297.48325702911643,0.0355487565033718,-0.3815300289807031,0.2827220347684541,0.4711440690851423,17.17001,30.131216049194336,23.004383087158203,15.75427,30.294033132581404,0.7168292981610738,1,1
2023-10-13,100312.9632898664,298.7045997092753,0.0095189463045249,-0.20955488478024,0.6197156930201929,0.4656202569863647,5.72293,30.91594314575196,22.702035903930664,9.454658,30.119460852270954,0.7179330938620533,1,1
2023-10-14,100321.3642060438,298.2687800696642,0.0312711715009958,-0.1275031443670516,0.4663750955384717,0.4784030790497496,24.495499,31.20641326904297,22.316707611083984,22.460852,29.944888571960504,0.7190368895630328,1,1
2023-10-15,100186.72641447197,298.0028159827879,0.0287914889193024,-0.5972198211655249,0.495731676308377,0.4635278378732073,49.58944,29.749191284179688,22.063724517822266,11.482896,29.770316291650055,0.7201406852640124,1,1
2023-10-16,100200.67281658048,298.38914995712804,0.012991419433331,-0.357837444128992,-0.1344782534320849,0.4744128377295153,8.329042,30.1787223815918,22.905244827270508,8.835396,29.595744011339605,0.7212444809649919,0,0
2023-10-17,100245.2935198346,298.4867291219506,0.0209296986400779,-0.0998742726863985,-0.6469772980181354,0.4771964288356859,12.77102,30.837757110595703,22.48871421813965,11.536599,29.494964195851004,0.7235874401147424,1,1
2023-10-18,100281.0678509028,298.4756293830455,0.0079731500681343,-0.3172581988267134,0.3686782168803243,0.4768672689306492,17.48528,29.972301483154297,23.352670669555664,3.7071848,29.394184380362404,0.7259303992644929,1,1
2023-10-19,100286.95832247483,299.2367415883848,0.0022913996418266,-0.0231900591735069,0.3699733351468897,0.4733221201043187,3.6368446,30.835935592651367,22.73746490478516,2.4742837,29.293404564873804,0.7282733584142433,1,1
2023-10-20,100267.57748217558,299.1384195865871,0.0077046320801474,-0.0662815877201609,0.4765345716378998,0.4714526084627521,5.343009,30.93548011779785,23.173770904541016,2.2224517,29.192624749385203,0.7306163175639938,1,1
2023-10-21,100303.97631392798,298.8167778943247,0.0097468056946754,-0.2568658337396474,0.0177679017180791,0.4813879284524534,1.7493619,31.739959716796875,22.740890502929688,1.4206512,29.091844933896603,0.7329592767137443,1,1
2023-10-22,100345.32987269356,298.2169910237858,0.0191174209483298,-0.2295832695303549,0.061087329723841,0.4771595356598799,4.309898,31.88020706176757,23.266870498657227,6.643634,28.991065118408002,0.7353022358634947,1,1
2023-10-23,100287.14609663782,297.58030781916153,0.0291173302348159,-0.3081304862215794,0.3332510061856718,0.4784141428869839,8.050609,30.98597717285156,22.92632102966309,6.138693,28.890285302919402,0.7376451950132452,1,1
2023-10-24,100251.88368810764,298.1109853194933,0.0339181814519392,-0.5119957452153399,0.0494237595100875,0.4765447738552081,15.297425,31.70479393005371,22.53485870361328,5.2532167,28.7895054874308,0.7399881541629956,0,1
2023-10-25,100307.17860875004,299.01376686252104,0.0050003290385509,-0.3849120806696209,0.0787890735104158,0.4754540456833068,21.170591,31.37891960144043,23.29654121398925,5.659227,28.994385003575168,0.742331113312746,1,1
2023-10-26,100267.6551929084,298.8837845453005,0.0064892879325297,-0.2528600643454642,-0.0166759891483643,0.4734552274287386,3.9109116,31.97901725769043,23.48969268798828,9.435477,29.199264519719534,0.7446740724624965,1,1
2023-10-27,100159.9832369684,298.70144214646183,0.0068641964892599,-0.3229289760468083,0.1046237138791043,0.4774181468223979,4.5000377,31.42034339904785,23.556230545043945,7.4246144,29.4041440358639,0.747017031612247,1,1
2023-10-28,100140.86843435162,298.7580606353041,0.0072205863207905,-0.3131177184357926,0.0649349791081654,0.4728469504718526,4.032914,31.95014190673828,23.46281242370605,5.329338,29.609023552008267,0.7493599907619974,1,1
2023-10-29,100147.22394800304,298.5138343926132,0.019136476131484,-0.2155811196552015,-0.0321127946509494,0.4742162266320973,3.6076908,30.725215911865234,23.474838256835938,16.591333,29.813903068152634,0.7517029499117479,1,1
2023-10-30,100164.87096667595,297.6771615504475,0.0217401415467706,-0.2342007757737841,0.195749447887112,0.4828037152368871,12.877233,29.788759231567383,22.998199462890625,19.265343,30.018782584297,0.7540459090614984,1,1
2023-10-31,100207.11253882069,298.1087425411686,0.0145856403364051,-0.0985361560776136,-0.125533886878074,0.4712807211341128,9.615838,30.68107795715332,22.78018951416016,13.69143,30.223662100441366,0.7563888682112488,1,1
2023-11-01,100178.49128841449,298.748579760328,0.0207226443606754,-0.0393239743635909,-0.2847836955061668,0.4710427616805839,7.7647634,30.88884735107422,23.37397003173828,19.734661,30.428541616585733,0.7587318273609993,0,0
2023-11-02,100069.81541031828,298.8236118449172,0.0136263069032796,-0.3778882226859137,-0.0312598517829802,0.4695843403006077,7.83173,30.544050216674805,22.7510986328125,12.234211,30.22675732677363,0.7582993031639991,1,1
2023-11-03,99972.91997252851,298.7521829592493,0.0179600228873807,-0.3379349019008984,0.2484717103978994,0.4690420059275637,3.73046,30.246919631958008,23.51369857788086,33.56897,30.024973036961526,0.7578667789669987,1,1
2023-11-04,100049.50840842735,297.1790971085349,0.0998378389283104,-0.7105697687320776,0.4087487950836871,0.483423739159418,18.749655,29.283666610717773,22.57588005065918,30.69422,29.823188747149423,0.7574342547699985,1,1
2023-11-05,100192.6251952186,297.6476893195139,0.0182392468400838,-0.3334685297077673,0.2066744529136257,0.4663513672869143,61.160793,30.09488868713379,22.511417388916016,9.184644,29.62140445733732,0.7570017305729981,1,1
2023-11-06,100272.30408599669,299.046768061687,0.0074295892350711,-0.0865302981773181,-0.2858074892740839,0.4717490504260589,6.544842,31.29844284057617,22.90217399597168,14.13701,29.419620167525217,0.7565692063759979,1,1
2023-11-07,100210.03982693984,299.01933521564695,0.0085571744286794,-0.1773460047479174,-0.3711927250925058,0.4798149863663939,17.92156,30.867769241333008,22.61161231994629,10.985467,29.217835877713114,0.7561366821789977,1,1
2023-11-08,100189.31309927296,298.6765472817012,0.0213164044138449,-0.212443498826282,-0.1667782489690863,0.4791451077117902,3.2768323,30.383310317993164,23.108543395996094,21.59577,29.01605158790101,0.7557041579819973,1,1
2023-11-09,100252.10874203632,298.3392618181386,0.0118539761613023,-0.4059295434191732,0.0952025430823536,0.4884770726165974,24.36882,29.937744140625,22.00198173522949,10.528039,28.814267298088907,0.7552716337849971,0,1
2023-11-10,100309.6601553696,298.2100637515931,0.0107328807441413,-0.4998458074912928,0.033036120867325,0.4594152402184248,8.988928,29.3727970123291,22.776824951171875,12.061105,28.76501466033264,0.7548391095879968,1,1
2023-11-11,100278.01789108514,299.3506119965733,0.0062963938516478,-0.3011493486830185,0.0483937790537413,0.462156865756978,6.7823644,30.401348114013672,23.154617309570312,10.767699,28.71576202257637,0.7544065853909965,1,1
2023-11-12,100281.05919736635,299.280198204645,0.0011535243108046,-0.0370290171771915,0.0399304621780502,0.4656137272004453,2.1810997,30.769821166992188,22.990345001220703,0.059613064,28.666509384820102,0.7539740611939962,1,1
2023-11-13,100223.42486244312,299.25444278930263,0.0015908754125691,-0.3759540578954738,0.2750984703724968,0.4554965700978829,0.0029026275,30.72932243347168,22.461153030395508,0.40538034,28.617256747063834,0.753541536996996,1,1
2023-11-14,100192.06314669826,298.30192360624073,0.0022804619192948,-0.6453631447261166,-0.5330216141471584,0.4547288320087186,2.0397863,29.326358795166016,23.122217178344727,0.07681829,28.568004109307566,0.7531090127999956,1,1
2023-11-15,100169.95037996605,299.01195052942853,0.0044641737307224,-0.2556965219987414,-0.1128464856246928,0.4485607946244324,2.8780022,31.092039108276367,22.90429306030273,3.4962623,28.518751471551298,0.7526764886029954,1,1
2023-11-16,100256.75994734382,299.2117188778445,0.0057748250163313,-0.2583926976164139,0.1553597792451062,0.4558743610879608,5.4393654,31.47201538085937,23.63405418395996,6.6948547,28.46949883379503,0.7522439644059951,1,1
2023-11-17,100208.9245353962,299.53070844871985,0.003972483600594,-0.1748976255211209,0.200697082297592,0.4610928402366596,4.330258,31.61644172668457,23.99224281311035,1.4730521,28.42024619603876,0.7518114402089948,0,0
2023-11-18,100186.97343730046,299.1396346412638,0.0097013597931459,0.2793821086532751,-0.1950396293057087,0.4693314618453311,4.21542,31.88983917236328,23.825550079345703,1.9179927,28.7214997241366,0.7515840847039488,1,1
2023-11-19,100175.87822075454,298.8240231634232,0.004920187156959,-0.4081079729590112,0.4651113529161761,0.4719985529040613,2.9448912,29.487796783447266,23.45650100708008,2.8640041,29.022753252234438,0.7513567291989026,1,1
2023-11-20,100125.02123228127,299.52240854811964,0.0012888227795069,-0.1874832926439629,-0.2271198414311785,0.4624179432434824,0.8016481,31.193565368652344,22.442806243896484,0.0,29.324006780332276,0.7511293736938566,1,1
2023-11-21,100075.28195333866,300.0214203326573,0.0057660950237269,-0.235975117949371,0.3598279147670309,0.4520532005265121,0.0,32.289588928222656,23.89567947387696,23.836988,29.625260308430114,0.7509020181888104,1,1
2023-11-22,100076.34755552994,298.4750742524243,0.0610560628601746,-0.4936176306611859,0.6997921546214275,0.4747231645443101,18.608587,30.84532356262207,23.40489387512207,24.968117,29.926513836527953,0.7506746626837644,1,1
2023-11-23,99974.5276012437,298.05466102410264,0.0417177693425936,-0.9033463124200578,0.5203525418486644,0.4570024064819835,39.892555,29.52748680114746,22.787866592407227,2.7051394,30.22776736462579,0.7504473071787182,1,1
2023-11-24,100037.36953153172,298.90651773314505,0.0028282003263829,-0.2434047856773948,-0.1167334448705142,0.4537545201984474,5.0839257,30.732860565185547,23.548707962036133,5.6918216,30.52902089272363,0.7502199516736722,1,1
2023-11-25,100126.51345036118,299.1653335613476,0.0095920767265667,-0.4055966018326423,-0.094905730078521,0.4692318498235667,1.1230003,31.329078674316406,23.27891540527344,6.0950246,30.830274420821468,0.749992596168626,0,1
2023-11-26,100101.97926679984,299.2976542444295,0.0059392582540288,-0.6877337866555129,-0.1120372954892602,0.4801582936441573,8.4239,31.00214576721192,23.449195861816406,0.0,30.594406162796446,0.74976524066358,1,1
2023-11-27,100013.39124663566,300.099167426112,0.0007349049273807,-0.2513910768868646,0.0371056580890298,0.4618550745508594,0.03784561,30.81662940979004,22.549097061157227,0.0,30.358537904771424,0.7495378851585339,1,1
2023-11-28,99972.96217343438,299.9198446939853,0.0027707142687866,-0.3954482185738867,0.0256538514922424,0.4559736667967342,0.4202033,31.59151840209961,22.944141387939453,0.66544557,30.122669646746402,0.7493105296534878,1,1
2023-11-29,100005.08525558493,299.97984755757136,0.0053128388193203,-0.4251863851270963,0.2474117177168127,0.4646586532675314,0.0,31.32125663757324,23.218505859375,14.053145,29.88680138872138,0.7490831741484417,1,1
2023-11-30,100112.67718405346,299.3059049918828,0.0106554313381785,-0.3103020073401983,0.1757626113502979,0.4681602245999838,2.7299933,30.776830673217773,23.51991271972656,4.068063,29.65093313069636,0.7488558186433956,1,1
2023-12-01,100031.36842777782,299.0340382268415,0.0039244138016685,-0.2713031113068922,0.4176769531006737,0.4602614680309826,1.7992538,31.46630477905273,22.970813751220703,2.2811487,29.415064872671337,0.7486284631383495,1,1
2023-12-02,99920.35881687206,299.366142751678,0.0028148255503396,0.0212836794618775,0.4107829108520802,0.4594082466067709,5.0017495,31.58945083618164,23.220157623291016,2.870701,29.179196614646315,0.7484011076333034,1,1
2023-12-03,99897.43060941774,299.13982071242003,0.0043725212407894,0.0110719607188475,-0.0797003458033159,0.4659329092349266,1.0581019,31.29495620727539,23.452167510986328,2.2330577,28.943328356621294,0.7481737521282573,0,0
2023-12-04,99841.436371653,299.22085799418875,0.0021841357674703,-0.2192695331997647,0.3319371819481825,0.4683176510207054,6.375769,32.16710662841797,23.82700157165528,9.810005,29.044968933855472,0.7470297907610228,1,1
2023-12-05,99897.91564367666,299.42002855675304,0.0002427247115098,-0.11139388049447,-0.1037705510063001,0.4546457067792956,0.37852183,32.60343933105469,23.760517120361328,1.3694352,29.14660951108965,0.7458858293937883,1,1
2023-12-06,100009.95120902876,299.28460347679663,6.296120253530944e-05,-0.1574192269517045,0.1103330952199208,0.4378140204542317,0.07326512,33.04872131347656,23.38037872314453,0.0,29.24825008832383,0.7447418680265538,1,1
2023-12-07,100071.85498340352,299.6886858150843,0.0001070947529733,-0.1453937840498988,0.0280747336254539,0.4240002547882113,0.0,32.41862487792969,23.6605224609375,5.3382864,29.349890665558007,0.7435979066593194,1,1
2023-12-08,100123.41956148951,299.68720850719257,0.0033349833337809,-0.1737103357325381,0.3332027646695383,0.4212687945534998,9.025264,32.187435150146484,23.55692672729492,15.138788,29.451531242792186,0.7424539452920849,1,1
2023-12-09,100150.3590984306,299.16300850611543,0.0120618317828383,-0.2917686262473505,-0.0812294125800551,0.4602810202459975,16.874737,30.98489570617676,22.97991943359375,7.3317647,29.553171820026364,0.7413099839248504,1,1
2023-12-10,100069.71060082718,299.8673377699084,0.0048097033063368,-0.0315066087645741,0.2371052659493625,0.463517692057842,1.1407604,30.93246078491211,23.8374137878418,5.7913527,29.654812397260542,0.7401660225576159,1,1
2023-12-11,100101.00036455282,299.70381703051777,0.0033080901859565,-0.0648648869261917,0.1226276055395724,0.4601888347093353,6.729819,30.79534721374512,23.8007755279541,1.970536,29.75645297449472,0.7390220611903814,0,1
2023-12-12,100065.82947139784,298.71328389969915,0.0081086306387714,-0.0524572977037839,0.1197155102870687,0.4646576279444053,0.4008277,30.60868263244629,23.51372337341309,0.989465,29.73154353360909,0.7378780998231469,1,1
2023-12-13,100060.5117731013,299.4311132672916,0.0002888582336838,-0.581809773097203,-0.2260149118776777,0.4534576677161206,9.248635,30.579666137695312,22.599170684814453,0.05857059,29.706634092723462,0.7367341384559124,1,1
2023-12-14,100158.77558672403,299.582091076183,2.326379070801079e-06,-0.5577867998356343,-0.2034335812205146,0.4363496983075662,0.0,31.27923583984375,22.31086158752441,0.0,29.681724651837833,0.7355901770886779,1,1
2023-12-15,100211.22393614677,299.30822210750955,0.0040121952833491,-0.5520328240177353,-0.0034683775709775,0.4373450538891127,0.0,30.755107879638672,22.864133834838867,0.0,29.656815210952203,0.7344462157214434,1,1
2023-12-16,100126.90835127044,299.33682449621466,0.0089077083831533,-0.4034732254899341,-0.0615808064009882,0.4550902092309222,0.07534241,29.858274459838867,22.806921005249023,0.38641053,29.631905770066577,0.7333022543542089,1,1
2023-12-17,100029.8833232026,297.7973991136796,0.0242632654215657,-0.4436989244696525,-1.037167447234363,0.4864483419584102,0.37367082,28.02108383178711,23.24580383300781,38.050423,29.606996329180948,0.7321582929869744,1,1
2023-12-18,100094.21663904496,296.611809882884,0.0360657209067325,-0.6053084854839484,-1.248719806094513,0.4680432498361905,25.139328,27.25522232055664,21.80268287658692,4.289671,29.58208688829532,0.7310143316197399,1,1
2023-12-19,100145.76757513158,299.0603773720292,0.0017360220349226,-0.9450223514102,-0.976345592041488,0.468457839998836,1.1109933,30.10736846923828,22.862926483154297,0.0,29.55717744740969,0.7298703702525055,0,0
2023-12-20,100136.55290130273,300.06111660730465,0.0002912430224969,-0.6014744615394317,-0.4697885189739639,0.4551101605011474,0.04644204,29.9603328704834,23.03229522705078,0.0,29.621259735018153,0.7282715140457363,1,1
2023-12-21,100209.5263718831,299.7400707355384,0.0017031076966405,-0.6454732681154733,-0.2617230560361429,0.4482583033234644,0.026226,29.355615615844727,23.10006523132324,0.0,29.685342022626617,0.7266726578389671,1,1
2023-12-22,100270.4274997136,299.37981693250856,0.0008237074072172,-0.3963424110802366,0.2040678107519249,0.4420640773248152,0.46610317,30.531280517578125,22.138172149658203,0.20629252,29.74942431023508,0.7250738016321979,1,1
2023-12-23,100332.04485079572,298.96772517211053,0.000327650716351,-0.2448926669557674,-0.2883824920379165,0.4326463059201695,0.0,31.07187271118164,21.992658615112305,0.0,29.813506597843542,0.7234749454254287,1,1
2023-12-24,100350.54902856745,299.71782744373616,0.000826067154661,-0.6246798795380694,-0.1380459728085059,0.4231784901720413,0.0,30.531917572021484,21.52852249145508,0.0,29.877588885452006,0.7218760892186595,1,1
2023-12-25,100268.26497830173,300.0901130885369,0.0002026957646466,-0.4491512799351846,-0.0584013829768341,0.4149936836977277,0.005805255,31.3508415222168,22.86677360534668,0.0,29.94167117306047,0.7202772330118904,1,1
2023-12-26,100266.50050002016,299.5622525940236,2.601988755788909e-06,-0.5711265591735925,-0.3365293006539303,0.4020711376283272,0.0,31.69200134277344,22.373523712158203,0.0,30.005753460668934,0.7186783768051211,1,1
2023-12-27,100215.32252165132,299.7896292379576,1.602692205639875e-05,-0.7713315724925305,-0.4916421028409588,0.3887916642436759,0.0,31.615602493286133,21.88065719604492,0.0,30.0698357482774,0.717079520598352,0,1
2023-12-28,100142.0846574272,300.52275984234814,7.053210745638473e-05,-0.5916041776041726,-0.5435524709036409,0.3781216895727888,0.0,31.10686111450196,23.12947463989257,0.06639428,29.878302747537383,0.7154806643915829,1,1
2023-12-29,100186.24772053244,300.1811126023907,0.0002893726327304,-1.0351850239326923,-0.7732018549749808,0.3704619361225381,0.01161051,31.07188034057617,22.975067138671875,0.5278705,29.68676974679737,0.7138818081848136,1,1
2023-12-30,100159.456350861,300.145383683058,6.153578529106854e-05,-0.7282895169474212,-0.5399944311381104,0.3627209297122398,0.11446179,31.11334800720215,23.21488380432129,0.72100616,29.495236746057355,0.7122829519780445,1,1
2023-12-31,100193.03690149068,300.39253803852426,0.0004151276027969,0.0506615269686527,-0.1566993571606633,0.3490293251417607,0.36220917,31.517717361450195,22.68318748474121,0.0,29.303703745317343,0.7106840957712752,1,1
2024-01-01,100241.77605704468,299.6726293642944,0.0003925600008512,-0.3210743882217894,0.2215889118972744,0.3506539233932558,0.0,30.647136688232425,22.63933753967285,3.2213793,29.112170744577327,0.7090852395645061,0,0
2024-01-02,100150.73991971272,300.30349895767563,0.0015700195353886,-0.0723937358230277,0.2530793253655245,0.3452596190973377,0.0,31.296321868896484,23.18917655944824,0.026038108,29.157569286722065,0.7090482865154893,1,1
2024-01-03,100130.7067076074,299.6839268153957,0.0048074035782363,0.114567336504212,0.1156651583668245,0.3608046574207979,1.8665287,30.97551727294922,22.6181640625,0.0,29.202967828866804,0.7090113334664725,1,1
2024-01-04,100170.3579413232,299.0575678947239,0.0223203094436905,-0.0888925539299421,-0.2538218015173706,0.4360049403993424,9.099504,30.69460105895996,23.44029426574707,16.914137,29.248366371011542,0.7089743804174558,1,1
2024-01-05,100183.69208857598,298.3673744612065,0.0047553576800395,-0.5828454705267118,-0.215723737198396,0.4726907942412292,52.201786,29.925277709960938,22.603809356689453,3.0730746,29.29376491315628,0.7089374273684389,1,1
2024-01-06,100173.41351751969,298.92356708236355,0.0044362286330319,-0.7211579131971172,-0.1653748140238787,0.473285500684285,19.573423,31.023401260375977,23.35974884033203,2.451037,29.33916345530102,0.7089004743194222,1,1
2024-01-07,100161.60468259316,299.13875582562383,0.0097492684074718,-0.1914867160841598,0.0098205441278769,0.4671239076805367,12.9945965,30.65739631652832,23.50260734558105,1.8627524,29.384561997445758,0.7088635212704053,1,1
2024-01-08,100216.11548670357,298.7363794133962,0.0058461007296322,-0.0050352868989104,0.2805433475651669,0.4735125327199136,2.9835758,29.73209381103516,23.46979141235352,5.920131,29.429960539590496,0.7088265682213886,1,1
2024-01-09,100202.89289478293,297.75212248811243,0.0259911084451935,-0.3001560991179243,-0.780214887525703,0.4704423217278201,9.461072,27.926239013671875,23.250537872314453,13.518012,29.475359081735235,0.7087896151723718,0,1
2024-01-10,100146.0707603406,299.14593769137235,0.0003073008876042,-0.8634856728811597,-0.6626316853362877,0.4522783990404415,4.0975866,29.94680976867676,22.58099937438965,0.012324464,29.569930852042482,0.708752662123355,1,1
2024-01-11,100123.0283662118,299.60838666554326,1.58907208165837e-07,-0.5334427548452185,-0.5064703622450694,0.4419459325646191,0.12201403,31.12632369995117,22.609909057617188,0.0018973112,29.66450262234973,0.7087157090743382,1,1
2024-01-12,100158.21406005832,299.36898282634945,0.0001228016892194,-0.6650047439811809,-0.3672801381851822,0.4290390128140153,0.0,30.732959747314453,22.47748565673828,0.0,29.759074392656977,0.7086787560253214,1,1
2024-01-13,100292.18828087438,299.03034875977283,0.0002304285958146,-0.5485648368324623,-0.1301316416368187,0.4193754945900136,0.0,31.473705291748047,21.37812805175781,0.0,29.853646162964225,0.7086418029763046,1,1
2024-01-14,100241.87080209603,299.12166987612994,0.0004515466634038,-0.0722166740746721,-0.0766360478585178,0.4088762879214016,0.0,31.29431533813477,21.82042121887207,0.0,29.94821793327147,0.7086048499272878,1,1
2024-01-15,100225.55295477364,298.7667170443319,0.0010317500064057,-0.369304583427754,0.3461524627718562,0.4023790438597356,0.0,31.31586265563965,21.59295654296875,0.0,30.042789703578716,0.708567896878271,1,1
2024-01-16,100174.73020532816,298.7040759993511,0.001371151947173,0.0954903028148601,0.2881882138544012,0.3988130210411493,0.0,31.183813095092773,21.22847366333008,0.0,30.137361473885964,0.7085309438292542,1,1
2024-01-17,100133.4540330658,298.99381045008926,0.0024492096306664,0.0457127978128515,0.1088517079030626,0.410735799452622,0.0,31.701295852661133,20.61397933959961,0.0,30.23193324419321,0.7084939907802374,0,0
2024-01-18,100192.67361054372,299.0929069044442,0.0016974753145652,0.3542772085137315,-0.5393406266216931,0.4130115282049775,0.0,31.74770736694336,20.80486869812012,0.0,30.180389109964207,0.7077140899646811,1,1
2024-01-19,100166.81107119482,299.7268912967316,0.0002389348696768,0.1554269662254747,-0.0735651464011752,0.4010064874450266,0.0,31.53420829772949,22.53400039672852,0.0,30.128844975735202,0.7069341891491246,1,1
2024-01-20,100294.12074974037,299.4313267782225,0.0041442798323636,0.1013065983375286,-0.1284311394204828,0.4076990191072981,0.2205882,30.66915512084961,22.90801239013672,0.05465541,30.077300841506197,0.7061542883335683,1,1
2024-01-21,100257.29302679907,300.2689208468504,0.0004773083745122,0.1036932430153842,-0.0915982190025642,0.4016695540747201,0.91884345,32.15995407104492,22.56346702575684,0.0,30.02575670727719,0.7053743875180118,1,1
2024-01-22,100341.2461839638,300.5997584006265,0.0013962735988319,0.1083436849556056,0.1800469139158504,0.3891426677499802,0.0,32.48708724975586,22.480194091796875,0.0,29.974212573048185,0.7045944867024555,1,1
2024-01-23,100313.05815295276,299.8151596971309,0.0008256378422686,0.0645852753542581,0.569039814273588,0.3835117289876405,0.55714285,32.00029754638672,22.371395111083984,0.0,29.92266843881918,0.703814585886899,1,1
2024-01-24,100337.37434567144,299.3191492440881,0.0043799660232064,-0.024889750941497,0.35040344419868,0.4015560636212011,0.3955842,31.961803436279297,22.33438873291016,0.0,29.871124304590175,0.7030346850713427,1,1
2024-01-25,100408.11568280256,299.3423909002636,0.0011223127329492,-0.0468228832290269,0.339777684753396,0.3959840188047635,0.0,31.776020050048828,21.566133499145508,0.0,29.81958017036117,0.7022547842557862,0,1
2024-01-26,100475.78971195692,299.62348968229804,0.0001519322072905,-0.166916079039126,-0.0114466567096236,0.3813090594374572,0.0,32.13471221923828,21.568225860595703,0.0,29.924014071754115,0.7014748834402299,1,1
2024-01-27,100452.72992535443,299.25160837477256,4.6218565728661823e-05,-0.1822213024914817,0.0648899900467582,0.3659719803511258,0.0,31.614181518554688,21.399608612060547,0.0,30.02844797314706,0.7006949826246736,1,1
2024-01-28,100445.32916307457,299.3758968142797,4.698226545246144e-05,-0.1562801124470955,-0.0549617487158479,0.3519694788809335,0.0,32.174747467041016,21.58879280090332,0.0,30.132881874540004,0.6999150818091171,1,1
2024-01-29,100372.2258424334,299.52661458476405,2.152916318775561e-06,0.0205888637256587,-0.1021812278242234,0.3401574744586691,0.0,32.00113296508789,21.820940017700195,0.0,30.237315775932952,0.6991351809935608,1,1
2024-01-30,100355.63818482636,299.8245141134482,8.629712208549109e-07,0.0743993515434682,0.039742356181245,0.3296731184674996,0.0,32.82670211791992,21.70549201965332,0.0,30.341749677325897,0.6983552801780043,1,1
2024-01-31,100436.8603137044,299.96679582606146,0.0001599422482011,0.3346074151654614,-0.2415618738283803,0.3217903098917908,0.0,33.03662109375,22.67642402648925,0.0,30.44618357871884,0.697575379362448,1,1
2024-02-01,100418.9556702959,300.5190268781469,5.355527724671524e-06,0.4422752353947013,-0.818142336010145,0.314032648515065,0.1596445,31.904340744018555,22.860361099243164,0.29416007,30.550617480111786,0.6967954785468915,1,1
2024-02-02,100354.49701032654,300.3469861311786,0.0001087007122189,0.0265147470771614,-0.6888615943331146,0.3077024699891039,0.0,32.42801284790039,22.982322692871094,0.0044992156,30.65505138150473,0.6960155777313352,0,0
2024-02-03,100382.5225000282,300.44775091901045,0.0007414301467501,0.2759745192364413,-0.1353886342131757,0.3041865570869909,0.0,32.6268424987793,23.16482734680176,0.0,30.810920459338465,0.6954015148859723,1,1
2024-02-04,100479.29360963748,301.0020212390588,2.654062360879428e-05,0.1046448542329751,-0.1268419239838861,0.3014507408339268,0.0,32.72658157348633,23.12452507019043,0.0,30.9667895371722,0.6947874520406097,1,1
2024-02-05,100481.20199072486,300.51259922078503,0.0001513952603634,-0.108736265607,0.1172074801303658,0.2952242313719295,0.0,32.502098083496094,22.47139549255371,0.0,31.122658615005935,0.6941733891952468,1,1
2024-02-06,100381.7163699884,300.55020647293134,1.963512488518832e-06,0.0578349322449603,0.015435356176133,0.2899526485328936,0.0,32.52228164672852,22.044132232666016,0.0,31.27852769283967,0.6935593263498842,1,1
2024-02-07,100407.10246469632,300.5349893275327,7.178215083309018e-06,0.0263691008098137,0.213000012097529,0.2849113040423792,0.0,32.98659896850586,22.329418182373047,0.0,31.434396770673406,0.6929452635045213,1,1
2024-02-08,100326.87411054048,300.8592729817246,0.0004772716132966,0.151272363452932,0.3453264833857971,0.2819847022559956,0.0,32.96989822387695,21.96739196777344,0.40004194,31.59026584850714,0.6923312006591587,1,1
2024-02-09,100366.2238821476,301.1831445296176,0.0004127002947821,0.0979609305446775,0.0176298536493709,0.2806264319261088,0.0,32.94684219360352,21.653573989868164,0.13616347,31.746134926340876,0.6917171378137958,1,1
2024-02-10,100422.34824812744,301.1559672130388,1.312569186287246e-05,-0.1067459935508019,-0.0983506688161428,0.2790169198290347,0.0,32.63116455078125,22.396114349365234,0.28006017,31.90200400417461,0.6911030749684332,0,1
2024-02-11,100418.43531473746,301.09299911359625,1.0669403371938164e-07,-0.2760602202405722,-0.0210159031842416,0.274997060839725,0.0,32.751060485839844,22.80178451538086,0.0,31.812673424126476,0.6904890121230703,1,1
2024-02-12,100387.52783578775,300.64095483283063,6.125919534804609e-05,0.11822362111758,0.3142919987350548,0.2718769752831682,0.0,32.48697662353516,22.237424850463867,0.0,31.723342844078342,0.6898749492777075,1,1
2024-02-13,100322.3039440142,301.5589386166998,2.0118590615592487e-05,0.1257914964905409,-0.3868939676512919,0.269659953043429,0.0,32.80763626098633,22.61077880859375,1.4899677,31.634012264030208,0.6892608864323448,1,1
2024-02-14,100253.30035137002,302.02739740406787,0.0002408019412926,0.1453329433771778,0.1327165467676914,0.2676561053863353,0.0,32.599063873291016,23.35460090637207,0.04998828,31.544681683982077,0.688646823586982,1,1
2024-02-15,100233.4096456061,301.6567497198392,4.849879702974691e-06,0.1641003457037413,0.0543157901023354,0.267053980368206,0.0,32.98958969116211,22.57491874694824,0.0106109185,31.455351103933943,0.6880327607416193,1,1
2024-02-16,100238.20197869244,302.1399701259819,7.196137761536636e-08,0.0682235151289288,-0.0362566489269991,0.2649992722590277,0.0,33.11207962036133,22.721513748168945,0.0,31.36602052388581,0.6874186978962565,1,1
2024-02-17,100188.177234707,302.046651076491,0.0001220599354124,0.1834382528237876,0.1295562346604369,0.2634975612414315,0.0,33.360538482666016,23.363252639770508,0.20649633,31.276689943837674,0.6868046350508938,1,1
2024-02-18,100145.2693587463,301.8210334674658,0.0001016599507354,0.3268202108063798,-0.0119975300158484,0.2632192160478792,0.0,33.27925109863281,23.320045471191406,0.0,31.18735936378954,0.686190572205531,0,0
2024-02-19,100199.85480491287,301.9424226827125,0.0001315605977537,0.2809861095812275,0.0631588961674281,0.2626726288307686,0.0,33.346221923828125,23.37826156616211,0.0,31.33358689093901,0.6840620602862263,1,1
2024-02-20,100227.15228693352,301.9493614936881,0.0007322880407522,0.2945379524767464,0.2092541742531178,0.263366645224207,0.0,33.43460464477539,23.38408660888672,0.0,31.47981441808848,0.6819335483669215,1,1
2024-02-21,100215.45638795606,301.5130352871337,0.0006494608585258,0.5243283118289142,-0.2806574751342314,0.2672559584773408,0.23582904,33.466556549072266,23.277286529541016,0.0,31.62604194523795,0.6798050364476168,1,1
2024-02-22,100283.67386651137,301.0786273938875,0.0003624879932394,0.5183776294200635,-0.4374349929060067,0.270036442547209,0.0,33.69733810424805,23.91992378234864,0.0,31.77226947238742,0.6776765245283121,1,1
2024-02-23,100168.1554302698,301.77781482361337,5.178495805681639e-05,0.7186712165738058,-0.4442734314510063,0.2682981985179059,0.0,34.23466110229492,23.58841323852539,0.01997605,31.91849699953689,0.6755480126090072,1,1
2024-02-24,100159.6085915431,300.86985585093134,0.0002723781354158,0.345016033549996,-0.921226999022838,0.2677929706621634,0.007759294,33.963417053222656,23.93773651123047,0.0,32.06472452668636,0.6734195006897025,1,1
2024-02-25,99992.66371843164,301.9006136171891,0.0004863390412497,0.4864405973955822,-0.4629268624745592,0.2677175133456719,0.0,33.21749496459961,24.22691345214844,0.0,32.21095205383583,0.6712909887703977,1,1
2024-02-26,99964.57780734428,302.6513506773215,8.55616156824132e-05,0.1490516373709656,0.1307426140792439,0.2674920606790849,0.0,33.64823913574219,23.45788955688477,0.026725205,32.3571795809853,0.669162476851093,0,1
2024-02-27,100039.76256084294,302.8965791190297,0.0001392117093796,-0.1754747220480839,-0.4416408435644074,0.2655979385311779,0.0,33.69086456298828,23.927549362182617,0.024685385,32.26403365292064,0.6670339649317882,1,1
2024-02-28,100021.81617557984,302.5974955427517,0.0005740735920336,0.1566459561271269,0.1791039671028358,0.2645817250067088,0.0,34.00360870361328,23.300273895263672,0.0,32.17088772485597,0.6649054530124835,1,1
2024-02-29,100132.8948970354,301.9415237070464,0.0004163432451219,0.3290368098595894,0.4286456139618738,0.2662614293218246,0.0,33.52964401245117,23.43753242492676,0.2983693,32.07774179679131,0.6627769410931788,1,1
2024-03-01,100207.2284747148,302.31157399954924,0.0003414704673581,0.4816144124033475,-0.049203038344605,0.2668820241420713,0.0,32.96959686279297,23.38957023620605,0.50732666,31.984595868726643,0.6606484291738739,1,1
2024-03-02,100223.09059181403,301.814967103067,4.6110642715997e-05,0.51543849482389,-0.0869749616524794,0.2665109037134937,0.0,33.68562316894531,23.09795570373535,4.6255126,31.89144994066198,0.6585199172545692,1,1
2024-03-03,100153.98183187583,301.941285940758,0.0001139073294271,0.6279191573031003,-0.3656045223660933,0.2644764914766558,0.0,33.904808044433594,22.75168800354004,0.093089215,31.798304012597313,0.6563914053352644,1,1
2024-03-04,100180.14234346358,301.7736851132422,0.0002138648286464,0.5415638523443428,-0.3149213879308186,0.2643638705530911,0.0,34.135887145996094,23.272123336791992,0.052210044,31.70515808453265,0.6542628934159597,1,1
2024-03-05,100174.09548648288,302.1950667716374,0.0001686755872516,0.81567441140363,-0.5923151283084178,0.2633982174728105,0.0,34.45445251464844,23.431371688842773,0.19302648,31.612012156467983,0.6521343814966549,0,0
2024-03-06,100187.9026743186,302.0986934771459,0.0001490724852768,0.9277659594002412,-0.8653496242025207,0.2630186395040999,0.0,33.84726333618164,23.626651763916016,0.24088654,31.551608047612355,0.6517042037686065,1,1
2024-03-07,100117.20215143092,301.937361449315,7.522961163580633e-05,0.6729698637411964,-0.3574556166599227,0.262008292928082,0.0,34.36466979980469,23.47339057922364,0.0,31.491203938756726,0.651274026040558,1,1
2024-03-08,100193.33585526874,301.7485767735472,0.0004596968736246,0.512269640158025,-0.2193852429894934,0.2629992639463901,0.0,34.56394577026367,23.360795974731445,0.2353665,31.430799829901098,0.6508438483125095,1,1
2024-03-09,100210.46445196283,301.548259637665,0.0008281626180299,0.2862935461151384,-0.2200896830810407,0.2656127148084965,0.023042975,34.564064025878906,23.65806770324707,0.0,31.37039572104547,0.6504136705844611,1,1
2024-03-10,100338.96720656403,302.3914444904256,0.0005737022532696,0.2994512199624712,-0.0573511100156417,0.2680386164853572,0.0,34.378604888916016,24.2719955444336,0.025487356,31.30999161218984,0.6499834928564125,1,1
2024-03-11,100437.2423948097,302.1133588499025,0.0013476889725897,0.4146190920562783,0.2858376466879723,0.2731851997792771,0.0,33.98379135131836,24.261375427246094,0.089000374,31.24958750333421,0.6495533151283641,1,1
2024-03-12,100347.8752530329,302.41978488774924,0.0012375194654001,0.5562053675375845,0.0633927084732147,0.2773864599127711,0.019751122,34.53398132324219,23.60939598083496,0.0,31.189183394478583,0.6491231374003157,1,1
2024-03-13,100359.2031631516,301.1843142128289,0.0014477214694367,0.6223184207064959,-0.0909421507849947,0.2876856693039005,0.0,34.607261657714844,23.761831283569336,0.035709262,31.128779285622954,0.6486929596722673,0,1
2024-03-14,100277.62388022244,301.2804213458636,0.0007944904403793,0.6747817700263729,-0.7533092126348785,0.291274002071527,0.4640507,35.088775634765625,24.06903839111328,0.0,31.358631239024554,0.6482627819442187,1,1
2024-03-15,100175.23380818524,301.9160233566518,0.0002473283074066,0.9271462293954577,-0.7907187302305463,0.2867526173491306,0.15574522,34.946048736572266,24.696008682250977,0.3194129,31.588483192426153,0.6478326042161703,1,1
2024-03-16,100164.60808277735,301.86205196552584,0.0002370858715177,0.3989937331244012,-0.3979152982546483,0.2825122425828162,0.0,34.74380111694336,24.590511322021484,0.0,31.818335145827753,0.6474024264881219,1,1
2024-03-17,100197.25591390244,301.9408634585648,0.0014846754910188,0.4362449095733235,0.2498787946605899,0.2824055229991313,0.0,34.831581115722656,24.07310485839844,0.0,32.04818709922935,0.6469722487600733,1,1
2024-03-18,100166.16271299138,301.8577680843412,0.0006932583000182,0.6469352998216503,-0.0668412694737291,0.2859407355685349,0.0,34.59922409057617,23.93759727478028,0.0061657783,32.27803905263095,0.6465420710320249,1,1
2024-03-19,100098.15677795888,302.4384407325924,0.0003402928627451,0.3128191536042334,0.29435897663044,0.2836259046789114,0.0,34.56410217285156,23.54062461853028,0.0,32.50789100603255,0.6461118933039764,1,1
2024-03-20,100092.2677966454,302.2078219497558,0.0006712882625381,0.514166456602101,0.5336305450427302,0.2806864678967185,0.13167414,34.5175666809082,23.22373962402344,0.0,32.73774295943415,0.6456817155759279,1,1
2024-03-21,100026.24406320672,302.53824438844146,0.0013480161882823,0.503413996668959,0.0053524126985322,0.2801146139848088,0.15975516,33.96070098876953,24.013551712036133,0.0,32.96759491283575,0.6452515378478795,0,0
2024-03-22,99918.54490174276,302.0582483873758,0.0012789767924234,0.4475580936069169,-0.2003331048254468,0.287997394474184,0.2754549,34.149024963378906,24.48697090148925,3.3047378,32.877435129898025,0.6447182117906831,1,1
2024-03-23,99992.286163862,301.84909118421234,0.0058451595908942,0.4809976395025663,0.2418160516204907,0.2994071801331542,0.25446016,34.72426986694336,23.841960906982425,4.051659,32.7872753469603,0.6441848857334868,1,1
2024-03-24,100121.62528930622,301.7826713401977,0.000768555307862,0.4106657135614138,0.2325813397433784,0.3303379641657968,0.7950646,35.025882720947266,24.271982192993164,1.8780723,32.697115564022575,0.6436515596762904,1,1
2024-03-25,100122.3213977651,302.43948458604973,0.0012307240112069,0.3768782573818717,0.5466378979247872,0.3233264883430922,0.0,34.37052917480469,23.75121116638184,0.0,32.60695578108485,0.6431182336190939,1,1
2024-03-26,100228.25413791803,302.1247495469429,0.0034207115443527,0.7640715971748508,0.7381604976100351,0.3233868815260074,0.16736257,34.427921295166016,23.945402145385746,0.0,32.516795998147124,0.6425849075618976,1,1
2024-03-27,100321.31778076263,301.7060713788067,0.0031191329941274,0.1952586560914802,0.88383641095671,0.3555266747954432,0.044068165,34.435447692871094,24.272926330566406,0.0,32.4266362152094,0.6420515815047012,1,1
2024-03-28,100158.7864789352,302.05594677884415,0.0028509413544726,0.3768347931934214,0.4717006783514645,0.3480056117741387,0.0,34.45468521118164,24.830093383789062,5.3369346,32.336476432271674,0.6415182554475048,1,1
2024-03-29,100170.45496918765,301.1534504567736,0.0034263293439199,0.4849465653964828,0.0656018943393412,0.3603468952392182,2.2975547,34.59452438354492,24.27485466003418,0.15561305,32.24631664933395,0.6409849293903085,0,1
2024-03-30,100235.60913963424,301.9157379944604,0.0039108721230154,0.429128584487462,0.2854532579889033,0.3633399708423783,1.8417733,35.2104377746582,24.429672241210938,0.27576873,32.38162503987924,0.6404516033331121,1,1
2024-03-31,100237.08703550184,301.76950816234614,0.0033915463689834,0.5593530345613648,-0.3590580004455809,0.3859833867407458,0.21299614,35.167118072509766,24.152729034423828,0.0,32.51693343042453,0.6399182772759158,1,1
2024-04-01,100035.19596377648,302.1233299458052,0.0011119444855885,0.5953801815463081,0.0887299400637508,0.3641462903825807,0.0,34.939842224121094,24.76457023620605,0.6269051,32.65224182096982,0.6393849512187194,1,1
2024-04-02,99943.25698977632,302.0581317293571,0.0019346743979586,0.6108010397577588,0.0562791315347676,0.3543628533738552,1.6226262,35.2663688659668,25.28082275390625,3.2339852,32.78755021151511,0.638851625161523,1,1
2024-04-03,100004.5152143132,301.89545637484514,0.0021710399117789,0.7150496058860123,-0.0821708413840687,0.3589267985209463,0.5894957,34.78102111816406,25.55336570739746,0.1548267,32.9228586020604,0.6383182991043266,1,1
2024-04-04,100048.15596509592,301.89079970914537,0.0023910667116961,0.4543127031162363,0.1214641159952711,0.358336445574205,0.05925336,35.34336471557617,25.16828155517578,4.1497197,33.05816699260569,0.6377849730471302,1,1
2024-04-05,99960.91581459566,301.81201599520955,0.0004644244591785,0.6605949924605184,-0.4794225464046023,0.3531608100062968,2.4502585,35.6635856628418,24.839433670043945,0.0,33.19347538315098,0.6372516469899339,1,1
2024-04-06,99858.27322972078,302.92351869958463,0.000477712439305,0.5813580822637986,0.2958305600113932,0.3368882346517236,0.0,35.95661163330078,25.08513259887696,0.0,33.32878377369627,0.6367183209327375,0,0
2024-04-07,99896.999639908,302.4390695640453,0.0006961263578851,0.6006337117799159,-0.1151120897554007,0.3284237198222642,0.05734185,35.78580474853516,25.7024154663086,0.0,32.8780940722937,0.6397979149569848,1,1
2024-04-08,99922.413800839,302.4927709079417,0.002299369693714,0.3467806238210434,-0.0483596408606464,0.3242932168433465,0.0,35.70487976074219,25.64950561523437,0.39446384,32.427404370891125,0.642877508981232,1,1
2024-04-09,99941.80130533502,302.9411109917896,0.0007678763085266,0.4599638346339494,0.0488860733249121,0.3243635312655981,0.08061024,35.094749450683594,25.529067993164062,0.07449991,31.97671466948855,0.6459571030054793,1,1
2024-04-10,99933.6318305376,303.03917507277566,0.0010546916331097,0.4402208290416499,0.3623148097715666,0.318209228900809,0.50049627,34.8172721862793,25.31064796447754,0.10121184,31.526024968085977,0.6490366970297266,1,1
2024-04-11,99963.54081271745,302.8637498180832,0.002612428900205,0.5432204005666359,0.1310907823131812,0.3193846249869844,4.1833754,34.99551010131836,25.532224655151367,5.7556133,31.075335266683403,0.6521162910539737,1,1
2024-04-12,100005.9191060186,301.43238972832273,0.0082677910033864,0.4019018815878937,0.4495348920184755,0.3621301504264215,2.9720905,33.11552429199219,25.07572364807129,9.0588875,30.62464556528083,0.655195885078221,1,1
2024-04-13,100038.48269075548,301.33561722982074,0.0112221944156714,0.3100802711260292,-0.1832827691748704,0.4074657257681699,8.666499,33.5698127746582,24.04753303527832,3.1820052,30.173955863878255,0.6582754791024682,1,1
2024-04-14,100004.38378530604,302.6483972081486,0.0009212495927678,0.4047285649248838,0.0463271647752628,0.4033365202632169,1.8899596,34.25031280517578,24.72565650939941,0.8098288,29.72326616247568,0.6613550731267155,0,1
2024-04-15,100032.24126053456,303.33048717894513,0.0012808749917933,0.6413534657143243,-0.1566372392469622,0.3807124165276924,0.0,34.069786071777344,24.571319580078125,2.1748695,30.177614437015357,0.6644346671509628,1,1
2024-04-16,100013.597746992,302.5053640499268,0.0017880213855432,0.544740567744416,0.5641401432815518,0.3708209522585269,5.412884,34.27335739135742,26.029916763305664,0.0,30.631962711555033,0.66751426117521,1,1
2024-04-17,100009.6149641446,302.2130108865527,0.0011671510273052,0.6336699415964209,-0.0794266754509895,0.3650794946913794,0.8764635,34.96366500854492,25.15654945373535,0.44334742,31.08631098609471,0.6705938551994572,1,1
2024-04-18,99924.6474976217,301.6693939026022,0.0059357924723384,0.2241250081107599,-0.1904257191876864,0.3760802282394592,0.2924404,35.193092346191406,25.800596237182617,1.0541959,31.540659260634385,0.6736734492237044,1,1
2024-04-19,99806.49417026584,301.7800584190784,0.0048978948426607,0.4503711240626051,-0.1674507191897958,0.4037087390393876,2.9502435,35.6488037109375,26.14563751220703,0.538132,31.99500753517406,0.6767530432479517,1,1
2024-04-20,99812.44067426836,301.67371211697935,0.0043802976264362,0.4635713288153232,-0.3146806987149597,0.4176528812357548,1.0200382,35.329429626464844,26.278947830200195,1.1660825,32.44935580971374,0.679832637272199,1,1
2024-04-21,99819.55315961815,302.2128275955995,0.003173177342444,0.3060039456524891,-0.2265341328605893,0.4088366136253991,0.50038654,35.64313888549805,26.05699157714844,1.781715,32.90370408425341,0.6829122312964462,1,1
2024-04-22,99887.15312474176,302.2585354846378,0.004173373138326,0.4757331417563845,-0.4011327243364264,0.4092414125483087,4.2916703,35.73257064819336,25.5291805267334,0.0048862,33.35805235879309,0.6859918253206935,0,0
2024-04-23,99731.24465484932,303.0922997524308,0.0005161369028775,0.4830598119274185,-0.2099585700943602,0.400359987166513,1.4184549,35.89133071899414,25.89957046508789,3.3588102,33.16613475793525,0.6880388961631656,1,1
2024-04-24,99764.43652279188,302.7063028943383,0.0012040740591714,0.5663238878017408,-0.1308956339262127,0.3814145141043963,1.0797806,35.08282852172852,25.446508407592773,1.023197,32.974217157077405,0.6900859670056377,1,1
2024-04-25,99741.63878398194,303.1004980862005,0.0020703897529339,0.2711722959562453,0.0817527915726689,0.3715157234291859,0.5993286,35.5012321472168,25.108810424804688,0.0,32.78229955621956,0.6921330378481099,1,1
2024-04-26,99735.9279123373,302.8142922547363,0.0020042109578137,0.3313736386103675,0.2413846355373576,0.3691719006798505,0.0,35.627193450927734,25.97701835632324,0.087861136,32.59038195536172,0.694180108690582,1,1
2024-04-27,99759.89413306514,303.1452493460108,0.00115893039949,0.749231419019909,-0.0075732186545917,0.3643534250278887,0.14153765,36.38262939453125,25.309568405151367,0.1214674,32.398464354503886,0.6962271795330541,1,1
2024-04-28,99821.2786133752,303.3138426234909,0.0010786639418153,0.6088744444491156,-0.1004226632753893,0.3561670511068955,0.0,36.57633972167969,26.336475372314453,1.0886612,32.206546753646045,0.6982742503755263,1,1
2024-04-29,99898.3348618608,303.4525088064802,0.001800809622605,0.5713193258108292,0.2914290134114906,0.348144860146696,0.48052797,36.420509338378906,26.34650230407715,1.5898495,32.0146291527882,0.7003213212179984,1,1
2024-04-30,99830.05206689886,302.325267550091,0.0118849475315193,0.5768872148816669,-0.0213807192340552,0.3803684515711751,1.202052,36.422584533691406,26.70868492126465,3.3929632,31.82271155193036,0.7023683920604706,0,1
2024-05-01,99697.4198068334,302.513424614614,0.0008966756019667,0.7839709821981458,-0.5821864190103345,0.4137188327586169,3.575704,36.40428161621094,25.57457160949707,0.8546224,31.88197629768169,0.7044154629029428,1,1
2024-05-02,99710.89844953244,303.3890105904489,0.0003651974735825,0.641889544859688,0.1390913732637363,0.3895933454118966,0.030526696,36.521461486816406,26.83191680908203,0.0,31.941241043433017,0.7064625337454149,1,1
2024-05-03,99870.95291205564,301.7106093264412,0.0093899265366945,0.2237431943122835,0.1579400113689626,0.4144724531663211,0.0,35.851112365722656,27.611064910888672,4.961437,32.000505789184345,0.708509604587887,1,1
2024-05-04,99905.30583016854,301.6324891524756,0.0018588715335447,0.2641542539930154,-0.4123765626969942,0.4252509861013067,0.3408853,36.15913009643555,27.07537651062012,0.12486835,32.059770534935666,0.7105566754303592,1,1
2024-05-05,99828.45097518906,302.4362432998252,0.0014029332792517,0.7314016333221317,-0.4606517872453266,0.4068062114291416,0.22720082,36.16925811767578,27.38095474243164,4.5118375,32.119035280686994,0.7126037462728313,1,1
2024-05-06,99901.81585246544,302.1791943459432,0.0023965205133412,0.5158672816536436,-0.3603689559077196,0.4009585620721009,2.8769994,36.1040267944336,26.762508392333984,0.3697379,32.17830002643832,0.7146508171153034,1,1
2024-05-07,99965.57316688224,302.67016715948404,0.0003898082465247,0.5555472352754356,-0.036327184600775,0.3844305082702453,0.16480891,36.10670852661133,26.015554428100582,0.0,32.23756477218965,0.7166978879577756,1,1
2024-05-08,99856.24283642865,301.90460409042214,0.0320160581420263,-0.0911778707833284,0.0339298203008968,0.4171065681183305,0.03265397,36.00069046020508,26.50373268127441,13.2379875,32.29682951794098,0.7187449588002477,0,0
2024-05-09,99847.89825707248,300.8464083095513,0.0284600432850157,-0.1139724253175178,-0.1795695693121175,0.4681111177668462,18.013887,35.18050765991211,25.255971908569336,16.393072,31.421024653179565,0.6993179161121187,1,1
2024-05-10,99905.40579611388,301.31232417565536,0.0017658592882431,-0.0875305614157327,-0.094651575371657,0.4569490742032839,23.008059,33.84748077392578,24.5504093170166,11.600195,30.54521978841815,0.6798908734239898,1,1
2024-05-11,99985.43733677005,301.2094096043803,0.0091465599122908,-0.1975507063280434,-0.0463538397990649,0.459588331590981,5.416264,34.244720458984375,25.085901260375977,13.9046545,29.669414923656742,0.6604638307358608,1,1
2024-05-12,99940.45778712044,300.58126491061034,0.0067422266121251,-0.2162395577717893,-0.0331641604284467,0.4777158941696979,6.9777555,33.710350036621094,24.45297622680664,12.574696,28.79361005889533,0.6410367880477318,1,1
2024-05-13,99858.23660175972,300.7841467198765,0.0103783446491914,-0.1274012361442345,0.1658171075856918,0.477734085057329,4.811786,33.01576232910156,24.48967361450196,13.073195,27.917805194133916,0.6216097453596028,1,1
2024-05-14,99948.1452084695,299.5913887283008,0.0097283877966775,-0.2983131115217882,0.0778243817135553,0.4808116738133338,9.214005,31.91820335388184,23.95844268798828,14.298587,27.042000329372506,0.6021827026714739,1,1
2024-05-15,99937.23105334929,300.0435102593228,0.0165171016110359,-0.3847547077848899,0.0367773377504152,0.4809769607389872,9.689127,33.03710174560547,23.913637161254883,11.871189,26.166195464611093,0.5827556599833449,1,1
2024-05-16,99934.7798224274,299.6720695484142,0.0477343299611212,-0.1298610179638372,0.1961982908092992,0.4776698921947387,16.725466,31.74744033813477,23.69218635559082,23.861975,25.29039059984968,0.5633286172952159,0,1
2024-05-17,99834.0185051492,299.0670923463914,0.0409587807595125,-0.2784711588086782,0.1038287547735486,0.4774887156265833,6.3628736,30.785255432128903,24.19066047668457,17.939728,25.396416187359076,0.543901574607087,1,1
2024-05-18,99675.71763180716,299.0323119582515,0.0240518842691812,-0.2377566096730811,0.5821278418954685,0.4766383878971784,13.733714,32.0853271484375,23.63326644897461,7.644296,25.502441774868473,0.524474531918958,1,1
2024-05-19,99578.56358303472,298.10823850199534,0.1088980328345711,-0.1994687649102892,-0.4061422543910306,0.4823966768587821,34.04487,31.173587799072266,23.72507667541504,16.654577,25.60846736237787,0.505047489230829,1,1
2024-05-20,99663.08222922724,297.9345575897349,0.0596432113557183,0.3536966672123073,-0.0708376983565082,0.4760019777199157,26.307756,28.199756622314453,23.237913131713867,35.860683,25.714492949887266,0.4856204465427001,1,1
2024-05-21,99524.18699146908,298.26139451655246,0.0156271869417794,-0.6321093963593701,0.9044429923152824,0.4896365165825088,33.14466,30.992277145385746,22.93233108520508,29.585066,25.82051853739666,0.4661934038545711,1,1
2024-05-22,99441.21975250557,298.3817852046401,0.0472911693201392,0.0557418517846301,0.1845302573045955,0.479586089627504,19.21904,30.874197006225582,23.704349517822266,45.01023,25.926544124906055,0.4467663611664421,1,1
2024-05-23,99318.87514444768,298.13752815869293,0.1594311614415725,0.1361100386793703,0.0532280699910703,0.4847338015334741,68.456696,28.953746795654297,23.4134578704834,35.006786,26.03256971241545,0.42733931847831313,1,1
2024-05-24,99446.13184568088,298.9994652469882,0.0925909838647916,1.5670264448479314,-0.4771973481185735,0.4765193455206946,46.29382,29.116249084472656,23.5642147064209,45.247604,26.138595299924848,0.4079122757901842,1,0
2024-05-25,99670.2553014818,298.47386016919074,0.0241075684415533,-0.2618875772939564,-0.1135351130818787,0.4790176808196402,57.322906,29.5828800201416,22.84364128112793,15.984628,26.244620887434245,0.4235735744557071,1,1
2024-05-26,99760.1983699072,298.84084882482864,0.0189079522301993,0.3252770111729626,-0.1048445189740025,0.4790444262312331,6.552276,30.2972469329834,23.85906410217285,5.802402,26.35064647494364,0.43923487312123,1,1
2024-05-27,99801.58567313908,298.76640801487645,0.0160062282696187,0.3375323823272415,0.0066182780027934,0.4755478896892964,14.115003,31.783079147338867,23.494956970214844,5.443964,26.456672062453038,0.4548961717867529,1,1
2024-05-28,99832.69337639648,298.5215910893103,0.0294817143771092,0.7489554171579966,0.1604288327950442,0.4809381678953009,21.111223,30.02315902709961,23.96718978881836,29.69845,26.56269764996243,0.4705574704522758,1,1
2024-05-29,99754.3446887631,298.58604412580974,0.058904813033894,0.4284592862455356,-0.3085128602134391,0.4862416320472458,43.618793,31.428157806396484,24.24334144592285,3.3463128,26.668723237471827,0.4862187691177987,1,1
2024-05-30,99794.92418223016,298.81925722858847,0.0191271802287106,0.7850482985153411,-1.0391439354209062,0.4760904695025029,31.751196,31.87801742553711,24.103803634643555,9.874597,26.774748824981224,0.5018800677833216,1,1
2024-05-31,99787.8010687954,299.2526092692084,0.0095014824974291,0.3231413713196805,-0.061119770284369,0.4673548804006979,19.26329,33.155296325683594,24.5653133392334,14.180975,26.88077441249062,0.5175413664488445,1,1
2024-06-01,99835.31860489491,299.9297122457792,0.0080119506389744,0.3893996317923421,-0.4484626600584426,0.4721237657906731,30.756618,32.46623992919922,25.09348487854004,29.889315,26.986800000000017,0.5332026651143673,0,1
2024-06-02,99880.03474550448,299.6138448388492,0.0154399549084108,0.2535709617716545,-0.1445477519245701,0.4759345540118798,32.269066,32.43778991699219,24.699657440185547,18.22149,27.20276178873722,0.5488639637798902,1,1
2024-06-03,99919.00013605432,299.5102426075192,0.007350015266687,-0.0480510323276054,0.4071659058787413,0.4622679099481773,20.327402,31.055322647094727,23.94810485839844,3.8348958,27.418723577474424,0.5645252624454131,1,1
2024-06-04,99999.72298353168,299.0720166659066,0.0094763522049471,-0.1846711561648028,0.6062212901729305,0.4869426733485381,1.5884107,31.5208797454834,24.290340423583984,6.8291445,27.634685366211627,0.580186561110936,1,1
2024-06-05,100044.9547057658,299.10997753507866,0.0185636295831207,0.2652483686602363,0.5959033498341022,0.4818772417892271,7.8925714,31.18267822265625,24.6585636138916,19.037117,27.85064715494883,0.5958478597764589,1,1
2024-06-06,100051.48967554272,298.8699680951541,0.0113235414757962,0.1634762972102513,0.8568447962276123,0.4794712873702583,4.759408,31.19108009338379,24.70469665527344,53.172592,28.066608943686038,0.6115091584419818,1,1
2024-06-07,99967.600900952,298.3819058000189,0.0311860246940816,0.6411385309783609,1.1813542571316002,0.4723539895801565,30.917236,30.65345764160156,23.30597305297852,21.122168,28.282570732423242,0.6271704571075047,1,1
2024-06-08,100004.570070267,298.1760383046065,0.0351026124185575,1.1904549461701328,1.2366160390353833,0.4733389040386037,13.485899,30.437074661254883,24.0964584350586,12.307581,28.498532521160445,0.6428317557730276,1,1
2024-06-09,100014.02152575478,298.7655631211074,0.0135472388880974,0.5804972405014652,0.525624123197405,0.4694940736910261,27.40939,31.21943664550781,23.02026557922364,1.1210485,28.71449430989765,0.6584930544385506,0,0
2024-06-10,100080.79228343064,298.74017199857803,0.0115470595089881,0.4504162866001104,-0.0351844750741508,0.4860747631158748,16.880587,31.85481834411621,23.61874771118164,0.32796505,28.6731654153939,0.6520365833378242,1,1
2024-06-11,100099.92587721584,298.7301295629301,0.0195612408346253,0.7491300649146563,-0.1507415260055171,0.4773171907836018,9.609337,31.785205841064453,23.98780059814453,8.845641,28.63183652089015,0.6455801122370979,1,1
2024-06-12,100172.3270811147,298.27012493708105,0.0076546539372486,0.1210709489413588,-0.1749242176759098,0.4856448636087665,7.2637777,29.814512252807617,24.49614524841309,5.518651,28.5905076263864,0.6391236411363717,1,1
2024-06-13,100085.194473694,299.6992689390168,0.0032157235978534,0.7225823302096451,-0.1197071209566024,0.4783381223535292,6.8896704,31.6350212097168,24.03031349182129,3.389285,28.549178731882648,0.6326671700356453,1,1
2024-06-14,99965.0735352502,299.7179270348937,0.002856710274062,0.796124392166807,0.0778722801035392,0.4778878219655851,1.179356,32.27455139160156,24.10162734985352,1.6579909,28.5078498373789,0.626210698934919,1,1
2024-06-15,99933.81555658544,299.59148886421866,0.0030302764121146,0.4130481085334208,0.2762854145415515,0.4744936460083904,3.0147855,32.8347282409668,24.28133201599121,2.263315,28.46652094287515,0.6197542278341928,1,1
2024-06-16,99942.62711477026,299.2832045093696,0.003746539821284,0.3247054446587584,0.1484810105165705,0.479994827859289,2.541794,32.599510192871094,23.914512634277344,7.6122866,28.4251920483714,0.6132977567334664,1,1
2024-06-17,99951.36460328956,299.1855054532756,0.0087603628312723,0.1733098597978798,0.8051931133836576,0.4806948815533885,4.5610805,33.2203483581543,24.48674774169922,16.192774,28.38386315386765,0.6068412856327401,0,1
2024-06-18,99989.30044692496,298.7668027658849,0.0067371055987708,0.2156177296605818,0.6563967278204595,0.4928218675556774,3.566578,32.03143310546875,24.53690528869629,42.102848,27.86776156752139,0.6003848145320138,1,1
2024-06-19,99912.61979653836,298.3092465130724,0.02013894711919,0.5643755842507608,0.5710073004033737,0.4837529011279405,13.627344,31.29691696166992,24.06071662902832,10.939774,27.351659981175132,0.5939283434312874,1,1
2024-06-20,99930.45810835654,297.88521829140365,0.0093076923726063,-0.0093061344198545,0.1782716500499756,0.4873652398005917,23.057602,30.46931266784668,23.401180267333984,7.4515257,26.835558394828873,0.5874718723305612,1,1
2024-06-21,99908.60801322416,297.38914609680467,0.0308173664388048,0.3945539814589874,-0.3760642954930332,0.4814069653692291,17.461575,29.474443435668945,23.422231674194336,2.2005105,26.319456808482613,0.5810154012298349,1,1
2024-06-22,99761.86945270476,297.767057797129,0.0525990707982631,1.082116984406806,-0.1114346568064845,0.4771519749335678,18.61133,31.21999931335449,23.23665237426757,5.8654404,25.80335522213635,0.5745589301291085,1,1
2024-06-23,99761.34076455254,297.5587402451051,0.0436668849603682,1.5474678658137944,-0.4846242851241735,0.4829966494320304,27.494371,29.769332885742188,23.61507797241211,19.397835,25.28725363579009,0.5681024590283823,1,1
2024-06-24,99718.96058063622,297.7984167812737,0.0322298417861258,2.442302346645117,0.0384554289069109,0.4763813030262638,29.727522,30.181415557861328,23.579551696777344,14.31471,24.77115204944383,0.561645987927656,1,1
2024-06-25,99759.83363156117,297.8851565583307,0.0480631144939621,2.6873072637848474,0.0614899893709208,0.4755460263616923,47.103344,29.27768898010254,22.907569885253903,37.660034,24.25505046309757,0.5551895168269296,0,0
2024-06-26,99811.67978223322,297.34060206999646,0.0734485296847429,2.271843513454838,0.3141062068801644,0.4778314859395073,94.997925,29.01169776916504,23.16222381591797,66.42657,24.61515948941901,0.55938079180631,1,1
2024-06-27,99962.15774689104,297.44010866048006,0.0246498173339849,0.7823511229812103,-0.0512586000490423,0.4862672228239408,49.498188,28.72551345825196,22.93524169921875,31.412386,24.975268515740453,0.5635720667856904,1,1
2024-06-28,99919.40171260585,298.40500663727977,0.0047637972129261,0.0858306967305053,0.1030748475269996,0.4959933786154911,23.641375,30.75079727172852,23.11746406555176,3.1592302,25.33537754206189,0.5677633417650707,1,1
2024-06-29,99951.79154282088,299.24925984165856,0.0023641749980668,0.4129478132686071,0.0303819950905997,0.4873948509352957,12.102611,31.615781784057617,23.6053409576416,0.44586423,25.69548656838333,0.5719546167444511,1,1
2024-06-30,100034.49547680993,298.8781558748821,0.0056113940333577,0.2592940433106466,0.0042083821828039,0.4888762182764659,15.892412,31.53622436523437,23.93228530883789,47.231956,26.05559559470477,0.5761458917238315,1,1
2024-07-01,100033.83445064574,298.01315825918937,0.0182586979796335,0.1820014435907642,-0.1433100467663084,0.4863547410998211,25.218195,29.556264877319336,23.73820877075196,41.676792,26.415704621026208,0.5803371667032118,1,1
2024-07-02,99882.63034685288,299.5243771329839,0.0017641271725485,0.5721594786067927,-0.4507189809394751,0.4781347658359341,10.505305,31.43060111999512,23.70893287658692,1.4437388,26.77581364734765,0.5845284416825922,1,1
2024-07-03,99977.51992878926,299.4735675316072,0.005994009989889,0.9802861131717844,-0.3480401431759012,0.4843499796624682,7.6159225,32.19591522216797,24.164690017700195,4.9655995,27.13592267366909,0.5887197166619725,0,1
2024-07-04,100000.04149410424,299.4483485815114,0.0042567258186787,0.7092252289508023,-0.7123319470175958,0.4872324922105156,14.745557,31.88605308532715,23.856311798095703,0.9877342,27.1745647895594,0.5929109916413529,1,1
2024-07-05,99908.70781775906,298.7105961132543,0.0107953082824507,0.4304776522442332,0.1299943460382397,0.4817777432591773,4.5389338,31.613056182861328,24.87271499633789,21.44942,27.213206905449713,0.5971022666207333,1,1
2024-07-06,99871.3547671135,298.6984731190652,0.0094262555250451,0.5635011858458071,-0.4158021928828729,0.4904681920059486,12.604792,30.480180740356445,22.18318557739257,2.3349533,27.251849021340025,0.6012935416001136,1,1
2024-07-07,99864.09223843527,298.41288340156194,0.0124463427649307,0.5965497845539552,-0.3925381264214849,0.4733772448642793,14.715143,31.48813819885254,23.19564437866211,8.237567,27.290491137230333,0.6054848165794939,1,1
2024-07-08,99863.0310431012,297.0719798627217,0.0275550559028752,0.4885701588647759,-0.0232437379745096,0.4820178309689492,21.582027,29.40109634399414,23.063304901123047,12.653825,27.329133253120645,0.6096760915588744,1,1
2024-07-09,99959.45347863564,298.123176475889,0.0083670178481307,0.560175774289175,0.2169176326633173,0.4974736033587636,12.48427,30.94239997863769,23.29787254333496,0.0,27.367775369010957,0.6138673665382547,1,1
2024-07-10,100121.01946891622,298.0631934210779,0.0294633113221274,0.3539124424747872,0.4412391510472904,0.4703113470158909,10.383054,31.47256660461425,23.34567642211914,39.953846,27.40641748490127,0.6180586415176351,1,1
2024-07-11,99966.9124776256,299.6759728315803,0.0050799813095009,1.1284913211247714,-1.004659807356752,0.4696484158884262,3.2233722,31.81897735595703,23.83247375488281,1.7196332,27.44505960079158,0.6222499164970154,0,0
2024-07-12,99924.37739615266,298.1664523324052,0.0425152453561953,1.1108010736046567,-0.6879471252279538,0.4805340280268023,3.479198,31.85573005676269,24.501909255981445,51.12933,27.264073876786227,0.6118014590177142,1,1
2024-07-13,99966.23663797436,297.6412768996183,0.0310105377270175,0.8077350469259763,-0.8576446420542538,0.4801039230882268,38.12918,28.91620635986328,22.852319717407227,9.574644,27.083088152780874,0.6013530015384131,1,1
2024-07-14,99829.8743294717,297.8711076975585,0.0163150093995396,1.271763976627079,-1.1572983155730312,0.4769907802440093,31.77943,29.713956832885746,22.913646697998047,43.612732,26.90210242877552,0.5909045440591119,1,1
2024-07-15,99853.60794331876,297.52046770865513,0.0584289983140568,2.2991774240671004,-0.0326584182488888,0.4776240332881223,52.27727,28.091699600219727,22.594350814819336,40.622646,26.721116704770168,0.5804560865798106,1,1
2024-07-16,99900.7548653215,297.46063973442523,0.0306577385051275,2.008610301356517,-0.1431177897670547,0.4754149380434104,123.216324,27.829837799072266,22.47022247314453,27.28399,26.540130980764815,0.5700076291005095,1,1
2024-07-17,99992.88574711788,297.47021372213084,0.0403722278475546,1.9845675842050376,-0.3631073740729778,0.4714818332670745,56.0543,27.374467849731445,23.31270217895508,31.466242,26.35914525675946,0.5595591716212083,1,1
2024-07-18,100008.06744039204,297.22041248097315,0.033093371174743,1.3406545861665269,-0.6858926390437987,0.4769844189760905,72.378654,27.47981643676757,23.10726356506348,18.671165,26.17815953275411,0.5491107141419072,1,1
2024-07-19,99864.28752892476,297.93736645303863,0.0078880567316431,1.0781182851881947,-0.9819284764487152,0.4896203378227298,31.105412,29.573455810546875,23.231172561645508,12.196564,25.997173808748755,0.5386622566626059,0,1
2024-07-20,99908.5584323396,298.23442771174274,0.0080338998977667,1.1476945252297577,-0.9525462619701478,0.497770790469691,12.248399,30.335426330566406,23.95300674438477,0.0,25.98297544570196,0.5282137991833047,1,1
2024-07-21,99980.62447620848,299.1143098361849,0.0059201922574294,1.1695735028965395,-0.4448015109494495,0.4952379087513923,7.6050463,30.67790603637696,24.195783615112305,5.5530634,25.968777082655166,0.5177653417040036,1,1
2024-07-22,100143.1338048514,298.379396159111,0.0111397986156528,1.247145369500262,-0.5362510179037485,0.4700305479939045,0.11780953,30.00045394897461,24.40562057495117,65.46854,25.95457871960837,0.5073168842247023,1,1
2024-07-23,100139.9480038283,298.5399395554868,0.0054893534814584,0.6596782052440991,-0.7605507884235936,0.4888904385590215,7.69464,31.72327041625977,23.77158737182617,0.23704201,25.940380356561576,0.49686842674540116,1,1
2024-07-24,99940.67550608922,299.0839392378548,0.0063797145565029,1.0835329226138344,-0.9327447824372684,0.4883796960376951,14.791384,31.9121036529541,23.684999465942383,4.3938956,25.92618199351478,0.4864199692661,1,1
2024-07-25,99875.78567217648,298.1084858763317,0.0367160843934359,1.5728210995354637,-0.3993324640923817,0.4783229800367716,23.869455,29.420228958129883,23.53024673461914,17.710197,25.911983630467986,0.47597151178679875,1,1
2024-07-26,99932.68928202995,298.5599852311008,0.009568203153311,1.1141353769505276,-0.9937401481912264,0.4913137686741239,31.633986,30.739486694335938,23.58110237121582,7.2889876,25.89778526742119,0.4655230543074976,1,1
2024-07-27,99905.01608193829,299.4027875404345,0.0042906703015677,1.513224495705367,-1.5885557839182336,0.488478260611181,7.8577433,30.982986450195312,24.30872344970703,1.156393,25.883586904374397,0.4550745968281964,1,0
2024-07-28,99810.1536579831,298.3642325932654,0.0189054318290932,1.4567491517844775,-0.8505202475212015,0.482485429901589,15.53343,30.452260971069336,23.588762283325195,7.8033204,25.869388541327602,0.46308016914817224,1,1
2024-07-29,99827.48201365332,297.7695323003144,0.0619364026249428,1.388900453274261,0.1380560391653414,0.4778054547232496,55.851254,28.84952163696289,23.32350349426269,71.45986,25.855190178280807,0.4710857414681481,1,1
2024-07-30,100046.61620060724,297.091293871238,0.0481413149296933,0.2396793379235087,-0.6250342216066394,0.4755520011845913,118.16497,29.05187225341797,22.57877922058105,26.900349,25.840991815234013,0.479091313788124,1,1
2024-07-31,100101.90347696868,297.4577591319771,0.0278768019423912,0.3832104874711898,-0.0506082799145487,0.4740273826095631,36.198036,29.84651565551757,23.31364250183105,5.371442,25.826793452187218,0.4870968861080998,1,1
2024-08-01,100113.40801571282,297.8935227972453,0.0212999642496222,0.938805877395742,-0.108103720381478,0.4772046123907706,25.214489,31.14756393432617,22.83531951904297,2.2247143,25.812595089140423,0.49510245842807565,1,1
2024-08-02,100096.36382576084,298.12019005445416,0.0114769032380497,0.4334997148923054,-0.5081429699891918,0.4570432255540075,22.441849,31.10582160949707,23.535308837890625,0.91117454,25.798396726093628,0.5031080307480515,1,1
2024-08-03,100131.78300045224,298.2377540830494,0.0084287414169051,0.4539375722458449,-0.8580359503230964,0.4708146574348479,10.039527,31.938690185546875,23.49034881591797,5.81499,25.784198363046833,0.5111136030680273,1,1
2024-08-04,100101.81908085031,298.59247671123427,0.0017778581223933,0.3546025053442262,-0.8658001161363925,0.4767348441614499,12.829564,32.268943786621094,23.950963973999023,7.1780605,25.77000000000004,0.5191191753880032,0,1
2024-08-05,100093.72152526176,298.4002902410053,0.0106042991508183,0.7467142495559895,-0.4179548381799,0.4821985635437606,8.022872,31.217117309570312,23.333616256713867,30.040846,25.96299308447943,0.5271247477079791,1,1
2024-08-06,99974.61042563518,298.6904766274439,0.0039304803010362,0.7671344950589182,-1.3968509348958629,0.4835301878532834,12.862617,30.526525497436523,23.447328567504883,27.604425,26.15598616895882,0.5351303200279549,1,1
2024-08-07,100018.27085499169,298.5666718125874,0.0055747657068533,0.788225793225187,-0.9711328385641174,0.4808735397518622,2.1259866,30.60431289672852,23.2648983001709,17.747095,26.34897925343821,0.5431358923479308,1,1
2024-08-08,100136.74012179858,297.71040721695675,0.0044015853457875,0.0608378748636375,-0.4591293276925402,0.4906517465121184,11.491984,30.26701164245605,23.46671295166016,9.777015,26.5419723379176,0.5511414646679067,1,1
2024-08-09,100109.14583779416,299.02434664475305,0.004531149453864,1.1741952853702071,-0.9246446420430192,0.4857496438597901,3.549474,30.878223419189453,23.22870635986328,0.18786158,26.73496542239699,0.5591470369878825,1,1
2024-08-10,100039.76956100822,298.5093025888929,0.0196286147783432,1.076443924398316,-1.0079826923184192,0.4766522259763234,1.1064141,31.04197883605957,24.06658744812012,22.203356,26.92795850687638,0.5671526093078584,1,1
2024-08-11,99805.7295041025,298.9431354365881,0.0124598227906082,0.8506675254325625,-1.3218529069491023,0.4738862227614016,4.2882905,31.552845001220703,24.063793182373047,44.706726,27.12095159135577,0.5751581816278342,1,1
2024-08-12,99673.39380484438,299.4059909784331,0.0275343679340309,0.7023450732446088,-1.043714325450077,0.4772575594854694,11.153872,31.95073127746582,23.74411392211914,17.208559,27.31394467583516,0.5831637539478101,0,0
2024-08-13,99668.4583769435,299.383425772312,0.0417172321603051,0.0943002603363282,-0.3582894320470208,0.4711460018834324,17.793253,31.12337875366211,23.736263275146484,16.437202,27.34031163136475,0.5732751316839689,1,1
2024-08-14,99655.84236721144,299.06601527425335,0.0115724782457086,-0.4528098394699089,0.5627135905756345,0.4700587064346625,27.083162,29.5025634765625,23.010892868041992,5.5002933,27.366678586894338,0.5633865094201277,1,1
2024-08-15,99607.27667856296,299.72028071938524,0.0021750031638953,0.6925567022122534,0.0338464871752876,0.4689148276854427,5.636304,30.69819450378418,23.812833786010746,2.3765182,27.39304554242393,0.5534978871562866,1,1
2024-08-16,99600.5149402676,299.27918261154184,0.0189725375507518,0.8788216292019835,-0.286972149158702,0.4743845497477096,1.0227681,31.260387420654297,24.30414772033692,11.031068,27.41941249795352,0.5436092648924454,1,1
2024-08-17,99782.67395907296,298.4534569678506,0.0146898455377782,0.2311523945117487,0.8592731374031449,0.4675761022337325,18.301977,30.116113662719727,24.086570739746094,15.797626,27.44577945348311,0.5337206426286043,1,1
2024-08-18,99775.42156908322,299.312294057247,0.000819347878353,-0.0167509081960082,0.903346453267288,0.4651232696608407,5.7588525,31.16482734680176,23.674352645874023,11.002551,27.4721464090127,0.5238320203647631,1,1
2024-08-19,99719.75216724332,298.757854675814,0.0132451566346621,-0.2243177978189136,1.2349957268116838,0.4710090697735946,2.1305752,30.58694648742676,24.371824264526367,22.246204,27.49851336454229,0.5139433981009219,1,1
2024-08-20,99765.85455428652,298.2107975491253,0.019412719325825,-0.3847985000245804,1.6887896636856734,0.4640310110703642,6.4688797,31.065448760986328,23.691478729248047,19.355711,27.52488032007188,0.5040547758370808,0,1
2024-08-21,100032.01345329596,297.4729924264444,0.0263506743894035,0.3277646983267381,1.6162247354701418,0.4767292959069043,45.78202,29.67342567443848,22.6977596282959,5.0221186,27.32462213078241,0.4941661535732396,1,1
2024-08-22,100095.46905145604,298.3431737399729,0.0023016161229735,-0.121187611617267,0.8626394645857374,0.4689709988619392,5.2602654,30.22782516479492,23.38415908813477,2.5527341,27.124363941492938,0.48427753130939843,1,1
2024-08-23,100155.94264676262,299.1356832016144,0.003250632211312,0.4539536750005666,1.200973399915809,0.4666869798264318,0.3227751,31.00947570800781,23.570650100708008,2.4297945,26.924105752203463,0.4743889090455573,1,1
2024-08-24,100275.24863446772,298.2832638107393,0.0080644501204573,0.3946769809275813,0.6719988692994732,0.4816159697618747,2.7019098,31.16248893737793,24.299558639526367,4.1830187,26.723847562913992,0.4645002867817161,1,1
2024-08-25,100202.49366519792,298.59910006270354,0.0066160057409386,0.8790234465885083,0.2006429170155012,0.4820948402559776,9.521527,31.597946166992188,23.75122833251953,1.9184357,26.52358937362452,0.45461166451787494,1,1
2024-08-26,100140.24993408586,298.51530998666533,0.008502132903141,1.1276411209445776,-0.0766529207662946,0.4941364742984765,1.4502214,31.6193790435791,23.33978843688965,3.3852973,26.323331184335046,0.4447230422540338,1,1
2024-08-27,100209.38516404468,298.57527249328564,0.0055375760572291,0.5770381237827452,-0.1255934971257863,0.4924978785165757,4.7190137,31.48434066772461,23.73682403564453,5.488179,26.123072995045575,0.4348344199901927,1,1
2024-08-28,100189.47950322212,298.2944008466902,0.0070529777694979,0.7309251779087864,-0.6286462354379171,0.4891359316842719,3.0815256,30.547351837158203,23.74091339111328,4.1175733,25.922814805756104,0.4249457977263515,0,0
2024-08-29,100084.04039522196,297.8168914506951,0.0161522822401827,0.8209101005964143,-0.3487646373680454,0.477019766601093,11.881021,30.82139587402344,24.1451473236084,12.280978,26.037648443137314,0.4392303349435436,1,1
2024-08-30,100096.48996831191,297.26213660310685,0.0229452806922919,0.9738655246239848,-0.5076708059383136,0.4803842851097931,72.41893,28.28363990783692,22.71046638488769,18.626478,26.152482080518524,0.4535148721607357,1,1
2024-08-31,100033.4038613603,298.07732793828853,0.0090419287467544,1.2459551027896154,-0.9348932563549252,0.4942034662794446,33.11336,31.00232696533203,23.32594871520996,10.150933,26.267315717899734,0.4677994093779278,1,1
2024-09-01,100010.77370884563,297.39376977424604,0.0208358550808527,1.9129555002114629,-1.0932992661654168,0.4869330725226785,16.86091,29.67388153076172,23.43167495727539,3.182279,26.382149355280944,0.4820839465951199,1,1
2024-09-02,100020.3036897487,297.9583868725338,0.0147812904109554,1.541824488015627,-0.5180811012489092,0.4767971926117218,22.328852,31.6597843170166,23.54146385192871,6.1200466,26.496982992662154,0.496368483812312,1,1
2024-09-03,100174.17438014872,297.8605804379162,0.0138548852721552,0.6773819080237687,-0.2015737459369829,0.4803357546769995,18.069813,30.81126976013184,23.55598258972168,1.2775409,26.611816630043364,0.5106530210295042,1,1
2024-09-04,100102.28511481154,298.669674222093,0.0052120535038637,1.232943767895993,-0.8720989381769756,0.4910161603828335,11.953441,32.03992462158203,23.6226863861084,1.1541958,26.726650267424574,0.5249375582466962,1,1
2024-09-05,99989.5429524916,299.2597585096427,0.0034372914183496,1.2075698997900168,-1.3884656050985058,0.4808983482381932,1.7731497,32.817867279052734,23.92278480529785,0.0,26.841483904805784,0.5392220954638883,0,1
2024-09-06,100051.40732323268,298.78911940887275,0.0037370903307979,0.7729191140982952,-0.930466803353428,0.4825246572236571,4.904067,31.9892692565918,23.86833381652832,0.29119655,27.032555248322268,0.5535066326810805,1,1
2024-09-07,100139.72830455886,298.7813583508838,0.0042670374414441,0.8642823274841474,-0.7033899962751607,0.4819902652071451,9.274108,32.041778564453125,23.92498779296875,2.5132678,27.22362659183875,0.5677911698982725,1,1
2024-09-08,100174.64813950696,297.92078624303014,0.0149378080732443,1.2782935282690824,-0.4675243225990688,0.4766265574749996,16.637518,31.168046951293945,23.959060668945312,15.562088,27.414697935355235,0.5820757071154646,1,1
2024-09-09,100020.21145894376,297.40814410885,0.0225021608536114,1.642367212456255,-0.2457505872808751,0.4739075209146109,18.561144,30.969388961791992,23.725509643554688,0.9254086,27.60576927887172,0.5963602443326568,1,1
2024-09-10,100021.1907334326,298.0402924048957,0.0161455358671788,1.571366494787271,-0.0079675821576472,0.4839035331780184,13.864573,32.102542877197266,23.738073348999023,0.0,27.7968406223882,0.6106447815498488,1,1
2024-09-11,100136.32868753008,297.7604805735073,0.016735686345029,1.194867541174116,-0.1933296250385624,0.474228123085819,21.744537,31.69083023071289,23.696060180664062,1.4950801,27.987911965904683,0.6249293187670409,1,1
2024-09-12,100129.69436217404,298.6097032434881,0.0020304530804347,0.4097034712510695,-0.5758401654434112,0.4805090969923468,17.202618,32.613548278808594,23.3669490814209,0.38323757,28.178983309421167,0.6392138559842331,1,1
2024-09-13,100065.01645365186,299.30984628239224,0.0038280465189179,1.0415810787816764,-0.6438477987824102,0.4722898430313567,0.7119945,33.0803108215332,23.87596321105957,0.7619352,28.37005465293765,0.6534983932014251,0,0
2024-09-14,100056.93845073684,299.1533566851042,0.0031489912778179,0.950699934722684,-0.684612178160517,0.477287329852488,3.6509109,32.4891242980957,23.950389862060547,0.8573075,28.417269105050647,0.6516877194961452,1,1
2024-09-15,100065.09163458415,299.02410000112,0.0049707071164833,0.9385347149667006,-0.8262560465456503,0.4763458398460612,2.3343048,32.582557678222656,23.786327362060547,0.5212767,28.464483557163643,0.6498770457908654,1,1
2024-09-16,100091.3923034338,299.52950218334587,0.0032314148809846,1.1247523438831637,-1.137114986976131,0.4740032142623568,0.78315866,33.08015060424805,24.655405044555664,0.0,28.51169800927664,0.6480663720855855,1,1
2024-09-17,100022.0129859687,299.08348632956483,0.0016163432002712,1.0159564677991748,-1.1581406904421887,0.4662544340135273,0.27059478,33.406776428222656,24.3176212310791,0.0,28.55891246138964,0.6462556983803056,1,1
2024-09-18,99914.32960011534,298.9623238359138,0.0011048438362455,0.8929108774336735,-0.8187018055256091,0.4555547911181649,0.33080918,33.25641250610352,23.992366790771484,0.0,28.606126913502635,0.6444450246750257,1,1
2024-09-19,99941.49327793028,298.6748030318966,0.0013996127422047,0.4562353005072778,-0.3578017136700696,0.446479209843042,0.0,33.31777572631836,23.247676849365234,0.0,28.65334136561563,0.6426343509697459,1,1
2024-09-20,99964.0914600848,298.76521128487,0.0006742169838281,0.4493058160285933,-0.5285393825043337,0.437353352196931,0.8742625,32.2589225769043,23.48928642272949,0.0061156703,28.700555817728628,0.640823677264466,1,1
2024-09-21,99981.36781735286,298.56159672013183,0.0034889333420083,0.5877792382701715,-0.7791997798576225,0.44011834373066,2.9392946,33.00688934326172,23.546131134033203,3.4690537,28.747770269841624,0.6390130035591861,0,1
2024-09-22,99912.9167520088,298.2549142396168,0.0051892893282386,0.7922310705926645,-0.2779260650680163,0.456534910035801,0.04223487,32.445030212402344,23.513072967529297,0.0,28.71151390460784,0.6372023298539063,1,1
2024-09-23,99899.7225608711,298.1869155770528,0.0188926521030604,0.7827399251896368,-0.4615896081735286,0.4809483996892379,4.197234,32.225830078125,23.44550323486328,2.381247,28.67525753937406,0.6353916561486265,1,1
2024-09-24,99863.83059141022,298.1694240480651,0.0077000815820092,0.7207523854481857,-0.0931784803727768,0.4908864683565547,10.743498,32.081878662109375,23.658336639404297,1.552845,28.639001174140276,0.6335809824433466,1,1
2024-09-25,99858.00880361878,298.59695805264056,0.0047775087935203,0.631451208841659,-0.6011412199593347,0.4888696757657179,2.7599342,32.71465301513672,23.53656005859375,0.011029876,28.602744808906493,0.6317703087380667,1,1
2024-09-26,99886.16877603698,299.2551522851635,0.0029034339377822,0.8786688306065389,-0.7983450249476938,0.4803845726221367,2.8252327,32.203800201416016,24.10776138305664,1.2076725,28.56648844367271,0.6299596350327868,1,1
2024-09-27,100003.15840779344,299.1880587252133,0.0015447069976224,0.5218529621559436,-1.034851319945508,0.4726226447594109,2.766733,33.10091018676758,23.791662216186523,6.726858,28.530232078438928,0.628148961327507,1,1
2024-09-28,99992.82059599544,299.70940822780614,0.0034363542607388,0.4576026949978232,-1.004201319415719,0.4625946091464941,0.48532358,32.42290496826172,24.2833309173584,25.265947,28.493975713205145,0.6263382876222271,1,1
2024-09-29,100017.69833146212,299.4767701712664,0.005000303760794,-0.1662442890235561,-0.2498807172990788,0.4757789955042865,8.364577,31.937274932861328,23.8377685546875,14.316815,28.457719347971363,0.6245276139169472,0,0
2024-09-30,99979.91750130538,299.7348786037778,0.009041716482413,-0.2656546279865039,0.2222762308752383,0.4650820461456157,15.571823,31.187219619750977,22.754409790039062,2.1384606,28.426483450375876,0.626642644249549,1,1
2024-10-01,99949.24249764284,299.5170692182932,0.0045752866368967,-0.2415195393553719,0.7616536927375102,0.4602737758061908,3.0122263,31.94340705871582,23.973777770996094,7.6396194,28.39524755278039,0.6287576745821508,1,1
2024-10-02,100062.37531747967,299.6961920108055,0.0019403758264654,-0.6026057749932914,1.3675936607088464,0.4673685246268236,2.0908377,31.64173889160156,23.904041290283203,8.007338,28.364011655184903,0.6308727049147526,1,1
2024-10-03,100073.48873437315,299.0565493467092,0.0053317328678342,-0.5787836151178075,1.027274062418855,0.4752981893459412,4.3150434,31.83688735961914,23.9209098815918,5.284256,28.332775757589417,0.6329877352473543,1,1
2024-10-04,100074.5699954899,299.0499090535637,0.0079869060961651,-0.4449517208447408,0.3957928147277575,0.4686130458796479,0.14153899,32.281982421875,24.155736923217773,7.413412,28.30153985999393,0.635102765579956,1,1
2024-10-05,100058.67796762778,299.17688543015004,0.0010672006092149,-0.30448930413122,0.2216936415642382,0.4627400102602745,17.054379,31.3696346282959,23.56806182861328,14.663446,28.270303962398444,0.6372177959125578,1,1
2024-10-06,100033.01304818508,298.337103540242,0.0138510958751996,-0.3112909210919044,0.5194396277662796,0.469509508564203,6.2007823,29.89677047729492,23.77243995666504,27.481768,28.239068064802957,0.6393328262451596,1,1
2024-10-07,100135.13287982282,297.7330577566956,0.0147795163355619,-0.7518534677248475,1.094579594369433,0.4762556083157366,10.994142,30.16165542602539,22.89665412902832,13.447675,28.20783216720747,0.6414478565777614,1,1
2024-10-08,100120.47830285667,298.3331747186888,0.0077037171829564,-0.6599294410501052,1.1186212705210263,0.4755293007781979,10.589118,31.512788772583008,23.050756454467773,18.265734,28.176596269611984,0.6435628869103631,1,1
2024-10-09,99984.465531828,298.22626846153906,0.0214560477528553,-0.4392277962571941,1.4487938215589562,0.4739005749924049,1.6309494,31.50423622131348,23.57633209228516,21.146496,28.145360372016498,0.645677917242965,1,1
2024-10-10,99906.01742874696,297.5887726436285,0.0133644927885322,-0.4678048556750031,0.6730461442738519,0.4770593695921999,19.906036,30.73579216003418,22.49715614318848,10.526624,28.11412447442101,0.6477929475755667,1,1
2024-10-11,99926.05958234493,298.006712271196,0.0100248706965992,-0.2679431602091927,0.9833033082863218,0.4832191665609062,3.5774188,29.730693817138672,22.81368064880371,29.102262,28.082888576825525,0.6499079779081685,1,1
2024-10-12,100009.54766315252,297.34996111975624,0.0103486475561269,-0.6604481623828776,0.3705291977323066,0.4610313221101135,33.885464,30.01694869995117,22.20073699951172,28.54839,28.05165267923004,0.6520230082407702,1,1
2024-10-13,99996.3153210436,298.11717155108954,0.0027522964912333,-0.5437140578847621,-0.3391165814873748,0.4620559670372298,9.730729,29.85577392578125,23.005443572998047,15.408301,28.02041678163455,0.6541380385733719,1,1
2024-10-14,100003.88914002397,297.3082112861319,0.0136274717169587,-0.5311625627732535,-0.817965326937994,0.4845844619132849,9.314514,28.14497375488281,22.94790267944336,21.20099,27.989180884039065,0.6562530689059738,1,1
2024-10-15,100000.50658331552,297.06591004656985,0.0085623044906176,-0.3397079118815075,-0.2219097884547641,0.4889914471020651,11.054835,29.541654586791992,22.47339630126953,4.3444867,27.95794498644358,0.6583680992385755,0,0
2024-10-16,99993.59829842875,297.0395635473483,0.0083140471146539,-0.1664725371401016,0.216504526175563,0.4710776825079567,9.8088665,29.884145736694336,22.944795608520508,2.9450636,28.11099213713218,0.6651823592400021,1,1
2024-10-17,99982.21149474756,298.4852365937883,0.0036982177881545,0.2942721489201172,0.1743981916610117,0.4701422964069243,9.474884,31.667070388793945,22.92149543762207,0.0,28.26403928782078,0.6719966192414287,1,1
2024-10-18,100016.71400952215,298.91983395033213,0.0019372256522061,0.2187101036500065,0.5602130004026695,0.4644748472453797,2.338765,32.03713607788086,23.144207000732425,3.6446867,28.41708643850938,0.6788108792428554,1,1
2024-10-19,100092.54017764072,299.1168833474785,0.0011195897757055,-0.1502551406546702,0.1129527313804695,0.4563026351415133,3.4543786,31.59726524353028,23.547510147094727,7.3515625,28.57013358919798,0.685625139244282,1,1
2024-10-20,100112.60178430734,299.4114658350211,0.0017274369192021,-0.1455702386749007,0.123041584451893,0.4501042529387118,6.6041336,31.64472961425781,23.728063583374023,23.952288,28.72318073988658,0.6924393992457086,1,1
2024-10-21,100115.6319989914,298.7121256862585,0.0046932348857184,-0.3599839573339825,-0.2613797459784058,0.4618638043564692,23.060713,30.69921875,23.445289611816406,4.1040263,28.87622789057518,0.6992536592471352,1,1
2024-10-22,100117.85756779004,299.3488172927089,0.0032628156273855,-0.2415215629470336,-0.0126447409789054,0.4612576871813025,9.791669,31.46759796142578,24.09100914001465,23.32722,29.02927504126378,0.7060679192485618,1,1
2024-10-23,100086.89299468136,299.04922687710723,0.0083893618437895,-0.0336142323426664,0.522602387396873,0.4697165968957207,10.365699,31.510648727416992,22.93035316467285,10.238486,29.18232219195238,0.7128821792499884,0,1
2024-10-24,100101.08905301496,298.3760834175859,0.0132037030083534,-0.7225032961845743,1.0133816172030845,0.4755868615976877,27.237253,31.103715896606445,23.045759201049805,10.373504,29.085333145320433,0.7196964392514151,1,1
2024-10-25,100156.67946264063,297.42978824349984,0.0158352968124233,-0.6647426796899506,0.9266173159765184,0.4774630987124025,4.915578,28.90723419189453,23.040876388549805,12.825824,28.988344098688486,0.7265106992528417,1,1
2024-10-26,100103.07985033085,298.4434492035774,0.0046240222531973,-0.1742271240377443,0.9244554755578528,0.4820129312221098,10.881137,30.487707138061523,22.41031265258789,0.89699674,28.89135505205654,0.7333249592542683,1,1
2024-10-27,100011.8420140454,298.3064354076769,0.0024843782326223,-0.0726764014971229,0.6133877728073939,0.4820017964238945,6.0275483,31.30603408813477,22.645532608032227,0.0,28.794366005424592,0.7401392192556949,1,1
2024-10-28,99990.36326798504,299.1885230145441,0.0013865708359045,0.0702779313408564,0.153812457182786,0.4700931057733389,0.8320724,31.76541328430176,23.03182029724121,0.13137358,28.697376958792645,0.7469534792571215,1,1
2024-10-29,100048.49379004155,299.11422749026525,0.0004530048869037,0.131998503949009,-0.574228780331814,0.4608064358703564,9.696581,31.71187210083008,23.453125,0.0,28.6003879121607,0.7537677392585482,1,1
2024-10-30,100067.2452823544,299.82487924999737,0.0004861131552277,0.3060567334145649,-0.5134448766679716,0.4471087363465845,0.40986484,32.653289794921875,23.534502029418945,1.5871246,28.50339886552875,0.7605819992599748,1,1
2024-10-31,100134.33436759276,299.3380294065663,0.0034792132183957,-0.1017980867888667,-0.0941793916603452,0.4465006214879656,0.0,32.438350677490234,24.16489028930664,16.584948,28.406409818896805,0.7673962592614014,0,0
2024-11-01,100214.88221205315,298.7123094231539,0.0067395686736839,-0.1117015051747159,-0.6021962312282688,0.4681284016378657,8.17779,31.417308807373047,23.116060256958008,12.862288,28.567025040487295,0.7661710591277879,1,1
2024-11-02,100217.0510129767,298.1742789858537,0.0261861939196122,-0.2008778012304699,0.0802174093259299,0.4751318949807048,10.7849865,31.488502502441406,23.46420669555664,19.656239,28.727640262077784,0.7649458589941743,1,1
2024-11-03,100210.02606784452,298.0251842349291,0.0345557276463285,-0.4755139080918398,0.1201514140790666,0.4673258771918144,30.065561,30.815126419067383,22.081098556518555,8.355363,28.888255483668274,0.7637206588605608,1,1
2024-11-04,100122.40313477856,297.755206783197,0.0236922358073699,-0.1224574100399464,-0.0074971439976261,0.4720383307182644,15.847475,30.0148868560791,22.88127899169922,6.708077,29.048870705258764,0.7624954587269472,1,1
2024-11-05,100156.5125864925,298.47859319601366,0.0020764139839565,-0.2499151425889541,0.0793079542474601,0.4687734345487568,11.3574505,31.0710506439209,22.42515754699707,1.3072717,29.209485926849254,0.7612702585933337,1,1
2024-11-06,100166.26715399706,298.9205850190105,0.0007144912821134,0.1102589592651071,-0.2756598284932653,0.457186918216251,2.3392045,31.280681610107425,22.41123390197754,0.0,29.370101148439744,0.7600450584597203,1,1
2024-11-07,100130.23203313995,299.5518491327484,0.0015638519008676,0.0491149066402757,-0.289981125123026,0.4478932306276146,1.1405183,31.92740249633789,23.34775733947754,3.054822,29.530716370030234,0.7588198583261067,1,1
2024-11-08,100139.486700719,298.0877023777835,0.0204933150973003,-0.3008572607892166,0.2030226804556963,0.4696301422320904,5.9229507,30.169960021972656,23.99964141845703,6.059186,29.691331591620724,0.7575946581924932,0,1
2024-11-09,100114.124944827,299.27287786341384,0.0015846524472233,-0.144643494638346,0.3804783769375517,0.4657723343935503,5.222502,31.486103057861328,22.857181549072266,8.305926,29.597527723287996,0.7563694580588797,1,1
2024-11-10,100084.37057735398,299.286660484546,0.0009413513655194,-0.1104750290901733,0.0434829954316315,0.454921688364595,1.4662287,32.15864181518555,23.11095428466797,0.016091056,29.50372385495527,0.7551442579252661,1,1
2024-11-11,100047.30217947529,298.96355264509856,0.0009723229143615,-0.3125369983705882,-0.0915612342739093,0.4470460839907215,1.6637012,32.074954986572266,22.920379638671875,0.0,29.40991998662254,0.7539190577916526,1,1
2024-11-12,99971.04922249478,298.79161738764714,0.0013811950740769,-0.2344753142087588,-0.2594007749313316,0.4429443100063628,2.643976,31.797670364379883,23.02066802978516,0.51580334,29.316116118289813,0.7526938576580391,1,1
2024-11-13,99867.1193404218,299.66842087118494,0.0040642281725189,-0.2019321800696905,0.5256081186875313,0.442504940360824,1.779528,31.66292953491211,23.829668045043945,6.838901,29.222312249957085,0.7514686575244255,1,1
2024-11-14,100056.3688969246,298.59205696912096,0.0270659940931949,0.0134428349634907,0.2046171207384416,0.4713272865553117,0.92375135,31.32229804992676,23.942052841186523,6.9826946,29.128508381624357,0.750243457390812,1,1
2024-11-15,100041.3487156307,298.8888873453251,0.0050265724821087,-0.2869696653810656,0.0665200223485958,0.4711587357684417,8.314376,29.894092559814453,23.47846794128418,11.882446,29.03470451329163,0.7490182572571984,1,1
2024-11-16,99965.66252340747,299.03706609636777,0.0049784438056856,-0.5122116645922352,0.1175739083357163,0.4744275111764623,4.9753795,30.0268497467041,23.33930015563965,13.628751,28.9409006449589,0.7477930571235849,0,0
2024-11-17,99954.82628926446,299.7555041376796,0.0021196885677266,-0.195737302554085,0.2345230738579876,0.464477404592014,4.173022,31.022336959838867,23.1422119140625,11.3217325,28.63012218362757,0.7478716108759158,1,1
2024-11-18,100011.01829819166,299.5350469675671,0.0074706603661419,-0.3635033475821057,0.1136694888051763,0.4626117084501799,7.1671476,30.89465713500977,22.887025833129883,1.62664,28.31934372229624,0.7479501646282467,1,1
2024-11-19,100064.08006656216,299.52697839632623,0.0048114544119214,-0.533244739230514,0.4258517717309176,0.4589159955541623,0.13225828,29.616979598999023,23.39658546447754,4.2121167,28.008565260964907,0.7480287183805776,1,1
2024-11-20,100049.22273666176,297.34940263918065,0.0077923136177881,-0.9097237460300004,-0.1435443100297031,0.4746199178070902,6.7426505,27.0261459350586,22.120594024658203,11.979496,27.697786799633576,0.7481072721329085,1,1
2024-11-21,100078.42039096307,298.9519481718547,0.0012915541931835,-0.2932437406679318,0.1356595327453209,0.4731978968883853,0.0357759,28.66838836669922,22.4951114654541,0.23531125,27.387008338302245,0.7481858258852394,1,1
2024-11-22,100061.01638362906,299.07715067087935,0.003237298534546,-0.234390071011862,0.2215160450578266,0.46360313079867,0.06552947,30.713335037231445,22.482648849487305,0.48305407,27.076229876970913,0.7482643796375703,1,1
2024-11-23,100108.15804781878,299.33524068563463,0.0005600035855779,-0.2159788521712668,-0.161993318028799,0.4529598298905661,0.58415735,31.07426071166992,22.929309844970703,0.25179482,26.765451415639582,0.7483429333899012,1,1
2024-11-24,100060.0035807292,299.5220863226731,0.000530235488149,-0.421734720572412,0.1576910721652424,0.4408045917881955,0.0,30.801729202270508,23.214326858520508,1.0136958,26.45467295430825,0.7484214871422321,0,1
2024-11-25,99993.39795561644,298.819924226044,0.0006291765051925,-0.688365422242077,-0.0222147031248238,0.4349017070454322,0.24030532,30.462909698486328,23.046974182128903,4.2597346,26.69103403411308,0.7485000408945631,1,1
2024-11-26,99939.08202538056,297.4455287473423,0.0078312709922185,-0.1929616039655346,-0.8953057248684949,0.4534228706978909,0.039171703,28.37607383728028,23.233198165893555,17.363342,26.92739511391791,0.748578594646894,1,1
2024-11-27,99840.99707224945,297.55162899183784,0.0030869239241991,-0.2544372561660319,-0.6218062924828606,0.4659413305494215,1.4386389,27.354541778564453,22.28690719604492,11.104753,27.16375619372274,0.7486571483992249,1,1
2024-11-28,99809.92082131268,298.96283475497785,0.0002218897494035,-0.0441400651992521,-0.2831221907195283,0.4505797946864358,0.056951348,30.744298934936523,22.1514835357666,1.0313547,27.40011727352757,0.7487357021515558,1,1
2024-11-29,99804.3211341672,299.3642691231531,0.0001276686238809,0.2964167021146001,-0.5600977467292634,0.4371759314020604,0.0,30.463930130004883,22.886215209960938,3.1824167,27.6364783533324,0.7488142559038867,1,1
2024-11-30,99789.23913602102,299.08853862554724,0.0010780398913595,0.7723881652369811,-0.3594667024517277,0.4285453507957272,0.28945544,30.534631729125977,23.163068771362305,11.371502,27.87283943313723,0.7488928096562176,1,1
2024-12-01,99703.94160088163,298.2402845628704,0.0097616344508885,1.3804290756352149,-0.4045956032195048,0.4528225814942228,6.0238314,29.73234939575196,23.91207504272461,19.516008,28.10920051294206,0.7489713634085485,1,1
2024-12-02,99793.62013426772,297.45359686622123,0.0299830792848333,1.1222536685676268,0.4275335982407868,0.479323494905806,57.391167,29.90883445739746,23.47525978088379,8.574728,28.34556159274689,0.7490499171608794,0,0
2024-12-03,99955.0295541926,298.3266425372919,0.0025495279502756,-0.3702415735020289,0.2251512346710204,0.4655328618317992,39.588398,31.38063621520996,22.91375732421875,0.3830113,28.426751994336676,0.7481009199896953,1,1
2024-12-04,100037.65213538376,298.2336493633246,0.0018887184777704,-0.4440320071470197,0.357017676164531,0.46604833042325,1.0146533,31.01953125,23.922548294067383,0.111984536,28.507942395926463,0.7471519228185111,1,1
2024-12-05,100102.73963322384,298.33659707739,0.0031336547508084,-0.4594793852769293,-0.008896048731895,0.4660832559507848,2.816891,31.159542083740234,23.22856330871582,0.39509028,28.58913279751625,0.7462029256473269,1,1
2024-12-06,100071.97672866473,299.2875710854323,0.0003417162877767,0.2438341453250518,-0.0886701800986857,0.4545565915947451,0.79151344,31.95158767700196,22.741973876953125,0.009391216,28.670323199106036,0.7452539284761428,1,1
2024-12-07,100089.48629613638,299.2480606648166,0.0011172925160911,-0.0347420114897122,-0.0848491866795801,0.4456234241939105,1.152027,32.164459228515625,23.04850959777832,0.4369857,28.751513600695823,0.7443049313049586,1,1
2024-12-08,100084.50365286497,299.1037945720436,0.0018763997324356,-0.2838478436878716,0.193874292339839,0.4424239365093582,0.78078985,31.660993576049805,23.122989654541016,0.0,28.83270400228561,0.7433559341337744,1,1
2024-12-09,100057.80713072584,299.047716177202,0.0007362614968892,-0.3015824767141506,0.1277771636920704,0.4371514706130727,2.4714887,32.04705810546875,22.320463180541992,0.0,28.913894403875396,0.7424069369625902,1,1
2024-12-10,100016.10037134968,299.1787586769299,0.001738427772215,0.0220939132052124,-0.5243198257725546,0.4332797392900067,0.17033677,31.9875602722168,22.86501693725586,0.8112883,28.995084805465183,0.7414579397914061,0,1
2024-12-11,99935.9624095632,299.6458417509794,0.0012601171531188,-0.7144788706269684,-0.6096560548368963,0.4265298941972553,3.6102889,31.13022422790528,22.900177001953125,0.0,28.912086914841446,0.7405089426202219,1,1
2024-12-12,99901.79654683793,297.31556173155604,0.0318791217023224,-0.3320828852049934,-1.3555294278722962,0.4710537026257796,0.73346525,26.86540412902832,22.89839553833008,39.566196,28.82908902421771,0.7395599454490377,1,1
2024-12-13,99974.56375594936,297.52482926517405,0.0174274557803109,-0.4253984038138249,-0.1194035589358227,0.4712217486611152,30.828129,27.476505279541016,22.88581085205078,25.16809,28.74609113359397,0.7386109482778536,1,1
2024-12-14,100113.7800763407,297.93254942973664,0.0039106830937521,-0.5426207601429395,-0.0920572353822277,0.472244296972103,13.055284,26.5897159576416,21.70097541809082,3.0629225,28.663093242970234,0.7376619511066693,1,1
2024-12-15,100137.30648162108,298.2175127695008,8.495484088845431e-05,-0.7408932645900677,-0.6438169463320784,0.4576796320628511,2.7003326,30.383506774902344,20.702720642089844,0.05421635,28.580095352346497,0.7367129539354852,1,1
2024-12-16,100073.53245312403,298.9724149349749,7.990894551851074e-05,-0.1001592219943452,0.1222601385124601,0.4421889030785784,0.0,30.59422492980957,21.428390502929688,0.0,28.49709746172276,0.7357639567643011,1,1
2024-12-17,100031.6094903938,298.88216414086486,1.568679426555465e-05,0.1248240825691136,-0.1116257182736998,0.4295395060017757,0.0,31.959577560424805,21.2163143157959,0.07079751,28.414099571099023,0.7348149595931168,1,1
2024-12-18,100016.26262828316,298.41108058636433,1.528946681736478e-06,0.1797448355126429,-0.5754441881225665,0.4177701992260062,0.64992344,32.23583221435547,21.5788516998291,0.0,28.331101680475285,0.7338659624219327,0,0
2024-12-19,99990.49366830871,298.74352302005593,3.5448916904278486e-05,0.0999674398404128,-0.3398511084473926,0.4073429858545542,0.0,32.35210418701172,22.81072807312012,0.08805612,28.267061716292744,0.7313301449578609,1,1
2024-12-20,99981.98831834507,299.03949957287125,2.6813282718995485e-05,0.2461218498177018,-0.8110230514272101,0.3970021590517038,0.048319783,32.92744445800781,23.118602752685547,0.07571392,28.203021752110203,0.7287943274937891,1,1
2024-12-21,100078.75015284102,299.4288025872183,0.0002870107740647,0.726137011308254,-1.193373277964307,0.3877544678207601,0.34067354,32.36183166503906,23.17017364501953,0.0,28.138981787927662,0.7262585100297173,1,1
2024-12-22,100123.4682646535,298.871889277166,0.0001194633596944,0.5496371611191514,-1.229244753781069,0.380748919360783,0.0,32.111122131347656,22.601198196411133,0.10497315,28.07494182374512,0.7237226925656455,1,1
2024-12-23,100132.26455159124,297.83341496849687,0.0001459052491351,0.1165435571827586,-0.5121286820729116,0.3727720153777412,0.0,31.66753578186035,21.49125862121582,0.0,28.010901859562583,0.7211868751015738,1,1
2024-12-24,100167.97429905612,297.3933320078142,8.451800154330578e-06,-0.165626231488277,-0.0714686270272564,0.3641679182349525,0.0,31.870529174804688,21.28060913085937,0.0,27.946861895380042,0.7186510576375019,1,1
2024-12-25,100264.3306332008,297.9742688560646,8.141375589337896e-05,0.1062230966400392,-0.5602645630990676,0.3570280987592482,0.0,32.044273376464844,20.84400177001953,0.0,27.8828219311975,0.7161152401734301,1,1
2024-12-26,100317.6181445172,299.02034445894583,0.0006839917767508,0.2989167494188638,-0.0045748688965724,0.3518477045639961,0.0,31.854501724243164,22.24472427368164,0.27104986,27.81878196701496,0.7135794227093584,0,1
2024-12-27,100364.019716197,299.38886269561266,0.001614143059485,0.3429092519027367,0.2913235415631668,0.3555222064317569,0.0,30.796247482299805,23.32192611694336,0.062252417,27.955114700779756,0.7110436052452865,1,1
2024-12-28,100310.46211761574,299.7048301371206,0.0011057656700328,0.0609670032144008,0.1208978035026107,0.3586057532734991,1.8547906,31.28183937072754,22.57599830627441,0.0,28.091447434544556,0.7085077877812148,1,1
2024-12-29,100276.72922266142,299.4143066589672,0.0001010022700062,-0.1716383039872511,0.0174173514908044,0.3520305227496788,0.0,31.499971389770508,22.437368392944336,0.0,28.22778016830935,0.705971970317143,1,1
2024-12-30,100240.39020680024,299.7574099256293,0.0008945931054083,-0.5204092603217585,0.111018642222513,0.3474728901493161,0.0,30.98221969604492,23.49625015258789,0.0,28.364112902074147,0.7034361528530712,1,1
2024-12-31,100214.77084919784,300.13324787943765,0.0005238966558171,-0.7538609606278811,-0.6875336617436905,0.3374910858855851,0.41415688,30.44565963745117,22.83116340637207,0.0,28.500445635838947,0.7009003353889994,1,1
2025-01-01,100063.05827838337,299.6477679866971,0.0,-0.9612924410526192,-0.7705132497132205,0.3341022237646335,0.0,31.40780258178711,21.58481788635254,0.0,28.636778369603743,0.6983645179249276,0,0
2025-01-02,100143.31740769908,298.681670154627,0.0,-0.0914213767718317,-0.0809929423183757,0.3241454782587989,0.0,30.44171142578125,21.26635360717773,0.49647826,28.751558742066326,0.697517390386171,1,1
2025-01-03,100085.6218574268,298.9633600125163,8.52346317969932e-07,-0.4451301243173658,-0.4544949036891795,0.3153663593525639,0.0,30.778785705566406,21.11136817932129,0.0,28.86633911452891,0.6966702628474145,1,1
2025-01-04,100131.6400010166,298.5246504049832,6.985758944104564e-11,-0.1174701515162904,-0.2240306822665251,0.3076889222882547,0.0,31.18257713317871,21.094213485717773,0.0,28.981119486991492,0.6958231353086579,1,1
2025-01-05,100153.95037885087,298.47641308896027,3.809621037019963e-05,-0.0618135485744831,-0.0578782464008031,0.3013787294239476,0.0,30.840959548950195,21.102140426635746,2.5303361,29.09589985945408,0.6949760077699013,1,1
2025-01-06,100131.20289145382,299.05972988804115,8.556818786618875e-06,0.1515331954992738,-0.1374331465391087,0.2960372322496134,0.0,30.97513198852539,20.513526916503903,0.0,29.210680231916662,0.6941288802311448,1,1
2025-01-07,100102.0948974228,299.1034621162934,2.258659450136029e-05,0.1064831022603507,0.1918643695085234,0.2911427028191493,0.0,31.58543968200684,20.39080238342285,0.0,29.325460604379245,0.6932817526923882,1,1
2025-01-08,100085.09011486088,299.0753662603694,0.0001329122376846,-0.0596336635750551,0.1226889614102244,0.2880782534230972,0.0,31.19373321533203,21.591651916503903,0.0,29.440240976841828,0.6924346251536316,1,1
2025-01-09,100159.92753088048,299.4529039731664,0.0002100647000943,0.1684153694303466,-0.1882778403707129,0.286046282633779,0.0,30.66674423217773,21.203548431396484,0.0,29.55502134930441,0.691587497614875,0,1
2025-01-10,100216.42756985374,300.3588689970761,4.17945131630896e-06,0.0247956673562175,-0.4327128871528415,0.2823178957024221,0.0,31.42835998535156,21.519323348999023,1.7440705,29.55418213856025,0.6907403700761185,1,1
2025-01-11,100249.55101626363,300.3448327439725,0.0002085634609322,0.5736059781693685,-0.1033385838865015,0.279135479120584,0.8035826,31.40775680541992,22.55289459228516,0.0,29.55334292781609,0.689893242537362,1,1
2025-01-12,100169.84726710414,300.2355815549499,0.0034009866897396,-0.2801428844269859,0.0473789192618823,0.2964862246168879,0.15142526,31.15085792541504,22.306053161621094,0.0,29.55250371707193,0.6890461149986054,1,1
2025-01-13,100076.07008341458,299.7681238495656,0.0068221763630673,-0.2756395414480583,-0.1277806515847853,0.3332702912079456,0.0,31.05406379699707,22.93843460083008,0.09379768,29.551664506327768,0.6881989874598489,1,1
2025-01-14,100192.9712057278,299.45210151406405,0.0077411430640229,-0.1972145576261531,0.0181404337858348,0.3601017554285778,0.42562276,29.53663825988769,23.37479591369629,0.49083537,29.550825295583607,0.6873518599210923,1,1
2025-01-15,100174.03004898896,299.62035002228686,0.003581876929693,-0.677893325075649,-0.4054905415899637,0.3806836877624093,0.9432463,29.95305633544922,23.26653861999512,0.0,29.549986084839446,0.6865047323823357,1,1
2025-01-16,100163.27910564766,300.10114834901594,3.572064815033668e-05,-0.5160362125804382,-0.3850207847963663,0.3609782709698793,0.0,30.78291893005371,22.30185508728028,0.0,29.549146874095285,0.6856576048435792,1,1
2025-01-17,100001.5841305835,299.74338226212905,4.149905142021551e-06,-0.2443094316590992,-0.1358151532577944,0.3446228776159789,0.0,31.20449447631836,21.75611114501953,0.0,29.548307663351125,0.6848104773048226,0,0
2025-01-18,100019.01241938867,299.5491280095454,0.0058429404221636,-0.0843963522165351,-0.3068389510976565,0.3504544901352031,0.0,29.89837646484375,21.74365425109864,0.31547555,29.44593205516047,0.6845171688822794,1,1
2025-01-19,100097.15575843184,296.91815468290275,0.0128475506030702,-0.7198118275641135,-1.110242285555351,0.437936366242075,1.3838793,28.449113845825195,22.95316696166992,2.3014195,29.343556446969814,0.6842238604597362,1,1
2025-01-20,100006.8721648697,299.3890516953137,0.0011588929229766,-0.0339221649121773,-0.1468373543798586,0.4363256916000745,1.5241144,30.8537540435791,22.323699951171875,0.0,29.241180838779158,0.683930552037193,1,1
2025-01-21,99944.73465262596,299.29167120060345,0.0006991948191619,-0.4684614123511679,-0.0381112957763076,0.4117152577109142,0.0,30.95355987548828,21.58505630493164,0.37286946,29.138805230588503,0.6836372436146498,1,1
2025-01-22,100016.88257455172,299.2498606291941,0.0022530789334023,-0.1743121462983715,0.3217663896930721,0.4001290286614754,0.0,30.29720497131348,21.52484893798828,7.533812,29.036429622397847,0.6833439351921067,1,1
2025-01-23,99954.30895419416,299.6636865363411,0.0001829369730946,-0.1952428149408927,-0.0645410529637741,0.3870609104382561,0.049344666,30.28673553466797,23.186466217041016,0.108918555,28.93405401420719,0.6830506267695635,1,1
2025-01-24,99923.69404686608,299.4224003806597,9.346698367277356e-05,-0.2341098182404008,-0.288489841987829,0.3704713148944065,0.0,31.15703010559082,22.582496643066406,0.0078342,28.831678406016536,0.6827573183470202,1,1
2025-01-25,99973.94742228116,299.6553758251394,8.780131733808716e-06,-0.0926518900088642,-0.063244370918948,0.354875416462776,0.0,31.552011489868164,22.69736099243164,0.027479613,28.72930279782588,0.6824640099244771,0,1
2025-01-26,99933.17226215028,299.94561081996466,0.0001734832611826,-0.0120932426657838,-0.1038058566737597,0.3415464016519669,0.0,31.93718910217285,22.21113586425781,0.8255634,28.905278274142013,0.6821707015019339,1,1
2025-01-27,99947.75285743432,299.3526699615509,2.8481657033869183e-05,-0.2024739098844082,0.0762481728430077,0.3301890851614754,0.0,31.316463470458984,20.81842803955078,0.5863227,29.081253750458146,0.6818773930793907,1,1
2025-01-28,100100.18900751484,298.7219037829662,1.565422912990041e-05,0.12394280529091,-0.0427465452026154,0.320727455514256,0.0,31.33230972290039,21.15960502624512,0.16162394,29.257229226774278,0.6815840846568475,1,1
2025-01-29,100113.29618316553,299.229908987312,9.469409471001244e-07,-0.2476411730728123,0.0971836141560395,0.3133491491351453,0.0,30.95999336242676,21.912267684936523,1.5806556,29.43320470309041,0.6812907762343043,1,1
2025-01-30,100025.36269618118,300.35470983594894,0.0005414338025735,0.2558136719008853,-0.1832721121882372,0.3083643767105472,0.0,31.585668563842773,22.27800369262696,0.8574583,29.609180179406543,0.6809974678117612,1,1
2025-01-31,100039.10611949822,300.10054017076243,0.0032669595875948,0.122384803271348,0.2839430238008643,0.3180556888261629,0.0,32.087059020996094,23.32859992980957,2.237511,29.785155655722676,0.680704159389218,1,1
2025-02-01,100098.50464932495,300.0939329926649,0.0005010462832495,0.1005545796532945,0.2396883051446143,0.3234908716912767,0.078633726,32.51324462890625,23.126680374145508,0.0,29.96113113203881,0.6804108509666748,1,1
2025-02-02,100077.992974596,300.48496538366976,0.0003033542699158,0.3575855383063068,-0.0131517397209577,0.3157786869031189,0.7036784,33.26665115356445,23.27573776245117,0.064234786,30.13710660835494,0.6801175425441316,0,0
2025-02-03,100174.36174086618,300.0886485258796,0.0001838888156745,0.1792180996443277,0.2704576044533169,0.3095760620590414,0.0,32.44002151489258,22.502744674682617,0.0,30.144848565082086,0.6796383994260261,1,1
2025-02-04,100119.31271106616,300.4237173213196,4.795797249711027e-05,0.2840935149607227,0.2555849472194469,0.3014264550973108,0.0,32.33679962158203,20.953733444213867,0.0,30.15259052180923,0.6791592563079206,1,1
2025-02-05,100036.42962851182,300.0223199571751,0.0004417230505406,0.1950316064732337,0.3013648793507917,0.2971594979347755,0.0,32.22807693481445,20.9830322265625,0.0,30.160332478536375,0.6786801131898151,1,1
2025-02-06,100025.81511479044,299.7172449953153,0.0001173943936532,0.2311359177359108,-0.1089710807238566,0.2920292522890348,0.0,32.060184478759766,21.60480499267578,0.6137514,30.16807443526352,0.6782009700717097,1,1
2025-02-07,100144.2085874227,299.77123156521293,4.838920121923537e-06,0.0339033188105116,-0.1023823664242551,0.2862848190608428,0.0,32.374298095703125,20.738750457763672,1.1281648,30.175816391990665,0.6777218269536042,1,1
2025-02-08,100125.95833374425,299.78198158180703,0.0,0.0985523107920519,0.0606678686315071,0.2808921705975759,0.0,32.442138671875,20.78872871398925,0.076881796,30.18355834871781,0.6772426838354987,1,1
2025-02-09,100079.37082780432,300.275226731959,6.319199320301013e-06,0.2197991353500519,0.2141077963688838,0.276524642236331,0.0,32.168243408203125,21.46104431152344,0.23240691,30.191300305444955,0.6767635407173932,1,1
2025-02-10,100213.11466621028,300.1125666960772,6.697507606826974e-05,0.0774574548181597,0.3571520951063905,0.2733661059161651,0.0,32.01013946533203,21.38779640197754,0.8356644,30.1990422621721,0.6762843975992878,0,1
2025-02-11,100235.55120854743,299.7873462698095,4.0219083535637496e-05,0.3430280383926614,-0.013021777120114,0.2708062096160253,0.0,32.672088623046875,21.72354507446289,0.0,30.362661669537538,0.6758052544811823,1,1
2025-02-12,100209.89385749347,299.95331455936434,8.526257483276962e-07,0.2967343768874016,0.0954842748572038,0.2682805937748573,0.0,32.94816970825195,22.03333282470703,0.0,30.526281076902976,0.6753261113630769,1,1
2025-02-13,100210.23896246076,299.8655504828993,8.254573412892722e-06,0.3186705163184633,0.0508641354925057,0.2662493515106359,0.0,32.85503005981445,21.72835922241211,0.0,30.689900484268414,0.6748469682449714,1,1
2025-02-14,100223.85724209316,300.02456682051354,6.350309744961215e-05,0.538938843784087,-0.2445918705790414,0.2648297370748317,0.0,33.62411117553711,20.634218215942383,0.0,30.85351989163385,0.6743678251268659,1,1
2025-02-15,100079.46061409214,300.93570105934066,9.163135347503588e-05,0.3454146130123108,-0.0750866518640822,0.2636516636159361,0.0,33.60524368286133,21.23391532897949,0.0,31.01713929899929,0.6738886820087604,1,1
2025-02-16,100136.67531139888,300.9757811198629,0.0001421752627862,0.3017738155195784,0.2431483430950698,0.262984081277023,0.0,33.65860748291016,21.74901580810547,0.0,31.180758706364728,0.6734095388906549,1,1
2025-02-17,100242.7267915268,300.7020771289361,0.0001565760178519,0.3485205370956551,0.5097315488261148,0.2628164279918027,0.0,32.55931091308594,21.769672393798828,0.0,31.344378113730166,0.6729303957725494,1,1
2025-02-18,100255.09474951217,300.25608956944217,0.0005400158381616,0.3573452667456892,0.2840830416243184,0.2651893603341741,0.0,32.80667495727539,21.456676483154297,0.0,31.507997521095604,0.6724512526544439,0,0
2025-02-19,100136.12775307512,300.3641783157956,8.469731894547099e-05,0.4323343553713901,0.0368115053338519,0.2642039590077355,0.0,33.58431625366211,21.23743057250977,0.0,31.446148138740696,0.6732330902645584,1,1
2025-02-20,100177.71919742972,301.3003156991917,8.064963850172559e-05,0.4551108012134632,0.1246005456913891,0.2629983536052738,0.0,33.195919036865234,22.1906795501709,0.0,31.38429875638579,0.6740149278746728,1,1
2025-02-21,100273.87908456453,301.3051982207402,0.0007933083451795,0.4562652011031728,0.5790962677962621,0.2640771529955107,0.0,33.30715560913086,22.44019889831543,0.0,31.32244937403088,0.6747967654847872,1,1
2025-02-22,100369.9933641528,300.80394045511883,0.0011833799909565,0.470788403820685,0.1029377984576449,0.2725713639065028,0.0,32.9212646484375,22.959226608276367,0.0034512356,31.260599991675974,0.6755786030949016,1,1
2025-02-23,100282.33830747478,301.49704342115416,0.000534827386461,0.2488060632653642,-0.0829026641030626,0.2731061788229489,0.0,33.54156494140625,22.850116729736328,0.0,31.198750609321067,0.6763604407050161,1,1
2025-02-24,100256.40377689862,301.86048051912303,0.0007363837883457,0.3947972777887438,0.3043246856889611,0.2723682722029083,0.0,33.09000778198242,22.9074649810791,0.0,31.13690122696616,0.6771422783151305,1,1
2025-02-25,100309.39116041311,301.77623796698015,1.5333569634735317e-05,0.3191899346508563,-0.0570897917318177,0.2727654711932771,0.0,32.97624206542969,22.39978408813477,0.0,31.075051844611252,0.6779241159252449,1,1
2025-02-26,100222.28366299804,302.1501629759821,4.082337735825891e-05,0.1494288260524899,-0.0117058357892665,0.2691897984837265,0.0,32.91386413574219,23.207826614379883,0.53925747,31.013202462256345,0.6787059535353593,0,1
2025-02-27,100120.1925825506,302.16954519072607,2.0402786223699164e-05,0.1501172858228017,-0.2118599778514797,0.2663186611299804,0.0,33.599647521972656,22.821876525878903,0.06887168,31.11124269592191,0.6794877911454738,1,1
2025-02-28,100034.97368370084,302.55975066390306,0.0004659328202184,0.1500714521365665,0.1375672358391247,0.2659260574076695,0.0,32.77135467529297,23.3065185546875,2.197702,31.209282929587474,0.6802696287555882,1,1
2025-03-01,99962.26142181348,302.45575947262284,0.0002160384993109,0.0554334475653348,0.3112498016394107,0.2662292238123817,0.19945359,32.17304992675781,24.24844741821289,0.59766805,31.307323163253038,0.6810514663657026,1,1
2025-03-02,100031.17891877546,300.6599042101224,0.0029411825720943,0.106382194297906,0.7338740429865053,0.2768868372867078,0.47382617,31.985153198242188,24.194454193115234,0.7583411,31.405363396918602,0.6818333039758171,1,1
2025-03-03,100034.4303523936,301.6926029653328,0.0011734080242629,0.2737066906108092,0.0617583887925843,0.2903440216152495,0.9187099,32.82014083862305,23.458044052124023,17.159094,31.503403630584167,0.6826151415859315,1,1
2025-03-04,100016.59503371191,301.99583381660165,0.0008512024812013,0.6439407624681347,-0.1001013400305606,0.2904337530942014,0.73893327,33.61369705200195,23.6940860748291,12.639629,31.60144386424973,0.6833969791960459,1,1
2025-03-05,100101.07015995248,301.66900631188923,0.0007985787725096,0.5660536583261804,0.3090438169847818,0.2906476165371627,0.09344476,33.899600982666016,23.0073356628418,0.0,31.699484097915295,0.6841788168061603,1,1
2025-03-06,100107.80479866778,301.5427415471537,0.0005906351418474,0.7603781319879714,-0.1546341322522737,0.2898653743215185,0.68235487,34.40358352661133,23.30195617675781,0.0,31.79752433158086,0.6849606544162747,0,0
2025-03-07,100030.79438728362,301.41950014322805,0.0016283144078829,0.7604810733006458,0.3650985166478836,0.289885348519363,0.0,34.25349807739258,23.410633087158203,0.0,31.64205386275478,0.6869323279994641,1,1
2025-03-08,99921.01651123136,300.8526490877879,0.0024071624638494,0.5872459828330573,-0.2206471956668959,0.3040235315124094,1.2113578,34.11294174194336,23.50389289855957,0.0,31.486583393928697,0.6889040015826535,1,1
2025-03-09,99929.69891694184,302.16504166226275,0.0012849725034041,0.5997487845537196,0.2871458155702751,0.3064692933222096,0.09875561,34.19920349121094,23.94875907897949,0.0,31.331112925102616,0.6908756751658428,1,1
2025-03-10,99982.69798839162,302.1458878600265,0.001343466850722,0.3612625930498162,0.1374928883053761,0.311571249381211,0.0,33.792076110839844,22.32466697692871,0.6306064,31.175642456276535,0.6928473487490322,1,1
2025-03-11,100022.77897763452,301.25851779941866,0.0076304184557545,-0.4556138677971914,-0.3745515676398218,0.3385337074583347,0.0,30.228195190429688,23.805561065673828,4.912255,31.020171987450453,0.6948190223322216,1,1
2025-03-12,100045.96685856312,299.886926870189,0.0143880597454386,-0.2842417454573379,-0.0604551726342508,0.397606674388762,0.7912515,30.15479278564453,22.83755111694336,2.6224937,30.864701518624372,0.6967906959154109,1,1
2025-03-13,100024.51601279595,300.73626037892967,0.0002598201103353,0.303702524439448,0.1368260096437528,0.3944778834445099,8.824086,33.24098205566406,21.992477416992188,0.0,30.70923104979829,0.6987623694986003,1,1
2025-03-14,100069.2952755106,301.3670523235727,0.0002887213515784,0.5020902007513715,-0.1702964912026615,0.3686105685962595,0.27424005,33.570831298828125,23.05244827270508,0.0,30.55376058097221,0.7007340430817897,0,1
2025-03-15,100128.55093274104,301.6770693511542,0.0004302923005827,0.537780844487455,0.0152428389770621,0.3519922112713555,0.0,34.324424743652344,23.36005401611328,0.0,30.518280097222643,0.702705716664979,1,1
2025-03-16,100165.0548294825,300.7816687642503,0.0040119062712624,0.3247023439275514,0.3003193235896014,0.3498628814427638,0.0,33.144073486328125,24.354610443115234,15.734574,30.482799613473077,0.7046773902481684,1,1
2025-03-17,100133.69729661582,300.3195431453991,0.0047138817594922,-0.1948205496431156,-0.529986944145875,0.3881408478408668,5.349916,33.907352447509766,23.663864135742188,11.3467865,30.44731912972351,0.7066490638313577,1,1
2025-03-18,100156.52435847862,300.84431824384365,0.0034325336661618,0.1074835582913824,0.3364899589230427,0.3885552611169312,8.02794,34.021148681640625,23.1723690032959,17.764212,30.411838645973944,0.7086207374145471,1,1
2025-03-19,100251.81616882994,301.22886480965826,0.0012935109186636,0.1068044939584522,0.2319939970210676,0.3845582953552914,7.674,33.57188415527344,23.74724769592285,12.846555,30.376358162224378,0.7105924109977365,1,1
2025-03-20,100343.42028942128,301.6059792951145,0.0007274367760554,0.347336031852082,0.0419544052627743,0.3707578220910817,3.1715968,33.46247100830078,24.418842315673828,0.0,30.34087767847481,0.7125640845809258,1,1
2025-03-21,100333.2619951434,301.7270181245251,0.0031085246012625,0.2998701607554789,-0.1276330070894546,0.3644726649258111,0.070110425,33.46086883544922,24.68589782714844,10.013253,30.305397194725245,0.7145357581641152,1,1
2025-03-22,100290.8875258609,300.5322883794881,0.0077566607845169,-0.0249157697051917,-0.1868802969494983,0.3967524611157485,6.2101502,33.1845588684082,24.225658416748047,14.689223,30.26991671097568,0.7165074317473046,0,0
2025-03-23,100255.99731859114,300.8802290782431,0.0033091272110862,-0.0790005489128801,-0.4811985184616417,0.4080893478366042,14.111916,33.158790588378906,23.23354721069336,5.838945,30.308969094672037,0.717545510491325,1,1
2025-03-24,100144.17506587895,301.126390876958,0.0025233076559564,0.0219764339908095,-0.0256335763120782,0.3986985301409709,2.7713313,33.437442779541016,23.82402992248535,0.0,30.348021478368395,0.7185835892353453,1,1
2025-03-25,99990.70009453368,301.1120787591999,0.0016455909156877,0.3085145669740644,0.1832352999755863,0.3859988642592947,0.0,34.0534553527832,24.06970596313477,2.853668,30.387073862064753,0.7196216679793657,1,1
2025-03-26,99949.57211407529,300.61027668708664,0.0032767802776784,0.0711515956321062,-0.1117347365804756,0.3833292329350062,1.9530251,33.86283874511719,23.91685676574707,3.5411904,30.42612624576111,0.720659746723386,1,1
2025-03-27,99910.24965364258,300.95437900067697,0.0023705213326536,0.2422281878687238,-0.3970902242516079,0.3856289926981293,6.414441,33.70711898803711,23.7266902923584,0.74707055,30.46517862945747,0.7216978254674064,1,1
2025-03-28,99844.09248372044,301.5283116309571,0.0020677598015655,0.2798617019692297,-0.376549869578738,0.3798199902504793,0.0,34.59857177734375,24.193601608276367,1.6916611,30.504231013153827,0.7227359042114266,1,1
2025-03-29,99823.53553260044,301.74247290873444,0.0007794404037993,0.5571403916115114,-0.3496255874777085,0.3710175429503639,0.22491089,35.36739730834961,24.07392883300781,0.0,30.543283396850185,0.723773982955447,1,1
2025-03-30,99913.15369149786,301.9255763282139,0.0006505047715008,0.5434095029834373,-0.2115959591956677,0.3584508209191832,0.0,35.007164001464844,23.658153533935547,0.0,30.582335780546543,0.7248120616994673,0,1
2025-03-31,99903.14008706305,301.66490006472645,0.0016672681931429,0.4744162627718945,-0.0306181840590522,0.3478921937718961,0.0,34.55832290649414,23.38315963745117,0.86596847,30.46347612431517,0.7258501404434877,1,1
2025-04-01,99870.53594381554,300.78531667455087,0.0032610759514989,0.1626120721481356,0.443813760272871,0.3553617697292859,0.0,33.692176818847656,24.27141189575196,16.352589,30.3446164680838,0.7268882191875081,1,1
2025-04-02,99999.18296131455,300.420649325938,0.0053782631707645,0.0406707074009092,0.3363361362511615,0.3807847253088912,3.875847,32.488677978515625,23.536603927612305,8.907488,30.225756811852428,0.7279262979315284,1,1
2025-04-03,100164.10785680276,300.1166220508039,0.01999616900902,0.0278477802315588,-0.1463068275873528,0.4065097934251968,6.8719215,32.55005645751953,23.163164138793945,18.876245,30.106897155621056,0.7289643766755488,1,1
2025-04-04,100159.02019714144,299.89901762562374,0.009799698162844,-0.0859750485617978,-0.0397246654596247,0.4436173687217357,13.26434,32.473270416259766,23.15352439880371,18.932049,29.988037499389684,0.7300024554195691,1,1
2025-04-05,100093.37953234644,299.33537109013656,0.010944385581055,-0.2127238374043578,0.0156863194587268,0.4567935731293763,10.6114025,31.823881149291992,22.549165725708008,11.225676,29.86917784315831,0.7310405341635895,1,1
2025-04-06,100008.8354311408,299.826398385203,0.0064122743943869,-0.1483665099008135,-0.0289679350424793,0.4587255170216625,6.5992656,33.4099006652832,23.63967704772949,17.732267,29.75031818692694,0.7320786129076098,1,1
2025-04-07,99989.240133244,300.914955202899,0.0023179515297826,-0.0349217068763546,-0.1333269265454926,0.4438006843221146,6.620312,33.08464813232422,22.23220634460449,0.53133684,29.631458530695568,0.7331166916516302,0,0
2025-04-08,100074.92126040776,301.1094270495931,0.0033066538946748,0.0577082124405833,-0.2242234864334086,0.4363808805573688,0.0,33.73495101928711,24.22021484375,3.1290176,29.739923154123737,0.7340308662805597,1,1
2025-04-09,100059.6860836381,300.28383366272624,0.0045719464289915,0.2512428645030684,0.0048688029652533,0.4369246221130349,5.4870667,33.544857025146484,23.972291946411133,1.4987366,29.848387777551906,0.7349450409094892,1,1
2025-04-10,99964.93814399834,299.7743947074626,0.003279391202397,0.0490899765229251,0.0819996585351857,0.4434843152772209,1.875294,32.94963836669922,23.49494361877441,4.106297,29.956852400980075,0.7358592155384187,1,1
2025-04-11,99953.0689037097,299.8429834393587,0.0077311061975986,0.13597284187017,0.3031153208591257,0.4533362329572221,0.7474548,33.49655532836914,23.605621337890625,1.0996222,30.065317024408245,0.7367733901673482,1,1
2025-04-12,100028.96362272404,299.43789210057577,0.0058404119727739,-0.0251349634756791,0.3056781588587743,0.4636558718887112,7.121577,31.99873352050781,23.25985336303711,0.0,30.173781647836414,0.7376875647962777,1,1
2025-04-13,99998.95259504551,300.4987250517332,0.0030453373120495,0.2720810839413077,-0.4648109606100771,0.4516619919498232,5.4131775,32.2779541015625,23.68976593017578,0.0,30.282246271264583,0.7386017394252072,1,1
2025-04-14,99965.84195628983,300.1926669989632,0.0087370572814508,0.0171883018246951,-0.3540260483115493,0.4598100801860646,0.27830917,33.71195602416992,24.11760711669922,1.32454,30.390710894692752,0.7395159140541367,1,1
2025-04-15,99957.13852419914,301.1820532398337,0.0011223522635632,0.2308981982915644,-0.4484436931998731,0.4437098335167984,8.847962,34.07103729248047,22.95681953430176,0.14166479,30.49917551812092,0.7404300886830663,0,1
2025-04-16,100003.2000991706,300.9433402368579,0.0014548393613244,-0.102320457510771,-0.3068088032703787,0.429576552104801,0.0,34.206661224365234,24.07525062561035,3.7976692,30.309296923135392,0.7413442633119958,1,1
2025-04-17,99953.5909243782,300.500018929501,0.0077925696977196,0.1183127643884639,-0.0747561277657091,0.4451118866573921,2.7129314,34.037357330322266,24.333404541015625,5.2823825,30.119418328149862,0.7422584379409253,1,1
2025-04-18,99974.10432484891,299.89650348585843,0.0061152324090191,-0.021176294060134,0.0783595412607762,0.4621515836920901,3.2256258,33.61454772949219,24.930992126464844,10.986955,29.929539733164333,0.7431726125698548,1,1
2025-04-19,99924.35952003465,299.8260884627168,0.0067137788342053,-0.1520314629884104,-0.1795959402870309,0.4684759972975051,20.947283,33.899925231933594,24.4421615600586,5.761116,29.739661138178803,0.7440867871987843,1,1
2025-04-20,99946.42702851248,300.981531462341,0.0011252804655044,0.0632542439243056,-0.4447427018500676,0.4499560725389442,3.8172204,34.452423095703125,24.87782096862793,1.1448762,29.549782543193274,0.7450009618277138,1,1
2025-04-21,100055.9497451828,301.16796364058007,0.0015981140922824,-0.012355604743797,-0.2267320612357032,0.4316742192353318,0.0,34.29188537597656,25.080331802368164,3.389695,29.359903948207744,0.7459151364566433,1,1
2025-04-22,100135.9689375296,300.3833660733772,0.0037632744472898,0.0446117557947961,0.0317696762681079,0.4322334897820515,0.6157883,33.664154052734375,24.62011909484864,6.2406864,29.170025353222215,0.7468293110855728,1,1
2025-04-23,100027.67739330012,299.7768014338545,0.0042495808745482,-0.0323322308523492,0.2290730204113918,0.4438600448450656,3.4624007,33.65437316894531,23.81228256225586,6.614973,28.980146758236685,0.7477434857145023,0,0
2025-04-24,99938.16856367952,299.95747911031617,0.0077059089929632,0.2452541458619617,0.1141080941871921,0.4577098482574232,8.2202425,34.26816940307617,24.12021255493164,9.955888,28.998619333391048,0.7443914587300102,1,1
2025-04-25,99934.01224893933,300.073611243755,0.0056310824062262,0.1769246943854758,0.033814639551649,0.4697693728357428,5.391414,34.09904861450195,25.22272491455078,11.8694315,29.01709190854541,0.7410394317455181,1,1
2025-04-26,99924.04617001791,300.395574872576,0.0048548217004402,0.0451036889559661,0.5144948972533969,0.4615246003200578,5.7507777,33.95841979980469,24.921142578125,7.735539,29.035564483699773,0.737687404761026,1,1
2025-04-27,99962.99581412844,299.8696237633558,0.0042576677208883,-0.0026861028697631,0.2607245353970882,0.4682689361352161,4.556925,33.81700897216797,24.4794979095459,7.731361,29.054037058854135,0.7343353777765339,1,1
2025-04-28,99857.12652788186,299.54377949995865,0.0041359471364281,-0.2447999928315423,0.4964421606218605,0.4645749866023834,4.204257,33.7158203125,24.162702560424805,11.481634,29.072509634008497,0.7309833507920418,1,1
2025-04-29,99843.17947320566,300.4922380634249,0.0027217945138384,-0.159924458878475,0.4865748555288535,0.4564385305790535,10.564082,33.758888244628906,23.931421279907227,7.862193,29.09098220916286,0.7276313238075497,1,1
2025-04-30,99961.96448817747,300.2859566683149,0.0048989301934983,-0.0342016847163155,0.5580894495377905,0.457513011552233,8.799402,33.53726959228516,24.74340438842773,2.4424345,29.109454784317222,0.7242792968230576,1,1
2025-05-01,99989.6708599925,300.43806979810694,0.005993437692202,-0.3027389561675722,0.2066541284963996,0.4660667753489004,0.32332912,33.41127395629883,24.638978958129883,9.643542,29.127927359471585,0.7209272698385656,0,1
2025-05-02,100028.24929666132,300.2615748326472,0.0148387599255368,-0.2148791745471644,0.3664520892519149,0.4650815276375096,0.7713119,34.12060546875,24.72236633300781,18.09041,29.152933375395577,0.7175752428540735,1,1
2025-05-03,99990.0966692399,300.2014282300849,0.0047855447780299,0.1783918260825857,0.1021991247797775,0.4804394399049349,16.91775,33.89741516113281,23.49422073364257,0.5519089,29.17793939131957,0.7142232158695814,1,1
2025-05-04,99878.0894124026,300.91330209083884,0.0010830268623091,-0.02197137895234,-0.7278316109523506,0.4660032276695114,2.5455377,34.76000213623047,24.34343910217285,4.4221463,29.20294540724356,0.7108711888850893,1,1
2025-05-05,99868.5617940788,300.7877097225545,0.00550167946133,-0.0090886570109328,-0.1181766761726364,0.4629947350767172,11.285255,33.011356353759766,23.71243476867676,8.5469,29.227951423167553,0.7075191619005972,1,1
2025-05-06,99924.3320412868,300.6241577669811,0.0049854937340985,0.2683171218283289,-0.4984559424723954,0.4698160636710179,1.6303442,34.4802131652832,24.34379768371582,7.6608706,29.252957439091542,0.704167134916105,1,1
2025-05-07,99897.9075812546,301.10014192994106,0.0012837618453554,0.3914778528627346,-0.4094692367331772,0.4562126430901703,9.443377,33.71854782104492,24.022375106811523,5.380177,29.277963455015534,0.700815107931613,1,1
2025-05-08,99958.61518383886,300.5069246460633,0.0009015630002934,0.3767649566544007,-0.6812181058075012,0.4414597599677476,11.752168,33.84493637084961,22.906129837036133,2.3782845,29.302969470939527,0.6974630809471208,1,1
2025-05-09,99961.11969587694,301.14877454264973,5.948634406955049e-05,0.5560875684112464,-0.957416541302114,0.4201465655525283,0.03621039,34.224124908447266,23.97241401672364,3.8315506,29.32797548686352,0.6941110539626287,0,0
2025-05-10,100007.38901688252,300.6640857298051,0.0005790497351314,0.5706629365062841,-0.6187180814182462,0.4046264611294757,0.0,33.96220779418945,24.5050106048584,0.59613436,29.169343694043693,0.6837364397829836,1,1
2025-05-11,99942.90690151125,300.7739160113329,0.0017631602860074,0.5773862267159573,-0.0923943854765416,0.3957629686995959,0.0,34.02892303466797,23.437559127807617,0.0,29.01071190122387,0.6733618256033383,1,1
2025-05-12,99813.09754179532,300.31276235615985,0.004671795984819,0.1354253527951622,0.1609870268900473,0.4112972950101373,1.4514884,34.361759185791016,24.07149124145508,2.1279986,28.852080108404046,0.6629872114236932,1,1
2025-05-13,99824.58074712729,299.6297966768742,0.0097798906387546,0.2613871334005769,-0.1260662110526196,0.455841725914936,3.374866,34.35784149169922,24.686336517333984,5.173413,28.69344831558422,0.652612597244048,1,1
2025-05-14,99859.96522960902,300.0131722354075,0.0075262131628214,0.1658277457716774,-0.3836230565355524,0.460246269083006,9.866348,34.08589172363281,24.586009979248047,14.774514,28.534816522764395,0.6422379830644028,1,1
2025-05-15,99906.1254464319,300.10171072568187,0.0041451971302807,0.0398400874504147,0.0340402655080471,0.458100038733186,6.7927594,34.07904815673828,24.50369453430176,15.066181,28.37618472994457,0.6318633688847577,1,1
2025-05-16,99871.72730933144,300.5662409588328,0.0022132780677275,0.6149291283724071,0.0736553253269436,0.4531219682809267,9.383796,33.15096664428711,23.8798942565918,4.6728344,28.217552937124747,0.6214887547051124,1,1
2025-05-17,99855.13689982318,299.03770416994365,0.0090540334792015,-0.0531801012132958,-0.0645866645673588,0.469676466110822,8.405243,31.32090950012207,24.471599578857425,20.2284,28.05892114430492,0.6111141405254673,0,1
2025-05-18,99734.62556898648,298.6582067984631,0.0168892770065156,-0.2903779333981058,-0.0262726810004565,0.4822767060283628,4.577846,31.970361709594727,24.115928649902344,25.262812,28.034874972315162,0.6007395263458222,1,1
2025-05-19,99667.38587460275,297.8999297798561,0.0351629020522731,-0.0620982395024924,1.040253237414667,0.4804214430995995,10.385096,31.558195114135746,23.702714920043945,13.330791,28.010828800325402,0.5903649121661769,1,1
2025-05-20,99742.27596818088,298.8339879097511,0.0069555909311966,0.4892146324563992,-0.7134813388561254,0.474082418868914,33.94002,31.83173942565918,22.586484909057617,4.2568083,27.986782628335643,0.5799902979865318,1,1
2025-05-21,99853.5300705299,298.8595503476795,0.0053859774178477,0.0334879408262142,-0.3125563721370778,0.4817362604325803,5.6575165,32.42369842529297,23.54409980773925,0.032433774,27.962736456345883,0.5696156838068867,1,1
2025-05-22,99806.713858442,299.5722910462269,0.0065059556111591,0.1430506643760031,0.1504675565910592,0.4864746416570876,5.503409,33.04154968261719,24.044336318969727,0.2867264,27.938690284356124,0.5592410696272414,1,1
2025-05-23,99719.81111703538,298.64810782972614,0.0346933817024098,1.2186015122554985,0.8498333788989958,0.4806172827972731,8.898982,31.40802764892578,24.465904235839844,27.078197,27.914644112366364,0.5488664554475963,1,1
2025-05-24,99758.42254382618,298.2059857047139,0.0552442281201426,1.6395189402438457,1.0553350213600303,0.4719214982203472,71.2278,28.0437240600586,22.24789428710937,27.466625,27.890597940376605,0.538491841267951,1,1
2025-05-25,99913.67315190328,298.219755323364,0.1022289412420577,2.564304095017307,1.0458806207481235,0.4837933926789259,63.628387,28.17389297485352,22.590145111083984,47.175144,27.86655176838684,0.5281172270883059,1,0
2025-05-26,99899.70250048836,297.82607162925893,0.0480613798075018,2.405929841936774,0.0319071665508326,0.4759291095048107,96.91283,28.0529899597168,22.09258270263672,37.824062,27.842505596397082,0.521469914932093,1,1
2025-05-27,99821.30465557006,298.1681464922402,0.0296201780621014,2.852488029976135,-0.5625941660243998,0.4835813788069973,78.042564,28.69618797302246,22.32707595825196,12.473709,27.818459424407322,0.5148226027758802,1,1
2025-05-28,99766.3078590684,298.5799903076334,0.0314842549189952,3.3111357995560726,-1.006014622952993,0.4828253023927351,37.286594,30.82575798034668,23.75882339477539,24.203108,27.794413252417563,0.5081752906196674,1,1
2025-05-29,99792.36469279898,297.8977117594625,0.0702539877935819,4.432433597799935,0.3860620096736065,0.4818451086164224,75.86025,28.318078994750977,23.37958526611328,38.41058,27.770367080427803,0.5015279784634545,1,1
2025-05-30,99917.07702658731,297.29772877799223,0.0726589873524465,2.50498579258901,-0.7801534658384548,0.4783452537601737,89.456,25.735855102539062,22.11127471923828,34.91858,27.746320908438044,0.4948806663072417,1,1
2025-05-31,100093.32772376302,297.7147421134695,0.0116690693233232,0.5103764816579487,-0.4800509887470164,0.4841505717394343,39.938282,28.904056549072266,22.196128845214844,17.315035,27.722274736448284,0.48823335415102886,1,1
2025-06-01,100092.22686014089,299.27549611039007,0.0043587785220518,0.7360894331236787,-0.9880795807545544,0.4850057476285359,10.324366,32.7010498046875,23.541698455810547,0.0,27.698228564458525,0.481586041994816,1,1
2025-06-02,100089.54547759648,298.90056437439523,0.0072058800284156,0.7529333696756273,-0.3039314827963142,0.4862306588887451,3.04613,33.07123947143555,23.45124244689941,0.15919785,27.674182392468765,0.4749387298386032,0,1
2025-06-03,100085.04373448112,298.9180463797084,0.007751675517039,0.8111978350443427,-0.1912912963058301,0.494935433614396,7.4730535,32.51015853881836,23.574710845947266,1.4852649,27.408690457607705,0.46829141768239035,1,1
2025-06-04,100109.38263488984,298.60436797230875,0.0085842389020894,0.5464607829843552,-0.2032196971140367,0.4744980886931431,18.560581,31.21006965637207,22.9355525970459,1.6188214,27.143198522746644,0.4616441055261775,1,1
2025-06-05,100073.05572087898,299.7457909807016,0.0015278201170058,0.8145382434849787,-0.8713029533040713,0.4633017516018667,9.291969,33.192893981933594,23.38015556335449,0.0,26.877706587885584,0.4549967933699647,1,1
2025-06-06,100104.04567774544,300.0020276205029,0.0023824002686451,0.9091492450528168,-0.7629772903741816,0.4570340860318445,0.95551413,32.28057098388672,24.178062438964844,0.5228334,26.612214653024523,0.44834948121375184,1,1
2025-06-07,100125.43921230068,299.7552866900765,0.0030108411895418,0.6947845606179691,-0.6860413808979686,0.4593693425641321,1.4771715,32.75253677368164,23.935806274414062,0.0,26.346722718163463,0.441702169057539,1,1
2025-06-08,100079.31730838762,299.1974713176128,0.0098776447710595,0.486269722392975,-0.7366284102054582,0.4796112050000171,3.3372436,33.17300033569336,23.59543800354004,2.6036482,26.081230783302402,0.43505485690132617,1,1
2025-06-09,99905.3838590853,299.5931788331142,0.002335243688488,0.6124548138814385,-0.904549258061077,0.4784733426873251,20.402075,32.660614013671875,23.22525978088379,1.2586956,25.81573884844134,0.42840754474511333,1,1
2025-06-10,99746.54830591824,298.57043834603286,0.0236640553019006,0.983725152403736,-0.4718126429289433,0.4730763440522484,2.5020661,32.22762680053711,24.098365783691406,26.788536,25.55024691358028,0.4217602325889005,0,0
2025-06-11,99708.2589508838,297.7523827661128,0.024717429942316,0.8248420311347385,-0.5159857078790235,0.4746557212331602,58.00445,30.469762802124023,23.80551147460937,18.341204,25.32773883178249,0.43488099779626155,1,1
2025-06-12,99672.70462958008,297.5673340241315,0.038479391585129,1.224352564572686,0.1172477622375506,0.4782900979332891,32.74603,30.89549827575684,23.00602912902832,13.795588,25.1052307499847,0.44800176300362266,1,1
2025-06-13,99786.2718202261,297.3893818376672,0.0418843395381642,2.1663151782412187,0.4313513976562652,0.4772252410575021,22.08064,28.997068405151367,23.140851974487305,23.174568,24.882722668186908,0.4611225282109837,1,1
2025-06-14,99889.44041260736,297.24743294145566,0.0648054911633224,2.261478553154761,0.403248570145631,0.476922379590124,42.989307,28.57732963562012,22.961488723754883,16.75658,24.660214586389117,0.47424329341834476,1,1
2025-06-15,99923.68685230392,297.4040840420389,0.0934312624258349,2.9668265091769617,1.1792714817189498,0.4801686593353901,74.34464,27.69284439086914,22.274015426635746,42.07153,24.437706504591326,0.48736405862570586,1,1
2025-06-16,100002.14307620827,297.21003995249526,0.0300948158655639,1.5629188167545889,0.098772615448674,0.4743657319043342,75.68978,28.681686401367188,21.96835708618164,32.838604,24.215198422793534,0.5004848238330669,1,1
2025-06-17,100078.57771149583,297.831642019733,0.0223409699090026,0.752891762695973,-0.3217781813819042,0.4752137172335343,51.30537,29.457927703857425,22.41842269897461,5.33553,23.992690340995743,0.513605589040428,1,1
2025-06-18,100061.90349821615,298.3552601205886,0.0095441638197834,0.5914268764198249,-0.091425266370763,0.4886912356089021,35.437645,30.5479736328125,22.9342098236084,17.817026,23.770182259197952,0.526726354247789,0,1
2025-06-19,100075.00326964723,298.6753394682543,0.0062561798457887,0.8083900509437758,-0.4306557747962053,0.4952934664994396,33.133396,30.7396240234375,23.359106063842773,16.097748,23.713818168021746,0.5398471194551502,1,1
2025-06-20,100118.48085742636,298.8956489244296,0.0046388639048473,1.0568297065526684,-0.8924259254172637,0.4917653598870232,13.927919,32.11055374145508,23.40399932861328,10.089965,23.65745407684554,0.5529678846625112,1,1
2025-06-21,100110.8352825845,298.8951510156429,0.0037971272231354,0.5682319763088216,-0.8332645868879627,0.4879612992024506,20.297815,31.7613525390625,23.87647819519043,5.266196,23.601089985669333,0.5660886498698723,1,1
2025-06-22,100118.23478603904,297.892686599005,0.0162870749589335,0.8602060638292001,-0.5657616942271919,0.4817523367059016,14.4127445,31.248136520385746,23.792619705200195,46.053623,23.544725894493126,0.5792094150772333,1,1
2025-06-23,100027.9640735581,297.90658770571656,0.0065541169515021,0.643121892463876,-0.9849085706488876,0.481427162308893,61.89877,29.59486961364746,22.43279266357422,2.2828043,23.48836180331692,0.5923301802845944,1,1
2025-06-24,99960.50507756152,297.7388466356867,0.0098228063478479,1.1301962660688492,-0.8697995869410357,0.4976622936516115,13.75033,30.94477844238281,23.2241325378418,6.126938,23.431997712140713,0.6054509454919554,1,1
2025-06-25,99952.43780462552,297.51077848902867,0.0213340001150086,1.1346916802185407,-0.31211517917263,0.4862041257869053,30.54729,30.220991134643555,23.39523124694824,55.834373,23.375633620964507,0.6185717106993166,1,1
2025-06-26,100003.49088576886,297.1578005047742,0.0279870920939175,0.6309226405550362,-0.2913168398057745,0.4720700822608489,87.38948,28.777019500732425,23.507963180541992,48.207706,23.3192695297883,0.6316924759066777,0,0
2025-06-27,100052.4182253046,297.94118469812395,0.0114121271187847,0.4151816184108885,-0.4178402409242284,0.4801403068123365,70.28967,31.16856384277344,22.714448928833008,7.5295086,23.667712859387393,0.6013601449824368,1,1
2025-06-28,100079.9339581267,297.57914169729725,0.0211829892734839,0.3698163413703406,-0.1306427867384767,0.486193520387415,19.361734,30.6390438079834,23.13202476501465,13.180288,24.016156188986486,0.5710278140581959,1,1
2025-06-29,99955.56682034116,299.0088795541441,0.0017062852581583,0.5658470841178616,-0.7816597439231373,0.4728200798754595,37.62897,31.67637062072754,22.70747947692871,0.3607352,24.364599518585578,0.5406954831339551,1,1
2025-06-30,99971.21585429677,298.5703144997469,0.0038823673361174,0.7767949960082465,-1.0710351631924833,0.4725385237834908,0.6747473,31.84671974182129,23.113296508789062,6.0741315,24.71304284818467,0.5103631522097142,1,1
2025-07-01,100018.73442183838,298.2238970193773,0.0055663164475314,0.772341087956686,-0.7905531766136934,0.4833468857801997,10.246659,30.868526458740234,23.05252265930176,8.943518,25.061486177783763,0.48003082128547336,1,1
2025-07-02,100039.65329037818,297.2561624451088,0.0168792327827991,0.4866605595852237,-0.7889686837364295,0.4758651531406114,8.969969,30.22330474853516,22.96933937072754,22.430067,25.409929507382856,0.4496984903612325,1,1
2025-07-03,100094.68570617246,298.0496613392106,0.0045175207302891,0.5060612301167882,-0.8048646471967259,0.4822439373019567,29.153732,30.57476234436035,22.68585205078125,27.893621,25.75837283698195,0.4193661594369916,1,1
2025-07-04,100152.83059639926,298.5444883098253,0.004233392116468,0.43071461744156,-0.7428112054103296,0.4871964037941401,6.6416383,30.830547332763672,22.02492332458496,20.561752,26.10681616658104,0.38903382851275076,0,1
2025-07-05,100116.94560679526,298.62564213359883,0.0061171226829018,0.8904381387579656,-0.9158716740724574,0.4886253920723747,12.995006,31.187530517578125,22.841670989990234,22.298439,26.161244359888467,0.3587014975885099,1,1
2025-07-06,100078.4724745899,298.5047872925997,0.0070372848680816,1.109098284960166,-0.6112230731856583,0.4958234855311609,7.7085633,30.659910202026367,23.02378845214844,5.2766094,26.21567255319589,0.328369166664269,1,1
2025-07-07,100068.4435715564,298.8418957852074,0.0042165607493404,0.7064126924133485,-0.8785805656067641,0.4910829221705058,25.209173,30.694520950317383,23.09287071228028,2.8087022,26.270100746503317,0.29803683574002815,1,1
2025-07-08,100106.54237763563,298.8667416699246,0.004974497533902,0.8453386911822565,-1.3826817867632373,0.4912509003400889,13.144931,31.96007537841797,23.179426193237305,0.8622761,26.32452893981074,0.26770450481578734,1,1
2025-07-09,100072.73537345564,298.92191557156843,0.0045173516905902,1.0909851279191665,-1.823329163537689,0.4874640133593257,12.807724,32.289390563964844,23.433029174804688,0.24400963,26.378957133118167,0.23737217389154647,1,1
2025-07-10,99972.15986882208,298.9248107176932,0.0028941440127955,0.7915050175516979,-1.7858845934814556,0.4833621230173003,11.323966,31.705629348754883,23.36990165710449,6.0011444,26.433385326425594,0.2070398429673056,1,1
2025-07-11,100000.38996744325,298.1895537744965,0.0124698049124054,1.4467306252869436,-0.966470627103206,0.4848581824914269,11.206197,31.93510055541992,24.003273010253903,25.748425,26.487813519733017,0.17670751204306473,1,1
2025-07-12,100045.87689912591,298.45404259518574,0.0084626711224779,1.4601815436118242,-1.0970181904098195,0.4704559563243457,22.149403,31.89708709716797,23.223243713378903,4.5319276,26.542241713040443,0.1463751811188239,1,0
2025-07-13,100095.90167815206,297.9782491384296,0.0127475921099977,1.016512246813421,-0.8916041670488701,0.4880621524108749,14.968762,31.741905212402344,23.07478141784668,11.597749,26.59666990634787,0.1705416655326459,1,1
2025-07-14,100121.25765895464,297.42948889821207,0.0118273294336349,0.6415094033300999,-0.9185049107103684,0.4742950885853869,12.70995,31.145904541015625,22.75606346130371,0.2089002,26.651098099655293,0.19470814994646793,1,1
2025-07-15,99983.81179930262,297.2956179485741,0.0139047223761536,0.676139159305177,-1.0087025475080722,0.4834186911855214,18.002874,30.37842559814453,22.755163192749023,0.0,26.70552629296272,0.21887463436028995,1,1
2025-07-16,99934.4509090988,296.7025054024166,0.066576679682269,1.5449676602516402,-0.6992811552534482,0.4809897619165585,13.751039,29.49408912658692,23.22481155395508,55.544987,26.759954486270146,0.24304111877411197,1,1
2025-07-17,99965.45647998934,296.6488989511209,0.0284045985976949,1.0321275448910907,-0.9318625368970505,0.4828423169788682,56.93503,29.46329498291016,22.47012710571289,3.1858222,26.81438267957757,0.267207603187934,1,1
2025-07-18,99927.93949679389,296.82369826278205,0.0407646011372051,2.140778933741867,-1.4384464607285774,0.4830820026528393,14.926839,29.298355102539062,22.9624080657959,0.36143976,26.868810872884996,0.291374087601756,1,1
2025-07-19,99843.70704381065,296.30444345956863,0.0649655277785116,2.197132723909514,-1.377146760106789,0.4751602736412439,41.421635,27.290407180786133,22.476299285888672,17.247541,26.92323906619242,0.31554057201557806,1,1
2025-07-20,99804.65312585696,296.37994537738695,0.0653354819816965,1.6359598742380843,-0.7279768141864484,0.4747107898204541,38.989677,26.8807373046875,22.2307243347168,0.9238584,26.977667259499846,0.3397070564294,1,1
2025-07-21,99909.68322596898,296.4305236730198,0.0629275963059668,2.0987676495986425,-0.1455775931386194,0.4769934048832057,23.96348,27.80427360534668,21.952741622924805,34.600056,27.032095452807273,0.3638735408432221,1,1
2025-07-22,99988.82760543446,296.39342299194374,0.0285193391931516,1.9477501043922016,-0.247007003067233,0.4791957583761601,10.354004,28.53103446960449,22.16084289550781,3.452526,27.086523646114696,0.3880400252570441,1,1
2025-07-23,99946.4778293665,296.31955002460194,0.0293952732918543,1.5669493970425037,-0.8444152801766797,0.473933653356307,27.59666,29.60764503479004,22.27923011779785,0.26851317,27.140951839422122,0.41220650967086614,1,1
2025-07-24,99879.16164891502,296.7104890646593,0.0238612433911124,1.5103202003142426,-0.4373933294527604,0.4786307857305703,54.183716,28.338048934936523,22.19539451599121,7.4545817,27.195380032729545,0.4363729940846881,1,1
2025-07-25,99944.5835366518,297.1917343208432,0.0359195783234571,2.515581812619561,-0.040749990878476,0.4729100054367071,46.052418,28.76311111450196,22.03763198852539,5.101917,27.249808226036972,0.4605394784985102,1,1
2025-07-26,100114.20179239544,296.45063002451434,0.0431384491310023,1.790575401415288,0.2619076616590106,0.4688466868014816,51.66457,26.82942581176757,21.467304229736328,73.901215,27.3042364193444,0.48470596291233214,1,1
2025-07-27,100114.46325652784,296.76223335422014,0.0071308794480087,-0.3394498074193717,-0.7218514846084583,0.4809634350486523,78.07085,29.31754875183105,21.851327896118164,0.4526939,27.358664612651822,0.5088724473261542,1,1
2025-07-28,100049.48651753285,298.9613773400056,0.0029445403089946,1.42527451958274,-1.678686337010163,0.474032234896231,12.9731045,31.450023651123047,22.69281959533692,0.0,27.41309280595925,0.5330389317399762,0,0
2025-07-29,100105.17535712208,298.7080114939878,0.0044716075895669,1.2670323853023295,-2.001652308160374,0.4831563947521478,0.6844295,32.36634063720703,22.406635284423828,0.0,27.13644897437526,0.542303318838094,1,1
2025-07-30,100068.16084509106,298.527220244877,0.0068241310703208,1.428881622389656,-1.5792675694961904,0.4858887458394992,3.4846554,31.92305374145508,23.16277313232422,0.0,26.85980514279127,0.551567705936212,1,1
2025-07-31,100020.92665392288,298.37739574635515,0.0061769911722982,1.046947777077819,-1.407388764915737,0.4898256350486435,8.998258,31.76751708984375,23.23331642150879,2.6590612,26.58316131120728,0.5608320930343298,1,1
2025-08-01,99995.00250197918,298.1948557144204,0.0165779881460995,1.7056616315304023,-1.2718682438726248,0.4866468977764803,6.656808,31.482561111450195,23.45033836364746,9.86711,26.306517479623295,0.5700964801324477,1,1
2025-08-02,99961.67388282849,297.2238200068803,0.0248386693223655,1.16158206819098,-1.6250525386391643,0.4760963972091444,5.3871794,30.4079647064209,23.274433135986328,20.67107,26.029873648039306,0.5793608672305656,1,1
2025-08-03,100057.9312304664,296.9361899843983,0.0523980910252451,1.1220766788119954,-0.4599961864502616,0.4800227734171035,19.308681,29.209217071533203,22.497669219970703,3.6205142,25.753229816455317,0.5886252543286835,1,1
2025-08-04,99974.51978633716,298.55700270988325,0.0049859237894783,1.236658183438429,-0.8343362017797872,0.4628688436472183,33.69109,30.55805206298828,22.693777084350582,6.129235,25.476585984871328,0.5978896414268013,1,1
2025-08-05,100006.00808278914,296.9929930985812,0.0302970061607423,0.8960056412691452,-0.3872492168654414,0.47427659768986,19.657959,29.70624542236328,22.946990966796875,19.711775,25.19994215328734,0.6071540285249193,0,1
2025-08-06,99934.81502164192,298.4879065489652,0.0015806568792894,1.1897601067898065,-1.1731742290453724,0.4505044946534112,22.75687,30.15709686279297,22.235713958740234,0.0,25.175460271315885,0.6164184156230371,1,1
2025-08-07,99907.5474166934,298.46432970681866,0.0024185075479783,0.8658289007734173,-0.706290512220234,0.4529581672942671,0.8158292,30.659639358520508,22.964431762695312,6.2253847,25.15097838934443,0.625682802721155,1,1
2025-08-08,100025.2657946864,298.72894895287413,0.001344256954764,0.692749472360282,-0.1867488521640584,0.4502950636924124,2.8746572,30.430742263793945,23.05189514160156,14.821636,25.126496507372977,0.6349471898192729,1,1
2025-08-09,100146.48549953187,297.97059099266403,0.0059276717139978,0.2883210558776085,-0.0820285613210975,0.4631291598221304,6.2548985,30.58861923217773,23.320877075195312,22.6883,25.102014625401523,0.6442115769173907,1,1
2025-08-10,100138.99179876498,298.05832553101885,0.0041237607764874,0.4816197937448263,0.1337020094398409,0.4664589561712772,5.3741465,30.29152488708496,23.33522605895996,30.219843,25.07753274343007,0.6534759640155087,1,1
2025-08-11,100168.13460086896,297.59491374243595,0.0053677992445873,0.4218707207891716,0.2175318748708212,0.4858052428775517,13.683447,28.795944213867188,22.618179321289062,23.59837,25.053050861458615,0.6627403511136265,1,1
2025-08-12,100061.92115117688,297.21750984577085,0.0143361637935033,0.929670594549334,-0.3886900801314144,0.4794264602065014,6.333813,30.11819839477539,22.54496383666992,1.7438458,25.02856897948716,0.6720047382117444,1,1
2025-08-13,100007.15825923714,296.4806192739464,0.0150790951015717,1.3805816928731918,-0.6771084310659095,0.4817061904015802,19.58031,28.373268127441406,22.52459716796875,10.876135,25.004087097515708,0.6812691253098623,0,0
2025-08-14,100002.664825942,297.2009898585932,0.0139031296661036,1.375930032501973,-0.2753044680371739,0.4889916552848465,21.534399,30.13214683532715,22.285907745361328,0.32973433,25.28250666279486,0.6769681716146885,1,1
2025-08-15,99946.51988805512,297.2482159143746,0.0144909148646038,1.572892396406194,-0.6484939848693149,0.4719942222207279,28.397036,28.48696517944336,22.34037399291992,3.1275635,25.56092622807401,0.6726672179195148,1,1
2025-08-16,99801.97273871604,297.32452366027945,0.0277493708734466,1.7360546480278114,-0.8019359286179091,0.4755448875468516,53.587635,28.66767120361328,22.548158645629883,1.6467799,25.83934579335316,0.668366264224341,1,1
2025-08-17,99893.614444403,297.30261540220886,0.0226351162892277,1.2971087654188056,-0.6430427841819786,0.4793708770087969,42.50285,27.959997177124023,22.49687767028809,19.808062,26.11776535863231,0.6640653105291672,1,1
2025-08-18,100082.18877954458,297.4551825293527,0.0052759420543206,0.0759616775686945,-0.7073662268712783,0.4886095537877396,36.427,29.595144271850582,22.48237609863281,1.9123008,26.396184923911466,0.6597643568339935,1,1
2025-08-19,100068.69466897123,298.3420933059581,0.0027537035722883,0.7733010834176774,-1.0204670539712202,0.4804318603779752,11.197037,31.29179954528809,22.85946273803711,0.2823322,26.674604489190617,0.6554634031388197,1,1
2025-08-20,100096.5699204194,298.4498331652537,0.0013969962056569,0.4952027109583807,-1.230625501202339,0.4708825886457323,1.6051581,31.8383731842041,22.64473533630371,0.068893075,26.95302405446977,0.6511624494436459,1,1
2025-08-21,100126.15599726062,299.17755809072725,0.0008283755835385,0.7814915355889183,-1.338179896465072,0.4573987985347982,2.7294085,32.361106872558594,22.25231170654297,0.9934727,27.23144361974892,0.6468614957484722,0,1
2025-08-22,100095.90241993572,298.8514228354912,0.0012466393241889,0.8552005195548893,-1.2027298048262214,0.4537044591178027,2.1558478,30.77138328552246,23.859235763549805,3.6940103,27.2790128921454,0.6425605420532984,1,1
2025-08-23,100107.07849278105,298.8370101223458,0.0012205319083457,0.6714229365927854,-0.9140078511027736,0.4486637609568709,0.07828491,31.2543888092041,23.64757537841797,6.345889,27.32658216454188,0.6382595883581246,1,1
2025-08-24,100150.89136167723,298.79199291201286,0.0005399294753733,0.7801965417046863,-1.1990440164080662,0.4396191077788929,0.0,32.189701080322266,22.938852310180664,0.6774568,27.37415143693836,0.6339586346629508,1,1
2025-08-25,100005.95399327078,299.2378447808131,0.0008813314464949,0.9937047581214692,-1.1187405043431298,0.4261118236220303,0.0,32.50531768798828,22.42396545410156,0.0,27.421720709334842,0.6296576809677771,1,1
2025-08-26,100123.24160941584,298.1419144921728,0.0061295983133021,1.0769384622373237,-0.6342633428847594,0.4416000502859548,0.0,31.93881225585937,23.15229034423828,2.284417,27.469289981731322,0.6253567272726033,1,1
2025-08-27,100103.8907193224,296.8936007555065,0.0261608306661092,1.4033140165757954,0.1585699650856979,0.4836841142583115,16.240387,29.677377700805664,23.04812812805176,14.251968,27.5168592541278,0.6210557735774295,1,1
2025-08-28,100059.48451187604,296.7721020053938,0.0564492226501665,2.614515078728382,-0.2214027026450782,0.4746535959575079,34.95766,28.98841667175293,22.50374412536621,31.55118,27.56442852652428,0.6167548198822558,1,1
2025-08-29,100100.4434999488,297.11437962189626,0.0172969660587858,1.604138575977024,-0.5281929486588026,0.478190587136963,46.27926,30.34247398376465,22.86791229248047,0.6198347,27.61199779892076,0.612453866187082,0,0
2025-08-30,100216.62565303728,297.4411666375797,0.0230307823776566,1.3295390810842111,-0.6049345942955922,0.4770617077507957,18.80029,30.62614250183105,23.07603454589844,9.436063,27.512784108315543,0.6079668073696238,1,1
2025-08-31,100092.76141576796,297.5675476756087,0.0112012346580347,1.4719359384934083,-1.3885403767072289,0.4809503677960615,27.763016,31.129615783691406,23.117572784423828,15.398569,27.413570417710325,0.6034797485521656,1,1
2025-09-01,99985.34520574608,297.8084947072711,0.0098031520534567,1.3320112823365269,-1.416293782230065,0.4724975490329331,8.62169,30.54560279846192,23.44149780273437,0.18410535,27.314356727105103,0.5989926897347074,1,1
2025-09-02,99954.821672515,298.59043447254004,0.0028959172246007,1.4014415832677274,-1.4067466684310024,0.4672118474806941,6.389462,31.856733322143555,23.35335350036621,0.09814854,27.215143036499885,0.5945056309172492,1,1
2025-09-03,99983.75814594462,297.8677886330548,0.0064851348672188,0.8665498294341966,-0.9272636274030998,0.4793621599280157,0.86451,31.20003890991211,23.526914596557617,1.530498,27.115929345894667,0.590018572099791,1,1
2025-09-04,100049.44229030969,298.1886556090923,0.0038665162782906,1.0479216893743275,-0.7928423725193056,0.4834256032894888,16.707304,31.649099349975582,22.72881126403809,0.16799627,27.016715655289445,0.5855315132823328,1,1
2025-09-05,100092.66123177177,298.3771122254809,0.0024938840772372,0.6593985749574962,-0.5922038840307527,0.4775572367651071,18.00001,31.080968856811523,23.100351333618164,0.23946619,26.917501964684227,0.5810444544648746,1,1
2025-09-06,100116.95833210077,298.5588379341875,0.0015195288422296,0.5913938650045707,-0.6292273946816653,0.4680934054932639,9.99026,31.91290664672852,23.560035705566406,11.774601,26.81828827407901,0.5765573956474164,0,1
2025-09-07,100057.00790271378,298.7715002913532,0.00174256861693,0.853757806459948,-1.1157250731792974,0.4628383421184266,2.416376,31.58080291748047,23.419994354248047,19.362871,26.84970285379557,0.5720703368299582,1,1
2025-09-08,99993.9589347193,298.92443376172696,0.0007767621962773,0.7503833828071,-1.1886215413013668,0.45318046729859,0.99345386,31.697080612182617,23.63831901550293,4.482853,26.88111743351213,0.5675832780125001,1,1
2025-09-09,100010.44287614147,299.3770100852305,0.0007776947108209,0.7686832678806668,-0.7485872473420396,0.4400311665031139,1.5459234,31.81395721435547,23.874164581298828,17.844269,26.91253201322869,0.5630962191950418,1,1
2025-09-10,100038.57531945183,299.26785359346525,0.0027452004484888,0.7577082288567586,-0.7806385329371822,0.4391189738669237,6.53896,31.331832885742188,23.91814422607422,24.733564,26.943946592945252,0.5586091603775837,1,1
2025-09-11,100038.13331610056,298.6790952371826,0.0018009457279102,0.7742247651984362,-1.116615226627299,0.448991395716685,1.4550871,31.829608917236328,23.25128555297852,14.937649,26.975361172661813,0.5541221015601254,1,1
2025-09-12,99989.48997652916,299.13763536869857,0.0010119655368356,0.939973884139558,-1.0708291126653142,0.4388451688005053,0.9353248,32.852684020996094,22.915225982666016,0.0,27.006775752378374,0.5496350427426673,1,1
2025-09-13,100057.1777145362,298.6768401829522,0.0016339120539705,0.5003707350153006,-0.6216847485884952,0.4353572224349782,0.0,32.30393981933594,23.041627883911133,1.7862098,27.038190332094935,0.5451479839252091,1,1
2025-09-14,100095.83120177644,298.96046258394705,0.0010489863660232,0.5369666482783494,-0.0557070091404383,0.4275080264366967,0.16645186,32.21055221557617,22.86194610595703,0.39933282,27.069604911811496,0.5406609251077509,0,0
2025-09-15,100056.78870411012,298.6357864751769,0.0055070811464753,0.6849249234378932,-0.3044968373587189,0.4362285516342015,0.7088013,32.57249450683594,23.394086837768555,7.775202,27.220198052672274,0.5531780455402203,1,1
2025-09-16,100032.85785245938,298.4532423142072,0.011521485859506,0.5462334040538497,-0.3483212516204371,0.4577652538807178,6.684165,32.15787887573242,23.39373588562012,14.666055,27.37079119353305,0.5656951659726898,1,1
2025-09-17,100056.9214186487,298.0171372589834,0.0185163594837752,0.6929598635299689,-0.3697907939268457,0.4777518358493114,4.7945013,31.48251914978028,23.614124298095703,14.306629,27.52138433439383,0.5782122864051592,1,1
2025-09-18,100089.6328004676,297.93648193094333,0.0154626300156095,0.6042249390448153,-0.4541433159871403,0.4835618677470586,27.006495,31.501848220825195,23.178760528564453,3.638159,27.671977475254607,0.5907294068376288,1,1
2025-09-19,100137.09582644262,298.20880489759776,0.0059088796092328,0.2775558577605288,-0.3788245452942077,0.4853038636519511,5.7482653,31.295597076416016,23.643224716186523,8.255252,27.822570616115385,0.6032465272700982,1,1
2025-09-20,100076.70549996383,298.23225610074786,0.0047545595645919,0.0942739114579078,-0.4431986725664237,0.4690688475205183,1.9523942,31.604387283325195,23.40309715270996,3.0131118,27.973163756976163,0.6157636477025676,1,1
2025-09-21,100037.17459849302,298.38933773524553,0.0027193415348778,0.4285634081299769,-0.3690694509639894,0.4683657525923837,5.022382,31.859437942504883,23.075382232666016,0.75931066,28.12375689783694,0.6282807681350371,1,1
2025-09-22,100177.3521956398,298.2630628780013,0.0035253944730949,0.6909219936935328,-0.2934960065975343,0.4713783306576252,12.028317,31.98514938354492,22.8861026763916,0.48592156,28.27435003869772,0.6407978885675065,0,1
2025-09-23,100228.33021470756,297.4651531050277,0.0088296716436985,0.6280556896698993,-0.0504706300985843,0.4924112583155358,6.821242,31.174434661865234,22.70205307006836,1.6313565,28.276907457850236,0.653315008999976,1,1
2025-09-24,100060.28505541252,297.8229053250613,0.0072231720763554,0.4292837439398452,0.0571575063340207,0.4961519480926628,16.490183,30.98210906982422,23.23660659790039,2.657036,28.279464877002752,0.6658321294324454,1,1
2025-09-25,99998.23691495469,297.34362110780376,0.0195993315677027,0.9380253409949584,-0.0488213112268586,0.4830092645519727,7.87515,30.252397537231445,22.71891593933105,17.060501,28.28202229615527,0.6783492498649148,1,1
2025-09-26,100055.85572371978,297.3893211954903,0.0079427792767555,0.7838263923781666,-0.0632349411044675,0.4911746043312907,42.43626,30.36742782592773,22.413619995117188,5.476407,28.284579715307785,0.6908663702973843,1,1
2025-09-27,100137.68687202534,297.27853301706654,0.0107517136140631,1.2983752093731835,-0.4883706027720036,0.50183059602048,23.666216,30.210803985595703,22.782739639282227,0.0,28.2871371344603,0.7033834907298537,1,1
2025-09-28,100095.56891392256,298.06441678105523,0.0101101296587031,1.0208508821329916,0.0527642110976365,0.4998539618423229,22.797388,30.23854255676269,23.23104286193848,0.34099263,28.289694553612815,0.7159006111623233,1,1
2025-09-29,100026.58658044184,298.60086255028267,0.0056037137995881,0.8657794158638402,-0.5145345375018848,0.4902177470881631,16.326313,31.98373031616211,23.02971839904785,0.5149746,28.29225197276533,0.7284177315947927,1,1
2025-09-30,99933.59821214758,298.7576375260407,0.0031705558911592,0.5364164970774882,-0.7065665995161872,0.4872177897601306,1.6840594,31.472002029418945,22.87792015075684,0.059204005,28.29480939191785,0.7409348520272622,0,0
2025-10-01,99929.9676605676,298.423825089154,0.0033409914093846,0.2120855615494099,-0.4461850467274461,0.4843797151795058,0.09385501,31.87497329711914,23.05031013488769,0.0,28.470446749466863,0.7390280365577695,1,1
2025-10-02,100084.08522101375,299.01816369547475,0.0023907159268597,0.7063507896759919,-0.7226172746954552,0.4764015481139277,1.1837734,32.427833557128906,23.45905303955078,0.949057,28.646084107015877,0.7371212210882768,1,1
2025-10-03,100194.01282931252,299.5811302303365,0.0008966297942527,0.5489042233727217,-0.7901690407059546,0.4650817757143484,0.6422784,32.929317474365234,23.46393775939941,10.107856,28.82172146456489,0.7352144056187842,1,1
2025-10-04,100240.77648516386,299.4960025682345,0.0007921985149693,0.5458371267394388,-0.6235450477264208,0.4563487126629775,6.5927253,31.76949691772461,23.976701736450195,6.859328,28.99735882211391,0.7333075901492915,1,1
2025-10-05,100226.4687446588,298.8024958108305,0.0047211675890427,0.0342910923426477,-0.458365409760281,0.4674332967557102,12.86609,31.40199851989746,23.11705017089844,7.209155,29.172996179662924,0.7314007746797988,1,1
2025-10-06,100235.92887798266,299.1304351221069,0.0003987866158383,0.592630854835446,-1.218197045668428,0.4580276727475775,8.551881,31.79916954040528,22.582029342651367,8.321069,29.34863353721194,0.7294939592103061,1,1
2025-10-07,100215.5912527164,298.96475824694727,0.0001285797770256,0.7581549642292091,-1.2975012306296378,0.4415597779230081,0.0,31.41983985900879,22.98488426208496,4.46101,29.524270894760953,0.7275871437408135,1,1
2025-10-08,100179.98905349625,299.07860419893234,0.0017750047536182,-0.0885450118062931,-0.1726194146533815,0.4347318883612259,0.0,31.4591121673584,23.22270774841309,4.047561,29.699908252309967,0.7256803282713208,0,1
2025-10-09,100161.45559980354,299.0825735312957,0.0027249709262444,-0.0025550428670907,0.1890728312453508,0.4438911900667634,3.740757,31.78929901123047,23.12421607971192,3.3411195,29.26566385058735,0.723773512801828,1,1
2025-10-10,100033.45508105974,299.1726856541213,0.0041312172665004,-0.1858824775660033,0.463947989760375,0.4459955479350998,6.2281237,31.76785087585449,23.048240661621094,3.5388918,28.831419448864736,0.7218666973323353,1,1
2025-10-11,99968.2022684682,299.6822793313784,0.000598443968719,0.2379463541348661,-0.2419193424933776,0.44666874284053,12.217468,31.78338050842285,22.7783432006836,16.14351,28.39717504714212,0.7199598818628427,1,1
2025-10-12,99928.78120920724,299.27469354788406,0.0166630971039042,-0.2413963772296505,0.3660729291390622,0.4591003198551436,2.557982,32.04066848754883,23.09797477722168,12.3048315,27.962930645419505,0.71805306639335,1,1
2025-10-13,99886.1176982026,299.0437911902932,0.003198325978352,-0.0717964413103281,-0.6645993709506891,0.4741410020309396,16.775682,31.66330909729004,22.80816650390625,7.6072664,27.528686243696885,0.7161462509238573,1,1
2025-10-14,99743.02746313503,298.83907130498534,0.0722571894421127,-0.0961196480899035,0.6344994028423652,0.477066697373902,6.68344,29.80950927734375,23.18854331970215,17.211662,27.09444184197427,0.7142394354543646,1,1
2025-10-15,99704.24726024856,298.3692561877664,0.01725566154497,-0.1741960855441134,-0.1674814686521284,0.4681183898344336,14.302119,30.183334350585938,22.59581756591797,13.482746,26.660197440251654,0.712332619984872,1,1
2025-10-16,99748.6644694891,297.6735137644147,0.0151039684410085,-0.4204969693869549,0.4907331635909292,0.4674133865259232,8.056383,28.18160629272461,22.558069229125977,15.681653,26.22595303852904,0.7104258045153793,0,0
2025-10-17,99846.49930493729,298.22721830808945,0.017556740217822,-0.5061132869177074,0.2152509513074983,0.467662392391696,4.1565256,29.66802215576172,22.7439193725586,21.4588,26.432120160232127,0.7128039937421509,1,1
2025-10-18,99850.53281462476,298.60400028345686,0.0181350745681524,-0.421595438954807,0.3963888028390505,0.4692382995920955,34.28465,30.591428756713867,22.85668563842773,16.347292,26.638287281935217,0.7151821829689226,1,1
2025-10-19,99819.53158121422,298.6052240508582,0.0096490656479446,-0.6559660249295781,0.5124322989193604,0.486233778535238,25.680279,29.895862579345703,22.46481704711914,21.715124,26.844454403638306,0.7175603721956941,1,1
2025-10-20,99751.6689754816,298.21467022460763,0.0170220027024127,-0.5985567652558692,0.4668623016407634,0.4767038107118951,23.375774,29.268518447875977,22.56160926818848,14.466708,27.0506215253414,0.7199385614224658,1,1
2025-10-21,99795.09769880364,296.87941136424945,0.0289394194995759,-0.8553316666825141,0.5288962419251724,0.4820103369620088,21.760937,26.56598281860352,22.73066711425781,25.03341,27.256788647044488,0.7223167506492374,1,1
2025-10-22,99901.61288441512,297.41632413354006,0.0161362865692447,-0.4178795936603733,1.3709033003563005,0.4777094531136644,10.472661,29.54072380065918,22.75440788269043,6.3161407,27.462955768747577,0.7246949398760091,1,1
2025-10-23,100035.84846852603,297.5821834868688,0.016073969367546,-0.6264034192827778,1.5444052170669675,0.4883016771329596,35.460968,29.87638092041016,22.44361686706543,3.1585252,27.669122890450666,0.7270731291027807,1,1
2025-10-24,100080.9715354746,296.9940251564662,0.0136308054909458,-0.7122966844254008,0.8937455361129316,0.4931124977114569,16.08319,29.40291786193848,21.957386016845703,5.5366,27.875290012153755,0.7294513183295523,0,1
2025-10-25,100039.19713432492,298.16541271001086,0.0032354273544164,-0.6599090524355455,0.7270639822852485,0.4901662879959439,6.7178655,30.865264892578125,22.67326736450196,1.3131609,27.956855042877443,0.7318295075563239,1,1
2025-10-26,100022.13194822049,299.0640001756696,0.0020603380540183,-0.3458613748661614,0.7181413517589824,0.473539333043154,0.8295765,31.35483169555664,22.394250869750977,0.34308267,28.03842007360113,0.7342076967830955,1,1
2025-10-27,100110.3538594586,297.01946626005883,0.0100441043653963,-0.2468954998937589,-0.3545952346236363,0.4908142770794037,5.3283267,27.78581047058105,23.03632926940918,22.538536,28.11998510432482,0.7365858860098672,1,1
2025-10-28,100009.34103290472,297.8359787213371,0.0112211955732377,0.639273962416834,0.1368946186523768,0.4963385053144681,35.764194,29.278759002685547,21.90037727355957,12.547421,28.201550135048507,0.7389640752366388,1,1
2025-10-29,100051.46794036528,297.77171784923803,0.0146118767249519,0.1911055061275218,0.3960154100254845,0.4778947612387815,14.609551,31.693435668945312,22.85573005676269,0.0,28.283115165772195,0.7413422644634104,1,1
2025-10-30,100184.35998501405,298.5859431135982,0.0005002970433097,-0.1504280538796261,-0.0486624509844875,0.4707470656673644,11.179997,32.1807746887207,22.477861404418945,0.0,28.364680196495883,0.743720453690182,1,1
2025-10-31,100269.44186465567,298.8502890539508,1.4399997473536869e-05,0.1726769450651165,-0.5796966800066066,0.4535505278979747,0.0,32.544979095458984,21.87875747680664,0.0,28.44624522721957,0.7460986429169537,1,1
2025-11-01,100299.5672332584,298.60770588423253,2.1401740806519536e-05,0.4126095176244645,-1.0114506678249364,0.4396857996373268,0.0,32.707550048828125,21.712797164916992,0.0,28.52781025794326,0.7484768321437253,0,0
2025-11-02,100388.16201663736,298.104579530265,0.0002227573274671,0.3713416147581702,-1.193553281670107,0.4290752089902004,0.0,32.6964225769043,22.25312232971192,0.0,28.45382703851105,0.7467173593317686,1,1
2025-11-03,100322.58066953282,298.8758932180825,0.0005368944237346,0.6230934070615131,-1.1716506548663836,0.4205610649218024,0.0,32.263031005859375,21.87714195251465,0.0,28.379843819078843,0.7449578865198119,1,1
2025-11-04,100224.40666602808,298.7018958138852,0.001978352241817,0.802056360365121,-1.241309026583325,0.4193280586071178,0.0,32.35721206665039,22.72677993774414,0.028626762,28.305860599646635,0.7431984137078552,1,1
2025-11-05,100146.30313578813,298.1748638185176,0.0038941364995198,0.5835565440226869,-0.6140048332205184,0.4351075301162898,0.25550517,32.006378173828125,22.973190307617188,5.435188,28.231877380214428,0.7414389408958986,1,1
2025-11-06,100175.8143276944,298.3450645091859,3.263098021340788e-05,0.2146092359944309,-1.1445546294078333,0.4286478059568976,1.014972,31.46395492553711,22.818592071533203,0.0,28.157894160782224,0.7396794680839418,1,1
2025-11-07,100237.03688915248,298.67653481068123,8.225505462932621e-06,0.4596031536088997,-1.161086858902317,0.4108641240756979,0.0,31.948596954345703,22.026588439941406,0.0486539,28.083910941350016,0.7379199952719852,1,1
2025-11-08,100273.62622049772,298.7683479230212,0.0008187487560119,0.3096453403821859,-0.9702368801725444,0.3992611530495172,2.9103296,30.794597625732425,22.947132110595703,0.05984449,28.00992772191781,0.7361605224600285,1,1
2025-11-09,100172.76014209284,297.9083634860414,0.0237654631543633,0.0745630043030702,0.2155739497301569,0.4458711064482325,6.4406633,28.884593963623047,22.20829391479492,0.0,27.9359445024856,0.7344010496480717,0,1
2025-11-10,100198.22648384912,297.7841419197502,0.0079401091686012,-0.3910079182935372,-0.162682449363404,0.4737437590195421,0.6640852,29.30219459533692,22.3582706451416,0.0,27.968344859119615,0.7326415768361151,1,1
2025-11-11,100220.48645114912,298.3696027479001,0.0049218887810918,0.0228733567610313,-0.5965958068055278,0.47117491876983,0.080947794,30.38036155700684,22.904359817504883,10.369622,28.00074521575363,0.7308821040241584,1,1
2025-11-12,100238.71372737671,298.1670940526189,0.0110459676023361,-0.181296232901939,-0.3272300152870909,0.4749509925122357,9.26217,30.723562240600582,22.841827392578125,3.7436922,28.033145572387642,0.7291226312122018,1,1
2025-11-13,100262.43144159124,299.0014855744448,0.0040313262791999,-0.0977631220523519,0.1834559566284805,0.4657034566159118,4.4937086,30.325719833374023,22.572132110595703,0.0751,28.065545929021653,0.727363158400245,1,1
2025-11-14,100237.43347342584,298.0409835678324,0.0147066502817408,-0.2106548276768953,0.1714186686451496,0.4690619004519316,2.4519436,28.78413391113281,22.77298927307129,6.1165447,28.097946285655667,0.7256036855882884,1,1
2025-11-15,100286.93517433974,298.38267730706485,0.0029353892200267,-0.2509029036259505,0.3980809361878203,0.4684900797850697,5.714456,30.59335899353028,21.90478515625,1.852911,28.13034664228968,0.7238442127763317,1,1
2025-11-16,100279.63242399976,299.18976428374344,0.002468622562006,0.0932775642568352,0.2074900673535998,0.4636108713921538,0.3962601,31.07101821899414,22.03202247619629,5.4447803,28.162746998923694,0.7220847399643749,1,1
2025-11-17,100222.5277027268,298.1679353889387,0.0084735788933223,-0.2875358588793828,0.3795922264798873,0.4729638479695698,1.7444695,29.65664863586425,23.02976417541504,0.021895116,28.195147355557708,0.7203252671524183,0,0
2025-11-18,100127.4185540536,297.2425292593196,0.0130196154455774,-0.565043107894969,0.4852367843740734,0.4816398465844039,1.1741629,28.229955673217773,22.294801712036133,8.206604,27.742515488146566,0.7220417454006492,1,1
2025-11-19,100148.1670444258,298.6025028423645,0.0019255637080018,-0.3469444015361696,0.3030253516350935,0.4749265525873815,26.72132,30.36527442932129,21.40314292907715,0.5477291,27.289883620735424,0.7237582236488802,1,1
2025-11-20,100193.99790594904,299.1874396425842,0.0016860584419315,0.0134221746279852,-0.0535026068211117,0.4616665673350498,2.439694,31.094181060791016,22.11002540588379,1.9213462,26.83725175332428,0.7254747018971113,1,1
2025-11-21,100239.2892309538,299.5549186668025,0.0108445549520438,0.1198353715234686,-0.1447234005291225,0.4635582120390749,2.2332249,31.47435760498047,22.92008209228516,26.343231,26.38461988591314,0.7271911801453422,1,1
2025-11-22,100222.83888638068,298.310416249705,0.0081645469049807,-0.4248863201414197,-0.1880652199342913,0.476341977803262,5.800113,28.786375045776367,23.049097061157227,6.502109,25.931988018501997,0.7289076583935732,1,1
2025-11-23,100203.39479396753,297.87261475197243,0.03372895922626,-0.3231380346632732,-1.2410402857694134,0.4759622177892557,8.808653,28.74927520751953,22.295804977416992,16.01803,25.479356151090855,0.7306241366418041,1,1
2025-11-24,100215.6178269788,297.34501608261513,0.0106332107916275,-0.4189595977823556,-0.5347473442389683,0.4870485283317067,22.895555,27.011632919311523,21.659034729003903,15.276767,25.026724283679712,0.7323406148900351,1,1
2025-11-25,100140.76154595282,298.92884846011066,0.0010182268979307,-0.7924562113289937,-0.1651617522594491,0.473974160039521,4.2927694,29.99591827392578,22.23395538330078,1.4056028,24.57409241626857,0.7340570931382662,0,1
2025-11-26,100181.85185386051,298.6053892402268,0.00123685487676,-0.4947845989988034,0.1286757599635399,0.4614660966022326,0.05943178,29.80108642578125,22.53737449645996,7.4972353,24.914159615351934,0.7357735713864971,1,1
2025-11-27,100144.49728308084,297.885773300967,0.0003461341116205,-0.7348487838871677,-0.2837840794284609,0.4511174411638409,0.01024072,28.71431541442871,21.713912963867188,0.7932196,25.2542268144353,0.7374900496347281,1,1
2025-11-28,100068.32953144248,296.9826070127729,0.0002992401196188,-0.8493462074317386,-0.554933258197187,0.4421980682796749,0.0,27.42510223388672,20.68350410461425,32.789066,25.594294013518663,0.739206527882959,1,1
2025-11-29,99985.28218248278,296.45094214575926,0.0016423396029266,-0.2924371169785322,-0.5677066191212319,0.4424088439455342,0.21902707,26.726259231567383,20.184410095214844,15.303364,25.934361212602028,0.74092300613119,1,1
2025-11-30,100050.31972549426,297.77128485083404,0.000249654508716,-0.0469604127752994,-0.1696114142305907,0.4384819490001929,3.5805423,29.226701736450195,20.023080825805664,17.173878,26.274428411685392,0.742639484379421,1,1
2025-12-01,100072.91547111423,298.6558401105724,0.0020992743718551,0.0624394010417033,0.1270917684559868,0.4306511486331808,0.552075,30.928695678710938,22.567834854125977,1.6323036,26.614495610768756,0.744355962627652,1,1
2025-12-02,100066.28236443638,298.11810584652375,0.0070544972541879,-0.2336307493077548,0.0206769433556332,0.4576460259051575,4.2923574,31.131534576416016,22.69914436340332,4.0602794,26.95456280985212,0.746072440875883,1,1
2025-12-03,100139.6120318158,297.35322260452534,0.0270697202845476,-0.5528091013839947,-0.0239834861695759,0.4754999783022184,9.035665,29.407928466796875,22.954326629638672,1.1111252,27.294630008935485,0.7477889191241139,0,0
2025-12-04,100234.02417329684,298.1414887666388,0.0073086580418095,-0.3102901858884507,0.1155000110703716,0.4684426466681262,12.420853,30.5288028717041,22.743093490600582,10.740983,27.300759395025416,0.7448038064910495,1,1
2025-12-05,100232.5716381786,298.8411103576576,0.0066246681004021,-0.4656236884341475,-0.0143085741512419,0.466495053300148,3.539851,30.23737525939941,22.648107528686523,11.005697,27.306888781115347,0.7418186938579852,1,1
2025-12-06,100303.25069776262,298.6417255667572,0.0028165867998846,-0.5110159163607443,-0.0863011003987893,0.4693941291041466,2.7685208,30.541183471679688,22.86673355102539,0.0,27.31301816720528,0.7388335812249207,1,1
2025-12-07,100295.35295585362,299.1171007627535,0.0010915239165554,-0.2922997119865504,0.1516391872456905,0.4602846359315292,0.0,30.20551109313965,22.52133750915528,0.0,27.31914755329521,0.7358484685918563,1,1
2025-12-08,100235.39456634944,298.82423335397635,0.0010315102148563,-0.2025945640295253,-0.0106331059129955,0.4521289327451566,0.16487965,31.13758087158203,21.7745304107666,0.36801603,27.325276939385137,0.7328633559587919,1,1
2025-12-09,100213.59928901932,298.80211485858047,0.0008226323925197,-0.0470033786176187,-0.0371618601031738,0.4409968505356801,0.12652978,30.85883903503418,20.62045860290528,0.0,27.33140632547507,0.7298782433257275,1,1
2025-12-10,100190.70838956286,299.03702923586377,0.0009730404688535,-0.5171318881886269,-0.2223810896820167,0.4317627521729954,0.0,29.86899375915528,22.369516372680664,0.0,27.337535711565,0.726893130692663,1,1
2025-12-11,100140.99792901604,298.24123684020685,0.0002884311615625,-0.658292718569323,-0.2500601251447182,0.4221906919923019,0.0,30.855024337768555,21.28543281555176,0.0,27.34366509765493,0.7239080180595987,0,1
2025-12-12,100155.53465018429,298.2182308414375,3.559367013673661e-05,-0.210711786574735,-0.0837555473019031,0.4089622531950022,0.0,30.38665008544922,21.446252822875977,0.0,27.268085580028124,0.7209229054265343,1,1
2025-12-13,100168.81321901016,298.39643785898784,0.0002533126427302,-0.1929283210012915,-0.2021456093781842,0.3976019342181516,0.0,30.59208106994629,21.334625244140625,0.0,27.192506062401318,0.7179377927934698,1,1
2025-12-14,100200.1822195309,297.7421500069232,0.0001913793441692,-0.472463816887972,-0.2944776670536409,0.3875167710031077,0.0,30.558948516845703,19.93416404724121,0.0,27.11692654477451,0.7149526801604054,1,1
2025-12-15,100172.90040072052,297.0642821681888,6.277397297139984e-05,-0.6711527433142036,-0.1990205315618449,0.3773798214040821,0.0,30.17435836791992,19.14295768737793,0.0,27.041347027147708,0.711967567527341,1,1
2025-12-16,100102.22964884368,298.0661071477451,0.0001403208226879,-0.0232640926848525,-0.3355221515063527,0.3691621323677336,0.0,29.621225357055664,20.29070281982422,0.031224394,26.9657675095209,0.7089824548942766,1,1
2025-12-17,100181.80754381912,299.2986700911121,0.0005252267800261,-0.5458023356967198,-0.3358281288371663,0.364610140878774,3.0106125,29.78656005859375,22.03986167907715,0.29394853,26.890187991894095,0.7059973422612121,1,1
2025-12-18,100152.9426600276,298.1723397708109,2.142292657936196e-06,-0.7305347242382859,-0.395704590395847,0.3555440292835292,0.87696826,30.38903045654297,20.382200241088867,0.684972,26.81460847426729,0.7030122296281478,1,1
2025-12-19,100067.84595703834,297.25973853395453,8.020915005041961e-06,-0.5524425264562118,0.0357785356461765,0.3462094773408211,0.0,30.355676651000977,19.97061347961425,0.66711366,26.73902895664048,0.7000271169950834,0,0
