{
"type": "FeatureCollection",
"name": "hospitals_ernakulam",
"crs": { "type": "name", "properties": { "name": "urn:ogc:def:crs:OGC:1.3:CRS84" } },
"features": [
{ "type": "Feature", "properties": { "id": "node/4867912497", "@id": "node/4867912497", "CovidVaccineCenterId": "155434", "addr:city": "Ernakulam", "addr:district": null, "addr:full": null, "addr:housename": null, "addr:housenumber": null, "addr:postcode": "682040", "addr:state": null, "addr:street": "Nettoor PWD Road", "addr:subdistrict": null, "alt_name": "Nettoor PHC", "amenity": "hospital", "branch": null, "check_date": null, "check_date:opening_hours": null, "contact:phone": null, "description": null, "designation": null, "email": null, "emergency": "no", "fax": null, "government": null, "health_facility:type": null, "healthcare": "hospital", "healthcare:speciality": null, "image": null, "name": "Nettoor Primary Health Center", "name:ar": null, "name:en": null, "name:ml": null, "note": null, "opening_hours": null, "operator": "Government of Kerala", "operator:short": null, "operator:type": null, "operator:wikidata": null, "panchayath": null, "phone": null, "ref": null, "source": null, "survey:date": null, "type": null, "ward": null, "website": null, "wheelchair": null }, "geometry": { "type": "Point", "coordinates": [ 76.3128645, 9.9194425 ] } },
{ "type": "Feature", "properties": { "id": "node/7331612412", "@id": "node/7331612412", "CovidVaccineCenterId": null, "addr:city": null, "addr:district": null, "addr:full": null, "addr:housename": null, "addr:housenumber": null, "addr:postcode": null, "addr:state": null, "addr:street": null, "addr:subdistrict": null, "alt_name": null, "amenity": "hospital", "branch": null, "check_date": null, "check_date:opening_hours": null, "contact:phone": null, "description": null, "designation": null, "email": null, "emergency": null, "fax": null, "government": null, "health_facility:type": null, "healthcare": "hospital", "healthcare:speciality": null, "image": null, "name": "Goverment Ayurveda Hospital Maradu", "name:ar": null, "name:en": null, "name:ml": null, "note": null, "opening_hours": null, "operator": null, "operator:short": null, "operator:type": null, "operator:wikidata": null, "panchayath": null, "phone": null, "ref": null, "source": null, "survey:date": null, "type": null, "ward": null, "website": null, "wheelchair": null }, "geometry": { "type": "Point", "coordinates": [ 76.3273095, 9.9350137 ] } },
{ "type": "Feature", "properties": { "id": "node/1472112511", "@id": "node/1472112511", "CovidVaccineCenterId": null, "addr:city": null, "addr:district": "Ernakulam", "addr:full": "Maradu, Cochin", "addr:housename": null, "addr:housenumber": null, "addr:postcode": "682304", "addr:state": "Kerala", "addr:street": null, "addr:subdistrict": null, "alt_name": null, "amenity": "hospital", "branch": null, "check_date": null, "check_date:opening_hours": null, "contact:phone": null, "description": null, "designation": null, "email": null, "emergency": null, "fax": null, "government": null, "health_facility:type": null, "healthcare": "hospital", "healthcare:speciality": null, "image": null, "name": "P.S. Mission Hospital", "name:ar": null, "name:en": null, "name:ml": null, "note": null, "opening_hours": null, "operator": null, "operator:short": null, "operator:type": null, "operator:wikidata": null, "panchayath": null, "phone": null, "ref": null, "source": "OpenGovernmentData", "survey:date": null, "type": null, "ward": null, "website": null, "wheelchair": null }, "geometry": { "type": "Point", "coordinates": [ 76.3227155, 9.9377796 ] } },
{ "type": "Feature", "properties": { "id": "node/7331570350", "@id": "node/7331570350", "CovidVaccineCenterId": null, "addr:city": null, "addr:district": null, "addr:full": null, "addr:housename": null, "addr:housenumber": null, "addr:postcode": null, "addr:state": null, "addr:street": null, "addr:subdistrict": null, "alt_name": null, "amenity": "hospital", "branch": null, "check_date": null, "check_date:opening_hours": null, "contact:phone": null, "description": null, "designation": null, "email": null, "emergency": null, "fax": null, "government": null, "health_facility:type": null, "healthcare": "hospital", "healthcare:speciality": null, "image": null, "name": "Amrutanjan Health Care Limited", "name:ar": null, "name:en": null, "name:ml": null, "note": null, "opening_hours": null, "operator": null, "operator:short": null, "operator:type": null, "operator:wikidata": null, "panchayath": null, "phone": null, "ref": null, "source": null, "survey:date": null, "type": null, "ward": null, "website": null, "wheelchair": null }, "geometry": { "type": "Point", "coordinates": [ 76.3301431, 9.938384 ] } },
{ "type": "Feature", "properties": { "id": "node/7726235686", "@id": "node/7726235686", "CovidVaccineCenterId": null, "addr:city": null, "addr:district": "Ernakulam", "addr:full": "Kannamaly", "addr:housename": null, "addr:housenumber": null, "addr:postcode": "682008", "addr:state": "Kerala", "addr:street": null, "addr:subdistrict": null, "alt_name": null, "amenity": "hospital", "branch": null, "check_date": null, "check_date:opening_hours": null, "contact:phone": null, "description": null, "designation": null, "email": null, "emergency": null, "fax": null, "government": null, "health_facility:type": null, "healthcare": null, "healthcare:speciality": null, "image": null, "name": "St. Joseph's Hospital", "name:ar": null, "name:en": null, "name:ml": null, "note": null, "opening_hours": null, "operator": null, "operator:short": null, "operator:type": null, "operator:wikidata": null, "panchayath": null, "phone": null, "ref": null, "source": "Local Knowledge", "survey:date": null, "type": null, "ward": null, "website": null, "wheelchair": null }, "geometry": { "type": "Point", "coordinates": [ 76.265615, 9.874805 ] } },
{ "type": "Feature", "properties": { "id": "node/6957446953", "@id": "node/6957446953", "CovidVaccineCenterId": null, "addr:city": null, "addr:district": "Ernakulam", "addr:full": "Cultus Road, Perumpadappu", "addr:housename": null, "addr:housenumber": null, "addr:postcode": "682006", "addr:state": "Kerala", "addr:street": null, "addr:subdistrict": null, "alt_name": null, "amenity": "hospital", "branch": null, "check_date": null, "check_date:opening_hours": null, "contact:phone": "+91-9645909227", "description": null, "designation": null, "email": null, "emergency": null, "fax": "2238454", "government": null, "health_facility:type": null, "healthcare": "hospital", "healthcare:speciality": null, "image": null, "name": "Fatima Hospital", "name:ar": null, "name:en": null, "name:ml": null, "note": null, "opening_hours": null, "operator": null, "operator:short": null, "operator:type": null, "operator:wikidata": null, "panchayath": null, "phone": null, "ref": null, "source": "OpenGovernmentData", "survey:date": null, "type": null, "ward": null, "website": null, "wheelchair": null }, "geometry": { "type": "Point", "coordinates": [ 76.275571, 9.9014932 ] } },
{ "type": "Feature", "properties": { "id": "node/6951097426", "@id": "node/6951097426", "CovidVaccineCenterId": null, "addr:city": null, "addr:district": "Ernakulam", "addr:full": "Mundamveli Road, Mundamveli, Kochi", "addr:housename": null, "addr:housenumber": null, "addr:postcode": "682507", "addr:state": "Kerala", "addr:street": null, "addr:subdistrict": null, "alt_name": null, "amenity": "hospital", "branch": null, "check_date": null, "check_date:opening_hours": null, "contact:phone": null, "description": null, "designation": null, "email": null, "emergency": null, "fax": null, "government": null, "health_facility:type": null, "healthcare": "hospital", "healthcare:speciality": null, "image": null, "name": "Jishy Hospital", "name:ar": null, "name:en": null, "name:ml": null, "note": null, "opening_hours": null, "operator": null, "operator:short": null, "operator:type": null, "operator:wikidata": null, "panchayath": null, "phone": null, "ref": null, "source": "OpenGovernmentData", "survey:date": null, "type": null, "ward": null, "website": null, "wheelchair": null }, "geometry": { "type": "Point", "coordinates": [ 76.2558179, 9.9244655 ] } },
{ "type": "Feature", "properties": { "id": "node/10734223232", "@id": "node/10734223232", "CovidVaccineCenterId": null, "addr:city": null, "addr:district": null, "addr:full": null, "addr:housename": null, "addr:housenumber": null, "addr:postcode": null, "addr:state": null, "addr:street": null, "addr:subdistrict": null, "alt_name": null, "amenity": "hospital", "branch": null, "check_date": null, "check_date:opening_hours": null, "contact:phone": null, "description": null, "designation": null, "email": null, "emergency": null, "fax": null, "government": null, "health_facility:type": null, "healthcare": "hospital", "healthcare:speciality": null, "image": null, "name": "AMJ Hospital", "name:ar": null, "name:en": null, "name:ml": null, "note": null, "opening_hours": null, "operator": null, "operator:short": null, "operator:type": null, "operator:wikidata": null, "panchayath": null, "phone": null, "ref": null, "source": null, "survey:date": null, "type": null, "ward": null, "website": null, "wheelchair": null }, "geometry": { "type": "Point", "coordinates": [ 76.2702904, 9.9294302 ] } },
{ "type": "Feature", "properties": { "id": "node/9259711761", "@id": "node/9259711761", "CovidVaccineCenterId": null, "addr:city": null, "addr:district": null, "addr:full": null, "addr:housename": null, "addr:housenumber": null, "addr:postcode": null, "addr:state": null, "addr:street": null, "addr:subdistrict": null, "alt_name": null, "amenity": "hospital", "branch": null, "check_date": null, "check_date:opening_hours": null, "contact:phone": null, "description": null, "designation": null, "email": null, "emergency": null, "fax": null, "government": null, "health_facility:type": null, "healthcare": "hospital", "healthcare:speciality": null, "image": null, "name": "Urban Primary Health Centre, Moolamkuzhi", "name:ar": null, "name:en": null, "name:ml": null, "note": null, "opening_hours": null, "operator": "National Urban Health Mission", "operator:short": null, "operator:type": "government", "operator:wikidata": null, "panchayath": null, "phone": null, "ref": null, "source": null, "survey:date": null, "type": null, "ward": null, "website": null, "wheelchair": null }, "geometry": { "type": "Point", "coordinates": [ 76.2549759, 9.9360022 ] } },
{ "type": "Feature", "properties": { "id": "node/9001039925", "@id": "node/9001039925", "CovidVaccineCenterId": null, "addr:city": null, "addr:district": null, "addr:full": null, "addr:housename": null, "addr:housenumber": null, "addr:postcode": null, "addr:state": null, "addr:street": null, "addr:subdistrict": null, "alt_name": null, "amenity": "hospital", "branch": null, "check_date": null, "check_date:opening_hours": null, "contact:phone": null, "description": null, "designation": null, "email": null, "emergency": null, "fax": null, "government": null, "health_facility:type": null, "healthcare": "hospital", "healthcare:speciality": null, "image": null, "name": "Jacobs Hospital", "name:ar": null, "name:en": null, "name:ml": null, "note": null, "opening_hours": null, "operator": "Department ofHealth and Family Welfare", "operator:short": null, "operator:type": "private", "operator:wikidata": null, "panchayath": null, "phone": null, "ref": null, "source": null, "survey:date": null, "type": null, "ward": null, "website": null, "wheelchair": null }, "geometry": { "type": "Point", "coordinates": [ 76.2555454, 9.9364863 ] } },
{ "type": "Feature", "properties": { "id": "node/7726235685", "@id": "node/7726235685", "CovidVaccineCenterId": null, "addr:city": null, "addr:district": "Ernakulam", "addr:full": "Sambrikkal Road, Panayappilly, Thoppumpady", "addr:housename": null, "addr:housenumber": null, "addr:postcode": "682005", "addr:state": "Kerala", "addr:street": null, "addr:subdistrict": null, "alt_name": null, "amenity": "hospital", "branch": null, "check_date": null, "check_date:opening_hours": null, "contact:phone": null, "description": null, "designation": null, "email": null, "emergency": null, "fax": null, "government": null, "health_facility:type": null, "healthcare": "hospital", "healthcare:speciality": null, "image": null, "name": null, "name:ar": null, "name:en": null, "name:ml": null, "note": null, "opening_hours": null, "operator": null, "operator:short": null, "operator:type": null, "operator:wikidata": null, "panchayath": null, "phone": null, "ref": null, "source": "Local Knowledge", "survey:date": null, "type": null, "ward": null, "website": null, "wheelchair": null }, "geometry": { "type": "Point", "coordinates": [ 76.2557025, 9.9413298 ] } },
{ "type": "Feature", "properties": { "id": "node/6950860223", "@id": "node/6950860223", "CovidVaccineCenterId": null, "addr:city": null, "addr:district": "Ernakulam", "addr:full": "Opposite Government Hospital, Karuvelipady, Cochin", "addr:housename": null, "addr:housenumber": null, "addr:postcode": "682005", "addr:state": "Kerala", "addr:street": null, "addr:subdistrict": null, "alt_name": null, "amenity": "hospital", "branch": null, "check_date": null, "check_date:opening_hours": null, "contact:phone": null, "description": null, "designation": null, "email": null, "emergency": null, "fax": null, "government": null, "health_facility:type": null, "healthcare": null, "healthcare:speciality": null, "image": null, "name": "Jesus Hospital", "name:ar": null, "name:en": null, "name:ml": null, "note": null, "opening_hours": null, "operator": null, "operator:short": null, "operator:type": null, "operator:wikidata": null, "panchayath": null, "phone": null, "ref": null, "source": "OpenGovernmentData", "survey:date": null, "type": null, "ward": null, "website": null, "wheelchair": null }, "geometry": { "type": "Point", "coordinates": [ 76.2606941, 9.9428842 ] } },
{ "type": "Feature", "properties": { "id": "node/2391343055", "@id": "node/2391343055", "CovidVaccineCenterId": null, "addr:city": null, "addr:district": "Ernakulam", "addr:full": "P.B. No. 868, Panayapilly", "addr:housename": null, "addr:housenumber": null, "addr:postcode": "682008", "addr:state": "Kerala", "addr:street": "Mons. Mathew Kothakathu Road", "addr:subdistrict": null, "alt_name": null, "amenity": "hospital", "branch": null, "check_date": null, "check_date:opening_hours": null, "contact:phone": null, "description": null, "designation": null, "email": null, "emergency": null, "fax": null, "government": null, "health_facility:type": null, "healthcare": null, "healthcare:speciality": null, "image": null, "name": "Gautham Hospital", "name:ar": null, "name:en": null, "name:ml": null, "note": null, "opening_hours": null, "operator": null, "operator:short": null, "operator:type": null, "operator:wikidata": null, "panchayath": null, "phone": null, "ref": null, "source": "OpenGovernmentData", "survey:date": null, "type": null, "ward": null, "website": null, "wheelchair": null }, "geometry": { "type": "Point", "coordinates": [ 76.2560419, 9.9468667 ] } },
{ "type": "Feature", "properties": { "id": "node/2391343056", "@id": "node/2391343056", "CovidVaccineCenterId": null, "addr:city": null, "addr:district": null, "addr:full": null, "addr:housename": null, "addr:housenumber": null, "addr:postcode": null, "addr:state": null, "addr:street": "Mons. Mathew Kothakathu Road", "addr:subdistrict": null, "alt_name": null, "amenity": "hospital", "branch": null, "check_date": null, "check_date:opening_hours": null, "contact:phone": null, "description": null, "designation": null, "email": null, "emergency": null, "fax": null, "government": null, "health_facility:type": null, "healthcare": null, "healthcare:speciality": null, "image": null, "name": "Laxmi Hospital", "name:ar": null, "name:en": null, "name:ml": null, "note": null, "opening_hours": "24/7", "operator": null, "operator:short": null, "operator:type": null, "operator:wikidata": null, "panchayath": null, "phone": null, "ref": null, "source": null, "survey:date": null, "type": null, "ward": null, "website": null, "wheelchair": null }, "geometry": { "type": "Point", "coordinates": [ 76.2558553, 9.9478979 ] } },
{ "type": "Feature", "properties": { "id": "node/8094646346", "@id": "node/8094646346", "CovidVaccineCenterId": null, "addr:city": "Edakoch, Ernakulam", "addr:district": null, "addr:full": null, "addr:housename": null, "addr:housenumber": "P.O.EDAKOCHI", "addr:postcode": "682010", "addr:state": null, "addr:street": "Old NH 47", "addr:subdistrict": null, "alt_name": null, "amenity": "hospital", "branch": null, "check_date": null, "check_date:opening_hours": null, "contact:phone": null, "description": null, "designation": null, "email": "edakochighd@gmail.com", "emergency": null, "fax": null, "government": null, "health_facility:type": null, "healthcare": "hospital", "healthcare:speciality": null, "image": null, "name": "Government Homoeo Model Dispensary Edakochi", "name:ar": null, "name:en": null, "name:ml": null, "note": null, "opening_hours": null, "operator": null, "operator:short": null, "operator:type": null, "operator:wikidata": null, "panchayath": null, "phone": null, "ref": null, "source": null, "survey:date": null, "type": null, "ward": null, "website": null, "wheelchair": null }, "geometry": { "type": "Point", "coordinates": [ 76.2950036, 9.9062493 ] } },
{ "type": "Feature", "properties": { "id": "node/7726235688", "@id": "node/7726235688", "CovidVaccineCenterId": null, "addr:city": null, "addr:district": "Ernakulam", "addr:full": "Janatha Nagar, Illath Nagar, Palluruthy, Kochi", "addr:housename": null, "addr:housenumber": null, "addr:postcode": "682006", "addr:state": "Kerala", "addr:street": null, "addr:subdistrict": null, "alt_name": null, "amenity": "hospital", "branch": null, "check_date": null, "check_date:opening_hours": null, "contact:phone": null, "description": null, "designation": null, "email": null, "emergency": null, "fax": null, "government": null, "health_facility:type": null, "healthcare": null, "healthcare:speciality": null, "image": null, "name": "Palluruthy Government Hospital", "name:ar": null, "name:en": null, "name:ml": null, "note": null, "opening_hours": null, "operator": null, "operator:short": null, "operator:type": null, "operator:wikidata": null, "panchayath": null, "phone": null, "ref": null, "source": "Local Knowledge", "survey:date": null, "type": null, "ward": null, "website": null, "wheelchair": null }, "geometry": { "type": "Point", "coordinates": [ 76.2792219, 9.9172926 ] } },
{ "type": "Feature", "properties": { "id": "node/12404433796", "@id": "node/12404433796", "CovidVaccineCenterId": null, "addr:city": null, "addr:district": null, "addr:full": null, "addr:housename": null, "addr:housenumber": null, "addr:postcode": null, "addr:state": null, "addr:street": null, "addr:subdistrict": null, "alt_name": null, "amenity": "hospital", "branch": "Thevara", "check_date": null, "check_date:opening_hours": null, "contact:phone": null, "description": null, "designation": null, "email": null, "emergency": null, "fax": null, "government": null, "health_facility:type": null, "healthcare": "hospital", "healthcare:speciality": null, "image": null, "name": "Urban Community Health Centre", "name:ar": null, "name:en": null, "name:ml": null, "note": null, "opening_hours": null, "operator": null, "operator:short": null, "operator:type": null, "operator:wikidata": null, "panchayath": null, "phone": null, "ref": null, "source": null, "survey:date": null, "type": null, "ward": null, "website": null, "wheelchair": null }, "geometry": { "type": "Point", "coordinates": [ 76.3017447, 9.9292264 ] } },
{ "type": "Feature", "properties": { "id": "node/6957345194", "@id": "node/6957345194", "CovidVaccineCenterId": null, "addr:city": null, "addr:district": "Ernakulam", "addr:full": "Ernakulam", "addr:housename": null, "addr:housenumber": null, "addr:postcode": "682011", "addr:state": "Kerala", "addr:street": null, "addr:subdistrict": null, "alt_name": null, "amenity": "hospital", "branch": null, "check_date": null, "check_date:opening_hours": null, "contact:phone": null, "description": null, "designation": null, "email": null, "emergency": null, "fax": null, "government": null, "health_facility:type": null, "healthcare": "hospital", "healthcare:speciality": null, "image": null, "name": "Chaitanya Eye Hospital", "name:ar": null, "name:en": null, "name:ml": null, "note": null, "opening_hours": null, "operator": null, "operator:short": null, "operator:type": null, "operator:wikidata": null, "panchayath": null, "phone": null, "ref": null, "source": "OpenGovernmentData", "survey:date": null, "type": null, "ward": null, "website": null, "wheelchair": null }, "geometry": { "type": "Point", "coordinates": [ 76.2903858, 9.9599096 ] } },
{ "type": "Feature", "properties": { "id": "node/6958204589", "@id": "node/6958204589", "CovidVaccineCenterId": null, "addr:city": null, "addr:district": "Ernakulam", "addr:full": "Opposite Reliance Fresh, K.P. Vallon Road", "addr:housename": null, "addr:housenumber": null, "addr:postcode": "682020", "addr:state": "Kerala", "addr:street": null, "addr:subdistrict": null, "alt_name": null, "amenity": "hospital", "branch": null, "check_date": null, "check_date:opening_hours": null, "contact:phone": null, "description": null, "designation": null, "email": null, "emergency": null, "fax": null, "government": null, "health_facility:type": null, "healthcare": null, "healthcare:speciality": null, "image": null, "name": "Ayurvaid Hospital", "name:ar": null, "name:en": null, "name:ml": null, "note": null, "opening_hours": null, "operator": null, "operator:short": null, "operator:type": null, "operator:wikidata": null, "panchayath": null, "phone": null, "ref": null, "source": "OpenGovernmentData", "survey:date": null, "type": null, "ward": null, "website": null, "wheelchair": null }, "geometry": { "type": "Point", "coordinates": [ 76.3010952, 9.9634535 ] } },
{ "type": "Feature", "properties": { "id": "node/8938340549", "@id": "node/8938340549", "CovidVaccineCenterId": null, "addr:city": null, "addr:district": null, "addr:full": null, "addr:housename": null, "addr:housenumber": null, "addr:postcode": null, "addr:state": null, "addr:street": null, "addr:subdistrict": null, "alt_name": null, "amenity": "hospital", "branch": null, "check_date": null, "check_date:opening_hours": null, "contact:phone": null, "description": null, "designation": null, "email": null, "emergency": null, "fax": null, "government": null, "health_facility:type": null, "healthcare": "hospital", "healthcare:speciality": null, "image": null, "name": "East Block, Medical Trust Hospital", "name:ar": null, "name:en": null, "name:ml": null, "note": null, "opening_hours": null, "operator": null, "operator:short": null, "operator:type": null, "operator:wikidata": null, "panchayath": null, "phone": null, "ref": null, "source": null, "survey:date": null, "type": null, "ward": null, "website": null, "wheelchair": null }, "geometry": { "type": "Point", "coordinates": [ 76.288373, 9.9642981 ] } },
{ "type": "Feature", "properties": { "id": "node/12180041418", "@id": "node/12180041418", "CovidVaccineCenterId": null, "addr:city": null, "addr:district": null, "addr:full": null, "addr:housename": null, "addr:housenumber": null, "addr:postcode": null, "addr:state": null, "addr:street": null, "addr:subdistrict": null, "alt_name": null, "amenity": "hospital", "branch": null, "check_date": null, "check_date:opening_hours": null, "contact:phone": null, "description": null, "designation": null, "email": null, "emergency": null, "fax": null, "government": null, "health_facility:type": null, "healthcare": "hospital", "healthcare:speciality": null, "image": null, "name": "Oncology, Renal & Ophthalmology Block, Medical Trust Hospital", "name:ar": null, "name:en": null, "name:ml": null, "note": null, "opening_hours": null, "operator": null, "operator:short": null, "operator:type": null, "operator:wikidata": null, "panchayath": null, "phone": null, "ref": null, "source": null, "survey:date": null, "type": null, "ward": null, "website": null, "wheelchair": null }, "geometry": { "type": "Point", "coordinates": [ 76.2885344, 9.9643974 ] } },
{ "type": "Feature", "properties": { "id": "node/6951516730", "@id": "node/6951516730", "CovidVaccineCenterId": null, "addr:city": null, "addr:district": "Ernakulam", "addr:full": "353/307 A, KP Vallon Road, Kadavanthara P.O., Kochi", "addr:housename": null, "addr:housenumber": null, "addr:postcode": "682020", "addr:state": "Kerala", "addr:street": null, "addr:subdistrict": null, "alt_name": null, "amenity": "hospital", "branch": null, "check_date": null, "check_date:opening_hours": null, "contact:phone": null, "description": null, "designation": null, "email": null, "emergency": null, "fax": null, "government": null, "health_facility:type": null, "healthcare": "hospital", "healthcare:speciality": null, "image": null, "name": "Silverline Hospital", "name:ar": null, "name:en": null, "name:ml": null, "note": null, "opening_hours": null, "operator": null, "operator:short": null, "operator:type": null, "operator:wikidata": null, "panchayath": null, "phone": null, "ref": null, "source": "OpenGovernmentData", "survey:date": null, "type": null, "ward": null, "website": "https://silverlinehospital.in/", "wheelchair": null }, "geometry": { "type": "Point", "coordinates": [ 76.3003696, 9.9653574 ] } },
{ "type": "Feature", "properties": { "id": "node/1471806291", "@id": "node/1471806291", "CovidVaccineCenterId": null, "addr:city": null, "addr:district": null, "addr:full": null, "addr:housename": null, "addr:housenumber": null, "addr:postcode": null, "addr:state": null, "addr:street": null, "addr:subdistrict": null, "alt_name": null, "amenity": "hospital", "branch": null, "check_date": null, "check_date:opening_hours": null, "contact:phone": null, "description": null, "designation": null, "email": null, "emergency": null, "fax": null, "government": null, "health_facility:type": null, "healthcare": "hospital", "healthcare:speciality": null, "image": null, "name": "Nair's Hospital , Kochi", "name:ar": null, "name:en": null, "name:ml": null, "note": null, "opening_hours": null, "operator": null, "operator:short": null, "operator:type": null, "operator:wikidata": null, "panchayath": null, "phone": null, "ref": null, "source": null, "survey:date": null, "type": null, "ward": null, "website": null, "wheelchair": null }, "geometry": { "type": "Point", "coordinates": [ 76.3179964, 9.9502203 ] } },
{ "type": "Feature", "properties": { "id": "node/9259654101", "@id": "node/9259654101", "CovidVaccineCenterId": null, "addr:city": null, "addr:district": null, "addr:full": null, "addr:housename": null, "addr:housenumber": null, "addr:postcode": null, "addr:state": null, "addr:street": null, "addr:subdistrict": null, "alt_name": null, "amenity": "hospital", "branch": null, "check_date": null, "check_date:opening_hours": null, "contact:phone": null, "description": null, "designation": null, "email": null, "emergency": null, "fax": null, "government": null, "health_facility:type": null, "healthcare": "hospital", "healthcare:speciality": null, "image": null, "name": "Urban Primary Health Centre, Chambakkara", "name:ar": null, "name:en": null, "name:ml": null, "note": null, "opening_hours": null, "operator": "National Urban Health Centre", "operator:short": null, "operator:type": "government", "operator:wikidata": null, "panchayath": null, "phone": null, "ref": null, "source": null, "survey:date": null, "type": null, "ward": null, "website": null, "wheelchair": null }, "geometry": { "type": "Point", "coordinates": [ 76.3287701, 9.954131 ] } },
{ "type": "Feature", "properties": { "id": "node/8356502481", "@id": "node/8356502481", "CovidVaccineCenterId": null, "addr:city": "Ernakulam", "addr:district": null, "addr:full": null, "addr:housename": null, "addr:housenumber": "chambakkara primary health centre", "addr:postcode": "682308", "addr:state": null, "addr:street": "chambakkara", "addr:subdistrict": null, "alt_name": null, "amenity": "hospital", "branch": null, "check_date": "2024-08-07T00:00:00", "check_date:opening_hours": null, "contact:phone": null, "description": null, "designation": null, "email": null, "emergency": "yes", "fax": null, "government": null, "health_facility:type": null, "healthcare": "hospital", "healthcare:speciality": "general", "image": null, "name": "chambakkara primary health centre", "name:ar": null, "name:en": null, "name:ml": null, "note": null, "opening_hours": null, "operator": null, "operator:short": null, "operator:type": null, "operator:wikidata": null, "panchayath": null, "phone": null, "ref": null, "source": "local knowledge", "survey:date": null, "type": null, "ward": null, "website": null, "wheelchair": null }, "geometry": { "type": "Point", "coordinates": [ 76.3289044, 9.9542828 ] } },
{ "type": "Feature", "properties": { "id": "node/7335140255", "@id": "node/7335140255", "CovidVaccineCenterId": null, "addr:city": null, "addr:district": null, "addr:full": null, "addr:housename": null, "addr:housenumber": null, "addr:postcode": null, "addr:state": null, "addr:street": null, "addr:subdistrict": null, "alt_name": null, "amenity": "hospital", "branch": null, "check_date": null, "check_date:opening_hours": null, "contact:phone": null, "description": null, "designation": null, "email": null, "emergency": null, "fax": null, "government": null, "health_facility:type": null, "healthcare": "hospital", "healthcare:speciality": null, "image": null, "name": "Nature Life Hospital", "name:ar": null, "name:en": null, "name:ml": null, "note": null, "opening_hours": null, "operator": null, "operator:short": null, "operator:type": null, "operator:wikidata": null, "panchayath": null, "phone": null, "ref": null, "source": null, "survey:date": null, "type": null, "ward": null, "website": null, "wheelchair": null }, "geometry": { "type": "Point", "coordinates": [ 76.3276624, 9.9544308 ] } },
{ "type": "Feature", "properties": { "id": "node/1472148626", "@id": "node/1472148626", "CovidVaccineCenterId": null, "addr:city": null, "addr:district": "Ernakulam", "addr:full": "N.H.47 Bypass, Thykoodam, Vyttila", "addr:housename": null, "addr:housenumber": null, "addr:postcode": "682019", "addr:state": "Kerala", "addr:street": null, "addr:subdistrict": null, "alt_name": null, "amenity": "hospital", "branch": null, "check_date": null, "check_date:opening_hours": null, "contact:phone": null, "description": null, "designation": null, "email": null, "emergency": null, "fax": null, "government": null, "health_facility:type": null, "healthcare": "hospital", "healthcare:speciality": null, "image": null, "name": "Dr. Joys Hospital", "name:ar": null, "name:en": null, "name:ml": null, "note": null, "opening_hours": null, "operator": null, "operator:short": null, "operator:type": null, "operator:wikidata": null, "panchayath": null, "phone": null, "ref": null, "source": "OpenGovernmentData", "survey:date": null, "type": null, "ward": null, "website": null, "wheelchair": null }, "geometry": { "type": "Point", "coordinates": [ 76.3192419, 9.9585788 ] } },
{ "type": "Feature", "properties": { "id": "node/5867421589", "@id": "node/5867421589", "CovidVaccineCenterId": null, "addr:city": "Kochi", "addr:district": null, "addr:full": null, "addr:housename": null, "addr:housenumber": null, "addr:postcode": "682020", "addr:state": null, "addr:street": "Ponneth Temple Road", "addr:subdistrict": null, "alt_name": null, "amenity": "hospital", "branch": null, "check_date": null, "check_date:opening_hours": null, "contact:phone": null, "description": null, "designation": null, "email": "info@giridhareye.org", "emergency": "no", "fax": null, "government": null, "health_facility:type": null, "healthcare": "hospital", "healthcare:speciality": "ophthalmology", "image": null, "name": "Giridhar Eye Institute", "name:ar": null, "name:en": null, "name:ml": null, "note": null, "opening_hours": null, "operator": null, "operator:short": null, "operator:type": null, "operator:wikidata": null, "panchayath": null, "phone": "+91-484-4170000", "ref": null, "source": null, "survey:date": null, "type": null, "ward": null, "website": "https://www.giridhareye.org/", "wheelchair": "yes" }, "geometry": { "type": "Point", "coordinates": [ 76.3050675, 9.9641496 ] } },
{ "type": "Feature", "properties": { "id": "node/4332240752", "@id": "node/4332240752", "CovidVaccineCenterId": null, "addr:city": null, "addr:district": "Ernakulam", "addr:full": "Near Power House, Tripunithura Road, Vyttila, Kochi", "addr:housename": null, "addr:housenumber": null, "addr:postcode": "682019", "addr:state": "Kerala", "addr:street": null, "addr:subdistrict": null, "alt_name": null, "amenity": "hospital", "branch": null, "check_date": null, "check_date:opening_hours": null, "contact:phone": null, "description": null, "designation": null, "email": null, "emergency": null, "fax": null, "government": null, "health_facility:type": null, "healthcare": "hospital", "healthcare:speciality": null, "image": null, "name": "Dr Raju's Eye Hospital", "name:ar": null, "name:en": null, "name:ml": null, "note": null, "opening_hours": null, "operator": null, "operator:short": null, "operator:type": null, "operator:wikidata": null, "panchayath": null, "phone": null, "ref": null, "source": "OpenGovernmentData", "survey:date": null, "type": null, "ward": null, "website": null, "wheelchair": null }, "geometry": { "type": "Point", "coordinates": [ 76.3191089, 9.9647734 ] } },
{ "type": "Feature", "properties": { "id": "node/7726235692", "@id": "node/7726235692", "CovidVaccineCenterId": null, "addr:city": null, "addr:district": "Ernakulam", "addr:full": "Vyttila", "addr:housename": null, "addr:housenumber": null, "addr:postcode": "682019", "addr:state": "Kerala", "addr:street": null, "addr:subdistrict": null, "alt_name": null, "amenity": "hospital", "branch": null, "check_date": null, "check_date:opening_hours": null, "contact:phone": null, "description": null, "designation": null, "email": null, "emergency": null, "fax": null, "government": null, "health_facility:type": null, "healthcare": "hospital", "healthcare:speciality": null, "image": null, "name": "Medall Healthcare", "name:ar": null, "name:en": null, "name:ml": null, "note": null, "opening_hours": null, "operator": null, "operator:short": null, "operator:type": null, "operator:wikidata": null, "panchayath": null, "phone": null, "ref": null, "source": "Local Knowledge", "survey:date": null, "type": null, "ward": null, "website": null, "wheelchair": null }, "geometry": { "type": "Point", "coordinates": [ 76.3156016, 9.9651653 ] } },
{ "type": "Feature", "properties": { "id": "node/3405026005", "@id": "node/3405026005", "CovidVaccineCenterId": null, "addr:city": "Vyttila", "addr:district": null, "addr:full": null, "addr:housename": null, "addr:housenumber": null, "addr:postcode": "682032", "addr:state": null, "addr:street": "Off NH Bypass, Near Gold Souk, Service Road, Ponnurunni,", "addr:subdistrict": null, "alt_name": null, "amenity": "hospital", "branch": null, "check_date": null, "check_date:opening_hours": null, "contact:phone": null, "description": null, "designation": "Aesthetic Clinic", "email": null, "emergency": "no", "fax": null, "government": null, "health_facility:type": null, "healthcare": "hospital", "healthcare:speciality": null, "image": null, "name": "The Touch Aesthetic Medical Clinic", "name:ar": null, "name:en": null, "name:ml": null, "note": "RP Arcade, 2 Floor", "opening_hours": null, "operator": "The Touch", "operator:short": null, "operator:type": null, "operator:wikidata": null, "panchayath": null, "phone": "+91-484 234 1117", "ref": null, "source": null, "survey:date": null, "type": null, "ward": null, "website": null, "wheelchair": null }, "geometry": { "type": "Point", "coordinates": [ 76.3170085, 9.9770906 ] } },
{ "type": "Feature", "properties": { "id": "node/9259566864", "@id": "node/9259566864", "CovidVaccineCenterId": null, "addr:city": null, "addr:district": null, "addr:full": null, "addr:housename": null, "addr:housenumber": null, "addr:postcode": null, "addr:state": null, "addr:street": null, "addr:subdistrict": null, "alt_name": null, "amenity": "hospital", "branch": null, "check_date": null, "check_date:opening_hours": null, "contact:phone": null, "description": null, "designation": null, "email": null, "emergency": null, "fax": null, "government": null, "health_facility:type": null, "healthcare": "hospital", "healthcare:speciality": null, "image": null, "name": "Urban Primary Health Centre, Ponnurunni", "name:ar": null, "name:en": null, "name:ml": null, "note": null, "opening_hours": null, "operator": "National Urban Health Mission", "operator:short": null, "operator:type": "government", "operator:wikidata": null, "panchayath": null, "phone": null, "ref": null, "source": null, "survey:date": null, "type": null, "ward": null, "website": null, "wheelchair": null }, "geometry": { "type": "Point", "coordinates": [ 76.320338, 9.979997 ] } },
{ "type": "Feature", "properties": { "id": "node/7726235628", "@id": "node/7726235628", "CovidVaccineCenterId": null, "addr:city": null, "addr:district": "Ernakulam", "addr:full": "Kadavanthra, Kochi", "addr:housename": null, "addr:housenumber": null, "addr:postcode": "682020", "addr:state": "Kerala", "addr:street": null, "addr:subdistrict": null, "alt_name": null, "amenity": "hospital", "branch": null, "check_date": null, "check_date:opening_hours": null, "contact:phone": null, "description": null, "designation": null, "email": null, "emergency": null, "fax": null, "government": null, "health_facility:type": null, "healthcare": "hospital", "healthcare:speciality": null, "image": null, "name": "Lotus Eye Hospital", "name:ar": null, "name:en": null, "name:ml": null, "note": null, "opening_hours": null, "operator": null, "operator:short": null, "operator:type": null, "operator:wikidata": null, "panchayath": null, "phone": null, "ref": null, "source": "Local Knowledge", "survey:date": null, "type": null, "ward": null, "website": null, "wheelchair": null }, "geometry": { "type": "Point", "coordinates": [ 76.3012127, 9.9674326 ] } },
{ "type": "Feature", "properties": { "id": "node/7726235674", "@id": "node/7726235674", "CovidVaccineCenterId": null, "addr:city": null, "addr:district": "Ernakulam", "addr:full": "Ernakulam South, Kochi", "addr:housename": null, "addr:housenumber": null, "addr:postcode": "682016", "addr:state": "Kerala", "addr:street": null, "addr:subdistrict": null, "alt_name": null, "amenity": "hospital", "branch": null, "check_date": null, "check_date:opening_hours": null, "contact:phone": null, "description": null, "designation": null, "email": null, "emergency": null, "fax": null, "government": null, "health_facility:type": null, "healthcare": "hospital", "healthcare:speciality": null, "image": null, "name": "Focus Eye Hospital", "name:ar": null, "name:en": null, "name:ml": null, "note": null, "opening_hours": null, "operator": null, "operator:short": null, "operator:type": null, "operator:wikidata": null, "panchayath": null, "phone": null, "ref": null, "source": "Local Knowledge", "survey:date": null, "type": null, "ward": null, "website": null, "wheelchair": null }, "geometry": { "type": "Point", "coordinates": [ 76.2932547, 9.9689594 ] } },
{ "type": "Feature", "properties": { "id": "node/4293341748", "@id": "node/4293341748", "CovidVaccineCenterId": null, "addr:city": null, "addr:district": "Ernakulam", "addr:full": "Near Varkeys Market, Kaloor - Kadavandara Road, Kadavandara", "addr:housename": null, "addr:housenumber": null, "addr:postcode": "682020", "addr:state": "Kerala", "addr:street": "Kaloor-Kadavanthara Road", "addr:subdistrict": null, "alt_name": null, "amenity": "hospital", "branch": null, "check_date": null, "check_date:opening_hours": null, "contact:phone": null, "description": null, "designation": null, "email": null, "emergency": null, "fax": null, "government": null, "health_facility:type": null, "healthcare": "hospital", "healthcare:speciality": null, "image": null, "name": "Akshaya Hospital", "name:ar": null, "name:en": null, "name:ml": null, "note": null, "opening_hours": null, "operator": null, "operator:short": null, "operator:type": null, "operator:wikidata": null, "panchayath": null, "phone": null, "ref": null, "source": "OpenGovernmentData", "survey:date": null, "type": null, "ward": null, "website": null, "wheelchair": null }, "geometry": { "type": "Point", "coordinates": [ 76.299672, 9.9690057 ] } },
{ "type": "Feature", "properties": { "id": "node/6950910799", "@id": "node/6950910799", "CovidVaccineCenterId": null, "addr:city": null, "addr:district": "Ernakulam", "addr:full": "Kadamdhenu Apartments,Kadavanthra-Kaloor Road Kadavanthra", "addr:housename": null, "addr:housenumber": null, "addr:postcode": "682020", "addr:state": "Kerala", "addr:street": null, "addr:subdistrict": null, "alt_name": null, "amenity": "hospital", "branch": null, "check_date": null, "check_date:opening_hours": null, "contact:phone": null, "description": null, "designation": null, "email": null, "emergency": null, "fax": null, "government": null, "health_facility:type": null, "healthcare": "hospital", "healthcare:speciality": null, "image": null, "name": "Vijaya Institute of Medical Sciences", "name:ar": null, "name:en": null, "name:ml": null, "note": null, "opening_hours": null, "operator": null, "operator:short": null, "operator:type": null, "operator:wikidata": null, "panchayath": null, "phone": null, "ref": null, "source": "OpenGovernmentData", "survey:date": null, "type": null, "ward": null, "website": null, "wheelchair": null }, "geometry": { "type": "Point", "coordinates": [ 76.2991192, 9.9700978 ] } },
{ "type": "Feature", "properties": { "id": "node/7726235679", "@id": "node/7726235679", "CovidVaccineCenterId": null, "addr:city": null, "addr:district": "Ernakulam", "addr:full": "Iyyattil Junction, Karikkamuri, Ernakulam, Kochi", "addr:housename": null, "addr:housenumber": null, "addr:postcode": "682018", "addr:state": "Kerala", "addr:street": null, "addr:subdistrict": null, "alt_name": null, "amenity": "hospital", "branch": null, "check_date": null, "check_date:opening_hours": null, "contact:phone": null, "description": null, "designation": null, "email": null, "emergency": null, "fax": null, "government": null, "health_facility:type": null, "healthcare": null, "healthcare:speciality": null, "image": null, "name": "Santhigiri Ayurveda & Siddha Hospital", "name:ar": null, "name:en": null, "name:ml": null, "note": null, "opening_hours": null, "operator": null, "operator:short": null, "operator:type": null, "operator:wikidata": null, "panchayath": null, "phone": null, "ref": null, "source": "Local Knowledge", "survey:date": null, "type": null, "ward": null, "website": null, "wheelchair": null }, "geometry": { "type": "Point", "coordinates": [ 76.2860427, 9.9730963 ] } },
{ "type": "Feature", "properties": { "id": "node/1474863244", "@id": "node/1474863244", "CovidVaccineCenterId": null, "addr:city": null, "addr:district": null, "addr:full": null, "addr:housename": null, "addr:housenumber": null, "addr:postcode": null, "addr:state": null, "addr:street": null, "addr:subdistrict": null, "alt_name": null, "amenity": "hospital", "branch": null, "check_date": null, "check_date:opening_hours": null, "contact:phone": null, "description": null, "designation": null, "email": null, "emergency": null, "fax": null, "government": null, "health_facility:type": null, "healthcare": "hospital", "healthcare:speciality": null, "image": null, "name": "Al Shifa Hospital", "name:ar": null, "name:en": null, "name:ml": null, "note": null, "opening_hours": null, "operator": null, "operator:short": null, "operator:type": null, "operator:wikidata": null, "panchayath": null, "phone": null, "ref": null, "source": null, "survey:date": null, "type": null, "ward": null, "website": null, "wheelchair": null }, "geometry": { "type": "Point", "coordinates": [ 76.2867126, 9.9787245 ] } },
{ "type": "Feature", "properties": { "id": "node/7726235660", "@id": "node/7726235660", "CovidVaccineCenterId": null, "addr:city": null, "addr:district": "Ernakulam", "addr:full": "Rajaji Road, Shenoys", "addr:housename": null, "addr:housenumber": null, "addr:postcode": "682035", "addr:state": "Kerala", "addr:street": null, "addr:subdistrict": null, "alt_name": null, "amenity": "hospital", "branch": null, "check_date": null, "check_date:opening_hours": null, "contact:phone": null, "description": null, "designation": null, "email": null, "emergency": null, "fax": null, "government": null, "health_facility:type": null, "healthcare": "hospital", "healthcare:speciality": null, "image": null, "name": "Dr. Hassan Ayurveda Brain and Spine Super Speciality Hospital", "name:ar": null, "name:en": null, "name:ml": null, "note": null, "opening_hours": null, "operator": null, "operator:short": null, "operator:type": null, "operator:wikidata": null, "panchayath": null, "phone": null, "ref": null, "source": "Local Knowledge", "survey:date": null, "type": null, "ward": null, "website": null, "wheelchair": null }, "geometry": { "type": "Point", "coordinates": [ 76.286691, 9.978757 ] } },
{ "type": "Feature", "properties": { "id": "node/3328239503", "@id": "node/3328239503", "CovidVaccineCenterId": null, "addr:city": "Ernakulam", "addr:district": "Ernakulam", "addr:full": "Mahatma Gandhi Rd, opp. Padma Theatre, Padma Junction, Shenoys, Ernakulam", "addr:housename": null, "addr:housenumber": null, "addr:postcode": "682035", "addr:state": "Kerala", "addr:street": "Mahatma Gandhi Road", "addr:subdistrict": null, "alt_name": null, "amenity": "hospital", "branch": null, "check_date": null, "check_date:opening_hours": null, "contact:phone": null, "description": null, "designation": null, "email": null, "emergency": null, "fax": null, "government": null, "health_facility:type": null, "healthcare": null, "healthcare:speciality": null, "image": null, "name": "City Hospital", "name:ar": null, "name:en": null, "name:ml": null, "note": null, "opening_hours": null, "operator": null, "operator:short": null, "operator:type": null, "operator:wikidata": null, "panchayath": null, "phone": null, "ref": null, "source": "OpenGovernmentData", "survey:date": null, "type": null, "ward": null, "website": null, "wheelchair": null }, "geometry": { "type": "Point", "coordinates": [ 76.2834857, 9.9812391 ] } },
{ "type": "Feature", "properties": { "id": "node/1907858547", "@id": "node/1907858547", "CovidVaccineCenterId": null, "addr:city": null, "addr:district": "Ernakulam", "addr:full": "Kacheripady, Chittoor Road", "addr:housename": null, "addr:housenumber": null, "addr:postcode": "682018", "addr:state": "Kerala", "addr:street": null, "addr:subdistrict": null, "alt_name": null, "amenity": "hospital", "branch": null, "check_date": null, "check_date:opening_hours": null, "contact:phone": null, "description": null, "designation": null, "email": null, "emergency": null, "fax": null, "government": null, "health_facility:type": null, "healthcare": null, "healthcare:speciality": null, "image": null, "name": "Sree Sudheendra Medical Mission Hospital", "name:ar": null, "name:en": null, "name:ml": null, "note": null, "opening_hours": null, "operator": null, "operator:short": null, "operator:type": null, "operator:wikidata": null, "panchayath": null, "phone": null, "ref": null, "source": "OpenGovernmentData", "survey:date": null, "type": null, "ward": null, "website": "https://ssmmhospital.com/", "wheelchair": null }, "geometry": { "type": "Point", "coordinates": [ 76.2832964, 9.9849328 ] } },
{ "type": "Feature", "properties": { "id": "node/1474540727", "@id": "node/1474540727", "CovidVaccineCenterId": null, "addr:city": null, "addr:district": "Ernakulam", "addr:full": "Madhava Pharmacy Jn, Kacherippady, Kochi", "addr:housename": null, "addr:housenumber": null, "addr:postcode": "682018", "addr:state": "Kerala", "addr:street": null, "addr:subdistrict": null, "alt_name": null, "amenity": "hospital", "branch": null, "check_date": null, "check_date:opening_hours": null, "contact:phone": null, "description": null, "designation": null, "email": null, "emergency": null, "fax": null, "government": null, "health_facility:type": null, "healthcare": null, "healthcare:speciality": null, "image": null, "name": "PNVM Hospital and Research Centre", "name:ar": null, "name:en": null, "name:ml": null, "note": null, "opening_hours": null, "operator": null, "operator:short": null, "operator:type": null, "operator:wikidata": null, "panchayath": null, "phone": null, "ref": null, "source": "OpenGovernmentData", "survey:date": null, "type": null, "ward": null, "website": null, "wheelchair": null }, "geometry": { "type": "Point", "coordinates": [ 76.2814393, 9.9859833 ] } },
{ "type": "Feature", "properties": { "id": "node/10760973226", "@id": "node/10760973226", "CovidVaccineCenterId": null, "addr:city": null, "addr:district": null, "addr:full": null, "addr:housename": null, "addr:housenumber": null, "addr:postcode": null, "addr:state": null, "addr:street": null, "addr:subdistrict": null, "alt_name": null, "amenity": "hospital", "branch": null, "check_date": null, "check_date:opening_hours": null, "contact:phone": null, "description": null, "designation": null, "email": null, "emergency": null, "fax": null, "government": null, "health_facility:type": null, "healthcare": "hospital", "healthcare:speciality": null, "image": null, "name": "Cochin Corporation Homeo Dispensery", "name:ar": null, "name:en": null, "name:ml": null, "note": null, "opening_hours": null, "operator": null, "operator:short": null, "operator:type": null, "operator:wikidata": null, "panchayath": null, "phone": null, "ref": null, "source": null, "survey:date": null, "type": null, "ward": null, "website": null, "wheelchair": null }, "geometry": { "type": "Point", "coordinates": [ 76.3201955, 9.9807774 ] } },
{ "type": "Feature", "properties": { "id": "node/6958043970", "@id": "node/6958043970", "CovidVaccineCenterId": null, "addr:city": null, "addr:district": "Ernakulam", "addr:full": "Ponnurunni,Vyttila,Kochi", "addr:housename": null, "addr:housenumber": null, "addr:postcode": "682019", "addr:state": "Kerala", "addr:street": null, "addr:subdistrict": null, "alt_name": null, "amenity": "hospital", "branch": null, "check_date": null, "check_date:opening_hours": null, "contact:phone": null, "description": null, "designation": null, "email": null, "emergency": null, "fax": null, "government": null, "health_facility:type": null, "healthcare": "hospital", "healthcare:speciality": null, "image": null, "name": "Naivedya Ayurvedic Hospital and Research Centre", "name:ar": null, "name:en": null, "name:ml": null, "note": null, "opening_hours": null, "operator": null, "operator:short": null, "operator:type": null, "operator:wikidata": null, "panchayath": null, "phone": null, "ref": null, "source": "OpenGovernmentData", "survey:date": null, "type": null, "ward": null, "website": null, "wheelchair": null }, "geometry": { "type": "Point", "coordinates": [ 76.313999, 9.9809006 ] } },
{ "type": "Feature", "properties": { "id": "node/7726235658", "@id": "node/7726235658", "CovidVaccineCenterId": null, "addr:city": null, "addr:district": "Ernakulam", "addr:full": "Chalikkavattom, Vennala, Kochi", "addr:housename": null, "addr:housenumber": null, "addr:postcode": "682028", "addr:state": "Kerala", "addr:street": null, "addr:subdistrict": null, "alt_name": null, "amenity": "hospital", "branch": null, "check_date": null, "check_date:opening_hours": null, "contact:phone": null, "description": "Public Health Centre", "designation": null, "email": null, "emergency": null, "fax": null, "government": null, "health_facility:type": null, "healthcare": "hospital", "healthcare:speciality": null, "image": null, "name": "Urban Primary Health Centre, Chalikkavattom", "name:ar": null, "name:en": null, "name:ml": null, "note": null, "opening_hours": null, "operator": "National Urban Health Mission", "operator:short": null, "operator:type": "government", "operator:wikidata": null, "panchayath": null, "phone": null, "ref": null, "source": "Local Knowledge", "survey:date": null, "type": null, "ward": null, "website": null, "wheelchair": null }, "geometry": { "type": "Point", "coordinates": [ 76.3241707, 9.9824178 ] } },
{ "type": "Feature", "properties": { "id": "node/9259561133", "@id": "node/9259561133", "CovidVaccineCenterId": null, "addr:city": null, "addr:district": null, "addr:full": null, "addr:housename": null, "addr:housenumber": null, "addr:postcode": null, "addr:state": null, "addr:street": null, "addr:subdistrict": null, "alt_name": null, "amenity": "hospital", "branch": null, "check_date": null, "check_date:opening_hours": null, "contact:phone": null, "description": null, "designation": null, "email": null, "emergency": null, "fax": null, "government": null, "health_facility:type": null, "healthcare": "hospital", "healthcare:speciality": null, "image": null, "name": "Urban Primary Health Centre, Kuthapady", "name:ar": null, "name:en": null, "name:ml": null, "note": null, "opening_hours": null, "operator": "National Urban Health Mission", "operator:short": null, "operator:type": "government", "operator:wikidata": null, "panchayath": null, "phone": null, "ref": null, "source": null, "survey:date": null, "type": null, "ward": null, "website": null, "wheelchair": null }, "geometry": { "type": "Point", "coordinates": [ 76.3139575, 9.9835441 ] } },
{ "type": "Feature", "properties": { "id": "node/6953379458", "@id": "node/6953379458", "CovidVaccineCenterId": null, "addr:city": null, "addr:district": "Ernakulam", "addr:full": "NH Byepass, AKG Vayanasala Road, Vysali Junction, Vytilla, Cochin", "addr:housename": null, "addr:housenumber": null, "addr:postcode": "682032", "addr:state": "Kerala", "addr:street": null, "addr:subdistrict": null, "alt_name": null, "amenity": "hospital", "branch": null, "check_date": null, "check_date:opening_hours": null, "contact:phone": null, "description": null, "designation": null, "email": null, "emergency": null, "fax": null, "government": null, "health_facility:type": null, "healthcare": null, "healthcare:speciality": null, "image": null, "name": "Dr. Noushad's ENT Hospital and Research Centre", "name:ar": null, "name:en": null, "name:ml": null, "note": null, "opening_hours": null, "operator": null, "operator:short": null, "operator:type": null, "operator:wikidata": null, "panchayath": null, "phone": null, "ref": null, "source": "OpenGovernmentData", "survey:date": null, "type": null, "ward": null, "website": null, "wheelchair": null }, "geometry": { "type": "Point", "coordinates": [ 76.3167563, 9.9869551 ] } },
{ "type": "Feature", "properties": { "id": "node/7335268606", "@id": "node/7335268606", "CovidVaccineCenterId": null, "addr:city": null, "addr:district": null, "addr:full": null, "addr:housename": null, "addr:housenumber": null, "addr:postcode": null, "addr:state": null, "addr:street": null, "addr:subdistrict": null, "alt_name": null, "amenity": "hospital", "branch": null, "check_date": null, "check_date:opening_hours": null, "contact:phone": null, "description": null, "designation": null, "email": null, "emergency": null, "fax": null, "government": null, "health_facility:type": null, "healthcare": "hospital", "healthcare:speciality": null, "image": null, "name": "Jeevaniyam", "name:ar": null, "name:en": null, "name:ml": null, "note": null, "opening_hours": null, "operator": null, "operator:short": null, "operator:type": null, "operator:wikidata": null, "panchayath": null, "phone": null, "ref": null, "source": null, "survey:date": null, "type": null, "ward": null, "website": null, "wheelchair": null }, "geometry": { "type": "Point", "coordinates": [ 76.3091576, 9.9883939 ] } },
{ "type": "Feature", "properties": { "id": "node/10760691831", "@id": "node/10760691831", "CovidVaccineCenterId": null, "addr:city": null, "addr:district": null, "addr:full": null, "addr:housename": null, "addr:housenumber": null, "addr:postcode": null, "addr:state": null, "addr:street": null, "addr:subdistrict": null, "alt_name": null, "amenity": "hospital", "branch": null, "check_date": null, "check_date:opening_hours": null, "contact:phone": null, "description": null, "designation": null, "email": null, "emergency": null, "fax": null, "government": null, "health_facility:type": null, "healthcare": "hospital", "healthcare:speciality": null, "image": null, "name": "Primary Health Centre, Thammanam", "name:ar": null, "name:en": null, "name:ml": null, "note": null, "opening_hours": null, "operator": null, "operator:short": null, "operator:type": null, "operator:wikidata": null, "panchayath": null, "phone": null, "ref": null, "source": null, "survey:date": null, "type": null, "ward": null, "website": null, "wheelchair": null }, "geometry": { "type": "Point", "coordinates": [ 76.3067297, 9.9896091 ] } },
{ "type": "Feature", "properties": { "id": "node/9259620499", "@id": "node/9259620499", "CovidVaccineCenterId": null, "addr:city": null, "addr:district": null, "addr:full": null, "addr:housename": null, "addr:housenumber": null, "addr:postcode": null, "addr:state": null, "addr:street": null, "addr:subdistrict": null, "alt_name": null, "amenity": "hospital", "branch": null, "check_date": null, "check_date:opening_hours": null, "contact:phone": null, "description": null, "designation": null, "email": null, "emergency": null, "fax": null, "government": null, "health_facility:type": null, "healthcare": "hospital", "healthcare:speciality": null, "image": null, "name": "Urban primary Health Centre, Thammanam", "name:ar": null, "name:en": null, "name:ml": null, "note": null, "opening_hours": null, "operator": "National Urban Health Mission", "operator:short": null, "operator:type": "government", "operator:wikidata": null, "panchayath": null, "phone": null, "ref": null, "source": null, "survey:date": null, "type": null, "ward": null, "website": null, "wheelchair": null }, "geometry": { "type": "Point", "coordinates": [ 76.3065874, 9.989758 ] } },
{ "type": "Feature", "properties": { "id": "node/7726235672", "@id": "node/7726235672", "CovidVaccineCenterId": null, "addr:city": null, "addr:district": "Ernakulam", "addr:full": "Chakkalakkal Junction, Kochi", "addr:housename": null, "addr:housenumber": null, "addr:postcode": "682025", "addr:state": "Kerala", "addr:street": null, "addr:subdistrict": null, "alt_name": null, "amenity": "hospital", "branch": null, "check_date": null, "check_date:opening_hours": null, "contact:phone": null, "description": null, "designation": null, "email": null, "emergency": null, "fax": null, "government": null, "health_facility:type": null, "healthcare": null, "healthcare:speciality": null, "image": null, "name": "Ahalia Foundation Eye Hospital", "name:ar": null, "name:en": null, "name:ml": null, "note": null, "opening_hours": null, "operator": null, "operator:short": null, "operator:type": null, "operator:wikidata": null, "panchayath": null, "phone": null, "ref": null, "source": "Local Knowledge", "survey:date": null, "type": null, "ward": null, "website": null, "wheelchair": null }, "geometry": { "type": "Point", "coordinates": [ 76.3146743, 9.9932055 ] } },
{ "type": "Feature", "properties": { "id": "node/8950254178", "@id": "node/8950254178", "CovidVaccineCenterId": null, "addr:city": null, "addr:district": null, "addr:full": null, "addr:housename": null, "addr:housenumber": null, "addr:postcode": null, "addr:state": null, "addr:street": null, "addr:subdistrict": null, "alt_name": null, "amenity": "hospital", "branch": null, "check_date": null, "check_date:opening_hours": null, "contact:phone": null, "description": null, "designation": null, "email": null, "emergency": null, "fax": null, "government": null, "health_facility:type": null, "healthcare": "hospital", "healthcare:speciality": null, "image": null, "name": "Ahalia Eye Hospital", "name:ar": null, "name:en": null, "name:ml": null, "note": null, "opening_hours": null, "operator": null, "operator:short": null, "operator:type": null, "operator:wikidata": null, "panchayath": null, "phone": null, "ref": null, "source": null, "survey:date": null, "type": null, "ward": null, "website": null, "wheelchair": null }, "geometry": { "type": "Point", "coordinates": [ 76.3144506, 9.9933803 ] } },
{ "type": "Feature", "properties": { "id": "node/7726235636", "@id": "node/7726235636", "CovidVaccineCenterId": null, "addr:city": null, "addr:district": "Ernakulam", "addr:full": "North Kaloor, Kacheripady, Ernakulam", "addr:housename": null, "addr:housenumber": null, "addr:postcode": "682018", "addr:state": "Kerala", "addr:street": null, "addr:subdistrict": null, "alt_name": null, "amenity": "hospital", "branch": null, "check_date": null, "check_date:opening_hours": null, "contact:phone": null, "description": null, "designation": null, "email": null, "emergency": null, "fax": null, "government": null, "health_facility:type": null, "healthcare": null, "healthcare:speciality": null, "image": null, "name": "Vathakat Orthopaedic Hospital", "name:ar": null, "name:en": null, "name:ml": null, "note": null, "opening_hours": null, "operator": null, "operator:short": null, "operator:type": null, "operator:wikidata": null, "panchayath": null, "phone": null, "ref": null, "source": "Local Knowledge", "survey:date": null, "type": null, "ward": null, "website": null, "wheelchair": null }, "geometry": { "type": "Point", "coordinates": [ 76.285434, 9.986819 ] } },
{ "type": "Feature", "properties": { "id": "node/4649711590", "@id": "node/4649711590", "CovidVaccineCenterId": null, "addr:city": null, "addr:district": null, "addr:full": null, "addr:housename": null, "addr:housenumber": null, "addr:postcode": null, "addr:state": null, "addr:street": null, "addr:subdistrict": null, "alt_name": null, "amenity": "hospital", "branch": null, "check_date": null, "check_date:opening_hours": null, "contact:phone": null, "description": null, "designation": null, "email": null, "emergency": null, "fax": null, "government": null, "health_facility:type": null, "healthcare": null, "healthcare:speciality": null, "image": null, "name": null, "name:ar": "بونارنافا", "name:en": "Punarnava Ayurveda Hospital", "name:ml": null, "note": null, "opening_hours": null, "operator": null, "operator:short": null, "operator:type": null, "operator:wikidata": null, "panchayath": null, "phone": null, "ref": null, "source": null, "survey:date": null, "type": null, "ward": null, "website": null, "wheelchair": null }, "geometry": { "type": "Point", "coordinates": [ 76.2942771, 9.9879592 ] } },
{ "type": "Feature", "properties": { "id": "node/5138971690", "@id": "node/5138971690", "CovidVaccineCenterId": null, "addr:city": null, "addr:district": "Ernakulam", "addr:full": "Kacheripady, Chittoor Road, Near Vimalalayam", "addr:housename": null, "addr:housenumber": null, "addr:postcode": "682018", "addr:state": "Kerala", "addr:street": "Chittoor Road", "addr:subdistrict": null, "alt_name": null, "amenity": "hospital", "branch": null, "check_date": null, "check_date:opening_hours": null, "contact:phone": null, "description": null, "designation": null, "email": null, "emergency": null, "fax": null, "government": null, "health_facility:type": null, "healthcare": "hospital", "healthcare:speciality": "ophthalmology", "image": null, "name": "Westend Eye Hospitals", "name:ar": null, "name:en": null, "name:ml": null, "note": null, "opening_hours": null, "operator": null, "operator:short": null, "operator:type": null, "operator:wikidata": null, "panchayath": null, "phone": "+91 9288605411", "ref": null, "source": "OpenGovernmentData", "survey:date": null, "type": null, "ward": null, "website": null, "wheelchair": null }, "geometry": { "type": "Point", "coordinates": [ 76.2827224, 9.9880943 ] } },
{ "type": "Feature", "properties": { "id": "node/6952059082", "@id": "node/6952059082", "CovidVaccineCenterId": null, "addr:city": null, "addr:district": "Ernakulam", "addr:full": "Vattekkattu Road, Kaloor, Cochin", "addr:housename": null, "addr:housenumber": null, "addr:postcode": "682017", "addr:state": "Kerala", "addr:street": null, "addr:subdistrict": null, "alt_name": null, "amenity": "hospital", "branch": null, "check_date": null, "check_date:opening_hours": null, "contact:phone": null, "description": null, "designation": null, "email": null, "emergency": null, "fax": null, "government": null, "health_facility:type": null, "healthcare": null, "healthcare:speciality": null, "image": null, "name": "Paul's Hospital", "name:ar": null, "name:en": null, "name:ml": null, "note": null, "opening_hours": null, "operator": null, "operator:short": null, "operator:type": null, "operator:wikidata": null, "panchayath": null, "phone": null, "ref": null, "source": "OpenGovernmentData", "survey:date": null, "type": null, "ward": null, "website": null, "wheelchair": null }, "geometry": { "type": "Point", "coordinates": [ 76.2957781, 9.9883115 ] } },
{ "type": "Feature", "properties": { "id": "node/13371208044", "@id": "node/13371208044", "CovidVaccineCenterId": null, "addr:city": "Kochi", "addr:district": null, "addr:full": null, "addr:housename": null, "addr:housenumber": "1561-A", "addr:postcode": "682018", "addr:state": null, "addr:street": null, "addr:subdistrict": null, "alt_name": null, "amenity": "hospital", "branch": null, "check_date": null, "check_date:opening_hours": null, "contact:phone": null, "description": null, "designation": null, "email": null, "emergency": null, "fax": null, "government": null, "health_facility:type": null, "healthcare": "hospital", "healthcare:speciality": "oncology", "image": null, "name": "Lisie Cancer Centre", "name:ar": null, "name:en": null, "name:ml": null, "note": null, "opening_hours": "Mo-Sa 07:00-17:00", "operator": "Lisie Hospital", "operator:short": null, "operator:type": "private", "operator:wikidata": null, "panchayath": null, "phone": null, "ref": null, "source": null, "survey:date": null, "type": null, "ward": null, "website": null, "wheelchair": null }, "geometry": { "type": "Point", "coordinates": [ 76.2886971, 9.9891832 ] } },
{ "type": "Feature", "properties": { "id": "node/6954410394", "@id": "node/6954410394", "CovidVaccineCenterId": null, "addr:city": null, "addr:district": "Ernakulam", "addr:full": "Opp. North Railway Station, Ernakulam North, Kochi", "addr:housename": null, "addr:housenumber": null, "addr:postcode": "682018", "addr:state": "Kerala", "addr:street": null, "addr:subdistrict": null, "alt_name": null, "amenity": "hospital", "branch": null, "check_date": null, "check_date:opening_hours": null, "contact:phone": null, "description": null, "designation": null, "email": null, "emergency": null, "fax": null, "government": null, "health_facility:type": null, "healthcare": null, "healthcare:speciality": null, "image": null, "name": "Specialists' Hospital", "name:ar": null, "name:en": null, "name:ml": null, "note": null, "opening_hours": null, "operator": null, "operator:short": null, "operator:type": null, "operator:wikidata": null, "panchayath": null, "phone": null, "ref": null, "source": "OpenGovernmentData", "survey:date": null, "type": null, "ward": null, "website": "https://www.specialistshospital.com/", "wheelchair": null }, "geometry": { "type": "Point", "coordinates": [ 76.2860182, 9.9905344 ] } },
{ "type": "Feature", "properties": { "id": "node/9259597848", "@id": "node/9259597848", "CovidVaccineCenterId": null, "addr:city": null, "addr:district": null, "addr:full": null, "addr:housename": null, "addr:housenumber": null, "addr:postcode": null, "addr:state": null, "addr:street": null, "addr:subdistrict": null, "alt_name": null, "amenity": "hospital", "branch": null, "check_date": null, "check_date:opening_hours": null, "contact:phone": null, "description": null, "designation": null, "email": null, "emergency": null, "fax": null, "government": null, "health_facility:type": null, "healthcare": "hospital", "healthcare:speciality": null, "image": null, "name": "Urban Primary Health Centre, Kaloor", "name:ar": null, "name:en": null, "name:ml": null, "note": null, "opening_hours": null, "operator": "National Urban Health Mission", "operator:short": null, "operator:type": "government", "operator:wikidata": null, "panchayath": null, "phone": null, "ref": null, "source": null, "survey:date": null, "type": null, "ward": null, "website": null, "wheelchair": null }, "geometry": { "type": "Point", "coordinates": [ 76.2883583, 9.9935425 ] } },
{ "type": "Feature", "properties": { "id": "node/6953306602", "@id": "node/6953306602", "CovidVaccineCenterId": null, "addr:city": null, "addr:district": "Ernakulam", "addr:full": "Azad Road, Kaloor", "addr:housename": null, "addr:housenumber": null, "addr:postcode": "682017", "addr:state": "Kerala", "addr:street": null, "addr:subdistrict": null, "alt_name": null, "amenity": "hospital", "branch": null, "check_date": null, "check_date:opening_hours": null, "contact:phone": null, "description": null, "designation": null, "email": null, "emergency": null, "fax": null, "government": null, "health_facility:type": null, "healthcare": "hospital", "healthcare:speciality": null, "image": null, "name": "Focus Eye Hospital", "name:ar": null, "name:en": null, "name:ml": null, "note": null, "opening_hours": null, "operator": null, "operator:short": null, "operator:type": null, "operator:wikidata": null, "panchayath": null, "phone": null, "ref": null, "source": "OpenGovernmentData", "survey:date": null, "type": null, "ward": null, "website": null, "wheelchair": null }, "geometry": { "type": "Point", "coordinates": [ 76.2954314, 9.9942959 ] } },
{ "type": "Feature", "properties": { "id": "node/6958181260", "@id": "node/6958181260", "CovidVaccineCenterId": null, "addr:city": null, "addr:district": "Ernakulam", "addr:full": "Opposite BSNL Microwave Station, Deshabhimani Road, Kaloor", "addr:housename": null, "addr:housenumber": null, "addr:postcode": "682017", "addr:state": "Kerala", "addr:street": null, "addr:subdistrict": null, "alt_name": null, "amenity": "hospital", "branch": null, "check_date": null, "check_date:opening_hours": null, "contact:phone": null, "description": null, "designation": null, "email": null, "emergency": null, "fax": null, "government": null, "health_facility:type": null, "healthcare": null, "healthcare:speciality": null, "image": null, "name": "Alpha ENT Head and Neck Hospital", "name:ar": null, "name:en": null, "name:ml": null, "note": null, "opening_hours": null, "operator": null, "operator:short": null, "operator:type": null, "operator:wikidata": null, "panchayath": null, "phone": null, "ref": null, "source": "OpenGovernmentData", "survey:date": null, "type": null, "ward": null, "website": null, "wheelchair": null }, "geometry": { "type": "Point", "coordinates": [ 76.2953791, 10.0032624 ] } },
{ "type": "Feature", "properties": { "id": "node/8897145783", "@id": "node/8897145783", "CovidVaccineCenterId": null, "addr:city": null, "addr:district": null, "addr:full": null, "addr:housename": null, "addr:housenumber": null, "addr:postcode": null, "addr:state": null, "addr:street": null, "addr:subdistrict": null, "alt_name": null, "amenity": "hospital", "branch": null, "check_date": null, "check_date:opening_hours": null, "contact:phone": null, "description": null, "designation": null, "email": null, "emergency": null, "fax": null, "government": null, "health_facility:type": null, "healthcare": "hospital", "healthcare:speciality": null, "image": null, "name": "Government Dispensary High Court Ernakulam", "name:ar": null, "name:en": null, "name:ml": null, "note": null, "opening_hours": null, "operator": null, "operator:short": null, "operator:type": null, "operator:wikidata": null, "panchayath": null, "phone": null, "ref": "1475", "source": null, "survey:date": null, "type": "8", "ward": null, "website": null, "wheelchair": null }, "geometry": { "type": "Point", "coordinates": [ 76.2849195, 10.0061874 ] } },
{ "type": "Feature", "properties": { "id": "node/9259649772", "@id": "node/9259649772", "CovidVaccineCenterId": null, "addr:city": null, "addr:district": null, "addr:full": null, "addr:housename": null, "addr:housenumber": null, "addr:postcode": null, "addr:state": null, "addr:street": null, "addr:subdistrict": null, "alt_name": null, "amenity": "hospital", "branch": null, "check_date": null, "check_date:opening_hours": null, "contact:phone": null, "description": null, "designation": null, "email": null, "emergency": null, "fax": null, "government": null, "health_facility:type": null, "healthcare": "hospital", "healthcare:speciality": null, "image": null, "name": "Urban Primary Health Cenre, Pandikudy", "name:ar": null, "name:en": null, "name:ml": null, "note": null, "opening_hours": null, "operator": "National Urban Health Centre", "operator:short": null, "operator:type": "government", "operator:wikidata": null, "panchayath": null, "phone": null, "ref": null, "source": null, "survey:date": null, "type": null, "ward": null, "website": null, "wheelchair": null }, "geometry": { "type": "Point", "coordinates": [ 76.2494468, 9.9509907 ] } },
{ "type": "Feature", "properties": { "id": "node/9259884962", "@id": "node/9259884962", "CovidVaccineCenterId": null, "addr:city": null, "addr:district": null, "addr:full": null, "addr:housename": null, "addr:housenumber": null, "addr:postcode": null, "addr:state": null, "addr:street": null, "addr:subdistrict": null, "alt_name": null, "amenity": "hospital", "branch": null, "check_date": null, "check_date:opening_hours": null, "contact:phone": null, "description": null, "designation": null, "email": null, "emergency": null, "fax": null, "government": null, "health_facility:type": null, "healthcare": "hospital", "healthcare:speciality": null, "image": null, "name": "Urban Primary Health Centre, Mangattumukku", "name:ar": null, "name:en": null, "name:ml": null, "note": null, "opening_hours": null, "operator": "National Urban Primary Health Mission", "operator:short": null, "operator:type": "government", "operator:wikidata": null, "panchayath": null, "phone": null, "ref": null, "source": null, "survey:date": null, "type": null, "ward": null, "website": null, "wheelchair": null }, "geometry": { "type": "Point", "coordinates": [ 76.2547957, 9.9538492 ] } },
{ "type": "Feature", "properties": { "id": "node/9081387967", "@id": "node/9081387967", "CovidVaccineCenterId": null, "addr:city": null, "addr:district": null, "addr:full": null, "addr:housename": null, "addr:housenumber": null, "addr:postcode": null, "addr:state": null, "addr:street": null, "addr:subdistrict": null, "alt_name": null, "amenity": "hospital", "branch": null, "check_date": null, "check_date:opening_hours": null, "contact:phone": null, "description": null, "designation": null, "email": null, "emergency": null, "fax": null, "government": null, "health_facility:type": null, "healthcare": "hospital", "healthcare:speciality": null, "image": null, "name": "Mattancherry Government Hospital", "name:ar": null, "name:en": null, "name:ml": "മട്ടാഞ്ചേരി ഗവൺമെൻ്റ് ഹോസ്പിറ്റൽ", "note": null, "opening_hours": null, "operator": null, "operator:short": null, "operator:type": null, "operator:wikidata": null, "panchayath": null, "phone": null, "ref": null, "source": null, "survey:date": null, "type": null, "ward": null, "website": null, "wheelchair": null }, "geometry": { "type": "Point", "coordinates": [ 76.2598371, 9.9597832 ] } },
{ "type": "Feature", "properties": { "id": "node/7726235659", "@id": "node/7726235659", "CovidVaccineCenterId": null, "addr:city": "Ernakulam", "addr:district": "Ernakulam", "addr:full": "Pallipuram Road, Ochanthuruth", "addr:housename": null, "addr:housenumber": null, "addr:postcode": "682508", "addr:state": "Kerala", "addr:street": "Vypin - Pallippuram Road", "addr:subdistrict": null, "alt_name": null, "amenity": "hospital", "branch": null, "check_date": null, "check_date:opening_hours": null, "contact:phone": null, "description": null, "designation": null, "email": null, "emergency": null, "fax": null, "government": null, "health_facility:type": null, "healthcare": "hospital", "healthcare:speciality": null, "image": null, "name": "Vypeen Hospital", "name:ar": null, "name:en": null, "name:ml": null, "note": null, "opening_hours": null, "operator": null, "operator:short": null, "operator:type": null, "operator:wikidata": null, "panchayath": null, "phone": null, "ref": null, "source": "Local Knowledge", "survey:date": null, "type": null, "ward": null, "website": null, "wheelchair": null }, "geometry": { "type": "Point", "coordinates": [ 76.2350221, 9.9997548 ] } },
{ "type": "Feature", "properties": { "id": "node/10075114319", "@id": "node/10075114319", "CovidVaccineCenterId": null, "addr:city": null, "addr:district": null, "addr:full": null, "addr:housename": null, "addr:housenumber": null, "addr:postcode": null, "addr:state": null, "addr:street": null, "addr:subdistrict": null, "alt_name": null, "amenity": "hospital", "branch": null, "check_date": null, "check_date:opening_hours": null, "contact:phone": null, "description": null, "designation": null, "email": null, "emergency": null, "fax": null, "government": null, "health_facility:type": null, "healthcare": "hospital", "healthcare:speciality": null, "image": null, "name": "Primary health centre vallarpadam", "name:ar": null, "name:en": null, "name:ml": null, "note": null, "opening_hours": null, "operator": null, "operator:short": null, "operator:type": null, "operator:wikidata": null, "panchayath": "mulavukad", "phone": null, "ref": null, "source": null, "survey:date": null, "type": null, "ward": "15", "website": null, "wheelchair": null }, "geometry": { "type": "Point", "coordinates": [ 76.245324, 10.0007893 ] } },
{ "type": "Feature", "properties": { "id": "node/10075107843", "@id": "node/10075107843", "CovidVaccineCenterId": null, "addr:city": null, "addr:district": null, "addr:full": null, "addr:housename": null, "addr:housenumber": null, "addr:postcode": null, "addr:state": null, "addr:street": null, "addr:subdistrict": null, "alt_name": null, "amenity": "hospital", "branch": null, "check_date": null, "check_date:opening_hours": null, "contact:phone": null, "description": null, "designation": null, "email": null, "emergency": null, "fax": null, "government": null, "health_facility:type": null, "healthcare": "hospital", "healthcare:speciality": null, "image": null, "name": "Govt homeo dispensary", "name:ar": null, "name:en": null, "name:ml": null, "note": null, "opening_hours": null, "operator": null, "operator:short": null, "operator:type": null, "operator:wikidata": null, "panchayath": "mulavukad", "phone": null, "ref": null, "source": null, "survey:date": null, "type": null, "ward": "15", "website": null, "wheelchair": null }, "geometry": { "type": "Point", "coordinates": [ 76.2447972, 10.0009723 ] } },
{ "type": "Feature", "properties": { "id": "node/8093769076", "@id": "node/8093769076", "CovidVaccineCenterId": null, "addr:city": "ernakulam", "addr:district": null, "addr:full": null, "addr:housename": null, "addr:housenumber": null, "addr:postcode": "682505", "addr:state": null, "addr:street": "Vypin - Pallippuram Road", "addr:subdistrict": null, "alt_name": null, "amenity": "hospital", "branch": null, "check_date": null, "check_date:opening_hours": null, "contact:phone": null, "description": null, "designation": null, "email": "ghdnjarakkal@kerala.gov.in", "emergency": "no", "fax": null, "government": null, "health_facility:type": null, "healthcare": "hospital", "healthcare:speciality": "general", "image": null, "name": "Njarakkal Govt. Homoeo Dispensary", "name:ar": null, "name:en": null, "name:ml": null, "note": null, "opening_hours": null, "operator": "Department of Homoeopathy, Govt of Kerala", "operator:short": null, "operator:type": "government", "operator:wikidata": null, "panchayath": null, "phone": "+91 484 2497020", "ref": null, "source": null, "survey:date": null, "type": null, "ward": null, "website": null, "wheelchair": null }, "geometry": { "type": "Point", "coordinates": [ 76.217612, 10.0438538 ] } },
{ "type": "Feature", "properties": { "id": "node/8983880645", "@id": "node/8983880645", "CovidVaccineCenterId": null, "addr:city": null, "addr:district": null, "addr:full": null, "addr:housename": null, "addr:housenumber": null, "addr:postcode": null, "addr:state": null, "addr:street": null, "addr:subdistrict": null, "alt_name": null, "amenity": "hospital", "branch": null, "check_date": null, "check_date:opening_hours": null, "contact:phone": null, "description": null, "designation": null, "email": null, "emergency": null, "fax": null, "government": null, "health_facility:type": null, "healthcare": "hospital", "healthcare:speciality": null, "image": null, "name": "ESI Dispensary", "name:ar": null, "name:en": null, "name:ml": null, "note": null, "opening_hours": null, "operator": null, "operator:short": null, "operator:type": null, "operator:wikidata": null, "panchayath": null, "phone": null, "ref": null, "source": null, "survey:date": null, "type": null, "ward": null, "website": null, "wheelchair": null }, "geometry": { "type": "Point", "coordinates": [ 76.2202664, 10.0479327 ] } },
{ "type": "Feature", "properties": { "id": "node/8980628801", "@id": "node/8980628801", "CovidVaccineCenterId": null, "addr:city": null, "addr:district": null, "addr:full": null, "addr:housename": null, "addr:housenumber": null, "addr:postcode": null, "addr:state": null, "addr:street": null, "addr:subdistrict": null, "alt_name": null, "amenity": "hospital", "branch": null, "check_date": null, "check_date:opening_hours": null, "contact:phone": null, "description": null, "designation": null, "email": null, "emergency": null, "fax": null, "government": null, "health_facility:type": null, "healthcare": "hospital", "healthcare:speciality": null, "image": null, "name": "Susrutha Eye Hospital", "name:ar": null, "name:en": null, "name:ml": null, "note": null, "opening_hours": null, "operator": null, "operator:short": null, "operator:type": null, "operator:wikidata": null, "panchayath": null, "phone": null, "ref": null, "source": null, "survey:date": null, "type": null, "ward": null, "website": null, "wheelchair": null }, "geometry": { "type": "Point", "coordinates": [ 76.2151066, 10.0558672 ] } },
{ "type": "Feature", "properties": { "id": "node/5909942850", "@id": "node/5909942850", "CovidVaccineCenterId": null, "addr:city": null, "addr:district": null, "addr:full": null, "addr:housename": null, "addr:housenumber": null, "addr:postcode": null, "addr:state": null, "addr:street": null, "addr:subdistrict": null, "alt_name": null, "amenity": "hospital", "branch": null, "check_date": null, "check_date:opening_hours": null, "contact:phone": null, "description": null, "designation": null, "email": null, "emergency": null, "fax": null, "government": null, "health_facility:type": null, "healthcare": "hospital", "healthcare:speciality": null, "image": null, "name": "Ephphatha Softech എഫഥാ സ്പീച്ച് ആന്റ് ഹിയറിങ് സെന്റർ", "name:ar": null, "name:en": null, "name:ml": "എഫഥാ സ്പീച്ച് ആന്റ് ഹിയറിങ് സെന്റർ", "note": null, "opening_hours": null, "operator": null, "operator:short": null, "operator:type": null, "operator:wikidata": null, "panchayath": null, "phone": null, "ref": null, "source": null, "survey:date": null, "type": null, "ward": null, "website": null, "wheelchair": null }, "geometry": { "type": "Point", "coordinates": [ 76.3052486, 10.006847 ] } },
{ "type": "Feature", "properties": { "id": "node/6951990445", "@id": "node/6951990445", "CovidVaccineCenterId": null, "addr:city": null, "addr:district": "Ernakulam", "addr:full": "No. 34 / 563, A - 1, Opp. India Vision, Palarivattom, NH Bypass Road, Cochin", "addr:housename": null, "addr:housenumber": null, "addr:postcode": "682024", "addr:state": "Kerala", "addr:street": null, "addr:subdistrict": null, "alt_name": null, "amenity": "hospital", "branch": null, "check_date": null, "check_date:opening_hours": null, "contact:phone": null, "description": null, "designation": null, "email": null, "emergency": null, "fax": null, "government": null, "health_facility:type": null, "healthcare": null, "healthcare:speciality": null, "image": null, "name": "Vasan Eye Care Hospital, Palarivattom", "name:ar": null, "name:en": null, "name:ml": null, "note": null, "opening_hours": null, "operator": null, "operator:short": null, "operator:type": null, "operator:wikidata": null, "panchayath": null, "phone": null, "ref": null, "source": "OpenGovernmentData", "survey:date": null, "type": null, "ward": null, "website": null, "wheelchair": null }, "geometry": { "type": "Point", "coordinates": [ 76.3126431, 10.0099874 ] } },
{ "type": "Feature", "properties": { "id": "node/7726235653", "@id": "node/7726235653", "CovidVaccineCenterId": null, "addr:city": null, "addr:district": "Ernakulam", "addr:full": "Manimala Road, Edappally", "addr:housename": null, "addr:housenumber": null, "addr:postcode": "682024", "addr:state": "Kerala", "addr:street": null, "addr:subdistrict": null, "alt_name": null, "amenity": "hospital", "branch": null, "check_date": null, "check_date:opening_hours": null, "contact:phone": null, "description": null, "designation": null, "email": null, "emergency": null, "fax": null, "government": null, "health_facility:type": null, "healthcare": null, "healthcare:speciality": null, "image": null, "name": "Evershine Hospital", "name:ar": null, "name:en": null, "name:ml": null, "note": null, "opening_hours": null, "operator": null, "operator:short": null, "operator:type": null, "operator:wikidata": null, "panchayath": null, "phone": null, "ref": null, "source": "Local Knowledge", "survey:date": null, "type": null, "ward": null, "website": null, "wheelchair": null }, "geometry": { "type": "Point", "coordinates": [ 76.3046442, 10.0196125 ] } },
{ "type": "Feature", "properties": { "id": "node/9259608605", "@id": "node/9259608605", "CovidVaccineCenterId": null, "addr:city": null, "addr:district": null, "addr:full": null, "addr:housename": null, "addr:housenumber": null, "addr:postcode": null, "addr:state": null, "addr:street": null, "addr:subdistrict": null, "alt_name": null, "amenity": "hospital", "branch": null, "check_date": null, "check_date:opening_hours": null, "contact:phone": null, "description": null, "designation": null, "email": null, "emergency": null, "fax": null, "government": null, "health_facility:type": null, "healthcare": "hospital", "healthcare:speciality": null, "image": null, "name": "Urban Primary Health Centre, Kennadimukku", "name:ar": null, "name:en": null, "name:ml": null, "note": null, "opening_hours": null, "operator": "National Urban Health Mission", "operator:short": null, "operator:type": "government", "operator:wikidata": null, "panchayath": null, "phone": null, "ref": null, "source": null, "survey:date": null, "type": null, "ward": null, "website": null, "wheelchair": null }, "geometry": { "type": "Point", "coordinates": [ 76.3169704, 10.0196448 ] } },
{ "type": "Feature", "properties": { "id": "node/1913549463", "@id": "node/1913549463", "CovidVaccineCenterId": "726714", "addr:city": null, "addr:district": null, "addr:full": null, "addr:housename": null, "addr:housenumber": null, "addr:postcode": null, "addr:state": null, "addr:street": null, "addr:subdistrict": null, "alt_name": null, "amenity": "hospital", "branch": null, "check_date": "2025-08-03T00:00:00", "check_date:opening_hours": null, "contact:phone": null, "description": null, "designation": null, "email": null, "emergency": null, "fax": null, "government": null, "health_facility:type": null, "healthcare": null, "healthcare:speciality": null, "image": null, "name": "MAJ Hospital", "name:ar": null, "name:en": null, "name:ml": null, "note": null, "opening_hours": null, "operator": null, "operator:short": null, "operator:type": null, "operator:wikidata": null, "panchayath": null, "phone": null, "ref": null, "source": null, "survey:date": null, "type": null, "ward": null, "website": null, "wheelchair": null }, "geometry": { "type": "Point", "coordinates": [ 76.3080439, 10.0213004 ] } },
{ "type": "Feature", "properties": { "id": "node/8889483535", "@id": "node/8889483535", "CovidVaccineCenterId": null, "addr:city": null, "addr:district": null, "addr:full": null, "addr:housename": null, "addr:housenumber": null, "addr:postcode": null, "addr:state": null, "addr:street": null, "addr:subdistrict": null, "alt_name": null, "amenity": "hospital", "branch": null, "check_date": null, "check_date:opening_hours": null, "contact:phone": null, "description": null, "designation": null, "email": null, "emergency": null, "fax": null, "government": null, "health_facility:type": null, "healthcare": "hospital", "healthcare:speciality": null, "image": null, "name": "Primary Health Centre Thrikakkara", "name:ar": null, "name:en": null, "name:ml": null, "note": null, "opening_hours": null, "operator": null, "operator:short": null, "operator:type": null, "operator:wikidata": null, "panchayath": null, "phone": null, "ref": "1462", "source": null, "survey:date": null, "type": "9", "ward": null, "website": null, "wheelchair": null }, "geometry": { "type": "Point", "coordinates": [ 76.3166833, 10.0222321 ] } },
{ "type": "Feature", "properties": { "id": "node/7726235650", "@id": "node/7726235650", "CovidVaccineCenterId": null, "addr:city": null, "addr:district": "Ernakulam", "addr:full": "Thrikkakara, Edappally", "addr:housename": null, "addr:housenumber": null, "addr:postcode": "682021", "addr:state": "Kerala", "addr:street": null, "addr:subdistrict": null, "alt_name": null, "amenity": "hospital", "branch": null, "check_date": null, "check_date:opening_hours": null, "contact:phone": null, "description": null, "designation": null, "email": null, "emergency": null, "fax": null, "government": null, "health_facility:type": null, "healthcare": "hospital", "healthcare:speciality": null, "image": null, "name": "B & B Memorial Hospital", "name:ar": null, "name:en": null, "name:ml": null, "note": null, "opening_hours": null, "operator": null, "operator:short": null, "operator:type": null, "operator:wikidata": null, "panchayath": null, "phone": null, "ref": null, "source": "Local Knowledge", "survey:date": null, "type": null, "ward": null, "website": null, "wheelchair": null }, "geometry": { "type": "Point", "coordinates": [ 76.3294623, 10.033897 ] } },
{ "type": "Feature", "properties": { "id": "node/9430090903", "@id": "node/9430090903", "CovidVaccineCenterId": null, "addr:city": null, "addr:district": null, "addr:full": null, "addr:housename": null, "addr:housenumber": null, "addr:postcode": null, "addr:state": null, "addr:street": "Vattekunnam", "addr:subdistrict": null, "alt_name": null, "amenity": "hospital", "branch": null, "check_date": null, "check_date:opening_hours": null, "contact:phone": null, "description": null, "designation": null, "email": null, "emergency": null, "fax": null, "government": null, "health_facility:type": null, "healthcare": "hospital", "healthcare:speciality": null, "image": null, "name": "Urban Primary Health Centre, Vattekunnam", "name:ar": null, "name:en": null, "name:ml": null, "note": null, "opening_hours": null, "operator": null, "operator:short": null, "operator:type": null, "operator:wikidata": null, "panchayath": null, "phone": null, "ref": null, "source": null, "survey:date": null, "type": null, "ward": null, "website": null, "wheelchair": null }, "geometry": { "type": "Point", "coordinates": [ 76.3105798, 10.0402557 ] } },
{ "type": "Feature", "properties": { "id": "node/8707193489", "@id": "node/8707193489", "CovidVaccineCenterId": null, "addr:city": "Kalamassery", "addr:district": null, "addr:full": null, "addr:housename": null, "addr:housenumber": null, "addr:postcode": "682022", "addr:state": null, "addr:street": "Vidya Nagar Road", "addr:subdistrict": null, "alt_name": null, "amenity": "hospital", "branch": null, "check_date": null, "check_date:opening_hours": null, "contact:phone": null, "description": null, "designation": null, "email": null, "emergency": null, "fax": null, "government": null, "health_facility:type": null, "healthcare": "hospital", "healthcare:speciality": "general", "image": null, "name": "Mitra Homoeopathy", "name:ar": null, "name:en": null, "name:ml": null, "note": null, "opening_hours": null, "operator": "Dr Asha A", "operator:short": null, "operator:type": "private", "operator:wikidata": null, "panchayath": null, "phone": null, "ref": null, "source": null, "survey:date": null, "type": null, "ward": null, "website": null, "wheelchair": null }, "geometry": { "type": "Point", "coordinates": [ 76.3232099, 10.0435109 ] } },
{ "type": "Feature", "properties": { "id": "node/7335345047", "@id": "node/7335345047", "CovidVaccineCenterId": null, "addr:city": null, "addr:district": null, "addr:full": null, "addr:housename": null, "addr:housenumber": null, "addr:postcode": null, "addr:state": null, "addr:street": null, "addr:subdistrict": null, "alt_name": null, "amenity": "hospital", "branch": null, "check_date": null, "check_date:opening_hours": null, "contact:phone": null, "description": null, "designation": null, "email": null, "emergency": null, "fax": null, "government": null, "health_facility:type": null, "healthcare": "hospital", "healthcare:speciality": null, "image": null, "name": "Jacob Hospital", "name:ar": null, "name:en": null, "name:ml": null, "note": null, "opening_hours": null, "operator": null, "operator:short": null, "operator:type": null, "operator:wikidata": null, "panchayath": null, "phone": null, "ref": null, "source": null, "survey:date": null, "type": null, "ward": null, "website": null, "wheelchair": null }, "geometry": { "type": "Point", "coordinates": [ 76.3173511, 10.0495861 ] } },
{ "type": "Feature", "properties": { "id": "node/11276902019", "@id": "node/11276902019", "CovidVaccineCenterId": null, "addr:city": null, "addr:district": null, "addr:full": null, "addr:housename": null, "addr:housenumber": null, "addr:postcode": null, "addr:state": null, "addr:street": null, "addr:subdistrict": null, "alt_name": null, "amenity": "hospital", "branch": null, "check_date": null, "check_date:opening_hours": null, "contact:phone": null, "description": null, "designation": null, "email": null, "emergency": null, "fax": null, "government": null, "health_facility:type": null, "healthcare": null, "healthcare:speciality": null, "image": null, "name": "Renai Medicity", "name:ar": null, "name:en": null, "name:ml": null, "note": null, "opening_hours": null, "operator": null, "operator:short": null, "operator:type": null, "operator:wikidata": null, "panchayath": null, "phone": null, "ref": null, "source": null, "survey:date": null, "type": null, "ward": null, "website": "https://www.renaimedicity.org/", "wheelchair": null }, "geometry": { "type": "Point", "coordinates": [ 76.3035506, 10.0079415 ] } },
{ "type": "Feature", "properties": { "id": "node/7726235693", "@id": "node/7726235693", "CovidVaccineCenterId": null, "addr:city": null, "addr:district": "Ernakulam", "addr:full": "Mamangalam, Palarivattom, Kochi", "addr:housename": null, "addr:housenumber": null, "addr:postcode": "682025", "addr:state": "Kerala", "addr:street": null, "addr:subdistrict": null, "alt_name": null, "amenity": "hospital", "branch": null, "check_date": null, "check_date:opening_hours": null, "contact:phone": null, "description": null, "designation": null, "email": null, "emergency": null, "fax": null, "government": null, "health_facility:type": null, "healthcare": null, "healthcare:speciality": null, "image": null, "name": "Arc Fertility Hospitals", "name:ar": null, "name:en": null, "name:ml": null, "note": null, "opening_hours": null, "operator": null, "operator:short": null, "operator:type": null, "operator:wikidata": null, "panchayath": null, "phone": null, "ref": null, "source": "Local Knowledge", "survey:date": null, "type": null, "ward": null, "website": null, "wheelchair": null }, "geometry": { "type": "Point", "coordinates": [ 76.3034525, 10.0090884 ] } },
{ "type": "Feature", "properties": { "id": "node/7726235662", "@id": "node/7726235662", "CovidVaccineCenterId": null, "addr:city": null, "addr:district": "Ernakulam", "addr:full": "Keerthi Nagar, Elamakkara", "addr:housename": null, "addr:housenumber": null, "addr:postcode": "682026", "addr:state": "Kerala", "addr:street": null, "addr:subdistrict": null, "alt_name": null, "amenity": "hospital", "branch": null, "check_date": null, "check_date:opening_hours": null, "contact:phone": null, "description": null, "designation": null, "email": null, "emergency": null, "fax": null, "government": null, "health_facility:type": null, "healthcare": null, "healthcare:speciality": null, "image": null, "name": "Alife Ayurvedam", "name:ar": null, "name:en": null, "name:ml": null, "note": null, "opening_hours": null, "operator": null, "operator:short": null, "operator:type": null, "operator:wikidata": null, "panchayath": null, "phone": null, "ref": null, "source": "Local Knowledge", "survey:date": null, "type": null, "ward": null, "website": null, "wheelchair": null }, "geometry": { "type": "Point", "coordinates": [ 76.2933848, 10.0146072 ] } },
{ "type": "Feature", "properties": { "id": "node/5518019510", "@id": "node/5518019510", "CovidVaccineCenterId": null, "addr:city": null, "addr:district": null, "addr:full": null, "addr:housename": null, "addr:housenumber": null, "addr:postcode": null, "addr:state": null, "addr:street": null, "addr:subdistrict": null, "alt_name": null, "amenity": "hospital", "branch": null, "check_date": null, "check_date:opening_hours": null, "contact:phone": null, "description": null, "designation": null, "email": null, "emergency": null, "fax": null, "government": null, "health_facility:type": null, "healthcare": "hospital", "healthcare:speciality": null, "image": null, "name": "Govt Homeo Dispensary", "name:ar": null, "name:en": null, "name:ml": null, "note": null, "opening_hours": null, "operator": null, "operator:short": null, "operator:type": null, "operator:wikidata": null, "panchayath": null, "phone": null, "ref": null, "source": null, "survey:date": null, "type": null, "ward": null, "website": null, "wheelchair": null }, "geometry": { "type": "Point", "coordinates": [ 76.2888545, 10.0160984 ] } },
{ "type": "Feature", "properties": { "id": "node/12418253836", "@id": "node/12418253836", "CovidVaccineCenterId": null, "addr:city": "Edappally", "addr:district": "Ernakulam", "addr:full": null, "addr:housename": null, "addr:housenumber": null, "addr:postcode": "682024", "addr:state": null, "addr:street": "Changampuzha Park Walkway", "addr:subdistrict": null, "alt_name": null, "amenity": "hospital", "branch": null, "check_date": null, "check_date:opening_hours": null, "contact:phone": null, "description": null, "designation": null, "email": null, "emergency": null, "fax": null, "government": null, "health_facility:type": null, "healthcare": "hospital", "healthcare:speciality": "dermatology", "image": null, "name": "Skinsecrets", "name:ar": null, "name:en": null, "name:ml": null, "note": null, "opening_hours": null, "operator": null, "operator:short": null, "operator:type": null, "operator:wikidata": null, "panchayath": null, "phone": null, "ref": null, "source": null, "survey:date": null, "type": null, "ward": null, "website": null, "wheelchair": null }, "geometry": { "type": "Point", "coordinates": [ 76.303057, 10.0169457 ] } },
{ "type": "Feature", "properties": { "id": "node/6957808459", "@id": "node/6957808459", "CovidVaccineCenterId": null, "addr:city": null, "addr:district": "Ernakulam", "addr:full": "Near Edapally Post Office,Manimala Road,Edapally", "addr:housename": null, "addr:housenumber": null, "addr:postcode": "682024", "addr:state": "Kerala", "addr:street": null, "addr:subdistrict": null, "alt_name": null, "amenity": "hospital", "branch": null, "check_date": null, "check_date:opening_hours": null, "contact:phone": null, "description": null, "designation": null, "email": null, "emergency": null, "fax": null, "government": null, "health_facility:type": null, "healthcare": null, "healthcare:speciality": null, "image": null, "name": "Evershine Hospital", "name:ar": null, "name:en": null, "name:ml": null, "note": null, "opening_hours": null, "operator": null, "operator:short": null, "operator:type": null, "operator:wikidata": null, "panchayath": null, "phone": null, "ref": null, "source": "OpenGovernmentData", "survey:date": null, "type": null, "ward": null, "website": null, "wheelchair": null }, "geometry": { "type": "Point", "coordinates": [ 76.3045053, 10.0192427 ] } },
{ "type": "Feature", "properties": { "id": "node/7726235663", "@id": "node/7726235663", "CovidVaccineCenterId": null, "addr:city": null, "addr:district": "Ernakulam", "addr:full": "Nethaji Nagar, Edappally", "addr:housename": null, "addr:housenumber": null, "addr:postcode": "682024", "addr:state": "Kerala", "addr:street": null, "addr:subdistrict": null, "alt_name": null, "amenity": "hospital", "branch": null, "check_date": null, "check_date:opening_hours": null, "contact:phone": null, "description": null, "designation": null, "email": null, "emergency": null, "fax": null, "government": null, "health_facility:type": null, "healthcare": null, "healthcare:speciality": null, "image": null, "name": "Futureace Hospital", "name:ar": null, "name:en": null, "name:ml": null, "note": null, "opening_hours": null, "operator": null, "operator:short": null, "operator:type": null, "operator:wikidata": null, "panchayath": null, "phone": null, "ref": null, "source": "Local Knowledge", "survey:date": null, "type": null, "ward": null, "website": null, "wheelchair": null }, "geometry": { "type": "Point", "coordinates": [ 76.304213, 10.0320122 ] } },
{ "type": "Feature", "properties": { "id": "node/6954410404", "@id": "node/6954410404", "CovidVaccineCenterId": null, "addr:city": null, "addr:district": "Ernakulam", "addr:full": "Edappally North P.O", "addr:housename": null, "addr:housenumber": null, "addr:postcode": "682024", "addr:state": "Kerala", "addr:street": null, "addr:subdistrict": "Kochi", "alt_name": null, "amenity": "hospital", "branch": null, "check_date": null, "check_date:opening_hours": null, "contact:phone": null, "description": null, "designation": null, "email": "mail@punarnava.net", "emergency": null, "fax": null, "government": null, "health_facility:type": "Pizhichil, Njavarakzhi, Vasthi, Sirovasthi, Udvarthanam, Abhayangam", "healthcare": null, "healthcare:speciality": "ayurveda", "image": null, "name": "Punarnava Ayurveda Hospital", "name:ar": null, "name:en": null, "name:ml": null, "note": null, "opening_hours": null, "operator": null, "operator:short": null, "operator:type": "private", "operator:wikidata": null, "panchayath": null, "phone": null, "ref": null, "source": "OpenGovernmentData", "survey:date": null, "type": null, "ward": null, "website": "http://www.punarnava.net", "wheelchair": null }, "geometry": { "type": "Point", "coordinates": [ 76.2977904, 10.0441967 ] } },
{ "type": "Feature", "properties": { "id": "node/7503498039", "@id": "node/7503498039", "CovidVaccineCenterId": null, "addr:city": null, "addr:district": null, "addr:full": null, "addr:housename": null, "addr:housenumber": null, "addr:postcode": null, "addr:state": null, "addr:street": null, "addr:subdistrict": null, "alt_name": null, "amenity": "hospital", "branch": null, "check_date": null, "check_date:opening_hours": null, "contact:phone": null, "description": null, "designation": null, "email": null, "emergency": null, "fax": null, "government": null, "health_facility:type": null, "healthcare": "hospital", "healthcare:speciality": null, "image": null, "name": "cimar mom's hospital", "name:ar": null, "name:en": null, "name:ml": null, "note": null, "opening_hours": null, "operator": null, "operator:short": null, "operator:type": null, "operator:wikidata": null, "panchayath": null, "phone": null, "ref": null, "source": null, "survey:date": null, "type": null, "ward": null, "website": null, "wheelchair": null }, "geometry": { "type": "Point", "coordinates": [ 76.2962954, 10.0512687 ] } },
{ "type": "Feature", "properties": { "id": "node/6951951212", "@id": "node/6951951212", "CovidVaccineCenterId": null, "addr:city": null, "addr:district": "Ernakulam", "addr:full": "Cheranaloor Thykkavu Bus Stop, Tippu Sulthan Road, Cheranellore", "addr:housename": null, "addr:housenumber": null, "addr:postcode": "682031", "addr:state": "Kerala", "addr:street": null, "addr:subdistrict": null, "alt_name": null, "amenity": "hospital", "branch": null, "check_date": null, "check_date:opening_hours": null, "contact:phone": null, "description": null, "designation": null, "email": null, "emergency": null, "fax": null, "government": null, "health_facility:type": null, "healthcare": null, "healthcare:speciality": null, "image": null, "name": "Cimar Cochin Hospital", "name:ar": null, "name:en": null, "name:ml": null, "note": null, "opening_hours": null, "operator": null, "operator:short": null, "operator:type": null, "operator:wikidata": null, "panchayath": null, "phone": null, "ref": null, "source": "OpenGovernmentData", "survey:date": null, "type": null, "ward": null, "website": "https://cimarindia.org/", "wheelchair": null }, "geometry": { "type": "Point", "coordinates": [ 76.296743, 10.0515389 ] } },
{ "type": "Feature", "properties": { "id": "node/9254189192", "@id": "node/9254189192", "CovidVaccineCenterId": null, "addr:city": null, "addr:district": null, "addr:full": null, "addr:housename": null, "addr:housenumber": null, "addr:postcode": null, "addr:state": null, "addr:street": null, "addr:subdistrict": null, "alt_name": null, "amenity": "hospital", "branch": null, "check_date": null, "check_date:opening_hours": null, "contact:phone": null, "description": null, "designation": null, "email": null, "emergency": null, "fax": null, "government": null, "health_facility:type": null, "healthcare": "hospital", "healthcare:speciality": null, "image": null, "name": "SRS Eye Hospital,Bappuji Junction", "name:ar": null, "name:en": null, "name:ml": null, "note": null, "opening_hours": null, "operator": null, "operator:short": null, "operator:type": null, "operator:wikidata": null, "panchayath": null, "phone": null, "ref": null, "source": null, "survey:date": null, "type": null, "ward": null, "website": null, "wheelchair": null }, "geometry": { "type": "Point", "coordinates": [ 76.5934267, 9.8542413 ] } },
{ "type": "Feature", "properties": { "id": "node/9254980827", "@id": "node/9254980827", "CovidVaccineCenterId": null, "addr:city": null, "addr:district": null, "addr:full": null, "addr:housename": null, "addr:housenumber": null, "addr:postcode": null, "addr:state": null, "addr:street": null, "addr:subdistrict": null, "alt_name": null, "amenity": "hospital", "branch": null, "check_date": null, "check_date:opening_hours": null, "contact:phone": null, "description": null, "designation": null, "email": null, "emergency": null, "fax": null, "government": null, "health_facility:type": null, "healthcare": "hospital", "healthcare:speciality": null, "image": null, "name": "Community Health Centre,Mangalathuthazham", "name:ar": null, "name:en": null, "name:ml": null, "note": null, "opening_hours": null, "operator": null, "operator:short": null, "operator:type": null, "operator:wikidata": null, "panchayath": null, "phone": null, "ref": null, "source": null, "survey:date": null, "type": null, "ward": null, "website": null, "wheelchair": null }, "geometry": { "type": "Point", "coordinates": [ 76.6031446, 9.8587378 ] } },
{ "type": "Feature", "properties": { "id": "node/7472842839", "@id": "node/7472842839", "CovidVaccineCenterId": null, "addr:city": null, "addr:district": null, "addr:full": null, "addr:housename": null, "addr:housenumber": null, "addr:postcode": null, "addr:state": null, "addr:street": null, "addr:subdistrict": null, "alt_name": null, "amenity": "hospital", "branch": null, "check_date": null, "check_date:opening_hours": null, "contact:phone": null, "description": null, "designation": null, "email": null, "emergency": null, "fax": null, "government": null, "health_facility:type": null, "healthcare": "hospital", "healthcare:speciality": null, "image": null, "name": "Co-operative hospital,Koothattukulam", "name:ar": null, "name:en": null, "name:ml": null, "note": null, "opening_hours": null, "operator": null, "operator:short": null, "operator:type": null, "operator:wikidata": null, "panchayath": null, "phone": null, "ref": null, "source": null, "survey:date": null, "type": null, "ward": null, "website": null, "wheelchair": null }, "geometry": { "type": "Point", "coordinates": [ 76.5964085, 9.8616687 ] } },
{ "type": "Feature", "properties": { "id": "node/7726235657", "@id": "node/7726235657", "CovidVaccineCenterId": null, "addr:city": null, "addr:district": "Ernakulam", "addr:full": "Koothattukulam", "addr:housename": null, "addr:housenumber": null, "addr:postcode": "686662", "addr:state": "Kerala", "addr:street": null, "addr:subdistrict": null, "alt_name": null, "amenity": "hospital", "branch": null, "check_date": null, "check_date:opening_hours": null, "contact:phone": null, "description": null, "designation": null, "email": null, "emergency": null, "fax": null, "government": null, "health_facility:type": null, "healthcare": null, "healthcare:speciality": null, "image": null, "name": "Sentrum Hospital", "name:ar": null, "name:en": null, "name:ml": null, "note": null, "opening_hours": null, "operator": null, "operator:short": null, "operator:type": null, "operator:wikidata": null, "panchayath": null, "phone": null, "ref": null, "source": "Local Knowledge", "survey:date": null, "type": null, "ward": null, "website": null, "wheelchair": null }, "geometry": { "type": "Point", "coordinates": [ 76.594933, 9.862033 ] } },
{ "type": "Feature", "properties": { "id": "node/7388884440", "@id": "node/7388884440", "CovidVaccineCenterId": null, "addr:city": null, "addr:district": null, "addr:full": null, "addr:housename": null, "addr:housenumber": null, "addr:postcode": null, "addr:state": null, "addr:street": null, "addr:subdistrict": null, "alt_name": null, "amenity": "hospital", "branch": null, "check_date": null, "check_date:opening_hours": null, "contact:phone": null, "description": null, "designation": null, "email": null, "emergency": null, "fax": null, "government": null, "health_facility:type": null, "healthcare": "hospital", "healthcare:speciality": null, "image": null, "name": "Government Ayurveda Hospital", "name:ar": null, "name:en": null, "name:ml": null, "note": null, "opening_hours": null, "operator": null, "operator:short": null, "operator:type": null, "operator:wikidata": null, "panchayath": null, "phone": null, "ref": null, "source": null, "survey:date": null, "type": null, "ward": null, "website": null, "wheelchair": null }, "geometry": { "type": "Point", "coordinates": [ 76.5088789, 9.8631711 ] } },
{ "type": "Feature", "properties": { "id": "node/9468240758", "@id": "node/9468240758", "CovidVaccineCenterId": null, "addr:city": null, "addr:district": null, "addr:full": null, "addr:housename": null, "addr:housenumber": null, "addr:postcode": null, "addr:state": null, "addr:street": null, "addr:subdistrict": null, "alt_name": null, "amenity": "hospital", "branch": null, "check_date": null, "check_date:opening_hours": null, "contact:phone": null, "description": null, "designation": null, "email": null, "emergency": null, "fax": null, "government": null, "health_facility:type": null, "healthcare": "hospital", "healthcare:speciality": null, "image": null, "name": "Community Health Centre, Koothattukulam", "name:ar": null, "name:en": null, "name:ml": null, "note": null, "opening_hours": null, "operator": null, "operator:short": null, "operator:type": null, "operator:wikidata": null, "panchayath": null, "phone": null, "ref": "1561", "source": null, "survey:date": null, "type": null, "ward": null, "website": null, "wheelchair": null }, "geometry": { "type": "Point", "coordinates": [ 76.5962708, 9.8643508 ] } },
{ "type": "Feature", "properties": { "id": "node/7322347271", "@id": "node/7322347271", "CovidVaccineCenterId": null, "addr:city": null, "addr:district": null, "addr:full": null, "addr:housename": null, "addr:housenumber": null, "addr:postcode": null, "addr:state": null, "addr:street": null, "addr:subdistrict": null, "alt_name": null, "amenity": "hospital", "branch": null, "check_date": null, "check_date:opening_hours": null, "contact:phone": null, "description": null, "designation": null, "email": null, "emergency": null, "fax": null, "government": null, "health_facility:type": null, "healthcare": "hospital", "healthcare:speciality": "homeopathy", "image": null, "name": "Chettiyamkunnel Homeo Home", "name:ar": null, "name:en": null, "name:ml": null, "note": null, "opening_hours": null, "operator": null, "operator:short": null, "operator:type": null, "operator:wikidata": null, "panchayath": null, "phone": null, "ref": null, "source": null, "survey:date": null, "type": null, "ward": null, "website": null, "wheelchair": null }, "geometry": { "type": "Point", "coordinates": [ 76.4850303, 9.8730194 ] } },
{ "type": "Feature", "properties": { "id": "node/7331395380", "@id": "node/7331395380", "CovidVaccineCenterId": null, "addr:city": null, "addr:district": null, "addr:full": null, "addr:housename": null, "addr:housenumber": null, "addr:postcode": null, "addr:state": null, "addr:street": null, "addr:subdistrict": null, "alt_name": null, "amenity": "hospital", "branch": null, "check_date": null, "check_date:opening_hours": null, "contact:phone": null, "description": null, "designation": null, "email": null, "emergency": null, "fax": null, "government": null, "health_facility:type": null, "healthcare": "hospital", "healthcare:speciality": null, "image": null, "name": "Veterinary Hospital", "name:ar": null, "name:en": null, "name:ml": null, "note": null, "opening_hours": null, "operator": null, "operator:short": null, "operator:type": null, "operator:wikidata": null, "panchayath": null, "phone": null, "ref": null, "source": null, "survey:date": null, "type": null, "ward": null, "website": null, "wheelchair": null }, "geometry": { "type": "Point", "coordinates": [ 76.5500144, 9.8882827 ] } },
{ "type": "Feature", "properties": { "id": "node/7331417960", "@id": "node/7331417960", "CovidVaccineCenterId": null, "addr:city": null, "addr:district": null, "addr:full": null, "addr:housename": null, "addr:housenumber": null, "addr:postcode": null, "addr:state": null, "addr:street": null, "addr:subdistrict": null, "alt_name": null, "amenity": "hospital", "branch": null, "check_date": null, "check_date:opening_hours": null, "contact:phone": null, "description": null, "designation": null, "email": null, "emergency": null, "fax": null, "government": null, "health_facility:type": null, "healthcare": "hospital", "healthcare:speciality": null, "image": null, "name": "Familyy Health Centre, Thirumarady", "name:ar": null, "name:en": null, "name:ml": null, "note": null, "opening_hours": null, "operator": "Department of Health and Family Welfare", "operator:short": null, "operator:type": "government", "operator:wikidata": null, "panchayath": null, "phone": null, "ref": "1560", "source": null, "survey:date": null, "type": null, "ward": null, "website": null, "wheelchair": null }, "geometry": { "type": "Point", "coordinates": [ 76.5510551, 9.8885997 ] } },
{ "type": "Feature", "properties": { "id": "node/8935976050", "@id": "node/8935976050", "CovidVaccineCenterId": null, "addr:city": null, "addr:district": null, "addr:full": null, "addr:housename": null, "addr:housenumber": null, "addr:postcode": null, "addr:state": null, "addr:street": null, "addr:subdistrict": null, "alt_name": null, "amenity": "hospital", "branch": null, "check_date": null, "check_date:opening_hours": null, "contact:phone": null, "description": null, "designation": null, "email": null, "emergency": null, "fax": null, "government": null, "health_facility:type": null, "healthcare": "hospital", "healthcare:speciality": null, "image": null, "name": "Dona s homeopathiclinic", "name:ar": null, "name:en": null, "name:ml": null, "note": null, "opening_hours": null, "operator": null, "operator:short": null, "operator:type": null, "operator:wikidata": null, "panchayath": null, "phone": null, "ref": null, "source": null, "survey:date": null, "type": null, "ward": null, "website": null, "wheelchair": null }, "geometry": { "type": "Point", "coordinates": [ 76.4624717, 9.8923814 ] } },
{ "type": "Feature", "properties": { "id": "node/8882500237", "@id": "node/8882500237", "CovidVaccineCenterId": null, "addr:city": null, "addr:district": null, "addr:full": null, "addr:housename": null, "addr:housenumber": null, "addr:postcode": null, "addr:state": null, "addr:street": null, "addr:subdistrict": null, "alt_name": null, "amenity": "hospital", "branch": null, "check_date": null, "check_date:opening_hours": null, "contact:phone": null, "description": null, "designation": null, "email": null, "emergency": null, "fax": null, "government": null, "health_facility:type": null, "healthcare": "hospital", "healthcare:speciality": null, "image": null, "name": "Primary Health Centre Palakuzha", "name:ar": null, "name:en": null, "name:ml": null, "note": null, "opening_hours": null, "operator": null, "operator:short": null, "operator:type": null, "operator:wikidata": null, "panchayath": null, "phone": null, "ref": "1558", "source": null, "survey:date": null, "type": "11", "ward": null, "website": null, "wheelchair": null }, "geometry": { "type": "Point", "coordinates": [ 76.4324751, 9.893069 ] } },
{ "type": "Feature", "properties": { "id": "node/7319293101", "@id": "node/7319293101", "CovidVaccineCenterId": null, "addr:city": null, "addr:district": null, "addr:full": null, "addr:housename": null, "addr:housenumber": null, "addr:postcode": null, "addr:state": null, "addr:street": null, "addr:subdistrict": null, "alt_name": null, "amenity": "hospital", "branch": null, "check_date": null, "check_date:opening_hours": null, "contact:phone": null, "description": null, "designation": null, "email": null, "emergency": null, "fax": null, "government": null, "health_facility:type": null, "healthcare": "hospital", "healthcare:speciality": null, "image": null, "name": "St Thomas Clinic", "name:ar": null, "name:en": null, "name:ml": null, "note": null, "opening_hours": null, "operator": null, "operator:short": null, "operator:type": null, "operator:wikidata": null, "panchayath": null, "phone": null, "ref": null, "source": null, "survey:date": null, "type": null, "ward": null, "website": null, "wheelchair": null }, "geometry": { "type": "Point", "coordinates": [ 76.3965886, 9.9000429 ] } },
{ "type": "Feature", "properties": { "id": "node/7319337455", "@id": "node/7319337455", "CovidVaccineCenterId": null, "addr:city": null, "addr:district": null, "addr:full": null, "addr:housename": null, "addr:housenumber": null, "addr:postcode": null, "addr:state": null, "addr:street": null, "addr:subdistrict": null, "alt_name": null, "amenity": "hospital", "branch": null, "check_date": null, "check_date:opening_hours": null, "contact:phone": null, "description": null, "designation": null, "email": null, "emergency": null, "fax": null, "government": null, "health_facility:type": null, "healthcare": "hospital", "healthcare:speciality": null, "image": null, "name": "MMC Hospital", "name:ar": null, "name:en": null, "name:ml": null, "note": null, "opening_hours": null, "operator": null, "operator:short": null, "operator:type": null, "operator:wikidata": null, "panchayath": null, "phone": null, "ref": null, "source": null, "survey:date": null, "type": null, "ward": null, "website": null, "wheelchair": null }, "geometry": { "type": "Point", "coordinates": [ 76.3843557, 9.9010103 ] } },
{ "type": "Feature", "properties": { "id": "node/7319312331", "@id": "node/7319312331", "CovidVaccineCenterId": null, "addr:city": null, "addr:district": null, "addr:full": null, "addr:housename": null, "addr:housenumber": null, "addr:postcode": null, "addr:state": null, "addr:street": null, "addr:subdistrict": null, "alt_name": null, "amenity": "hospital", "branch": null, "check_date": null, "check_date:opening_hours": null, "contact:phone": null, "description": null, "designation": null, "email": null, "emergency": null, "fax": null, "government": null, "health_facility:type": null, "healthcare": "hospital", "healthcare:speciality": null, "image": null, "name": "Mulanthuruthy Government Homoeo Dispensary", "name:ar": null, "name:en": null, "name:ml": null, "note": null, "opening_hours": null, "operator": null, "operator:short": null, "operator:type": null, "operator:wikidata": null, "panchayath": null, "phone": null, "ref": null, "source": null, "survey:date": null, "type": null, "ward": null, "website": null, "wheelchair": null }, "geometry": { "type": "Point", "coordinates": [ 76.3874512, 9.9011502 ] } },
{ "type": "Feature", "properties": { "id": "node/7458967931", "@id": "node/7458967931", "CovidVaccineCenterId": null, "addr:city": null, "addr:district": null, "addr:full": null, "addr:housename": null, "addr:housenumber": null, "addr:postcode": null, "addr:state": null, "addr:street": null, "addr:subdistrict": null, "alt_name": null, "amenity": "hospital", "branch": null, "check_date": null, "check_date:opening_hours": null, "contact:phone": null, "description": null, "designation": null, "email": null, "emergency": null, "fax": null, "government": null, "health_facility:type": null, "healthcare": "hospital", "healthcare:speciality": null, "image": null, "name": "skin and child clinic", "name:ar": null, "name:en": null, "name:ml": null, "note": null, "opening_hours": null, "operator": null, "operator:short": null, "operator:type": null, "operator:wikidata": null, "panchayath": null, "phone": null, "ref": null, "source": null, "survey:date": null, "type": null, "ward": null, "website": null, "wheelchair": null }, "geometry": { "type": "Point", "coordinates": [ 76.3901726, 9.9233882 ] } },
{ "type": "Feature", "properties": { "id": "node/6953285687", "@id": "node/6953285687", "CovidVaccineCenterId": null, "addr:city": null, "addr:district": "Ernakulam", "addr:full": "Chottanikkara", "addr:housename": null, "addr:housenumber": null, "addr:postcode": "682312", "addr:state": "Kerala", "addr:street": null, "addr:subdistrict": null, "alt_name": "Sir Dorabji Tata Trust Aided Hospital", "amenity": "hospital", "branch": null, "check_date": null, "check_date:opening_hours": null, "contact:phone": null, "description": null, "designation": null, "email": null, "emergency": null, "fax": null, "government": null, "health_facility:type": null, "healthcare": null, "healthcare:speciality": null, "image": null, "name": "SD Tata Hospital", "name:ar": null, "name:en": null, "name:ml": null, "note": null, "opening_hours": null, "operator": null, "operator:short": null, "operator:type": null, "operator:wikidata": null, "panchayath": null, "phone": null, "ref": null, "source": "OpenGovernmentData", "survey:date": null, "type": null, "ward": null, "website": null, "wheelchair": null }, "geometry": { "type": "Point", "coordinates": [ 76.3912795, 9.9280376 ] } },
{ "type": "Feature", "properties": { "id": "node/7462923349", "@id": "node/7462923349", "CovidVaccineCenterId": null, "addr:city": null, "addr:district": null, "addr:full": null, "addr:housename": null, "addr:housenumber": null, "addr:postcode": null, "addr:state": null, "addr:street": null, "addr:subdistrict": null, "alt_name": null, "amenity": "hospital", "branch": null, "check_date": null, "check_date:opening_hours": null, "contact:phone": null, "description": null, "designation": null, "email": null, "emergency": null, "fax": null, "government": null, "health_facility:type": null, "healthcare": "hospital", "healthcare:speciality": null, "image": null, "name": "Kottakal Arya Vaidya Sala", "name:ar": null, "name:en": null, "name:ml": null, "note": null, "opening_hours": null, "operator": null, "operator:short": null, "operator:type": null, "operator:wikidata": null, "panchayath": null, "phone": null, "ref": null, "source": null, "survey:date": null, "type": null, "ward": null, "website": null, "wheelchair": null }, "geometry": { "type": "Point", "coordinates": [ 76.3879899, 9.9333953 ] } },
{ "type": "Feature", "properties": { "id": "node/10941996393", "@id": "node/10941996393", "CovidVaccineCenterId": null, "addr:city": null, "addr:district": null, "addr:full": null, "addr:housename": null, "addr:housenumber": null, "addr:postcode": null, "addr:state": null, "addr:street": null, "addr:subdistrict": null, "alt_name": null, "amenity": "hospital", "branch": null, "check_date": null, "check_date:opening_hours": null, "contact:phone": null, "description": null, "designation": null, "email": null, "emergency": null, "fax": null, "government": null, "health_facility:type": null, "healthcare": "hospital", "healthcare:speciality": null, "image": null, "name": null, "name:ar": null, "name:en": null, "name:ml": null, "note": null, "opening_hours": null, "operator": null, "operator:short": null, "operator:type": null, "operator:wikidata": null, "panchayath": null, "phone": null, "ref": null, "source": null, "survey:date": null, "type": null, "ward": null, "website": null, "wheelchair": null }, "geometry": { "type": "Point", "coordinates": [ 76.4105859, 9.9617178 ] } },
{ "type": "Feature", "properties": { "id": "node/8396357404", "@id": "node/8396357404", "CovidVaccineCenterId": null, "addr:city": "Puthencruz", "addr:district": null, "addr:full": null, "addr:housename": null, "addr:housenumber": null, "addr:postcode": "682308", "addr:state": null, "addr:street": null, "addr:subdistrict": null, "alt_name": null, "amenity": "hospital", "branch": null, "check_date": null, "check_date:opening_hours": null, "contact:phone": null, "description": null, "designation": null, "email": null, "emergency": null, "fax": null, "government": null, "health_facility:type": null, "healthcare": "hospital", "healthcare:speciality": "homeopathic", "image": null, "name": "Homeopathic Hospital", "name:ar": null, "name:en": null, "name:ml": null, "note": null, "opening_hours": null, "operator": null, "operator:short": null, "operator:type": null, "operator:wikidata": null, "panchayath": null, "phone": null, "ref": null, "source": null, "survey:date": null, "type": null, "ward": null, "website": null, "wheelchair": null }, "geometry": { "type": "Point", "coordinates": [ 76.4232657, 9.9690891 ] } },
{ "type": "Feature", "properties": { "id": "node/6465137211", "@id": "node/6465137211", "CovidVaccineCenterId": null, "addr:city": null, "addr:district": null, "addr:full": null, "addr:housename": null, "addr:housenumber": null, "addr:postcode": null, "addr:state": null, "addr:street": null, "addr:subdistrict": null, "alt_name": null, "amenity": "hospital", "branch": null, "check_date": null, "check_date:opening_hours": null, "contact:phone": null, "description": null, "designation": null, "email": null, "emergency": null, "fax": null, "government": null, "health_facility:type": null, "healthcare": null, "healthcare:speciality": null, "image": null, "name": "Government Ayurvedic Hospital", "name:ar": null, "name:en": null, "name:ml": null, "note": null, "opening_hours": null, "operator": null, "operator:short": null, "operator:type": null, "operator:wikidata": null, "panchayath": null, "phone": null, "ref": null, "source": null, "survey:date": null, "type": null, "ward": null, "website": null, "wheelchair": null }, "geometry": { "type": "Point", "coordinates": [ 76.3579443, 9.9242502 ] } },
{ "type": "Feature", "properties": { "id": "node/8882347518", "@id": "node/8882347518", "CovidVaccineCenterId": null, "addr:city": null, "addr:district": null, "addr:full": null, "addr:housename": null, "addr:housenumber": null, "addr:postcode": null, "addr:state": null, "addr:street": null, "addr:subdistrict": null, "alt_name": null, "amenity": "hospital", "branch": null, "check_date": null, "check_date:opening_hours": null, "contact:phone": null, "description": null, "designation": null, "email": null, "emergency": null, "fax": null, "government": null, "health_facility:type": null, "healthcare": "hospital", "healthcare:speciality": null, "image": null, "name": "Thripunithura Ramavarma Palace Dispensary", "name:ar": null, "name:en": null, "name:ml": null, "note": null, "opening_hours": null, "operator": null, "operator:short": null, "operator:type": null, "operator:wikidata": null, "panchayath": null, "phone": null, "ref": "1527", "source": null, "survey:date": null, "type": "9", "ward": null, "website": null, "wheelchair": null }, "geometry": { "type": "Point", "coordinates": [ 76.3532833, 9.9336989 ] } },
{ "type": "Feature", "properties": { "id": "node/7227115095", "@id": "node/7227115095", "CovidVaccineCenterId": null, "addr:city": null, "addr:district": null, "addr:full": null, "addr:housename": null, "addr:housenumber": null, "addr:postcode": null, "addr:state": null, "addr:street": null, "addr:subdistrict": null, "alt_name": null, "amenity": "hospital", "branch": null, "check_date": null, "check_date:opening_hours": null, "contact:phone": null, "description": null, "designation": null, "email": null, "emergency": null, "fax": null, "government": null, "health_facility:type": null, "healthcare": "hospital", "healthcare:speciality": null, "image": null, "name": "DDC", "name:ar": null, "name:en": null, "name:ml": null, "note": null, "opening_hours": null, "operator": null, "operator:short": null, "operator:type": null, "operator:wikidata": null, "panchayath": null, "phone": null, "ref": null, "source": null, "survey:date": null, "type": null, "ward": null, "website": null, "wheelchair": null }, "geometry": { "type": "Point", "coordinates": [ 76.3469619, 9.9417653 ] } },
{ "type": "Feature", "properties": { "id": "node/1190881322", "@id": "node/1190881322", "CovidVaccineCenterId": null, "addr:city": null, "addr:district": null, "addr:full": null, "addr:housename": null, "addr:housenumber": null, "addr:postcode": null, "addr:state": null, "addr:street": null, "addr:subdistrict": null, "alt_name": null, "amenity": "hospital", "branch": null, "check_date": null, "check_date:opening_hours": null, "contact:phone": null, "description": null, "designation": null, "email": null, "emergency": null, "fax": null, "government": null, "health_facility:type": null, "healthcare": null, "healthcare:speciality": null, "image": null, "name": "Naliyath Medical Chamber", "name:ar": null, "name:en": null, "name:ml": null, "note": null, "opening_hours": null, "operator": null, "operator:short": null, "operator:type": null, "operator:wikidata": null, "panchayath": null, "phone": null, "ref": null, "source": null, "survey:date": null, "type": null, "ward": null, "website": null, "wheelchair": null }, "geometry": { "type": "Point", "coordinates": [ 76.3741513, 9.9432462 ] } },
{ "type": "Feature", "properties": { "id": "node/1474217343", "@id": "node/1474217343", "CovidVaccineCenterId": null, "addr:city": null, "addr:district": null, "addr:full": null, "addr:housename": null, "addr:housenumber": null, "addr:postcode": null, "addr:state": null, "addr:street": null, "addr:subdistrict": null, "alt_name": null, "amenity": "hospital", "branch": null, "check_date": null, "check_date:opening_hours": null, "contact:phone": null, "description": null, "designation": null, "email": null, "emergency": null, "fax": null, "government": null, "health_facility:type": null, "healthcare": "hospital", "healthcare:speciality": null, "image": null, "name": "Government Ayurveda Hospital", "name:ar": null, "name:en": null, "name:ml": null, "note": null, "opening_hours": null, "operator": null, "operator:short": null, "operator:type": null, "operator:wikidata": null, "panchayath": null, "phone": null, "ref": null, "source": null, "survey:date": null, "type": null, "ward": null, "website": null, "wheelchair": null }, "geometry": { "type": "Point", "coordinates": [ 76.349062, 9.9438728 ] } },
{ "type": "Feature", "properties": { "id": "node/2376840237", "@id": "node/2376840237", "CovidVaccineCenterId": null, "addr:city": null, "addr:district": null, "addr:full": null, "addr:housename": null, "addr:housenumber": null, "addr:postcode": null, "addr:state": null, "addr:street": null, "addr:subdistrict": null, "alt_name": null, "amenity": "hospital", "branch": null, "check_date": null, "check_date:opening_hours": null, "contact:phone": null, "description": null, "designation": null, "email": null, "emergency": "no", "fax": null, "government": null, "health_facility:type": null, "healthcare": "hospital", "healthcare:speciality": null, "image": null, "name": "Nirmala Hospital", "name:ar": null, "name:en": null, "name:ml": null, "note": null, "opening_hours": null, "operator": null, "operator:short": null, "operator:type": null, "operator:wikidata": null, "panchayath": null, "phone": null, "ref": null, "source": null, "survey:date": null, "type": null, "ward": null, "website": null, "wheelchair": null }, "geometry": { "type": "Point", "coordinates": [ 76.3727576, 9.9446102 ] } },
{ "type": "Feature", "properties": { "id": "node/13805468085", "@id": "node/13805468085", "CovidVaccineCenterId": null, "addr:city": null, "addr:district": null, "addr:full": null, "addr:housename": null, "addr:housenumber": null, "addr:postcode": null, "addr:state": null, "addr:street": null, "addr:subdistrict": null, "alt_name": null, "amenity": "hospital", "branch": null, "check_date": null, "check_date:opening_hours": null, "contact:phone": null, "description": null, "designation": null, "email": null, "emergency": null, "fax": null, "government": null, "health_facility:type": null, "healthcare": null, "healthcare:speciality": null, "image": null, "name": "25th Hour Clinic", "name:ar": null, "name:en": null, "name:ml": null, "note": null, "opening_hours": null, "operator": null, "operator:short": null, "operator:type": null, "operator:wikidata": null, "panchayath": null, "phone": null, "ref": null, "source": null, "survey:date": null, "type": null, "ward": null, "website": null, "wheelchair": null }, "geometry": { "type": "Point", "coordinates": [ 76.3485135, 9.9455961 ] } },
{ "type": "Feature", "properties": { "id": "node/9401735908", "@id": "node/9401735908", "CovidVaccineCenterId": null, "addr:city": "Thripunithura", "addr:district": null, "addr:full": null, "addr:housename": null, "addr:housenumber": null, "addr:postcode": "682301", "addr:state": null, "addr:street": "Layam Road", "addr:subdistrict": null, "alt_name": null, "amenity": "hospital", "branch": null, "check_date": null, "check_date:opening_hours": null, "contact:phone": null, "description": null, "designation": null, "email": null, "emergency": null, "fax": null, "government": null, "health_facility:type": null, "healthcare": "hospital", "healthcare:speciality": null, "image": null, "name": "Amrutha Ayurveda Hospital", "name:ar": null, "name:en": null, "name:ml": null, "note": null, "opening_hours": null, "operator": null, "operator:short": null, "operator:type": null, "operator:wikidata": null, "panchayath": null, "phone": null, "ref": null, "source": null, "survey:date": null, "type": null, "ward": null, "website": null, "wheelchair": null }, "geometry": { "type": "Point", "coordinates": [ 76.3462484, 9.9465204 ] } },
{ "type": "Feature", "properties": { "id": "node/6950762961", "@id": "node/6950762961", "CovidVaccineCenterId": null, "addr:city": null, "addr:district": "Ernakulam", "addr:full": "Hill Palace Road,Near Railway Over Bridge", "addr:housename": null, "addr:housenumber": null, "addr:postcode": "682301", "addr:state": "Kerala", "addr:street": null, "addr:subdistrict": null, "alt_name": null, "amenity": "hospital", "branch": null, "check_date": null, "check_date:opening_hours": null, "contact:phone": null, "description": null, "designation": null, "email": null, "emergency": null, "fax": null, "government": null, "health_facility:type": null, "healthcare": null, "healthcare:speciality": null, "image": null, "name": "R C M Eye Hospital", "name:ar": null, "name:en": null, "name:ml": null, "note": null, "opening_hours": null, "operator": null, "operator:short": null, "operator:type": null, "operator:wikidata": null, "panchayath": null, "phone": null, "ref": null, "source": "OpenGovernmentData", "survey:date": null, "type": null, "ward": null, "website": null, "wheelchair": null }, "geometry": { "type": "Point", "coordinates": [ 76.3522044, 9.9467902 ] } },
{ "type": "Feature", "properties": { "id": "node/7471299053", "@id": "node/7471299053", "CovidVaccineCenterId": null, "addr:city": null, "addr:district": null, "addr:full": null, "addr:housename": null, "addr:housenumber": null, "addr:postcode": null, "addr:state": null, "addr:street": null, "addr:subdistrict": null, "alt_name": null, "amenity": "hospital", "branch": null, "check_date": null, "check_date:opening_hours": null, "contact:phone": null, "description": null, "designation": null, "email": null, "emergency": null, "fax": null, "government": null, "health_facility:type": null, "healthcare": "hospital", "healthcare:speciality": null, "image": null, "name": "Roshan Eye Care", "name:ar": null, "name:en": null, "name:ml": null, "note": null, "opening_hours": null, "operator": null, "operator:short": null, "operator:type": null, "operator:wikidata": null, "panchayath": null, "phone": null, "ref": null, "source": null, "survey:date": null, "type": null, "ward": null, "website": null, "wheelchair": null }, "geometry": { "type": "Point", "coordinates": [ 76.3458182, 9.9517542 ] } },
{ "type": "Feature", "properties": { "id": "node/10972467821", "@id": "node/10972467821", "CovidVaccineCenterId": null, "addr:city": null, "addr:district": null, "addr:full": null, "addr:housename": null, "addr:housenumber": null, "addr:postcode": null, "addr:state": null, "addr:street": null, "addr:subdistrict": null, "alt_name": null, "amenity": "hospital", "branch": null, "check_date": null, "check_date:opening_hours": null, "contact:phone": null, "description": null, "designation": null, "email": null, "emergency": null, "fax": null, "government": null, "health_facility:type": null, "healthcare": "hospital", "healthcare:speciality": null, "image": null, "name": "Public Health Centre", "name:ar": null, "name:en": null, "name:ml": null, "note": null, "opening_hours": null, "operator": null, "operator:short": null, "operator:type": null, "operator:wikidata": null, "panchayath": null, "phone": null, "ref": null, "source": null, "survey:date": null, "type": null, "ward": null, "website": null, "wheelchair": null }, "geometry": { "type": "Point", "coordinates": [ 76.5198065, 9.9090061 ] } },
{ "type": "Feature", "properties": { "id": "node/10972467823", "@id": "node/10972467823", "CovidVaccineCenterId": null, "addr:city": null, "addr:district": null, "addr:full": null, "addr:housename": null, "addr:housenumber": null, "addr:postcode": null, "addr:state": null, "addr:street": null, "addr:subdistrict": null, "alt_name": null, "amenity": "hospital", "branch": null, "check_date": null, "check_date:opening_hours": null, "contact:phone": null, "description": null, "designation": null, "email": null, "emergency": null, "fax": null, "government": null, "health_facility:type": null, "healthcare": "hospital", "healthcare:speciality": null, "image": null, "name": "St Johns Hospital", "name:ar": null, "name:en": null, "name:ml": null, "note": null, "opening_hours": null, "operator": null, "operator:short": null, "operator:type": null, "operator:wikidata": null, "panchayath": null, "phone": null, "ref": null, "source": null, "survey:date": null, "type": null, "ward": null, "website": null, "wheelchair": null }, "geometry": { "type": "Point", "coordinates": [ 76.5215966, 9.9195789 ] } },
{ "type": "Feature", "properties": { "id": "node/10972467822", "@id": "node/10972467822", "CovidVaccineCenterId": null, "addr:city": null, "addr:district": null, "addr:full": null, "addr:housename": null, "addr:housenumber": null, "addr:postcode": null, "addr:state": null, "addr:street": null, "addr:subdistrict": null, "alt_name": null, "amenity": "hospital", "branch": null, "check_date": null, "check_date:opening_hours": null, "contact:phone": null, "description": null, "designation": null, "email": null, "emergency": null, "fax": null, "government": null, "health_facility:type": null, "healthcare": "hospital", "healthcare:speciality": null, "image": null, "name": "Community Health center Ramamangalm", "name:ar": null, "name:en": null, "name:ml": null, "note": null, "opening_hours": null, "operator": null, "operator:short": null, "operator:type": null, "operator:wikidata": null, "panchayath": null, "phone": null, "ref": null, "source": null, "survey:date": null, "type": null, "ward": null, "website": null, "wheelchair": null }, "geometry": { "type": "Point", "coordinates": [ 76.52386, 9.9235373 ] } },
{ "type": "Feature", "properties": { "id": "node/7726206293", "@id": "node/7726206293", "CovidVaccineCenterId": null, "addr:city": null, "addr:district": "Ernakulam", "addr:full": "Pallikkavu Road, Arakuzha Road, Muvattupuzha", "addr:housename": null, "addr:housenumber": null, "addr:postcode": "686661", "addr:state": "Kerala", "addr:street": null, "addr:subdistrict": null, "alt_name": null, "amenity": "hospital", "branch": null, "check_date": null, "check_date:opening_hours": null, "contact:phone": null, "description": null, "designation": null, "email": null, "emergency": null, "fax": null, "government": null, "health_facility:type": null, "healthcare": "hospital", "healthcare:speciality": null, "image": null, "name": "Samwarthika Ayurveda Hospital", "name:ar": null, "name:en": null, "name:ml": null, "note": null, "opening_hours": null, "operator": null, "operator:short": null, "operator:type": null, "operator:wikidata": null, "panchayath": null, "phone": null, "ref": null, "source": "Local Knowledge", "survey:date": null, "type": null, "ward": null, "website": null, "wheelchair": null }, "geometry": { "type": "Point", "coordinates": [ 76.5857635, 9.9707114 ] } },
{ "type": "Feature", "properties": { "id": "node/8397147448", "@id": "node/8397147448", "CovidVaccineCenterId": null, "addr:city": "muvattupuzha", "addr:district": null, "addr:full": null, "addr:housename": null, "addr:housenumber": null, "addr:postcode": "686673", "addr:state": null, "addr:street": "randar p.o", "addr:subdistrict": null, "alt_name": null, "amenity": "hospital", "branch": null, "check_date": null, "check_date:opening_hours": null, "contact:phone": null, "description": null, "designation": null, "email": null, "emergency": null, "fax": null, "government": null, "health_facility:type": null, "healthcare": "hospital", "healthcare:speciality": "general", "image": null, "name": "clinic", "name:ar": null, "name:en": null, "name:ml": null, "note": null, "opening_hours": null, "operator": null, "operator:short": null, "operator:type": null, "operator:wikidata": null, "panchayath": null, "phone": null, "ref": null, "source": null, "survey:date": null, "type": null, "ward": null, "website": null, "wheelchair": null }, "geometry": { "type": "Point", "coordinates": [ 76.606085, 9.9827432 ] } },
{ "type": "Feature", "properties": { "id": "node/2885391175", "@id": "node/2885391175", "CovidVaccineCenterId": null, "addr:city": null, "addr:district": "Ernakulam", "addr:full": "T. B. Junction", "addr:housename": null, "addr:housenumber": null, "addr:postcode": "686661", "addr:state": "Kerala", "addr:street": null, "addr:subdistrict": null, "alt_name": null, "amenity": "hospital", "branch": null, "check_date": null, "check_date:opening_hours": null, "contact:phone": null, "description": null, "designation": null, "email": null, "emergency": "yes", "fax": "2835557", "government": null, "health_facility:type": null, "healthcare": "hospital", "healthcare:speciality": null, "image": null, "name": "Ushus Hospital.", "name:ar": null, "name:en": null, "name:ml": null, "note": null, "opening_hours": null, "operator": null, "operator:short": null, "operator:type": null, "operator:wikidata": null, "panchayath": null, "phone": null, "ref": null, "source": "OpenGovernmentData", "survey:date": null, "type": null, "ward": null, "website": null, "wheelchair": null }, "geometry": { "type": "Point", "coordinates": [ 76.5778883, 9.9832872 ] } },
{ "type": "Feature", "properties": { "id": "node/7467923855", "@id": "node/7467923855", "CovidVaccineCenterId": null, "addr:city": "Muvattupuzha", "addr:district": null, "addr:full": null, "addr:housename": null, "addr:housenumber": "Government Homoeo Hospital", "addr:postcode": "686673", "addr:state": null, "addr:street": "Market P.O. , Everest Junction", "addr:subdistrict": null, "alt_name": null, "amenity": "hospital", "branch": null, "check_date": null, "check_date:opening_hours": null, "contact:phone": null, "description": null, "designation": null, "email": null, "emergency": null, "fax": null, "government": null, "health_facility:type": null, "healthcare": "hospital", "healthcare:speciality": null, "image": null, "name": "Government Homoeo Hospital Muvattupuzha", "name:ar": null, "name:en": null, "name:ml": null, "note": null, "opening_hours": null, "operator": null, "operator:short": null, "operator:type": null, "operator:wikidata": null, "panchayath": null, "phone": null, "ref": null, "source": null, "survey:date": null, "type": null, "ward": null, "website": null, "wheelchair": null }, "geometry": { "type": "Point", "coordinates": [ 76.5808379, 9.9881453 ] } },
{ "type": "Feature", "properties": { "id": "node/7465168716", "@id": "node/7465168716", "CovidVaccineCenterId": null, "addr:city": "മുവാറ്റുപുഴ", "addr:district": null, "addr:full": null, "addr:housename": null, "addr:housenumber": null, "addr:postcode": "686673", "addr:state": null, "addr:street": "ബിഓസി  ജംഗ്ഷൻ", "addr:subdistrict": null, "alt_name": null, "amenity": "hospital", "branch": null, "check_date": null, "check_date:opening_hours": null, "contact:phone": null, "description": null, "designation": null, "email": null, "emergency": null, "fax": null, "government": null, "health_facility:type": null, "healthcare": "hospital", "healthcare:speciality": "general", "image": null, "name": "നെടുംചാലിൽ ട്രസ്റ്റ് ആശുപത്രി", "name:ar": null, "name:en": "Nedumchalil Trust Hospital", "name:ml": null, "note": null, "opening_hours": null, "operator": "Nedumchalil Trust", "operator:short": null, "operator:type": "private", "operator:wikidata": null, "panchayath": null, "phone": "+914852811230", "ref": null, "source": null, "survey:date": null, "type": null, "ward": null, "website": null, "wheelchair": null }, "geometry": { "type": "Point", "coordinates": [ 76.577658, 9.9887939 ] } },
{ "type": "Feature", "properties": { "id": "node/6957927314", "@id": "node/6957927314", "CovidVaccineCenterId": null, "addr:city": null, "addr:district": "Ernakulam", "addr:full": "Velloorkunnam, Muvattupuzha", "addr:housename": null, "addr:housenumber": null, "addr:postcode": "686661", "addr:state": "Kerala", "addr:street": null, "addr:subdistrict": null, "alt_name": null, "amenity": "hospital", "branch": null, "check_date": null, "check_date:opening_hours": null, "contact:phone": null, "description": null, "designation": null, "email": null, "emergency": null, "fax": null, "government": null, "health_facility:type": null, "healthcare": "hospital", "healthcare:speciality": null, "image": null, "name": "Ahalia Foundation Eye Hospital, Muvattupuzha", "name:ar": null, "name:en": null, "name:ml": null, "note": null, "opening_hours": null, "operator": null, "operator:short": null, "operator:type": null, "operator:wikidata": null, "panchayath": null, "phone": null, "ref": null, "source": "OpenGovernmentData", "survey:date": "2021-11-13T00:00:00", "type": null, "ward": null, "website": null, "wheelchair": null }, "geometry": { "type": "Point", "coordinates": [ 76.5726739, 9.9896838 ] } },
{ "type": "Feature", "properties": { "id": "node/1474212725", "@id": "node/1474212725", "CovidVaccineCenterId": null, "addr:city": null, "addr:district": null, "addr:full": null, "addr:housename": null, "addr:housenumber": null, "addr:postcode": null, "addr:state": null, "addr:street": null, "addr:subdistrict": null, "alt_name": null, "amenity": "hospital", "branch": null, "check_date": null, "check_date:opening_hours": null, "contact:phone": null, "description": null, "designation": null, "email": null, "emergency": null, "fax": null, "government": null, "health_facility:type": null, "healthcare": "hospital", "healthcare:speciality": null, "image": null, "name": "Varma Hospital", "name:ar": null, "name:en": null, "name:ml": null, "note": null, "opening_hours": null, "operator": null, "operator:short": null, "operator:type": null, "operator:wikidata": null, "panchayath": null, "phone": null, "ref": null, "source": null, "survey:date": null, "type": null, "ward": null, "website": null, "wheelchair": null }, "geometry": { "type": "Point", "coordinates": [ 76.3423588, 9.9538555 ] } },
{ "type": "Feature", "properties": { "id": "node/11813203174", "@id": "node/11813203174", "CovidVaccineCenterId": null, "addr:city": null, "addr:district": null, "addr:full": null, "addr:housename": null, "addr:housenumber": null, "addr:postcode": null, "addr:state": null, "addr:street": null, "addr:subdistrict": null, "alt_name": null, "amenity": "hospital", "branch": null, "check_date": null, "check_date:opening_hours": null, "contact:phone": null, "description": null, "designation": null, "email": null, "emergency": null, "fax": null, "government": null, "health_facility:type": null, "healthcare": "hospital", "healthcare:speciality": "general;internal", "image": null, "name": "Doctor Peter's Clinic", "name:ar": null, "name:en": null, "name:ml": null, "note": null, "opening_hours": null, "operator": "Peter", "operator:short": null, "operator:type": "private", "operator:wikidata": null, "panchayath": null, "phone": null, "ref": null, "source": null, "survey:date": null, "type": null, "ward": null, "website": null, "wheelchair": null }, "geometry": { "type": "Point", "coordinates": [ 76.3566938, 9.962874 ] } },
{ "type": "Feature", "properties": { "id": "node/6950320823", "@id": "node/6950320823", "CovidVaccineCenterId": null, "addr:city": null, "addr:district": "Ernakulam", "addr:full": "Tripunithura, Ernakulam, Kerala", "addr:housename": null, "addr:housenumber": null, "addr:postcode": "682306", "addr:state": "Kerala", "addr:street": null, "addr:subdistrict": null, "alt_name": null, "amenity": "hospital", "branch": null, "check_date": null, "check_date:opening_hours": null, "contact:phone": null, "description": null, "designation": null, "email": null, "emergency": null, "fax": null, "government": null, "health_facility:type": null, "healthcare": "hospital", "healthcare:speciality": null, "image": null, "name": "Cochin Ariya Vaidya Sala", "name:ar": null, "name:en": null, "name:ml": null, "note": null, "opening_hours": null, "operator": null, "operator:short": null, "operator:type": null, "operator:wikidata": null, "panchayath": null, "phone": null, "ref": null, "source": "OpenGovernmentData", "survey:date": null, "type": null, "ward": null, "website": null, "wheelchair": null }, "geometry": { "type": "Point", "coordinates": [ 76.3380557, 9.9696286 ] } },
{ "type": "Feature", "properties": { "id": "node/8871647989", "@id": "node/8871647989", "CovidVaccineCenterId": null, "addr:city": null, "addr:district": null, "addr:full": null, "addr:housename": null, "addr:housenumber": null, "addr:postcode": null, "addr:state": null, "addr:street": null, "addr:subdistrict": null, "alt_name": null, "amenity": "hospital", "branch": null, "check_date": null, "check_date:opening_hours": null, "contact:phone": null, "description": null, "designation": null, "email": null, "emergency": null, "fax": null, "government": null, "health_facility:type": null, "healthcare": "hospital", "healthcare:speciality": null, "image": null, "name": "Family Health Centre Eroor", "name:ar": null, "name:en": null, "name:ml": null, "note": null, "opening_hours": null, "operator": null, "operator:short": null, "operator:type": null, "operator:wikidata": null, "panchayath": null, "phone": null, "ref": "1528", "source": null, "survey:date": null, "type": null, "ward": null, "website": null, "wheelchair": null }, "geometry": { "type": "Point", "coordinates": [ 76.3340708, 9.9784164 ] } },
{ "type": "Feature", "properties": { "id": "node/343711683", "@id": "node/343711683", "CovidVaccineCenterId": null, "addr:city": null, "addr:district": null, "addr:full": null, "addr:housename": null, "addr:housenumber": null, "addr:postcode": "682030", "addr:state": null, "addr:street": "Kakkanad", "addr:subdistrict": null, "alt_name": null, "amenity": "hospital", "branch": null, "check_date": null, "check_date:opening_hours": null, "contact:phone": null, "description": null, "designation": null, "email": null, "emergency": null, "fax": null, "government": null, "health_facility:type": null, "healthcare": null, "healthcare:speciality": null, "image": null, "name": "Thrikkakara Municipal Co-operative Hospital", "name:ar": null, "name:en": null, "name:ml": null, "note": null, "opening_hours": null, "operator": null, "operator:short": null, "operator:type": null, "operator:wikidata": null, "panchayath": null, "phone": "+91 9400904730;0484 2955310", "ref": null, "source": null, "survey:date": null, "type": null, "ward": null, "website": null, "wheelchair": null }, "geometry": { "type": "Point", "coordinates": [ 76.34672, 10.01816 ] } },
{ "type": "Feature", "properties": { "id": "node/6953222340", "@id": "node/6953222340", "CovidVaccineCenterId": null, "addr:city": null, "addr:district": "Ernakulam", "addr:full": "Kakkanad P.O., Kochi", "addr:housename": null, "addr:housenumber": null, "addr:postcode": "682030", "addr:state": "Kerala", "addr:street": null, "addr:subdistrict": null, "alt_name": null, "amenity": "hospital", "branch": null, "check_date": null, "check_date:opening_hours": null, "contact:phone": null, "description": null, "designation": null, "email": null, "emergency": null, "fax": null, "government": null, "health_facility:type": null, "healthcare": null, "healthcare:speciality": null, "image": null, "name": "Thrikkakara Grama Panchayat Co-Operative Hospital", "name:ar": null, "name:en": null, "name:ml": null, "note": null, "opening_hours": null, "operator": null, "operator:short": null, "operator:type": null, "operator:wikidata": null, "panchayath": null, "phone": null, "ref": null, "source": "OpenGovernmentData", "survey:date": null, "type": null, "ward": null, "website": null, "wheelchair": null }, "geometry": { "type": "Point", "coordinates": [ 76.3436562, 10.0190155 ] } },
{ "type": "Feature", "properties": { "id": "node/6954916065", "@id": "node/6954916065", "CovidVaccineCenterId": null, "addr:city": null, "addr:district": "Ernakulam", "addr:full": "#70, Mavelipuram, Airport Seaport Road,Opposite Olimugal Moique", "addr:housename": null, "addr:housenumber": null, "addr:postcode": "682030", "addr:state": "Kerala", "addr:street": null, "addr:subdistrict": null, "alt_name": null, "amenity": "hospital", "branch": null, "check_date": null, "check_date:opening_hours": null, "contact:phone": null, "description": null, "designation": null, "email": null, "emergency": null, "fax": null, "government": null, "health_facility:type": null, "healthcare": null, "healthcare:speciality": null, "image": null, "name": "Susruta Eye Hospital", "name:ar": null, "name:en": null, "name:ml": null, "note": null, "opening_hours": null, "operator": null, "operator:short": null, "operator:type": null, "operator:wikidata": null, "panchayath": null, "phone": null, "ref": null, "source": "OpenGovernmentData", "survey:date": null, "type": null, "ward": null, "website": null, "wheelchair": null }, "geometry": { "type": "Point", "coordinates": [ 76.3410974, 10.0234595 ] } },
{ "type": "Feature", "properties": { "id": "node/8385959138", "@id": "node/8385959138", "CovidVaccineCenterId": null, "addr:city": "Kochi", "addr:district": null, "addr:full": null, "addr:housename": null, "addr:housenumber": "Plot 75", "addr:postcode": "682030", "addr:state": null, "addr:street": "Palarivattom - Kakkanad Road", "addr:subdistrict": null, "alt_name": null, "amenity": "hospital", "branch": null, "check_date": null, "check_date:opening_hours": null, "contact:phone": null, "description": null, "designation": null, "email": "info@ayurvaidyanath.com", "emergency": null, "fax": null, "government": null, "health_facility:type": null, "healthcare": "hospital", "healthcare:speciality": "ayurveda;gynaecology;orthopaedics;paediatrics", "image": null, "name": "Ayur Vaidyanath", "name:ar": null, "name:en": null, "name:ml": null, "note": null, "opening_hours": null, "operator": null, "operator:short": null, "operator:type": null, "operator:wikidata": null, "panchayath": null, "phone": "+91-7558003331", "ref": null, "source": null, "survey:date": null, "type": null, "ward": null, "website": "https://ayurvaidyanath.com/", "wheelchair": null }, "geometry": { "type": "Point", "coordinates": [ 76.3412942, 10.0238379 ] } },
{ "type": "Feature", "properties": { "id": "node/343719028", "@id": "node/343719028", "CovidVaccineCenterId": null, "addr:city": null, "addr:district": "Ernakulam", "addr:full": "Vii/528-B & Vii/528-C, Seaport - Airport Road, Kakkanad, Kochi", "addr:housename": null, "addr:housenumber": null, "addr:postcode": "682030", "addr:state": "Kerala", "addr:street": null, "addr:subdistrict": null, "alt_name": null, "amenity": "hospital", "branch": null, "check_date": null, "check_date:opening_hours": null, "contact:phone": null, "description": null, "designation": null, "email": null, "emergency": null, "fax": null, "government": null, "health_facility:type": null, "healthcare": null, "healthcare:speciality": null, "image": null, "name": "Sunrise Hospital, Ernakulam", "name:ar": null, "name:en": null, "name:ml": null, "note": null, "opening_hours": null, "operator": null, "operator:short": null, "operator:type": null, "operator:wikidata": null, "panchayath": null, "phone": null, "ref": null, "source": "OpenGovernmentData", "survey:date": null, "type": null, "ward": null, "website": null, "wheelchair": null }, "geometry": { "type": "Point", "coordinates": [ 76.3388796, 10.0252315 ] } },
{ "type": "Feature", "properties": { "id": "node/14039123301", "@id": "node/14039123301", "CovidVaccineCenterId": null, "addr:city": null, "addr:district": null, "addr:full": null, "addr:housename": null, "addr:housenumber": null, "addr:postcode": "682021", "addr:state": null, "addr:street": "Kollamkudimukal - Kangarapady Rd. Cardinal Quaters", "addr:subdistrict": null, "alt_name": null, "amenity": "hospital", "branch": null, "check_date": "2026-07-22T00:00:00", "check_date:opening_hours": "2026-07-22T00:00:00", "contact:phone": null, "description": null, "designation": null, "email": null, "emergency": null, "fax": null, "government": null, "health_facility:type": null, "healthcare": "hospital", "healthcare:speciality": null, "image": null, "name": "Navadalam Ayurcare - Ayurveda Multi-speciality Hospital", "name:ar": null, "name:en": null, "name:ml": null, "note": null, "opening_hours": "Mo-Sa 09:00-20:00; Su 09:00-13:00", "operator": null, "operator:short": null, "operator:type": null, "operator:wikidata": null, "panchayath": null, "phone": "+91 8075852562", "ref": null, "source": null, "survey:date": null, "type": null, "ward": null, "website": null, "wheelchair": null }, "geometry": { "type": "Point", "coordinates": [ 76.3420542, 10.028484 ] } },
{ "type": "Feature", "properties": { "id": "node/6957927331", "@id": "node/6957927331", "CovidVaccineCenterId": null, "addr:city": "മുവാറ്റുപുഴ", "addr:district": "Ernakulam", "addr:full": null, "addr:housename": null, "addr:housenumber": null, "addr:postcode": "686673", "addr:state": "Kerala", "addr:street": "വെള്ളൂർകുന്നം", "addr:subdistrict": null, "alt_name": null, "amenity": "hospital", "branch": null, "check_date": null, "check_date:opening_hours": null, "contact:phone": null, "description": null, "designation": null, "email": null, "emergency": null, "fax": null, "government": null, "health_facility:type": null, "healthcare": "hospital", "healthcare:speciality": "general", "image": null, "name": "കരുണ ആശുപത്രി", "name:ar": null, "name:en": "Karuna Hospital", "name:ml": null, "note": null, "opening_hours": null, "operator": null, "operator:short": null, "operator:type": null, "operator:wikidata": null, "panchayath": null, "phone": "+914852812212", "ref": null, "source": null, "survey:date": null, "type": null, "ward": null, "website": null, "wheelchair": null }, "geometry": { "type": "Point", "coordinates": [ 76.5773519, 9.9898553 ] } },
{ "type": "Feature", "properties": { "id": "node/7461830314", "@id": "node/7461830314", "CovidVaccineCenterId": null, "addr:city": null, "addr:district": null, "addr:full": null, "addr:housename": null, "addr:housenumber": null, "addr:postcode": null, "addr:state": null, "addr:street": null, "addr:subdistrict": null, "alt_name": null, "amenity": "hospital", "branch": null, "check_date": null, "check_date:opening_hours": null, "contact:phone": null, "description": null, "designation": null, "email": null, "emergency": null, "fax": null, "government": null, "health_facility:type": null, "healthcare": "hospital", "healthcare:speciality": null, "image": null, "name": "MCS Hospital", "name:ar": null, "name:en": null, "name:ml": null, "note": null, "opening_hours": null, "operator": null, "operator:short": null, "operator:type": null, "operator:wikidata": null, "panchayath": null, "phone": null, "ref": null, "source": null, "survey:date": null, "type": null, "ward": null, "website": null, "wheelchair": null }, "geometry": { "type": "Point", "coordinates": [ 76.5880031, 9.9923266 ] } },
{ "type": "Feature", "properties": { "id": "node/7465851542", "@id": "node/7465851542", "CovidVaccineCenterId": null, "addr:city": "MUVATTUPUZHA", "addr:district": null, "addr:full": null, "addr:housename": null, "addr:housenumber": "V111/104", "addr:postcode": "686673", "addr:state": null, "addr:street": "PERUMATTOM", "addr:subdistrict": null, "alt_name": null, "amenity": "hospital", "branch": null, "check_date": "2026-08-27T00:00:00", "check_date:opening_hours": null, "contact:phone": null, "description": null, "designation": null, "email": null, "emergency": null, "fax": null, "government": null, "health_facility:type": null, "healthcare": "hospital", "healthcare:speciality": null, "image": null, "name": "V.M Hosiptal", "name:ar": null, "name:en": null, "name:ml": null, "note": null, "opening_hours": null, "operator": null, "operator:short": null, "operator:type": null, "operator:wikidata": null, "panchayath": null, "phone": "+91-4852971500", "ref": null, "source": null, "survey:date": null, "type": null, "ward": null, "website": null, "wheelchair": null }, "geometry": { "type": "Point", "coordinates": [ 76.5958762, 9.9966363 ] } },
{ "type": "Feature", "properties": { "id": "node/7480411525", "@id": "node/7480411525", "CovidVaccineCenterId": null, "addr:city": null, "addr:district": null, "addr:full": null, "addr:housename": null, "addr:housenumber": null, "addr:postcode": null, "addr:state": null, "addr:street": null, "addr:subdistrict": null, "alt_name": null, "amenity": "hospital", "branch": null, "check_date": null, "check_date:opening_hours": null, "contact:phone": null, "description": null, "designation": null, "email": null, "emergency": null, "fax": null, "government": null, "health_facility:type": null, "healthcare": "hospital", "healthcare:speciality": null, "image": null, "name": null, "name:ar": null, "name:en": null, "name:ml": null, "note": null, "opening_hours": null, "operator": null, "operator:short": null, "operator:type": null, "operator:wikidata": null, "panchayath": null, "phone": null, "ref": null, "source": null, "survey:date": null, "type": null, "ward": null, "website": null, "wheelchair": null }, "geometry": { "type": "Point", "coordinates": [ 76.6261152, 10.0136636 ] } },
{ "type": "Feature", "properties": { "id": "node/9035525019", "@id": "node/9035525019", "CovidVaccineCenterId": null, "addr:city": null, "addr:district": null, "addr:full": null, "addr:housename": null, "addr:housenumber": null, "addr:postcode": null, "addr:state": null, "addr:street": null, "addr:subdistrict": null, "alt_name": null, "amenity": "hospital", "branch": null, "check_date": null, "check_date:opening_hours": null, "contact:phone": null, "description": null, "designation": null, "email": null, "emergency": null, "fax": null, "government": null, "health_facility:type": null, "healthcare": "hospital", "healthcare:speciality": null, "image": null, "name": "Palliative care", "name:ar": null, "name:en": null, "name:ml": null, "note": null, "opening_hours": null, "operator": null, "operator:short": null, "operator:type": null, "operator:wikidata": null, "panchayath": null, "phone": null, "ref": null, "source": null, "survey:date": null, "type": null, "ward": null, "website": null, "wheelchair": null }, "geometry": { "type": "Point", "coordinates": [ 76.6275365, 10.0189607 ] } },
{ "type": "Feature", "properties": { "id": "node/7726206292", "@id": "node/7726206292", "CovidVaccineCenterId": null, "addr:city": null, "addr:district": "Ernakulam", "addr:full": "Ponnirikkaparambu , Mulavoor", "addr:housename": null, "addr:housenumber": null, "addr:postcode": "686673", "addr:state": "Kerala", "addr:street": null, "addr:subdistrict": null, "alt_name": null, "amenity": "hospital", "branch": null, "check_date": null, "check_date:opening_hours": null, "contact:phone": null, "description": null, "designation": null, "email": null, "emergency": null, "fax": null, "government": null, "health_facility:type": null, "healthcare": null, "healthcare:speciality": null, "image": null, "name": "Life Care Hospital", "name:ar": null, "name:en": null, "name:ml": null, "note": null, "opening_hours": null, "operator": null, "operator:short": null, "operator:type": null, "operator:wikidata": null, "panchayath": null, "phone": null, "ref": null, "source": "Local Knowledge", "survey:date": null, "type": null, "ward": null, "website": null, "wheelchair": null }, "geometry": { "type": "Point", "coordinates": [ 76.590152, 10.0280343 ] } },
{ "type": "Feature", "properties": { "id": "node/8870953973", "@id": "node/8870953973", "CovidVaccineCenterId": null, "addr:city": null, "addr:district": null, "addr:full": null, "addr:housename": null, "addr:housenumber": null, "addr:postcode": null, "addr:state": null, "addr:street": null, "addr:subdistrict": null, "alt_name": null, "amenity": "hospital", "branch": null, "check_date": null, "check_date:opening_hours": null, "contact:phone": null, "description": null, "designation": null, "email": null, "emergency": null, "fax": null, "government": null, "health_facility:type": null, "healthcare": "hospital", "healthcare:speciality": null, "image": null, "name": "Lifecare Hospital", "name:ar": null, "name:en": null, "name:ml": null, "note": null, "opening_hours": null, "operator": "Sadhic", "operator:short": null, "operator:type": "private", "operator:wikidata": null, "panchayath": null, "phone": null, "ref": null, "source": null, "survey:date": null, "type": null, "ward": null, "website": null, "wheelchair": null }, "geometry": { "type": "Point", "coordinates": [ 76.5846648, 10.0323661 ] } },
{ "type": "Feature", "properties": { "id": "node/9409091807", "@id": "node/9409091807", "CovidVaccineCenterId": null, "addr:city": null, "addr:district": null, "addr:full": null, "addr:housename": null, "addr:housenumber": null, "addr:postcode": null, "addr:state": null, "addr:street": null, "addr:subdistrict": null, "alt_name": null, "amenity": "hospital", "branch": null, "check_date": null, "check_date:opening_hours": null, "contact:phone": null, "description": null, "designation": null, "email": null, "emergency": null, "fax": null, "government": null, "health_facility:type": null, "healthcare": "hospital", "healthcare:speciality": null, "image": null, "name": "Ayush Health Care Center", "name:ar": null, "name:en": null, "name:ml": null, "note": null, "opening_hours": null, "operator": "Kothamangalam Municipality", "operator:short": null, "operator:type": "government", "operator:wikidata": null, "panchayath": null, "phone": null, "ref": null, "source": null, "survey:date": null, "type": null, "ward": null, "website": null, "wheelchair": null }, "geometry": { "type": "Point", "coordinates": [ 76.6140926, 10.0488197 ] } },
{ "type": "Feature", "properties": { "id": "node/8889686729", "@id": "node/8889686729", "CovidVaccineCenterId": null, "addr:city": null, "addr:district": null, "addr:full": null, "addr:housename": null, "addr:housenumber": null, "addr:postcode": null, "addr:state": null, "addr:street": null, "addr:subdistrict": null, "alt_name": null, "amenity": "hospital", "branch": null, "check_date": null, "check_date:opening_hours": null, "contact:phone": null, "description": null, "designation": null, "email": null, "emergency": null, "fax": null, "government": null, "health_facility:type": null, "healthcare": "hospital", "healthcare:speciality": null, "image": null, "name": "Community Health Centre Varapetty", "name:ar": null, "name:en": null, "name:ml": null, "note": null, "opening_hours": null, "operator": null, "operator:short": null, "operator:type": null, "operator:wikidata": null, "panchayath": null, "phone": null, "ref": "1578", "source": null, "survey:date": null, "type": "15", "ward": null, "website": null, "wheelchair": null }, "geometry": { "type": "Point", "coordinates": [ 76.6263478, 10.0489598 ] } },
{ "type": "Feature", "properties": { "id": "node/7726206307", "@id": "node/7726206307", "CovidVaccineCenterId": null, "addr:city": null, "addr:district": "Ernakulam", "addr:full": "Kothamangalam", "addr:housename": null, "addr:housenumber": null, "addr:postcode": "686666", "addr:state": "Kerala", "addr:street": null, "addr:subdistrict": null, "alt_name": null, "amenity": "hospital", "branch": null, "check_date": null, "check_date:opening_hours": null, "contact:phone": null, "description": null, "designation": null, "email": null, "emergency": null, "fax": null, "government": null, "health_facility:type": null, "healthcare": null, "healthcare:speciality": null, "image": null, "name": "Kottakkal Hospital", "name:ar": null, "name:en": null, "name:ml": null, "note": null, "opening_hours": null, "operator": null, "operator:short": null, "operator:type": null, "operator:wikidata": null, "panchayath": null, "phone": null, "ref": null, "source": "Local Knowledge", "survey:date": null, "type": null, "ward": null, "website": null, "wheelchair": null }, "geometry": { "type": "Point", "coordinates": [ 76.6208543, 10.0638222 ] } },
{ "type": "Feature", "properties": { "id": "node/9030302364", "@id": "node/9030302364", "CovidVaccineCenterId": null, "addr:city": null, "addr:district": null, "addr:full": null, "addr:housename": null, "addr:housenumber": null, "addr:postcode": null, "addr:state": null, "addr:street": null, "addr:subdistrict": null, "alt_name": null, "amenity": "hospital", "branch": null, "check_date": null, "check_date:opening_hours": null, "contact:phone": null, "description": null, "designation": null, "email": null, "emergency": null, "fax": null, "government": null, "health_facility:type": null, "healthcare": "hospital", "healthcare:speciality": null, "image": null, "name": "C H C", "name:ar": null, "name:en": "Covid Health Center", "name:ml": null, "note": null, "opening_hours": null, "operator": null, "operator:short": null, "operator:type": null, "operator:wikidata": null, "panchayath": null, "phone": null, "ref": null, "source": null, "survey:date": null, "type": null, "ward": null, "website": null, "wheelchair": null }, "geometry": { "type": "Point", "coordinates": [ 76.4270432, 9.977367 ] } },
{ "type": "Feature", "properties": { "id": "node/7726206257", "@id": "node/7726206257", "CovidVaccineCenterId": null, "addr:city": null, "addr:district": "Ernakulam", "addr:full": "Kadayirippu", "addr:housename": null, "addr:housenumber": null, "addr:postcode": "682311", "addr:state": "Kerala", "addr:street": null, "addr:subdistrict": null, "alt_name": null, "amenity": "hospital", "branch": null, "check_date": null, "check_date:opening_hours": null, "contact:phone": null, "description": null, "designation": null, "email": null, "emergency": null, "fax": null, "government": null, "health_facility:type": null, "healthcare": "hospital", "healthcare:speciality": null, "image": null, "name": "Government Homeo Hospital", "name:ar": null, "name:en": null, "name:ml": null, "note": null, "opening_hours": null, "operator": null, "operator:short": null, "operator:type": null, "operator:wikidata": null, "panchayath": null, "phone": null, "ref": null, "source": "Local Knowledge", "survey:date": null, "type": null, "ward": null, "website": null, "wheelchair": null }, "geometry": { "type": "Point", "coordinates": [ 76.4582398, 10.0029555 ] } },
{ "type": "Feature", "properties": { "id": "node/7726206298", "@id": "node/7726206298", "CovidVaccineCenterId": null, "addr:city": null, "addr:district": "Ernakulam", "addr:full": "Peringala, Pallikkara", "addr:housename": null, "addr:housenumber": null, "addr:postcode": "682303", "addr:state": "Kerala", "addr:street": null, "addr:subdistrict": null, "alt_name": null, "amenity": "hospital", "branch": null, "check_date": null, "check_date:opening_hours": null, "contact:phone": null, "description": null, "designation": null, "email": null, "emergency": null, "fax": null, "government": null, "health_facility:type": null, "healthcare": null, "healthcare:speciality": null, "image": null, "name": "Nirmala Medical Mission Hospital", "name:ar": null, "name:en": null, "name:ml": null, "note": null, "opening_hours": null, "operator": null, "operator:short": null, "operator:type": null, "operator:wikidata": null, "panchayath": null, "phone": null, "ref": null, "source": "Local Knowledge", "survey:date": null, "type": null, "ward": null, "website": null, "wheelchair": null }, "geometry": { "type": "Point", "coordinates": [ 76.3976039, 10.0037817 ] } },
{ "type": "Feature", "properties": { "id": "node/9207524882", "@id": "node/9207524882", "CovidVaccineCenterId": null, "addr:city": null, "addr:district": null, "addr:full": null, "addr:housename": null, "addr:housenumber": null, "addr:postcode": null, "addr:state": null, "addr:street": null, "addr:subdistrict": null, "alt_name": null, "amenity": "hospital", "branch": null, "check_date": null, "check_date:opening_hours": null, "contact:phone": null, "description": null, "designation": null, "email": null, "emergency": null, "fax": null, "government": null, "health_facility:type": null, "healthcare": "hospital", "healthcare:speciality": null, "image": null, "name": "Primary Health Centre, Kadayirippu", "name:ar": null, "name:en": null, "name:ml": null, "note": null, "opening_hours": null, "operator": null, "operator:short": null, "operator:type": null, "operator:wikidata": null, "panchayath": null, "phone": null, "ref": "1557", "source": null, "survey:date": null, "type": null, "ward": null, "website": null, "wheelchair": null }, "geometry": { "type": "Point", "coordinates": [ 76.4565847, 10.0041894 ] } },
{ "type": "Feature", "properties": { "id": "node/7726206276", "@id": "node/7726206276", "CovidVaccineCenterId": null, "addr:city": null, "addr:district": "Ernakulam", "addr:full": "Pazhamthottam", "addr:housename": null, "addr:housenumber": null, "addr:postcode": "683565", "addr:state": "Kerala", "addr:street": null, "addr:subdistrict": null, "alt_name": null, "amenity": "hospital", "branch": null, "check_date": null, "check_date:opening_hours": null, "contact:phone": null, "description": null, "designation": null, "email": null, "emergency": null, "fax": null, "government": null, "health_facility:type": null, "healthcare": null, "healthcare:speciality": null, "image": null, "name": "Payattuthara Hospital", "name:ar": null, "name:en": null, "name:ml": null, "note": null, "opening_hours": null, "operator": null, "operator:short": null, "operator:type": null, "operator:wikidata": null, "panchayath": null, "phone": null, "ref": null, "source": "Local Knowledge", "survey:date": null, "type": null, "ward": null, "website": null, "wheelchair": null }, "geometry": { "type": "Point", "coordinates": [ 76.4283668, 10.0172719 ] } },
{ "type": "Feature", "properties": { "id": "node/7362800641", "@id": "node/7362800641", "CovidVaccineCenterId": null, "addr:city": null, "addr:district": null, "addr:full": null, "addr:housename": null, "addr:housenumber": null, "addr:postcode": null, "addr:state": null, "addr:street": null, "addr:subdistrict": null, "alt_name": null, "amenity": "hospital", "branch": null, "check_date": "2026-02-07T00:00:00", "check_date:opening_hours": null, "contact:phone": null, "description": null, "designation": null, "email": null, "emergency": null, "fax": null, "government": null, "health_facility:type": null, "healthcare": "hospital", "healthcare:speciality": null, "image": null, "name": "Holycross Hospital", "name:ar": null, "name:en": null, "name:ml": null, "note": null, "opening_hours": null, "operator": null, "operator:short": null, "operator:type": "private", "operator:wikidata": null, "panchayath": null, "phone": null, "ref": null, "source": null, "survey:date": null, "type": null, "ward": null, "website": null, "wheelchair": null }, "geometry": { "type": "Point", "coordinates": [ 76.4487527, 10.02605 ] } },
{ "type": "Feature", "properties": { "id": "node/7726206310", "@id": "node/7726206310", "CovidVaccineCenterId": null, "addr:city": null, "addr:district": "Ernakulam", "addr:full": "Pallikkara, Kochi", "addr:housename": null, "addr:housenumber": null, "addr:postcode": "683565", "addr:state": "Kerala", "addr:street": null, "addr:subdistrict": null, "alt_name": null, "amenity": "hospital", "branch": null, "check_date": null, "check_date:opening_hours": null, "contact:phone": null, "description": null, "designation": null, "email": null, "emergency": null, "fax": null, "government": null, "health_facility:type": null, "healthcare": null, "healthcare:speciality": null, "image": null, "name": "Sanjeevanam Ayurveda Hospital", "name:ar": null, "name:en": null, "name:ml": null, "note": null, "opening_hours": null, "operator": null, "operator:short": null, "operator:type": null, "operator:wikidata": null, "panchayath": null, "phone": null, "ref": null, "source": "Local Knowledge", "survey:date": null, "type": null, "ward": null, "website": null, "wheelchair": null }, "geometry": { "type": "Point", "coordinates": [ 76.388979, 10.027905 ] } },
{ "type": "Feature", "properties": { "id": "node/8998310240", "@id": "node/8998310240", "CovidVaccineCenterId": null, "addr:city": null, "addr:district": null, "addr:full": null, "addr:housename": null, "addr:housenumber": null, "addr:postcode": null, "addr:state": null, "addr:street": null, "addr:subdistrict": null, "alt_name": null, "amenity": "hospital", "branch": null, "check_date": null, "check_date:opening_hours": null, "contact:phone": null, "description": null, "designation": null, "email": null, "emergency": null, "fax": null, "government": null, "health_facility:type": null, "healthcare": "hospital", "healthcare:speciality": null, "image": null, "name": "Community Health Centre Malayidamthuruthu", "name:ar": null, "name:en": null, "name:ml": null, "note": null, "opening_hours": null, "operator": "Department of Health and Family Welfare", "operator:short": null, "operator:type": "government", "operator:wikidata": null, "panchayath": null, "phone": null, "ref": null, "source": null, "survey:date": null, "type": null, "ward": null, "website": null, "wheelchair": null }, "geometry": { "type": "Point", "coordinates": [ 76.410449, 10.0669091 ] } },
{ "type": "Feature", "properties": { "id": "node/8889666729", "@id": "node/8889666729", "CovidVaccineCenterId": null, "addr:city": null, "addr:district": null, "addr:full": null, "addr:housename": null, "addr:housenumber": null, "addr:postcode": null, "addr:state": null, "addr:street": null, "addr:subdistrict": null, "alt_name": null, "amenity": "hospital", "branch": null, "check_date": null, "check_date:opening_hours": null, "contact:phone": null, "description": null, "designation": null, "email": null, "emergency": null, "fax": null, "government": null, "health_facility:type": null, "healthcare": "hospital", "healthcare:speciality": null, "image": null, "name": "Community Health Centre, Vengola", "name:ar": null, "name:en": null, "name:ml": null, "note": null, "opening_hours": null, "operator": "Department of Health and Family Welfare", "operator:short": null, "operator:type": "government", "operator:wikidata": null, "panchayath": null, "phone": null, "ref": "1570", "source": null, "survey:date": null, "type": "15", "ward": null, "website": null, "wheelchair": null }, "geometry": { "type": "Point", "coordinates": [ 76.4614122, 10.0814849 ] } },
{ "type": "Feature", "properties": { "id": "node/7507337998", "@id": "node/7507337998", "CovidVaccineCenterId": null, "addr:city": null, "addr:district": null, "addr:full": null, "addr:housename": null, "addr:housenumber": null, "addr:postcode": null, "addr:state": null, "addr:street": null, "addr:subdistrict": null, "alt_name": null, "amenity": "hospital", "branch": null, "check_date": null, "check_date:opening_hours": null, "contact:phone": null, "description": null, "designation": null, "email": null, "emergency": null, "fax": null, "government": null, "health_facility:type": null, "healthcare": "hospital", "healthcare:speciality": null, "image": null, "name": "Bethseda mental health care center", "name:ar": null, "name:en": null, "name:ml": null, "note": null, "opening_hours": null, "operator": null, "operator:short": null, "operator:type": null, "operator:wikidata": null, "panchayath": null, "phone": null, "ref": null, "source": null, "survey:date": null, "type": null, "ward": null, "website": null, "wheelchair": null }, "geometry": { "type": "Point", "coordinates": [ 76.4660951, 10.0837011 ] } },
{ "type": "Feature", "properties": { "id": "node/6957498574", "@id": "node/6957498574", "CovidVaccineCenterId": null, "addr:city": null, "addr:district": "Ernakulam", "addr:full": "Judge Mukku, Thrikkakara, Kochi", "addr:housename": null, "addr:housenumber": null, "addr:postcode": "682021", "addr:state": "Kerala", "addr:street": null, "addr:subdistrict": null, "alt_name": null, "amenity": "hospital", "branch": null, "check_date": null, "check_date:opening_hours": null, "contact:phone": null, "description": null, "designation": null, "email": null, "emergency": null, "fax": null, "government": null, "health_facility:type": null, "healthcare": null, "healthcare:speciality": null, "image": null, "name": "Aditya Eye Hospital, Ernakulam", "name:ar": null, "name:en": null, "name:ml": null, "note": null, "opening_hours": null, "operator": null, "operator:short": null, "operator:type": null, "operator:wikidata": null, "panchayath": null, "phone": null, "ref": null, "source": "OpenGovernmentData", "survey:date": null, "type": null, "ward": null, "website": null, "wheelchair": null }, "geometry": { "type": "Point", "coordinates": [ 76.3331406, 10.0340046 ] } },
{ "type": "Feature", "properties": { "id": "node/9259808085", "@id": "node/9259808085", "CovidVaccineCenterId": null, "addr:city": null, "addr:district": null, "addr:full": null, "addr:housename": null, "addr:housenumber": null, "addr:postcode": null, "addr:state": null, "addr:street": null, "addr:subdistrict": null, "alt_name": null, "amenity": "hospital", "branch": null, "check_date": null, "check_date:opening_hours": null, "contact:phone": null, "description": null, "designation": null, "email": null, "emergency": null, "fax": null, "government": null, "health_facility:type": null, "healthcare": "hospital", "healthcare:speciality": null, "image": null, "name": "Government Medical College, Ernakulam", "name:ar": null, "name:en": null, "name:ml": "സർക്കാർ മെഡിക്കൽ കോളേജ്, എറണാകുളം", "note": null, "opening_hours": null, "operator": "Urban Primary Health Centre", "operator:short": null, "operator:type": "government", "operator:wikidata": null, "panchayath": null, "phone": null, "ref": null, "source": null, "survey:date": null, "type": null, "ward": null, "website": null, "wheelchair": null }, "geometry": { "type": "Point", "coordinates": [ 76.3553898, 10.0527471 ] } },
{ "type": "Feature", "properties": { "id": "node/8889495211", "@id": "node/8889495211", "CovidVaccineCenterId": null, "addr:city": null, "addr:district": null, "addr:full": null, "addr:housename": null, "addr:housenumber": null, "addr:postcode": null, "addr:state": null, "addr:street": null, "addr:subdistrict": null, "alt_name": null, "amenity": "hospital", "branch": null, "check_date": null, "check_date:opening_hours": null, "contact:phone": null, "description": null, "designation": null, "email": null, "emergency": null, "fax": null, "government": null, "health_facility:type": null, "healthcare": "hospital", "healthcare:speciality": null, "image": null, "name": "Cochin Cancer Research Centre", "name:ar": null, "name:en": null, "name:ml": null, "note": null, "opening_hours": null, "operator": "Department of Health and Family Welfare", "operator:short": null, "operator:type": "government", "operator:wikidata": null, "panchayath": null, "phone": null, "ref": "1051", "source": null, "survey:date": null, "type": "23", "ward": null, "website": null, "wheelchair": null }, "geometry": { "type": "Point", "coordinates": [ 76.3543132, 10.0534587 ] } },
{ "type": "Feature", "properties": { "id": "node/4349478584", "@id": "node/4349478584", "CovidVaccineCenterId": null, "addr:city": "Aluva", "addr:district": null, "addr:full": null, "addr:housename": null, "addr:housenumber": null, "addr:postcode": "683101", "addr:state": null, "addr:street": "Aluva - Munnar Road", "addr:subdistrict": null, "alt_name": null, "amenity": "hospital", "branch": null, "check_date": null, "check_date:opening_hours": null, "contact:phone": null, "description": null, "designation": null, "email": "carmelhospital@yahoo.co.in", "emergency": "yes", "fax": "+91 2625798", "government": null, "health_facility:type": null, "healthcare": null, "healthcare:speciality": "Multi-Speciality", "image": null, "name": "Carmel Hospital", "name:ar": null, "name:en": null, "name:ml": null, "note": null, "opening_hours": null, "operator": null, "operator:short": null, "operator:type": null, "operator:wikidata": null, "panchayath": null, "phone": "+91 484 2625346, +91 484 2621314, +91 484 2627734, +91 484 2623594", "ref": null, "source": null, "survey:date": null, "type": null, "ward": null, "website": "https://carmelhosp.org/", "wheelchair": null }, "geometry": { "type": "Point", "coordinates": [ 76.3620708, 10.090557 ] } },
{ "type": "Feature", "properties": { "id": "node/6952104549", "@id": "node/6952104549", "CovidVaccineCenterId": null, "addr:city": null, "addr:district": "Ernakulam", "addr:full": "Aluva", "addr:housename": null, "addr:housenumber": null, "addr:postcode": "683101", "addr:state": "Kerala", "addr:street": null, "addr:subdistrict": null, "alt_name": null, "amenity": "hospital", "branch": null, "check_date": null, "check_date:opening_hours": null, "contact:phone": null, "description": null, "designation": null, "email": null, "emergency": null, "fax": null, "government": null, "health_facility:type": null, "healthcare": null, "healthcare:speciality": null, "image": null, "name": "Dr. C. K. P Hospital", "name:ar": null, "name:en": null, "name:ml": null, "note": null, "opening_hours": null, "operator": null, "operator:short": null, "operator:type": null, "operator:wikidata": null, "panchayath": null, "phone": null, "ref": null, "source": "OpenGovernmentData", "survey:date": null, "type": null, "ward": null, "website": null, "wheelchair": null }, "geometry": { "type": "Point", "coordinates": [ 76.347245, 10.0999403 ] } },
{ "type": "Feature", "properties": { "id": "node/7349912377", "@id": "node/7349912377", "CovidVaccineCenterId": null, "addr:city": null, "addr:district": null, "addr:full": null, "addr:housename": null, "addr:housenumber": null, "addr:postcode": null, "addr:state": null, "addr:street": null, "addr:subdistrict": null, "alt_name": null, "amenity": "hospital", "branch": null, "check_date": null, "check_date:opening_hours": null, "contact:phone": null, "description": null, "designation": null, "email": null, "emergency": null, "fax": null, "government": null, "health_facility:type": null, "healthcare": "hospital", "healthcare:speciality": null, "image": null, "name": "Rishi Ayurveda Hospital", "name:ar": null, "name:en": null, "name:ml": null, "note": null, "opening_hours": null, "operator": null, "operator:short": null, "operator:type": null, "operator:wikidata": null, "panchayath": null, "phone": null, "ref": null, "source": null, "survey:date": null, "type": null, "ward": null, "website": null, "wheelchair": null }, "geometry": { "type": "Point", "coordinates": [ 76.3502904, 10.1038825 ] } },
{ "type": "Feature", "properties": { "id": "node/7726206250", "@id": "node/7726206250", "CovidVaccineCenterId": null, "addr:city": null, "addr:district": "Ernakulam", "addr:full": "Aluva, Kochi", "addr:housename": null, "addr:housenumber": null, "addr:postcode": "683101", "addr:state": "Kerala", "addr:street": null, "addr:subdistrict": null, "alt_name": null, "amenity": "hospital", "branch": null, "check_date": null, "check_date:opening_hours": null, "contact:phone": null, "description": null, "designation": null, "email": null, "emergency": null, "fax": null, "government": null, "health_facility:type": null, "healthcare": null, "healthcare:speciality": null, "image": null, "name": "Janatha Hospital", "name:ar": null, "name:en": null, "name:ml": null, "note": null, "opening_hours": null, "operator": null, "operator:short": null, "operator:type": null, "operator:wikidata": null, "panchayath": null, "phone": null, "ref": null, "source": "Local Knowledge", "survey:date": null, "type": null, "ward": null, "website": null, "wheelchair": null }, "geometry": { "type": "Point", "coordinates": [ 76.350308, 10.10672 ] } },
{ "type": "Feature", "properties": { "id": "node/11843203582", "@id": "node/11843203582", "CovidVaccineCenterId": null, "addr:city": "Aluva", "addr:district": "Ernakulam", "addr:full": null, "addr:housename": null, "addr:housenumber": null, "addr:postcode": "683101", "addr:state": null, "addr:street": "Hill Road", "addr:subdistrict": null, "alt_name": null, "amenity": "hospital", "branch": null, "check_date": null, "check_date:opening_hours": null, "contact:phone": null, "description": null, "designation": null, "email": null, "emergency": "yes", "fax": null, "government": null, "health_facility:type": null, "healthcare": "hospital", "healthcare:speciality": "ophthalmology", "image": null, "name": "Dr. Tony Fernandez Eye Hospital", "name:ar": null, "name:en": null, "name:ml": null, "note": null, "opening_hours": null, "operator": null, "operator:short": null, "operator:type": null, "operator:wikidata": null, "panchayath": null, "phone": null, "ref": null, "source": null, "survey:date": null, "type": null, "ward": null, "website": null, "wheelchair": null }, "geometry": { "type": "Point", "coordinates": [ 76.3543799, 10.1081984 ] } },
{ "type": "Feature", "properties": { "id": "node/6953998310", "@id": "node/6953998310", "CovidVaccineCenterId": null, "addr:city": null, "addr:district": "Ernakulam", "addr:full": "Santhosh Lane,Poorna Nagar", "addr:housename": null, "addr:housenumber": null, "addr:postcode": "683101", "addr:state": "Kerala", "addr:street": null, "addr:subdistrict": null, "alt_name": null, "amenity": "hospital", "branch": null, "check_date": null, "check_date:opening_hours": null, "contact:phone": null, "description": null, "designation": null, "email": null, "emergency": null, "fax": null, "government": null, "health_facility:type": null, "healthcare": "hospital", "healthcare:speciality": null, "image": null, "name": "Anwar Memorial Hospital", "name:ar": null, "name:en": null, "name:ml": null, "note": null, "opening_hours": null, "operator": null, "operator:short": null, "operator:type": null, "operator:wikidata": null, "panchayath": null, "phone": null, "ref": null, "source": "OpenGovernmentData", "survey:date": null, "type": null, "ward": null, "website": null, "wheelchair": null }, "geometry": { "type": "Point", "coordinates": [ 76.3528917, 10.1083057 ] } },
{ "type": "Feature", "properties": { "id": "node/5301697938", "@id": "node/5301697938", "CovidVaccineCenterId": null, "addr:city": null, "addr:district": null, "addr:full": null, "addr:housename": null, "addr:housenumber": null, "addr:postcode": null, "addr:state": null, "addr:street": null, "addr:subdistrict": null, "alt_name": null, "amenity": "hospital", "branch": null, "check_date": null, "check_date:opening_hours": null, "contact:phone": null, "description": null, "designation": null, "email": null, "emergency": null, "fax": null, "government": null, "health_facility:type": null, "healthcare": "hospital", "healthcare:speciality": "ayurveda", "image": null, "name": "Sarathy Ayurveda Clinic", "name:ar": null, "name:en": null, "name:ml": null, "note": null, "opening_hours": null, "operator": null, "operator:short": null, "operator:type": null, "operator:wikidata": null, "panchayath": null, "phone": null, "ref": null, "source": null, "survey:date": null, "type": null, "ward": null, "website": null, "wheelchair": null }, "geometry": { "type": "Point", "coordinates": [ 76.3589857, 10.1093589 ] } },
{ "type": "Feature", "properties": { "id": "node/6953866717", "@id": "node/6953866717", "CovidVaccineCenterId": null, "addr:city": null, "addr:district": "Ernakulam", "addr:full": "Keezhillam P.O., Perumbavoor", "addr:housename": null, "addr:housenumber": null, "addr:postcode": "683541", "addr:state": "Kerala", "addr:street": null, "addr:subdistrict": null, "alt_name": null, "amenity": "hospital", "branch": null, "check_date": null, "check_date:opening_hours": null, "contact:phone": null, "description": null, "designation": null, "email": null, "emergency": null, "fax": null, "government": null, "health_facility:type": null, "healthcare": "hospital", "healthcare:speciality": null, "image": null, "name": "Parathuvayalil Hospital", "name:ar": null, "name:en": null, "name:ml": null, "note": null, "opening_hours": null, "operator": null, "operator:short": null, "operator:type": null, "operator:wikidata": null, "panchayath": null, "phone": null, "ref": null, "source": "OpenGovernmentData", "survey:date": null, "type": null, "ward": null, "website": null, "wheelchair": null }, "geometry": { "type": "Point", "coordinates": [ 76.5204674, 10.0641061 ] } },
{ "type": "Feature", "properties": { "id": "node/7551736403", "@id": "node/7551736403", "CovidVaccineCenterId": null, "addr:city": "Kothamangalam,Ernakulam,Kerala", "addr:district": null, "addr:full": null, "addr:housename": null, "addr:housenumber": null, "addr:postcode": "686666", "addr:state": null, "addr:street": "Revenue tower road", "addr:subdistrict": null, "alt_name": null, "amenity": "hospital", "branch": null, "check_date": null, "check_date:opening_hours": null, "contact:phone": null, "description": null, "designation": null, "email": null, "emergency": "yes", "fax": null, "government": null, "health_facility:type": null, "healthcare": "hospital", "healthcare:speciality": "general", "image": null, "name": "mar baselios medical mission hospital", "name:ar": null, "name:en": null, "name:ml": null, "note": null, "opening_hours": null, "operator": "private", "operator:short": null, "operator:type": "private", "operator:wikidata": null, "panchayath": null, "phone": null, "ref": null, "source": null, "survey:date": null, "type": null, "ward": null, "website": null, "wheelchair": null }, "geometry": { "type": "Point", "coordinates": [ 76.6223951, 10.0645781 ] } },
{ "type": "Feature", "properties": { "id": "node/6953364227", "@id": "node/6953364227", "CovidVaccineCenterId": null, "addr:city": "Kothamangalam", "addr:district": "Ernakulam", "addr:full": "Dharmagiri Central, Kothamangalam", "addr:housename": null, "addr:housenumber": "Kochi - Madurai - Dhanushkodi Rd, Angady, Dharmagiri, Kothamangalam, Kerala", "addr:postcode": "686691", "addr:state": "Kerala", "addr:street": "Kothamangalam Bypass Road", "addr:subdistrict": null, "alt_name": null, "amenity": "hospital", "branch": null, "check_date": null, "check_date:opening_hours": null, "contact:phone": null, "description": null, "designation": null, "email": null, "emergency": null, "fax": null, "government": null, "health_facility:type": null, "healthcare": "hospital", "healthcare:speciality": null, "image": null, "name": "St. Joseph's Hospital", "name:ar": null, "name:en": null, "name:ml": null, "note": null, "opening_hours": null, "operator": null, "operator:short": null, "operator:type": null, "operator:wikidata": null, "panchayath": null, "phone": null, "ref": null, "source": "OpenGovernmentData", "survey:date": null, "type": null, "ward": null, "website": null, "wheelchair": null }, "geometry": { "type": "Point", "coordinates": [ 76.626817, 10.0649895 ] } },
{ "type": "Feature", "properties": { "id": "node/7726206286", "@id": "node/7726206286", "CovidVaccineCenterId": null, "addr:city": null, "addr:district": "Ernakulam", "addr:full": "Thankalam, Kothamangalam", "addr:housename": null, "addr:housenumber": null, "addr:postcode": "686691", "addr:state": "Kerala", "addr:street": null, "addr:subdistrict": null, "alt_name": null, "amenity": "hospital", "branch": null, "check_date": null, "check_date:opening_hours": null, "contact:phone": null, "description": null, "designation": null, "email": null, "emergency": null, "fax": null, "government": null, "health_facility:type": null, "healthcare": null, "healthcare:speciality": null, "image": null, "name": "Tvj Eye Hospital", "name:ar": null, "name:en": null, "name:ml": null, "note": null, "opening_hours": null, "operator": null, "operator:short": null, "operator:type": null, "operator:wikidata": null, "panchayath": null, "phone": null, "ref": null, "source": "Local Knowledge", "survey:date": null, "type": null, "ward": null, "website": null, "wheelchair": null }, "geometry": { "type": "Point", "coordinates": [ 76.613934, 10.068056 ] } },
{ "type": "Feature", "properties": { "id": "node/7726206256", "@id": "node/7726206256", "CovidVaccineCenterId": null, "addr:city": null, "addr:district": "Ernakulam", "addr:full": "Kuroor", "addr:housename": null, "addr:housenumber": null, "addr:postcode": "686691", "addr:state": "Kerala", "addr:street": null, "addr:subdistrict": null, "alt_name": null, "amenity": "hospital", "branch": null, "check_date": null, "check_date:opening_hours": null, "contact:phone": null, "description": null, "designation": null, "email": null, "emergency": null, "fax": null, "government": null, "health_facility:type": null, "healthcare": null, "healthcare:speciality": null, "image": null, "name": "Kalarickal Ayurveda Hospital", "name:ar": null, "name:en": null, "name:ml": null, "note": null, "opening_hours": null, "operator": null, "operator:short": null, "operator:type": null, "operator:wikidata": null, "panchayath": null, "phone": null, "ref": null, "source": "Local Knowledge", "survey:date": null, "type": null, "ward": null, "website": null, "wheelchair": null }, "geometry": { "type": "Point", "coordinates": [ 76.6212908, 10.0685904 ] } },
{ "type": "Feature", "properties": { "id": "node/6953070190", "@id": "node/6953070190", "CovidVaccineCenterId": null, "addr:city": "kothamangalam", "addr:district": "Ernakulam", "addr:full": "Nellikuzhy P.O,Kothamangalam", "addr:housename": null, "addr:housenumber": null, "addr:postcode": "686691", "addr:state": "Kerala", "addr:street": null, "addr:subdistrict": null, "alt_name": null, "amenity": "hospital", "branch": null, "check_date": null, "check_date:opening_hours": null, "contact:phone": null, "description": null, "designation": null, "email": null, "emergency": null, "fax": null, "government": null, "health_facility:type": null, "healthcare": null, "healthcare:speciality": null, "image": null, "name": "Nangelil Hospital", "name:ar": null, "name:en": null, "name:ml": null, "note": null, "opening_hours": null, "operator": null, "operator:short": null, "operator:type": null, "operator:wikidata": null, "panchayath": null, "phone": null, "ref": null, "source": "OpenGovernmentData", "survey:date": null, "type": null, "ward": null, "website": null, "wheelchair": null }, "geometry": { "type": "Point", "coordinates": [ 76.6023036, 10.0698012 ] } },
{ "type": "Feature", "properties": { "id": "node/7361765061", "@id": "node/7361765061", "CovidVaccineCenterId": null, "addr:city": "ereankulam", "addr:district": null, "addr:full": null, "addr:housename": null, "addr:housenumber": null, "addr:postcode": "686691", "addr:state": null, "addr:street": "Nellikuzhi-Thankalam Bypass", "addr:subdistrict": null, "alt_name": null, "amenity": "hospital", "branch": null, "check_date": null, "check_date:opening_hours": null, "contact:phone": null, "description": null, "designation": null, "email": null, "emergency": null, "fax": null, "government": null, "health_facility:type": null, "healthcare": "hospital", "healthcare:speciality": "nurses", "image": null, "name": "Mar Baselios College Of Nursing", "name:ar": null, "name:en": null, "name:ml": null, "note": null, "opening_hours": null, "operator": "kothamangalam church", "operator:short": null, "operator:type": "private", "operator:wikidata": null, "panchayath": null, "phone": "+91-485 2823982", "ref": null, "source": null, "survey:date": null, "type": null, "ward": null, "website": "https://mbcn.edu.in/", "wheelchair": null }, "geometry": { "type": "Point", "coordinates": [ 76.6017423, 10.0727802 ] } },
{ "type": "Feature", "properties": { "id": "node/7361765059", "@id": "node/7361765059", "CovidVaccineCenterId": null, "addr:city": "eranakulalm", "addr:district": null, "addr:full": null, "addr:housename": null, "addr:housenumber": null, "addr:postcode": "686691", "addr:state": null, "addr:street": "Nellikuzhi-Thankalam Bypass", "addr:subdistrict": null, "alt_name": null, "amenity": "hospital", "branch": null, "check_date": null, "check_date:opening_hours": null, "contact:phone": null, "description": null, "designation": null, "email": null, "emergency": null, "fax": null, "government": null, "health_facility:type": null, "healthcare": "hospital", "healthcare:speciality": "dentist;dental;dental_oral_maxillo_facial_surgery;dentistry", "image": null, "name": "Mar Baselios Dental College, Thankalam", "name:ar": null, "name:en": null, "name:ml": null, "note": null, "opening_hours": "Mo-Sa 08:00-16:00", "operator": "kothamangalam church", "operator:short": null, "operator:type": "private", "operator:wikidata": null, "panchayath": null, "phone": null, "ref": null, "source": null, "survey:date": null, "type": null, "ward": null, "website": "http://www.mbdc.edu.in", "wheelchair": null }, "geometry": { "type": "Point", "coordinates": [ 76.6045268, 10.0734498 ] } },
{ "type": "Feature", "properties": { "id": "node/7726206265", "@id": "node/7726206265", "CovidVaccineCenterId": null, "addr:city": null, "addr:district": "Ernakulam", "addr:full": "Nellikuzhi-Cheruvattoor Road, Nellikuzhi", "addr:housename": null, "addr:housenumber": null, "addr:postcode": "686691", "addr:state": "Kerala", "addr:street": null, "addr:subdistrict": null, "alt_name": null, "amenity": "hospital", "branch": null, "check_date": null, "check_date:opening_hours": null, "contact:phone": null, "description": null, "designation": null, "email": null, "emergency": null, "fax": null, "government": null, "health_facility:type": null, "healthcare": null, "healthcare:speciality": null, "image": null, "name": "NIMS Hospital", "name:ar": null, "name:en": null, "name:ml": null, "note": null, "opening_hours": null, "operator": null, "operator:short": null, "operator:type": null, "operator:wikidata": null, "panchayath": null, "phone": null, "ref": null, "source": "Local Knowledge", "survey:date": null, "type": null, "ward": null, "website": null, "wheelchair": null }, "geometry": { "type": "Point", "coordinates": [ 76.5925286, 10.0758077 ] } },
{ "type": "Feature", "properties": { "id": "node/7726206248", "@id": "node/7726206248", "CovidVaccineCenterId": null, "addr:city": null, "addr:district": "Ernakulam", "addr:full": "Thrikkariyoor", "addr:housename": null, "addr:housenumber": null, "addr:postcode": "686692", "addr:state": "Kerala", "addr:street": null, "addr:subdistrict": null, "alt_name": null, "amenity": "hospital", "branch": null, "check_date": null, "check_date:opening_hours": null, "contact:phone": null, "description": null, "designation": null, "email": null, "emergency": null, "fax": null, "government": null, "health_facility:type": null, "healthcare": null, "healthcare:speciality": null, "image": null, "name": "Ayurguham Ayurvendha Hospital", "name:ar": null, "name:en": null, "name:ml": null, "note": null, "opening_hours": null, "operator": null, "operator:short": null, "operator:type": null, "operator:wikidata": null, "panchayath": null, "phone": null, "ref": null, "source": "Local Knowledge", "survey:date": null, "type": null, "ward": null, "website": null, "wheelchair": null }, "geometry": { "type": "Point", "coordinates": [ 76.6193506, 10.0806662 ] } },
{ "type": "Feature", "properties": { "id": "node/6700659083", "@id": "node/6700659083", "CovidVaccineCenterId": null, "addr:city": "Aluva", "addr:district": null, "addr:full": null, "addr:housename": null, "addr:housenumber": null, "addr:postcode": "683112", "addr:state": null, "addr:street": "Rajagiri Hospital Emergengy Services Road", "addr:subdistrict": null, "alt_name": null, "amenity": "hospital", "branch": null, "check_date": null, "check_date:opening_hours": null, "contact:phone": null, "description": null, "designation": null, "email": null, "emergency": "yes", "fax": null, "government": null, "health_facility:type": null, "healthcare": "hospital", "healthcare:speciality": null, "image": null, "name": "Rajagiri Hospital Emergency Services Entrance", "name:ar": null, "name:en": null, "name:ml": null, "note": null, "opening_hours": null, "operator": "Rajagiri Hospital", "operator:short": null, "operator:type": "private", "operator:wikidata": null, "panchayath": null, "phone": "+91 484 290 5100", "ref": null, "source": null, "survey:date": null, "type": null, "ward": null, "website": "https://www.rajagirihospital.com/", "wheelchair": null }, "geometry": { "type": "Point", "coordinates": [ 76.3887934, 10.0876999 ] } },
{ "type": "Feature", "properties": { "id": "node/12574045379", "@id": "node/12574045379", "CovidVaccineCenterId": null, "addr:city": null, "addr:district": null, "addr:full": null, "addr:housename": null, "addr:housenumber": null, "addr:postcode": null, "addr:state": null, "addr:street": null, "addr:subdistrict": null, "alt_name": null, "amenity": "hospital", "branch": null, "check_date": null, "check_date:opening_hours": null, "contact:phone": null, "description": null, "designation": null, "email": null, "emergency": null, "fax": null, "government": null, "health_facility:type": null, "healthcare": "hospital", "healthcare:speciality": null, "image": null, "name": "Public Parking Ground", "name:ar": null, "name:en": null, "name:ml": null, "note": null, "opening_hours": null, "operator": "Rajagiri Hospitals", "operator:short": null, "operator:type": "private", "operator:wikidata": null, "panchayath": null, "phone": null, "ref": null, "source": null, "survey:date": null, "type": null, "ward": null, "website": null, "wheelchair": null }, "geometry": { "type": "Point", "coordinates": [ 76.390581, 10.0878142 ] } },
{ "type": "Feature", "properties": { "id": "node/6700659084", "@id": "node/6700659084", "CovidVaccineCenterId": null, "addr:city": "Aluva", "addr:district": null, "addr:full": null, "addr:housename": null, "addr:housenumber": null, "addr:postcode": "683112", "addr:state": null, "addr:street": "Rajagiri Hospital Access Road", "addr:subdistrict": null, "alt_name": null, "amenity": "hospital", "branch": null, "check_date": null, "check_date:opening_hours": null, "contact:phone": null, "description": null, "designation": null, "email": null, "emergency": "no", "fax": null, "government": null, "health_facility:type": null, "healthcare": "hospital", "healthcare:speciality": "multi_specialty", "image": null, "name": "Rajagiri Hospital Main Entrance", "name:ar": null, "name:en": null, "name:ml": null, "note": null, "opening_hours": null, "operator": "Rajagiri Hospital", "operator:short": null, "operator:type": "private", "operator:wikidata": null, "panchayath": null, "phone": "+91 484 290 5111", "ref": null, "source": null, "survey:date": null, "type": null, "ward": null, "website": "https://www.rajagirihospital.com/", "wheelchair": null }, "geometry": { "type": "Point", "coordinates": [ 76.388261, 10.0878907 ] } },
{ "type": "Feature", "properties": { "id": "node/7726206273", "@id": "node/7726206273", "CovidVaccineCenterId": null, "addr:city": null, "addr:district": "Ernakulam", "addr:full": "Vengola", "addr:housename": null, "addr:housenumber": null, "addr:postcode": "683556", "addr:state": "Kerala", "addr:street": null, "addr:subdistrict": null, "alt_name": null, "amenity": "hospital", "branch": null, "check_date": null, "check_date:opening_hours": null, "contact:phone": null, "description": null, "designation": null, "email": null, "emergency": null, "fax": null, "government": null, "health_facility:type": null, "healthcare": null, "healthcare:speciality": null, "image": null, "name": "Ideal Mind Care Hospital", "name:ar": null, "name:en": null, "name:ml": null, "note": null, "opening_hours": null, "operator": null, "operator:short": null, "operator:type": null, "operator:wikidata": null, "panchayath": null, "phone": null, "ref": null, "source": "Local Knowledge", "survey:date": null, "type": null, "ward": null, "website": null, "wheelchair": null }, "geometry": { "type": "Point", "coordinates": [ 76.4682171, 10.0888995 ] } },
{ "type": "Feature", "properties": { "id": "node/8113939043", "@id": "node/8113939043", "CovidVaccineCenterId": null, "addr:city": "Near Perumbavoor", "addr:district": null, "addr:full": null, "addr:housename": null, "addr:housenumber": null, "addr:postcode": "683547", "addr:state": null, "addr:street": "M H Kavala", "addr:subdistrict": null, "alt_name": null, "amenity": "hospital", "branch": null, "check_date": null, "check_date:opening_hours": null, "contact:phone": null, "description": null, "designation": null, "email": null, "emergency": "no", "fax": null, "government": null, "health_facility:type": null, "healthcare": "yes", "healthcare:speciality": null, "image": null, "name": "govt homoeo dispensary vengola", "name:ar": null, "name:en": null, "name:ml": null, "note": null, "opening_hours": null, "operator": "Medical officer", "operator:short": null, "operator:type": "government", "operator:wikidata": null, "panchayath": null, "phone": null, "ref": null, "source": null, "survey:date": null, "type": null, "ward": null, "website": null, "wheelchair": null }, "geometry": { "type": "Point", "coordinates": [ 76.449084, 10.0953279 ] } },
{ "type": "Feature", "properties": { "id": "node/343714970", "@id": "node/343714970", "CovidVaccineCenterId": null, "addr:city": null, "addr:district": null, "addr:full": null, "addr:housename": null, "addr:housenumber": null, "addr:postcode": null, "addr:state": null, "addr:street": null, "addr:subdistrict": null, "alt_name": null, "amenity": "hospital", "branch": null, "check_date": null, "check_date:opening_hours": null, "contact:phone": null, "description": null, "designation": null, "email": null, "emergency": null, "fax": null, "government": null, "health_facility:type": null, "healthcare": "hospital", "healthcare:speciality": null, "image": null, "name": "vengola govt homoeo dispensary", "name:ar": null, "name:en": null, "name:ml": null, "note": null, "opening_hours": null, "operator": null, "operator:short": null, "operator:type": null, "operator:wikidata": null, "panchayath": null, "phone": null, "ref": null, "source": null, "survey:date": null, "type": null, "ward": null, "website": null, "wheelchair": null }, "geometry": { "type": "Point", "coordinates": [ 76.4511132, 10.0971798 ] } },
{ "type": "Feature", "properties": { "id": "node/10970406426", "@id": "node/10970406426", "CovidVaccineCenterId": null, "addr:city": null, "addr:district": null, "addr:full": null, "addr:housename": null, "addr:housenumber": null, "addr:postcode": null, "addr:state": null, "addr:street": null, "addr:subdistrict": null, "alt_name": null, "amenity": "hospital", "branch": null, "check_date": null, "check_date:opening_hours": null, "contact:phone": null, "description": null, "designation": null, "email": null, "emergency": null, "fax": null, "government": null, "health_facility:type": null, "healthcare": "hospital", "healthcare:speciality": null, "image": null, "name": "Family health centre", "name:ar": null, "name:en": null, "name:ml": null, "note": null, "opening_hours": null, "operator": null, "operator:short": null, "operator:type": null, "operator:wikidata": null, "panchayath": null, "phone": null, "ref": null, "source": null, "survey:date": null, "type": null, "ward": null, "website": null, "wheelchair": null }, "geometry": { "type": "Point", "coordinates": [ 76.3900272, 10.1033088 ] } },
{ "type": "Feature", "properties": { "id": "node/6950282037", "@id": "node/6950282037", "CovidVaccineCenterId": null, "addr:city": null, "addr:district": "Ernakulam", "addr:full": "P P Road,Perumbavoor", "addr:housename": null, "addr:housenumber": null, "addr:postcode": "683542", "addr:state": "Kerala", "addr:street": null, "addr:subdistrict": null, "alt_name": null, "amenity": "hospital", "branch": null, "check_date": null, "check_date:opening_hours": null, "contact:phone": null, "description": null, "designation": null, "email": null, "emergency": null, "fax": null, "government": null, "health_facility:type": null, "healthcare": "hospital", "healthcare:speciality": null, "image": null, "name": "Vathiyayath Hospital, Perumbavoor", "name:ar": null, "name:en": null, "name:ml": null, "note": null, "opening_hours": null, "operator": null, "operator:short": null, "operator:type": null, "operator:wikidata": null, "panchayath": null, "phone": null, "ref": null, "source": "OpenGovernmentData", "survey:date": null, "type": null, "ward": null, "website": null, "wheelchair": null }, "geometry": { "type": "Point", "coordinates": [ 76.4757764, 10.1102479 ] } },
{ "type": "Feature", "properties": { "id": "node/7726206280", "@id": "node/7726206280", "CovidVaccineCenterId": null, "addr:city": null, "addr:district": "Ernakulam", "addr:full": null, "addr:housename": null, "addr:housenumber": null, "addr:postcode": "683542", "addr:state": "Kerala", "addr:street": null, "addr:subdistrict": null, "alt_name": null, "amenity": "hospital", "branch": null, "check_date": null, "check_date:opening_hours": null, "contact:phone": null, "description": null, "designation": null, "email": null, "emergency": null, "fax": null, "government": null, "health_facility:type": null, "healthcare": null, "healthcare:speciality": null, "image": null, "name": "Ayurgrace Ayurveda Hospital", "name:ar": null, "name:en": null, "name:ml": null, "note": null, "opening_hours": null, "operator": null, "operator:short": null, "operator:type": null, "operator:wikidata": null, "panchayath": null, "phone": null, "ref": null, "source": "Local Knowledge", "survey:date": null, "type": null, "ward": null, "website": null, "wheelchair": null }, "geometry": { "type": "Point", "coordinates": [ 76.480951, 10.110355 ] } },
{ "type": "Feature", "properties": { "id": "node/6953070185", "@id": "node/6953070185", "CovidVaccineCenterId": null, "addr:city": null, "addr:district": "Ernakulam", "addr:full": "Opposite K.S.R.T.C Bus Station, Perumbavoor", "addr:housename": null, "addr:housenumber": null, "addr:postcode": "683542", "addr:state": "Kerala", "addr:street": "old muvattupuzha road", "addr:subdistrict": null, "alt_name": null, "amenity": "hospital", "branch": null, "check_date": null, "check_date:opening_hours": null, "contact:phone": null, "description": null, "designation": null, "email": null, "emergency": "no", "fax": null, "government": null, "health_facility:type": null, "healthcare": "hospital", "healthcare:speciality": null, "image": null, "name": "M.V. Joseph Memorial Hospital", "name:ar": null, "name:en": null, "name:ml": null, "note": null, "opening_hours": null, "operator": null, "operator:short": null, "operator:type": null, "operator:wikidata": null, "panchayath": null, "phone": null, "ref": null, "source": "OpenGovernmentData", "survey:date": null, "type": null, "ward": null, "website": null, "wheelchair": null }, "geometry": { "type": "Point", "coordinates": [ 76.4815673, 10.1111694 ] } },
{ "type": "Feature", "properties": { "id": "node/8980628065", "@id": "node/8980628065", "CovidVaccineCenterId": null, "addr:city": null, "addr:district": null, "addr:full": null, "addr:housename": null, "addr:housenumber": null, "addr:postcode": null, "addr:state": null, "addr:street": null, "addr:subdistrict": null, "alt_name": null, "amenity": "hospital", "branch": null, "check_date": null, "check_date:opening_hours": null, "contact:phone": null, "description": null, "designation": null, "email": null, "emergency": null, "fax": null, "government": null, "health_facility:type": null, "healthcare": "hospital", "healthcare:speciality": null, "image": null, "name": "Nayarambalam Primary Health Center", "name:ar": null, "name:en": null, "name:ml": null, "note": null, "opening_hours": null, "operator": null, "operator:short": null, "operator:type": null, "operator:wikidata": null, "panchayath": null, "phone": null, "ref": null, "source": null, "survey:date": null, "type": null, "ward": null, "website": null, "wheelchair": null }, "geometry": { "type": "Point", "coordinates": [ 76.2181225, 10.0572971 ] } },
{ "type": "Feature", "properties": { "id": "node/6956828002", "@id": "node/6956828002", "CovidVaccineCenterId": null, "addr:city": null, "addr:district": "Ernakulam", "addr:full": "Kadamakkudy", "addr:housename": null, "addr:housenumber": null, "addr:postcode": "682027", "addr:state": "Kerala", "addr:street": null, "addr:subdistrict": null, "alt_name": null, "amenity": "hospital", "branch": null, "check_date": null, "check_date:opening_hours": null, "contact:phone": null, "description": null, "designation": null, "email": null, "emergency": null, "fax": null, "government": null, "health_facility:type": null, "healthcare": "hospital", "healthcare:speciality": null, "image": null, "name": "Government Ayurveda Hospital", "name:ar": null, "name:en": null, "name:ml": null, "note": null, "opening_hours": null, "operator": null, "operator:short": null, "operator:type": "government", "operator:wikidata": null, "panchayath": null, "phone": null, "ref": null, "source": "OpenGovernmentData", "survey:date": null, "type": null, "ward": null, "website": null, "wheelchair": null }, "geometry": { "type": "Point", "coordinates": [ 76.2478738, 10.0594005 ] } },
{ "type": "Feature", "properties": { "id": "node/9546830165", "@id": "node/9546830165", "CovidVaccineCenterId": null, "addr:city": null, "addr:district": null, "addr:full": null, "addr:housename": null, "addr:housenumber": null, "addr:postcode": null, "addr:state": null, "addr:street": null, "addr:subdistrict": null, "alt_name": null, "amenity": "hospital", "branch": null, "check_date": null, "check_date:opening_hours": null, "contact:phone": null, "description": null, "designation": null, "email": null, "emergency": null, "fax": null, "government": null, "health_facility:type": null, "healthcare": "hospital", "healthcare:speciality": "general", "image": null, "name": "granth", "name:ar": null, "name:en": null, "name:ml": null, "note": null, "opening_hours": null, "operator": "uddhesh patekar", "operator:short": null, "operator:type": "public", "operator:wikidata": null, "panchayath": null, "phone": null, "ref": null, "source": null, "survey:date": null, "type": null, "ward": null, "website": null, "wheelchair": null }, "geometry": { "type": "Point", "coordinates": [ 76.2464597, 10.063749 ] } },
{ "type": "Feature", "properties": { "id": "node/8879118320", "@id": "node/8879118320", "CovidVaccineCenterId": null, "addr:city": null, "addr:district": null, "addr:full": null, "addr:housename": null, "addr:housenumber": null, "addr:postcode": null, "addr:state": null, "addr:street": null, "addr:subdistrict": null, "alt_name": null, "amenity": "hospital", "branch": null, "check_date": null, "check_date:opening_hours": null, "contact:phone": null, "description": null, "designation": null, "email": null, "emergency": null, "fax": null, "government": null, "health_facility:type": null, "healthcare": "hospital", "healthcare:speciality": null, "image": null, "name": "Ayurveda hospital varapuzha", "name:ar": null, "name:en": null, "name:ml": null, "note": null, "opening_hours": null, "operator": null, "operator:short": null, "operator:type": null, "operator:wikidata": null, "panchayath": null, "phone": null, "ref": null, "source": null, "survey:date": "2021-06-30T00:00:00", "type": null, "ward": null, "website": null, "wheelchair": null }, "geometry": { "type": "Point", "coordinates": [ 76.2708801, 10.0751413 ] } },
{ "type": "Feature", "properties": { "id": "node/6951990436", "@id": "node/6951990436", "CovidVaccineCenterId": null, "addr:city": null, "addr:district": "Ernakulam", "addr:full": "Varapuzha", "addr:housename": null, "addr:housenumber": null, "addr:postcode": "683517", "addr:state": "Kerala", "addr:street": null, "addr:subdistrict": null, "alt_name": null, "amenity": "hospital", "branch": null, "check_date": null, "check_date:opening_hours": null, "contact:phone": null, "description": null, "designation": null, "email": null, "emergency": null, "fax": null, "government": null, "health_facility:type": null, "healthcare": null, "healthcare:speciality": null, "image": null, "name": "UB Trust Hospital and Diagnostic Centre", "name:ar": null, "name:en": null, "name:ml": null, "note": null, "opening_hours": null, "operator": null, "operator:short": null, "operator:type": null, "operator:wikidata": null, "panchayath": null, "phone": null, "ref": null, "source": "OpenGovernmentData", "survey:date": null, "type": null, "ward": null, "website": null, "wheelchair": null }, "geometry": { "type": "Point", "coordinates": [ 76.2704929, 10.0803996 ] } },
{ "type": "Feature", "properties": { "id": "node/8778367958", "@id": "node/8778367958", "CovidVaccineCenterId": "155318", "addr:city": null, "addr:district": null, "addr:full": null, "addr:housename": null, "addr:housenumber": null, "addr:postcode": null, "addr:state": null, "addr:street": null, "addr:subdistrict": null, "alt_name": null, "amenity": "hospital", "branch": null, "check_date": null, "check_date:opening_hours": null, "contact:phone": null, "description": null, "designation": null, "email": null, "emergency": null, "fax": null, "government": null, "health_facility:type": null, "healthcare": "hospital", "healthcare:speciality": null, "image": null, "name": "Community Health Center, Ezhikkara", "name:ar": null, "name:en": null, "name:ml": null, "note": null, "opening_hours": null, "operator": "Department of Health and Family Welfare", "operator:short": null, "operator:type": "government", "operator:wikidata": null, "panchayath": null, "phone": null, "ref": "1495", "source": null, "survey:date": null, "type": "15", "ward": null, "website": null, "wheelchair": null }, "geometry": { "type": "Point", "coordinates": [ 76.2342403, 10.095292 ] } },
{ "type": "Feature", "properties": { "id": "node/7462511010", "@id": "node/7462511010", "CovidVaccineCenterId": "155211", "addr:city": null, "addr:district": null, "addr:full": null, "addr:housename": null, "addr:housenumber": null, "addr:postcode": null, "addr:state": null, "addr:street": null, "addr:subdistrict": null, "alt_name": "Edavanakad PHC", "amenity": "hospital", "branch": null, "check_date": null, "check_date:opening_hours": null, "contact:phone": null, "description": null, "designation": null, "email": null, "emergency": null, "fax": null, "government": null, "health_facility:type": null, "healthcare": "hospital", "healthcare:speciality": "general", "image": null, "name": "primary health centre", "name:ar": null, "name:en": null, "name:ml": null, "note": null, "opening_hours": null, "operator": "Government", "operator:short": null, "operator:type": "public", "operator:wikidata": null, "panchayath": null, "phone": null, "ref": "1491", "source": null, "survey:date": null, "type": "9", "ward": null, "website": null, "wheelchair": null }, "geometry": { "type": "Point", "coordinates": [ 76.2058893, 10.0982562 ] } },
{ "type": "Feature", "properties": { "id": "node/6483440785", "@id": "node/6483440785", "CovidVaccineCenterId": null, "addr:city": null, "addr:district": null, "addr:full": null, "addr:housename": null, "addr:housenumber": null, "addr:postcode": null, "addr:state": null, "addr:street": null, "addr:subdistrict": null, "alt_name": null, "amenity": "hospital", "branch": null, "check_date": null, "check_date:opening_hours": null, "contact:phone": null, "description": null, "designation": null, "email": null, "emergency": null, "fax": null, "government": null, "health_facility:type": null, "healthcare": "hospital", "healthcare:speciality": null, "image": null, "name": "Primary Health Centre Koonammavu", "name:ar": null, "name:en": null, "name:ml": null, "note": null, "opening_hours": null, "operator": null, "operator:short": null, "operator:type": null, "operator:wikidata": null, "panchayath": null, "phone": null, "ref": "1497", "source": null, "survey:date": null, "type": null, "ward": null, "website": null, "wheelchair": null }, "geometry": { "type": "Point", "coordinates": [ 76.2659238, 10.1011548 ] } },
{ "type": "Feature", "properties": { "id": "node/9103450417", "@id": "node/9103450417", "CovidVaccineCenterId": null, "addr:city": null, "addr:district": null, "addr:full": null, "addr:housename": null, "addr:housenumber": null, "addr:postcode": null, "addr:state": null, "addr:street": null, "addr:subdistrict": null, "alt_name": null, "amenity": "hospital", "branch": null, "check_date": null, "check_date:opening_hours": null, "contact:phone": null, "description": null, "designation": null, "email": null, "emergency": null, "fax": null, "government": null, "health_facility:type": null, "healthcare": "hospital", "healthcare:speciality": null, "image": null, "name": "Homeo Hospital", "name:ar": null, "name:en": null, "name:ml": null, "note": null, "opening_hours": null, "operator": null, "operator:short": null, "operator:type": null, "operator:wikidata": null, "panchayath": null, "phone": null, "ref": null, "source": null, "survey:date": "2021-09-18T00:00:00", "type": null, "ward": null, "website": null, "wheelchair": null }, "geometry": { "type": "Point", "coordinates": [ 76.2501271, 10.1028148 ] } },
{ "type": "Feature", "properties": { "id": "node/8889466576", "@id": "node/8889466576", "CovidVaccineCenterId": null, "addr:city": null, "addr:district": null, "addr:full": null, "addr:housename": null, "addr:housenumber": null, "addr:postcode": null, "addr:state": null, "addr:street": null, "addr:subdistrict": null, "alt_name": null, "amenity": "hospital", "branch": null, "check_date": null, "check_date:opening_hours": null, "contact:phone": null, "description": null, "designation": null, "email": null, "emergency": null, "fax": null, "government": null, "health_facility:type": null, "healthcare": "hospital", "healthcare:speciality": null, "image": null, "name": "Family Health Centre Alangad", "name:ar": null, "name:en": null, "name:ml": null, "note": null, "opening_hours": null, "operator": null, "operator:short": null, "operator:type": null, "operator:wikidata": null, "panchayath": null, "phone": null, "ref": "1477", "source": null, "survey:date": null, "type": "9", "ward": null, "website": null, "wheelchair": null }, "geometry": { "type": "Point", "coordinates": [ 76.2780318, 10.1099055 ] } },
{ "type": "Feature", "properties": { "id": "node/7503498257", "@id": "node/7503498257", "CovidVaccineCenterId": null, "addr:city": null, "addr:district": null, "addr:full": null, "addr:housename": null, "addr:housenumber": null, "addr:postcode": null, "addr:state": null, "addr:street": null, "addr:subdistrict": null, "alt_name": null, "amenity": "hospital", "branch": null, "check_date": null, "check_date:opening_hours": null, "contact:phone": null, "description": null, "designation": null, "email": null, "emergency": null, "fax": null, "government": null, "health_facility:type": null, "healthcare": "hospital", "healthcare:speciality": null, "image": null, "name": "cimar infertility hospital cheranalloor", "name:ar": null, "name:en": null, "name:ml": null, "note": null, "opening_hours": null, "operator": null, "operator:short": null, "operator:type": null, "operator:wikidata": null, "panchayath": null, "phone": null, "ref": null, "source": null, "survey:date": null, "type": null, "ward": null, "website": null, "wheelchair": null }, "geometry": { "type": "Point", "coordinates": [ 76.2968834, 10.0517171 ] } },
{ "type": "Feature", "properties": { "id": "node/8889544551", "@id": "node/8889544551", "CovidVaccineCenterId": null, "addr:city": null, "addr:district": null, "addr:full": null, "addr:housename": null, "addr:housenumber": null, "addr:postcode": null, "addr:state": null, "addr:street": null, "addr:subdistrict": null, "alt_name": null, "amenity": "hospital", "branch": null, "check_date": null, "check_date:opening_hours": null, "contact:phone": null, "description": null, "designation": null, "email": null, "emergency": null, "fax": null, "government": null, "health_facility:type": null, "healthcare": "hospital", "healthcare:speciality": null, "image": null, "name": "Community Health Centre, Varapuzha", "name:ar": null, "name:en": null, "name:ml": null, "note": null, "opening_hours": null, "operator": "Department of Health and Family Welfare", "operator:short": null, "operator:type": "government", "operator:wikidata": null, "panchayath": null, "phone": null, "ref": "1488", "source": null, "survey:date": null, "type": "17", "ward": null, "website": null, "wheelchair": null }, "geometry": { "type": "Point", "coordinates": [ 76.3018712, 10.0566983 ] } },
{ "type": "Feature", "properties": { "id": "node/6953819900", "@id": "node/6953819900", "CovidVaccineCenterId": null, "addr:city": null, "addr:district": "Ernakulam", "addr:full": "Xii/229, Muttar - Eloor Road, Manjummel, Eloor", "addr:housename": null, "addr:housenumber": null, "addr:postcode": "683501", "addr:state": "Kerala", "addr:street": null, "addr:subdistrict": null, "alt_name": null, "amenity": "hospital", "branch": null, "check_date": null, "check_date:opening_hours": null, "contact:phone": null, "description": null, "designation": null, "email": null, "emergency": null, "fax": null, "government": null, "health_facility:type": null, "healthcare": null, "healthcare:speciality": null, "image": null, "name": "St. Joseph's Hospital", "name:ar": null, "name:en": null, "name:ml": null, "note": null, "opening_hours": null, "operator": null, "operator:short": null, "operator:type": null, "operator:wikidata": null, "panchayath": null, "phone": null, "ref": null, "source": "OpenGovernmentData", "survey:date": null, "type": null, "ward": null, "website": "https://www.stjosephhospital.in/", "wheelchair": null }, "geometry": { "type": "Point", "coordinates": [ 76.3014141, 10.0601909 ] } },
{ "type": "Feature", "properties": { "id": "node/9137869018", "@id": "node/9137869018", "CovidVaccineCenterId": null, "addr:city": null, "addr:district": null, "addr:full": null, "addr:housename": null, "addr:housenumber": null, "addr:postcode": null, "addr:state": null, "addr:street": null, "addr:subdistrict": null, "alt_name": null, "amenity": "hospital", "branch": null, "check_date": null, "check_date:opening_hours": null, "contact:phone": null, "description": null, "designation": null, "email": null, "emergency": null, "fax": null, "government": null, "health_facility:type": null, "healthcare": "hospital", "healthcare:speciality": null, "image": null, "name": "St Joseph Hospital Manjummel", "name:ar": null, "name:en": null, "name:ml": null, "note": null, "opening_hours": null, "operator": null, "operator:short": null, "operator:type": null, "operator:wikidata": null, "panchayath": null, "phone": null, "ref": null, "source": null, "survey:date": "2021-10-01T00:00:00", "type": null, "ward": null, "website": null, "wheelchair": null }, "geometry": { "type": "Point", "coordinates": [ 76.3013527, 10.0602094 ] } },
{ "type": "Feature", "properties": { "id": "node/8780579331", "@id": "node/8780579331", "CovidVaccineCenterId": "155216", "addr:city": null, "addr:district": null, "addr:full": null, "addr:housename": null, "addr:housenumber": null, "addr:postcode": null, "addr:state": null, "addr:street": null, "addr:subdistrict": null, "alt_name": "24*7 primary health centre", "amenity": "hospital", "branch": null, "check_date": null, "check_date:opening_hours": null, "contact:phone": null, "description": null, "designation": null, "email": null, "emergency": null, "fax": null, "government": null, "health_facility:type": null, "healthcare": "hospital", "healthcare:speciality": null, "image": null, "name": "Primary Health Center, Eloor", "name:ar": null, "name:en": null, "name:ml": null, "note": null, "opening_hours": null, "operator": "Department of Health and Family Welfare", "operator:short": null, "operator:type": "government", "operator:wikidata": null, "panchayath": null, "phone": null, "ref": "2285", "source": null, "survey:date": null, "type": null, "ward": null, "website": null, "wheelchair": null }, "geometry": { "type": "Point", "coordinates": [ 76.2895024, 10.0832761 ] } },
{ "type": "Feature", "properties": { "id": "node/8099914991", "@id": "node/8099914991", "CovidVaccineCenterId": null, "addr:city": "Ernakulam", "addr:district": null, "addr:full": null, "addr:housename": null, "addr:housenumber": "Kunnukara P O", "addr:postcode": "683578", "addr:state": null, "addr:street": "Manjaly Athani Road", "addr:subdistrict": null, "alt_name": null, "amenity": "hospital", "branch": null, "check_date": null, "check_date:opening_hours": null, "contact:phone": null, "description": null, "designation": null, "email": null, "emergency": null, "fax": null, "government": "healthcare", "health_facility:type": null, "healthcare": "hospital", "healthcare:speciality": "general", "image": null, "name": "Government Homoeo Dispensary Kunnukara", "name:ar": null, "name:en": null, "name:ml": null, "note": null, "opening_hours": "Mo-Su 09:00-14:00", "operator": "Medical Officer", "operator:short": null, "operator:type": "government", "operator:wikidata": null, "panchayath": null, "phone": "+91-484 2479696", "ref": null, "source": null, "survey:date": null, "type": null, "ward": null, "website": null, "wheelchair": null }, "geometry": { "type": "Point", "coordinates": [ 76.2948487, 10.1561093 ] } },
{ "type": "Feature", "properties": { "id": "node/8871569240", "@id": "node/8871569240", "CovidVaccineCenterId": null, "addr:city": null, "addr:district": null, "addr:full": null, "addr:housename": null, "addr:housenumber": null, "addr:postcode": null, "addr:state": null, "addr:street": null, "addr:subdistrict": null, "alt_name": null, "amenity": "hospital", "branch": null, "check_date": null, "check_date:opening_hours": null, "contact:phone": null, "description": null, "designation": null, "email": null, "emergency": null, "fax": null, "government": null, "health_facility:type": null, "healthcare": "hospital", "healthcare:speciality": null, "image": null, "name": "Primary Health Centre Kunnukara", "name:ar": null, "name:en": null, "name:ml": null, "note": null, "opening_hours": null, "operator": null, "operator:short": null, "operator:type": null, "operator:wikidata": null, "panchayath": null, "phone": null, "ref": "1486", "source": null, "survey:date": null, "type": null, "ward": null, "website": null, "wheelchair": null }, "geometry": { "type": "Point", "coordinates": [ 76.2989421, 10.1566301 ] } },
{ "type": "Feature", "properties": { "id": "node/4757701741", "@id": "node/4757701741", "CovidVaccineCenterId": null, "addr:city": null, "addr:district": null, "addr:full": null, "addr:housename": null, "addr:housenumber": null, "addr:postcode": null, "addr:state": null, "addr:street": null, "addr:subdistrict": null, "alt_name": null, "amenity": "hospital", "branch": null, "check_date": null, "check_date:opening_hours": null, "contact:phone": null, "description": null, "designation": null, "email": null, "emergency": null, "fax": null, "government": null, "health_facility:type": null, "healthcare": "hospital", "healthcare:speciality": null, "image": null, "name": null, "name:ar": null, "name:en": null, "name:ml": null, "note": null, "opening_hours": null, "operator": null, "operator:short": null, "operator:type": null, "operator:wikidata": null, "panchayath": null, "phone": null, "ref": null, "source": null, "survey:date": null, "type": null, "ward": null, "website": null, "wheelchair": null }, "geometry": { "type": "Point", "coordinates": [ 76.2870091, 10.1753835 ] } },
{ "type": "Feature", "properties": { "id": "node/7726235689", "@id": "node/7726235689", "CovidVaccineCenterId": null, "addr:city": null, "addr:district": "Ernakulam", "addr:full": "Rajagiri Road, Rajagiri, Kalamassery, Kochi", "addr:housename": null, "addr:housenumber": null, "addr:postcode": "683104", "addr:state": "Kerala", "addr:street": null, "addr:subdistrict": null, "alt_name": null, "amenity": "hospital", "branch": null, "check_date": null, "check_date:opening_hours": null, "contact:phone": null, "description": null, "designation": null, "email": null, "emergency": null, "fax": null, "government": null, "health_facility:type": null, "healthcare": null, "healthcare:speciality": null, "image": null, "name": "Metro Mind - Psychiatric Hospital", "name:ar": null, "name:en": null, "name:ml": null, "note": null, "opening_hours": null, "operator": null, "operator:short": null, "operator:type": null, "operator:wikidata": null, "panchayath": null, "phone": null, "ref": null, "source": "Local Knowledge", "survey:date": null, "type": null, "ward": null, "website": null, "wheelchair": null }, "geometry": { "type": "Point", "coordinates": [ 76.319607, 10.054538 ] } },
{ "type": "Feature", "properties": { "id": "node/7726235670", "@id": "node/7726235670", "CovidVaccineCenterId": null, "addr:city": null, "addr:district": "Ernakulam", "addr:full": "Kalamassery, Ernakulam", "addr:housename": null, "addr:housenumber": null, "addr:postcode": "683104", "addr:state": "Kerala", "addr:street": null, "addr:subdistrict": null, "alt_name": null, "amenity": "hospital", "branch": null, "check_date": null, "check_date:opening_hours": null, "contact:phone": null, "description": null, "designation": null, "email": null, "emergency": null, "fax": null, "government": null, "health_facility:type": null, "healthcare": null, "healthcare:speciality": null, "image": null, "name": "Appolo", "name:ar": null, "name:en": null, "name:ml": null, "note": null, "opening_hours": null, "operator": null, "operator:short": null, "operator:type": null, "operator:wikidata": null, "panchayath": null, "phone": null, "ref": null, "source": "Local Knowledge", "survey:date": null, "type": null, "ward": null, "website": null, "wheelchair": null }, "geometry": { "type": "Point", "coordinates": [ 76.3187175, 10.0632087 ] } },
{ "type": "Feature", "properties": { "id": "node/6957230459", "@id": "node/6957230459", "CovidVaccineCenterId": null, "addr:city": null, "addr:district": "Ernakulam", "addr:full": "Elanjichuvadu, Elookkara, Muppathadam P.O., Aluva", "addr:housename": null, "addr:housenumber": null, "addr:postcode": "683110", "addr:state": "Kerala", "addr:street": null, "addr:subdistrict": null, "alt_name": null, "amenity": "hospital", "branch": null, "check_date": null, "check_date:opening_hours": null, "contact:phone": null, "description": null, "designation": null, "email": null, "emergency": null, "fax": null, "government": null, "health_facility:type": null, "healthcare": null, "healthcare:speciality": null, "image": null, "name": "Sarathy Ayurvedic Hospital", "name:ar": null, "name:en": null, "name:ml": null, "note": null, "opening_hours": null, "operator": null, "operator:short": null, "operator:type": null, "operator:wikidata": null, "panchayath": null, "phone": null, "ref": null, "source": "OpenGovernmentData", "survey:date": null, "type": null, "ward": null, "website": null, "wheelchair": null }, "geometry": { "type": "Point", "coordinates": [ 76.3231815, 10.1007404 ] } },
{ "type": "Feature", "properties": { "id": "node/9045554213", "@id": "node/9045554213", "CovidVaccineCenterId": null, "addr:city": null, "addr:district": null, "addr:full": null, "addr:housename": null, "addr:housenumber": null, "addr:postcode": null, "addr:state": null, "addr:street": null, "addr:subdistrict": null, "alt_name": null, "amenity": "hospital", "branch": null, "check_date": null, "check_date:opening_hours": null, "contact:phone": null, "description": null, "designation": null, "email": null, "emergency": null, "fax": null, "government": null, "health_facility:type": null, "healthcare": "pharmacy", "healthcare:speciality": null, "image": null, "name": "Sree Krishna Medicals", "name:ar": null, "name:en": null, "name:ml": null, "note": null, "opening_hours": null, "operator": null, "operator:short": null, "operator:type": null, "operator:wikidata": null, "panchayath": null, "phone": null, "ref": null, "source": null, "survey:date": null, "type": null, "ward": null, "website": null, "wheelchair": null }, "geometry": { "type": "Point", "coordinates": [ 76.3302021, 10.1148171 ] } },
{ "type": "Feature", "properties": { "id": "node/7726206168", "@id": "node/7726206168", "CovidVaccineCenterId": null, "addr:city": null, "addr:district": "Ernakulam", "addr:full": "Aluva - Paravoor Road, Aluva", "addr:housename": null, "addr:housenumber": null, "addr:postcode": "683102", "addr:state": "Kerala", "addr:street": null, "addr:subdistrict": null, "alt_name": null, "amenity": "hospital", "branch": null, "check_date": null, "check_date:opening_hours": null, "contact:phone": null, "description": null, "designation": null, "email": null, "emergency": null, "fax": null, "government": null, "health_facility:type": null, "healthcare": "hospital", "healthcare:speciality": null, "image": null, "name": "Rural Medical Mission Hospital", "name:ar": null, "name:en": null, "name:ml": null, "note": null, "opening_hours": null, "operator": null, "operator:short": null, "operator:type": null, "operator:wikidata": null, "panchayath": null, "phone": null, "ref": null, "source": "Local Knowledge", "survey:date": null, "type": null, "ward": null, "website": null, "wheelchair": null }, "geometry": { "type": "Point", "coordinates": [ 76.3324083, 10.1254188 ] } },
{ "type": "Feature", "properties": { "id": "node/7483958230", "@id": "node/7483958230", "CovidVaccineCenterId": null, "addr:city": "Aluva", "addr:district": null, "addr:full": null, "addr:housename": null, "addr:housenumber": null, "addr:postcode": "683511", "addr:state": null, "addr:street": "V C Ahammadunni Rd, Veliyathunadu, Kerala", "addr:subdistrict": null, "alt_name": null, "amenity": "hospital", "branch": null, "check_date": null, "check_date:opening_hours": null, "contact:phone": null, "description": null, "designation": null, "email": null, "emergency": null, "fax": null, "government": null, "health_facility:type": null, "healthcare": "hospital", "healthcare:speciality": "ayurveda", "image": null, "name": "Government Ayurveda Dispensary", "name:ar": null, "name:en": null, "name:ml": null, "note": null, "opening_hours": null, "operator": null, "operator:short": null, "operator:type": null, "operator:wikidata": null, "panchayath": null, "phone": null, "ref": null, "source": null, "survey:date": null, "type": null, "ward": null, "website": null, "wheelchair": null }, "geometry": { "type": "Point", "coordinates": [ 76.3085503, 10.1428674 ] } },
{ "type": "Feature", "properties": { "id": "node/4118630490", "@id": "node/4118630490", "CovidVaccineCenterId": null, "addr:city": null, "addr:district": null, "addr:full": null, "addr:housename": null, "addr:housenumber": null, "addr:postcode": null, "addr:state": null, "addr:street": null, "addr:subdistrict": null, "alt_name": null, "amenity": "hospital", "branch": null, "check_date": null, "check_date:opening_hours": null, "contact:phone": null, "description": null, "designation": null, "email": null, "emergency": null, "fax": null, "government": null, "health_facility:type": null, "healthcare": null, "healthcare:speciality": null, "image": null, "name": "priya hospital", "name:ar": null, "name:en": null, "name:ml": null, "note": null, "opening_hours": null, "operator": null, "operator:short": null, "operator:type": null, "operator:wikidata": null, "panchayath": null, "phone": null, "ref": null, "source": null, "survey:date": null, "type": null, "ward": null, "website": null, "wheelchair": null }, "geometry": { "type": "Point", "coordinates": [ 76.3302812, 10.1751999 ] } },
{ "type": "Feature", "properties": { "id": "node/4711925465", "@id": "node/4711925465", "CovidVaccineCenterId": null, "addr:city": "Aluva", "addr:district": "Ernakulam", "addr:full": "Kurumassery", "addr:housename": null, "addr:housenumber": null, "addr:postcode": "683579", "addr:state": "Kerala", "addr:street": "Aluva Mala Road", "addr:subdistrict": null, "alt_name": null, "amenity": "hospital", "branch": null, "check_date": null, "check_date:opening_hours": null, "contact:phone": null, "description": null, "designation": null, "email": null, "emergency": "no", "fax": null, "government": null, "health_facility:type": null, "healthcare": "hospital", "healthcare:speciality": "general", "image": null, "name": "Dr. Pakkai Memorial Hospital", "name:ar": null, "name:en": null, "name:ml": null, "note": null, "opening_hours": null, "operator": "Dr Abdul Muhammed", "operator:short": null, "operator:type": "private", "operator:wikidata": null, "panchayath": null, "phone": null, "ref": null, "source": "OpenGovernmentData", "survey:date": null, "type": null, "ward": null, "website": null, "wheelchair": null }, "geometry": { "type": "Point", "coordinates": [ 76.3300226, 10.178028 ] } },
{ "type": "Feature", "properties": { "id": "node/8880492891", "@id": "node/8880492891", "CovidVaccineCenterId": null, "addr:city": null, "addr:district": null, "addr:full": null, "addr:housename": null, "addr:housenumber": null, "addr:postcode": null, "addr:state": null, "addr:street": null, "addr:subdistrict": null, "alt_name": null, "amenity": "hospital", "branch": null, "check_date": null, "check_date:opening_hours": null, "contact:phone": null, "description": null, "designation": null, "email": null, "emergency": null, "fax": null, "government": null, "health_facility:type": null, "healthcare": "hospital", "healthcare:speciality": null, "image": null, "name": "Ayurvedha Dispensary", "name:ar": null, "name:en": null, "name:ml": null, "note": null, "opening_hours": null, "operator": "Government", "operator:short": null, "operator:type": "government", "operator:wikidata": null, "panchayath": null, "phone": null, "ref": null, "source": null, "survey:date": null, "type": null, "ward": null, "website": null, "wheelchair": null }, "geometry": { "type": "Point", "coordinates": [ 76.2293049, 10.1125591 ] } },
{ "type": "Feature", "properties": { "id": "node/7213422481", "@id": "node/7213422481", "CovidVaccineCenterId": null, "addr:city": null, "addr:district": "Ernakulam", "addr:full": "Ayyampilly, Vypin, Kerala", "addr:housename": null, "addr:housenumber": null, "addr:postcode": "682501", "addr:state": "Kerala", "addr:street": null, "addr:subdistrict": null, "alt_name": null, "amenity": "hospital", "branch": null, "check_date": null, "check_date:opening_hours": null, "contact:phone": null, "description": null, "designation": null, "email": null, "emergency": null, "fax": null, "government": null, "health_facility:type": null, "healthcare": "hospital", "healthcare:speciality": null, "image": null, "name": "Ayyamppilly Government Hospital", "name:ar": null, "name:en": null, "name:ml": null, "note": null, "opening_hours": null, "operator": null, "operator:short": null, "operator:type": null, "operator:wikidata": null, "panchayath": null, "phone": null, "ref": null, "source": "OpenGovernmentData", "survey:date": null, "type": null, "ward": null, "website": null, "wheelchair": null }, "geometry": { "type": "Point", "coordinates": [ 76.1990261, 10.1209511 ] } },
{ "type": "Feature", "properties": { "id": "node/7106336922", "@id": "node/7106336922", "CovidVaccineCenterId": null, "addr:city": null, "addr:district": null, "addr:full": null, "addr:housename": null, "addr:housenumber": null, "addr:postcode": null, "addr:state": null, "addr:street": null, "addr:subdistrict": null, "alt_name": null, "amenity": "hospital", "branch": null, "check_date": null, "check_date:opening_hours": null, "contact:phone": null, "description": null, "designation": null, "email": null, "emergency": null, "fax": null, "government": null, "health_facility:type": null, "healthcare": null, "healthcare:speciality": null, "image": null, "name": "Govt ayurveda hospital", "name:ar": null, "name:en": null, "name:ml": null, "note": null, "opening_hours": null, "operator": null, "operator:short": null, "operator:type": null, "operator:wikidata": null, "panchayath": null, "phone": null, "ref": null, "source": null, "survey:date": null, "type": null, "ward": null, "website": null, "wheelchair": null }, "geometry": { "type": "Point", "coordinates": [ 76.2322152, 10.1366398 ] } },
{ "type": "Feature", "properties": { "id": "node/6950951780", "@id": "node/6950951780", "CovidVaccineCenterId": null, "addr:city": null, "addr:district": "Ernakulam", "addr:full": "Pottan Street, North Paravur", "addr:housename": null, "addr:housenumber": null, "addr:postcode": "691301", "addr:state": "Kerala", "addr:street": null, "addr:subdistrict": null, "alt_name": null, "amenity": "hospital", "branch": null, "check_date": null, "check_date:opening_hours": null, "contact:phone": null, "description": null, "designation": null, "email": null, "emergency": null, "fax": null, "government": null, "health_facility:type": null, "healthcare": "hospital", "healthcare:speciality": null, "image": null, "name": "Ahalia Foundation Eye Hospital", "name:ar": null, "name:en": null, "name:ml": null, "note": null, "opening_hours": null, "operator": null, "operator:short": null, "operator:type": null, "operator:wikidata": null, "panchayath": null, "phone": null, "ref": null, "source": "OpenGovernmentData", "survey:date": null, "type": null, "ward": null, "website": null, "wheelchair": null }, "geometry": { "type": "Point", "coordinates": [ 76.2262081, 10.1446462 ] } },
{ "type": "Feature", "properties": { "id": "node/3675363214", "@id": "node/3675363214", "CovidVaccineCenterId": null, "addr:city": null, "addr:district": "Ernakulam", "addr:full": "Canal Road, North Paravur", "addr:housename": null, "addr:housenumber": null, "addr:postcode": "683513", "addr:state": "Kerala", "addr:street": null, "addr:subdistrict": null, "alt_name": null, "amenity": "hospital", "branch": null, "check_date": null, "check_date:opening_hours": null, "contact:phone": null, "description": null, "designation": null, "email": null, "emergency": null, "fax": null, "government": null, "health_facility:type": null, "healthcare": "hospital", "healthcare:speciality": null, "image": null, "name": "Santhi Clinic And Hospital", "name:ar": null, "name:en": null, "name:ml": null, "note": null, "opening_hours": null, "operator": null, "operator:short": null, "operator:type": null, "operator:wikidata": null, "panchayath": null, "phone": null, "ref": null, "source": "OpenGovernmentData", "survey:date": null, "type": null, "ward": null, "website": null, "wheelchair": null }, "geometry": { "type": "Point", "coordinates": [ 76.2294297, 10.1470025 ] } },
{ "type": "Feature", "properties": { "id": "node/6957808443", "@id": "node/6957808443", "CovidVaccineCenterId": null, "addr:city": null, "addr:district": "Ernakulam", "addr:full": "North Paravur", "addr:housename": null, "addr:housenumber": null, "addr:postcode": "683516", "addr:state": "Kerala", "addr:street": null, "addr:subdistrict": null, "alt_name": null, "amenity": "hospital", "branch": null, "check_date": null, "check_date:opening_hours": null, "contact:phone": null, "description": null, "designation": null, "email": null, "emergency": null, "fax": null, "government": null, "health_facility:type": null, "healthcare": null, "healthcare:speciality": null, "image": null, "name": "Shajy Hospital", "name:ar": null, "name:en": null, "name:ml": null, "note": null, "opening_hours": null, "operator": null, "operator:short": null, "operator:type": null, "operator:wikidata": null, "panchayath": null, "phone": null, "ref": null, "source": "OpenGovernmentData", "survey:date": null, "type": null, "ward": null, "website": null, "wheelchair": null }, "geometry": { "type": "Point", "coordinates": [ 76.2309853, 10.1471931 ] } },
{ "type": "Feature", "properties": { "id": "node/2965439529", "@id": "node/2965439529", "CovidVaccineCenterId": null, "addr:city": null, "addr:district": null, "addr:full": null, "addr:housename": null, "addr:housenumber": null, "addr:postcode": null, "addr:state": null, "addr:street": null, "addr:subdistrict": null, "alt_name": null, "amenity": "hospital", "branch": null, "check_date": null, "check_date:opening_hours": null, "contact:phone": null, "description": null, "designation": null, "email": null, "emergency": "yes", "fax": null, "government": null, "health_facility:type": null, "healthcare": "hospital", "healthcare:speciality": null, "image": null, "name": "Topmost Medical Centre", "name:ar": null, "name:en": null, "name:ml": null, "note": null, "opening_hours": null, "operator": null, "operator:short": null, "operator:type": null, "operator:wikidata": null, "panchayath": null, "phone": null, "ref": null, "source": null, "survey:date": null, "type": null, "ward": null, "website": null, "wheelchair": null }, "geometry": { "type": "Point", "coordinates": [ 76.2454786, 10.148035 ] } },
{ "type": "Feature", "properties": { "id": "node/13344271879", "@id": "node/13344271879", "CovidVaccineCenterId": null, "addr:city": "Kochi", "addr:district": "Ernakulam", "addr:full": null, "addr:housename": null, "addr:housenumber": "Near Pallithazham Bridge", "addr:postcode": "683520", "addr:state": null, "addr:street": "Aluva-Parur Road", "addr:subdistrict": null, "alt_name": null, "amenity": "hospital", "branch": null, "check_date": null, "check_date:opening_hours": null, "contact:phone": null, "description": null, "designation": null, "email": null, "emergency": null, "fax": null, "government": null, "health_facility:type": null, "healthcare": "hospital", "healthcare:speciality": null, "image": null, "name": "Flora Medicare & Dental Implant Center", "name:ar": null, "name:en": null, "name:ml": null, "note": null, "opening_hours": "Mo-Su 09:30-21:00", "operator": null, "operator:short": null, "operator:type": null, "operator:wikidata": null, "panchayath": null, "phone": "+91-9072-303399", "ref": null, "source": null, "survey:date": null, "type": null, "ward": null, "website": "https://www.floramedicare.com/", "wheelchair": null }, "geometry": { "type": "Point", "coordinates": [ 76.2382467, 10.1496227 ] } },
{ "type": "Feature", "properties": { "id": "node/8104031076", "@id": "node/8104031076", "CovidVaccineCenterId": null, "addr:city": "n.paravoor", "addr:district": null, "addr:full": null, "addr:housename": null, "addr:housenumber": "Government homoeo dispensary chittattukara.sahitya poshini building.vadakkekara p.o", "addr:postcode": "683522", "addr:state": null, "addr:street": null, "addr:subdistrict": null, "alt_name": null, "amenity": "hospital", "branch": null, "check_date": null, "check_date:opening_hours": null, "contact:phone": null, "description": null, "designation": null, "email": null, "emergency": null, "fax": null, "government": null, "health_facility:type": null, "healthcare": "hospital", "healthcare:speciality": null, "image": null, "name": "GOVERNMENT HOMOEO DISPENSARY CHITTATTUKARA", "name:ar": null, "name:en": null, "name:ml": null, "note": null, "opening_hours": null, "operator": "MEDICAL OFFICER", "operator:short": null, "operator:type": "government", "operator:wikidata": null, "panchayath": null, "phone": null, "ref": null, "source": null, "survey:date": null, "type": null, "ward": null, "website": null, "wheelchair": null }, "geometry": { "type": "Point", "coordinates": [ 76.2106834, 10.1507992 ] } },
{ "type": "Feature", "properties": { "id": "node/8936177145", "@id": "node/8936177145", "CovidVaccineCenterId": null, "addr:city": null, "addr:district": null, "addr:full": null, "addr:housename": null, "addr:housenumber": null, "addr:postcode": null, "addr:state": null, "addr:street": null, "addr:subdistrict": null, "alt_name": null, "amenity": "hospital", "branch": null, "check_date": null, "check_date:opening_hours": null, "contact:phone": null, "description": null, "designation": null, "email": null, "emergency": null, "fax": null, "government": null, "health_facility:type": null, "healthcare": "hospital", "healthcare:speciality": null, "image": null, "name": "Sub Center Kovikathumkadavu", "name:ar": null, "name:en": null, "name:ml": null, "note": null, "opening_hours": null, "operator": null, "operator:short": null, "operator:type": null, "operator:wikidata": null, "panchayath": null, "phone": null, "ref": null, "source": null, "survey:date": null, "type": null, "ward": null, "website": null, "wheelchair": null }, "geometry": { "type": "Point", "coordinates": [ 76.1872162, 10.1623196 ] } },
{ "type": "Feature", "properties": { "id": "node/8897163283", "@id": "node/8897163283", "CovidVaccineCenterId": null, "addr:city": null, "addr:district": null, "addr:full": null, "addr:housename": null, "addr:housenumber": null, "addr:postcode": null, "addr:state": null, "addr:street": null, "addr:subdistrict": null, "alt_name": null, "amenity": "hospital", "branch": null, "check_date": null, "check_date:opening_hours": null, "contact:phone": null, "description": null, "designation": null, "email": null, "emergency": null, "fax": null, "government": null, "health_facility:type": null, "healthcare": "hospital", "healthcare:speciality": null, "image": null, "name": "Community Health Centre Pallipuram", "name:ar": null, "name:en": null, "name:ml": null, "note": null, "opening_hours": null, "operator": null, "operator:short": null, "operator:type": null, "operator:wikidata": null, "panchayath": null, "phone": null, "ref": "2284", "source": null, "survey:date": null, "type": "15", "ward": null, "website": null, "wheelchair": null }, "geometry": { "type": "Point", "coordinates": [ 76.1861586, 10.1677492 ] } },
{ "type": "Feature", "properties": { "id": "node/7726235678", "@id": "node/7726235678", "CovidVaccineCenterId": null, "addr:city": null, "addr:district": "Ernakulam", "addr:full": "Munambam, Palliport", "addr:housename": null, "addr:housenumber": null, "addr:postcode": "683515", "addr:state": "Kerala", "addr:street": null, "addr:subdistrict": null, "alt_name": null, "amenity": "hospital", "branch": null, "check_date": null, "check_date:opening_hours": null, "contact:phone": null, "description": null, "designation": null, "email": null, "emergency": null, "fax": null, "government": null, "health_facility:type": null, "healthcare": null, "healthcare:speciality": null, "image": null, "name": "Navabharath Medical Hospital", "name:ar": null, "name:en": null, "name:ml": null, "note": null, "opening_hours": null, "operator": null, "operator:short": null, "operator:type": null, "operator:wikidata": null, "panchayath": null, "phone": null, "ref": null, "source": "Local Knowledge", "survey:date": null, "type": null, "ward": null, "website": null, "wheelchair": null }, "geometry": { "type": "Point", "coordinates": [ 76.178222, 10.171629 ] } },
{ "type": "Feature", "properties": { "id": "node/2904730008", "@id": "node/2904730008", "CovidVaccineCenterId": null, "addr:city": null, "addr:district": null, "addr:full": null, "addr:housename": null, "addr:housenumber": null, "addr:postcode": null, "addr:state": null, "addr:street": null, "addr:subdistrict": null, "alt_name": null, "amenity": "hospital", "branch": null, "check_date": null, "check_date:opening_hours": null, "contact:phone": null, "description": null, "designation": null, "email": null, "emergency": null, "fax": null, "government": null, "health_facility:type": null, "healthcare": null, "healthcare:speciality": null, "image": null, "name": "Nediyedath", "name:ar": null, "name:en": null, "name:ml": null, "note": null, "opening_hours": null, "operator": null, "operator:short": null, "operator:type": null, "operator:wikidata": null, "panchayath": null, "phone": null, "ref": null, "source": null, "survey:date": null, "type": null, "ward": null, "website": null, "wheelchair": null }, "geometry": { "type": "Point", "coordinates": [ 76.2119279, 10.1717099 ] } },
{ "type": "Feature", "properties": { "id": "node/7748298036", "@id": "node/7748298036", "CovidVaccineCenterId": null, "addr:city": "Ernakulam", "addr:district": null, "addr:full": null, "addr:housename": null, "addr:housenumber": "GHD Puthenvelikkara", "addr:postcode": "683594", "addr:state": null, "addr:street": "Kuthiyathode P.O;Cherukadappuram", "addr:subdistrict": null, "alt_name": null, "amenity": "hospital", "branch": null, "check_date": null, "check_date:opening_hours": null, "contact:phone": null, "description": null, "designation": null, "email": null, "emergency": null, "fax": null, "government": null, "health_facility:type": null, "healthcare": "hospital", "healthcare:speciality": "general", "image": null, "name": "Government Homeo dispensary Puthenvelikkara", "name:ar": null, "name:en": null, "name:ml": null, "note": null, "opening_hours": "Mo-Su 09:00-14:00", "operator": "Medical Officer", "operator:short": null, "operator:type": "government", "operator:wikidata": null, "panchayath": null, "phone": "+91-484 2573205", "ref": null, "source": null, "survey:date": null, "type": null, "ward": null, "website": null, "wheelchair": null }, "geometry": { "type": "Point", "coordinates": [ 76.2755433, 10.1730039 ] } },
{ "type": "Feature", "properties": { "id": "node/4353780104", "@id": "node/4353780104", "CovidVaccineCenterId": null, "addr:city": null, "addr:district": "Ernakulam", "addr:full": "South Kuriyappilly, Moothakunnam P. O.", "addr:housename": null, "addr:housenumber": null, "addr:postcode": "683516", "addr:state": "Kerala", "addr:street": null, "addr:subdistrict": null, "alt_name": null, "amenity": "hospital", "branch": null, "check_date": null, "check_date:opening_hours": null, "contact:phone": null, "description": null, "designation": null, "email": null, "emergency": null, "fax": null, "government": null, "health_facility:type": null, "healthcare": null, "healthcare:speciality": null, "image": null, "name": "Bharath Rural Hospital and Training Centre", "name:ar": null, "name:en": null, "name:ml": null, "note": null, "opening_hours": null, "operator": null, "operator:short": null, "operator:type": null, "operator:wikidata": null, "panchayath": null, "phone": null, "ref": null, "source": "OpenGovernmentData", "survey:date": null, "type": null, "ward": null, "website": null, "wheelchair": null }, "geometry": { "type": "Point", "coordinates": [ 76.2057125, 10.1807053 ] } },
{ "type": "Feature", "properties": { "id": "node/8897215385", "@id": "node/8897215385", "CovidVaccineCenterId": null, "addr:city": null, "addr:district": null, "addr:full": null, "addr:housename": null, "addr:housenumber": null, "addr:postcode": null, "addr:state": null, "addr:street": null, "addr:subdistrict": null, "alt_name": null, "amenity": "hospital", "branch": null, "check_date": null, "check_date:opening_hours": null, "contact:phone": null, "description": null, "designation": null, "email": null, "emergency": null, "fax": null, "government": null, "health_facility:type": null, "healthcare": "hospital", "healthcare:speciality": null, "image": null, "name": "Family Health centre  Chittattukara", "name:ar": null, "name:en": null, "name:ml": null, "note": null, "opening_hours": null, "operator": null, "operator:short": null, "operator:type": null, "operator:wikidata": null, "panchayath": null, "phone": null, "ref": "1499", "source": null, "survey:date": null, "type": "11", "ward": null, "website": null, "wheelchair": null }, "geometry": { "type": "Point", "coordinates": [ 76.2125866, 10.1886944 ] } },
{ "type": "Feature", "properties": { "id": "node/7726206302", "@id": "node/7726206302", "CovidVaccineCenterId": null, "addr:city": null, "addr:district": "Ernakulam", "addr:full": "Marampally, Perumbavoor", "addr:housename": null, "addr:housenumber": null, "addr:postcode": "683547", "addr:state": "Kerala", "addr:street": null, "addr:subdistrict": null, "alt_name": null, "amenity": "hospital", "branch": null, "check_date": null, "check_date:opening_hours": null, "contact:phone": null, "description": null, "designation": null, "email": null, "emergency": null, "fax": null, "government": null, "health_facility:type": null, "healthcare": null, "healthcare:speciality": null, "image": null, "name": "Badriya Holistic Hospital", "name:ar": null, "name:en": null, "name:ml": null, "note": null, "opening_hours": null, "operator": null, "operator:short": null, "operator:type": null, "operator:wikidata": null, "panchayath": null, "phone": null, "ref": null, "source": "Local Knowledge", "survey:date": null, "type": null, "ward": null, "website": null, "wheelchair": null }, "geometry": { "type": "Point", "coordinates": [ 76.4611705, 10.1123147 ] } },
{ "type": "Feature", "properties": { "id": "node/6951506913", "@id": "node/6951506913", "CovidVaccineCenterId": null, "addr:city": null, "addr:district": "Ernakulam", "addr:full": "Perumbavoor", "addr:housename": null, "addr:housenumber": null, "addr:postcode": "683542", "addr:state": "Kerala", "addr:street": null, "addr:subdistrict": null, "alt_name": null, "amenity": "hospital", "branch": null, "check_date": null, "check_date:opening_hours": null, "contact:phone": null, "description": null, "designation": null, "email": null, "emergency": null, "fax": null, "government": null, "health_facility:type": null, "healthcare": null, "healthcare:speciality": null, "image": null, "name": "S. N. Mission Hospital", "name:ar": null, "name:en": null, "name:ml": null, "note": null, "opening_hours": null, "operator": null, "operator:short": null, "operator:type": null, "operator:wikidata": null, "panchayath": null, "phone": null, "ref": null, "source": "OpenGovernmentData", "survey:date": null, "type": null, "ward": null, "website": null, "wheelchair": null }, "geometry": { "type": "Point", "coordinates": [ 76.4807714, 10.1125425 ] } },
{ "type": "Feature", "properties": { "id": "node/6951412629", "@id": "node/6951412629", "CovidVaccineCenterId": null, "addr:city": null, "addr:district": "Ernakulam", "addr:full": "A.M. Road, Perumbavoor, Kunnathunadu", "addr:housename": null, "addr:housenumber": null, "addr:postcode": "683542", "addr:state": "Kerala", "addr:street": null, "addr:subdistrict": null, "alt_name": null, "amenity": "hospital", "branch": null, "check_date": null, "check_date:opening_hours": null, "contact:phone": null, "description": null, "designation": null, "email": null, "emergency": null, "fax": "2590712", "government": null, "health_facility:type": null, "healthcare": "hospital", "healthcare:speciality": null, "image": null, "name": "Sanjoe Hospital", "name:ar": null, "name:en": null, "name:ml": null, "note": null, "opening_hours": null, "operator": null, "operator:short": null, "operator:type": null, "operator:wikidata": null, "panchayath": null, "phone": null, "ref": null, "source": "OpenGovernmentData", "survey:date": null, "type": null, "ward": null, "website": null, "wheelchair": null }, "geometry": { "type": "Point", "coordinates": [ 76.4726996, 10.1142952 ] } },
{ "type": "Feature", "properties": { "id": "node/6950305591", "@id": "node/6950305591", "CovidVaccineCenterId": null, "addr:city": null, "addr:district": "Ernakulam", "addr:full": "Perumbavoor", "addr:housename": null, "addr:housenumber": null, "addr:postcode": "683542", "addr:state": "Kerala", "addr:street": null, "addr:subdistrict": null, "alt_name": null, "amenity": "hospital", "branch": null, "check_date": null, "check_date:opening_hours": null, "contact:phone": null, "description": null, "designation": null, "email": null, "emergency": null, "fax": null, "government": null, "health_facility:type": null, "healthcare": null, "healthcare:speciality": null, "image": null, "name": "Luke Memorial Eye Hospital", "name:ar": null, "name:en": null, "name:ml": null, "note": null, "opening_hours": null, "operator": null, "operator:short": null, "operator:type": null, "operator:wikidata": null, "panchayath": null, "phone": null, "ref": null, "source": "OpenGovernmentData", "survey:date": null, "type": null, "ward": null, "website": null, "wheelchair": null }, "geometry": { "type": "Point", "coordinates": [ 76.4741792, 10.1145519 ] } },
{ "type": "Feature", "properties": { "id": "node/8892286819", "@id": "node/8892286819", "CovidVaccineCenterId": null, "addr:city": null, "addr:district": null, "addr:full": null, "addr:housename": null, "addr:housenumber": null, "addr:postcode": null, "addr:state": null, "addr:street": null, "addr:subdistrict": null, "alt_name": null, "amenity": "hospital", "branch": null, "check_date": null, "check_date:opening_hours": null, "contact:phone": null, "description": null, "designation": null, "email": null, "emergency": null, "fax": null, "government": null, "health_facility:type": null, "healthcare": "hospital", "healthcare:speciality": null, "image": null, "name": "Karunnya Pharmacy", "name:ar": null, "name:en": null, "name:ml": null, "note": null, "opening_hours": null, "operator": null, "operator:short": null, "operator:type": null, "operator:wikidata": null, "panchayath": null, "phone": null, "ref": null, "source": null, "survey:date": null, "type": null, "ward": null, "website": null, "wheelchair": null }, "geometry": { "type": "Point", "coordinates": [ 76.4815794, 10.1155687 ] } },
{ "type": "Feature", "properties": { "id": "node/7726206260", "@id": "node/7726206260", "CovidVaccineCenterId": null, "addr:city": null, "addr:district": "Ernakulam", "addr:full": "Perumbavoor", "addr:housename": null, "addr:housenumber": null, "addr:postcode": "683542", "addr:state": "Kerala", "addr:street": null, "addr:subdistrict": null, "alt_name": null, "amenity": "hospital", "branch": null, "check_date": null, "check_date:opening_hours": null, "contact:phone": null, "description": null, "designation": null, "email": null, "emergency": null, "fax": null, "government": null, "health_facility:type": null, "healthcare": null, "healthcare:speciality": null, "image": null, "name": "Nangelil Hospital", "name:ar": null, "name:en": null, "name:ml": null, "note": null, "opening_hours": null, "operator": null, "operator:short": null, "operator:type": null, "operator:wikidata": null, "panchayath": null, "phone": null, "ref": null, "source": "Local Knowledge", "survey:date": null, "type": null, "ward": null, "website": null, "wheelchair": null }, "geometry": { "type": "Point", "coordinates": [ 76.480546, 10.115837 ] } },
{ "type": "Feature", "properties": { "id": "node/4916637688", "@id": "node/4916637688", "CovidVaccineCenterId": null, "addr:city": "Thuruth", "addr:district": null, "addr:full": null, "addr:housename": null, "addr:housenumber": null, "addr:postcode": "983105", "addr:state": null, "addr:street": "Aluva-Perumbavoor Road", "addr:subdistrict": null, "alt_name": null, "amenity": "hospital", "branch": null, "check_date": null, "check_date:opening_hours": null, "contact:phone": null, "description": null, "designation": null, "email": "pranatheayurvediccentre@gmail.com", "emergency": "yes", "fax": null, "government": null, "health_facility:type": null, "healthcare": "alternative", "healthcare:speciality": "ayurveda", "image": null, "name": "Prana Ayurvedic Centre", "name:ar": null, "name:en": null, "name:ml": null, "note": null, "opening_hours": null, "operator": null, "operator:short": null, "operator:type": null, "operator:wikidata": null, "panchayath": null, "phone": null, "ref": null, "source": null, "survey:date": null, "type": null, "ward": null, "website": null, "wheelchair": null }, "geometry": { "type": "Point", "coordinates": [ 76.3816906, 10.1188241 ] } },
{ "type": "Feature", "properties": { "id": "node/8882455928", "@id": "node/8882455928", "CovidVaccineCenterId": null, "addr:city": null, "addr:district": null, "addr:full": null, "addr:housename": null, "addr:housenumber": null, "addr:postcode": null, "addr:state": null, "addr:street": null, "addr:subdistrict": null, "alt_name": null, "amenity": "hospital", "branch": null, "check_date": null, "check_date:opening_hours": null, "contact:phone": null, "description": null, "designation": null, "email": null, "emergency": null, "fax": null, "government": null, "health_facility:type": null, "healthcare": "hospital", "healthcare:speciality": null, "image": null, "name": "Family Health Centre Chowara", "name:ar": null, "name:en": null, "name:ml": null, "note": null, "opening_hours": null, "operator": null, "operator:short": null, "operator:type": null, "operator:wikidata": null, "panchayath": null, "phone": null, "ref": "1479", "source": null, "survey:date": null, "type": "75", "ward": null, "website": null, "wheelchair": null }, "geometry": { "type": "Point", "coordinates": [ 76.4036224, 10.1362873 ] } },
{ "type": "Feature", "properties": { "id": "node/7475291099", "@id": "node/7475291099", "CovidVaccineCenterId": null, "addr:city": null, "addr:district": null, "addr:full": null, "addr:housename": null, "addr:housenumber": null, "addr:postcode": null, "addr:state": null, "addr:street": null, "addr:subdistrict": null, "alt_name": null, "amenity": "hospital", "branch": null, "check_date": null, "check_date:opening_hours": null, "contact:phone": null, "description": null, "designation": null, "email": null, "emergency": null, "fax": null, "government": null, "health_facility:type": null, "healthcare": "hospital", "healthcare:speciality": null, "image": null, "name": "Primary Health Centre,Kanjoor", "name:ar": null, "name:en": null, "name:ml": null, "note": null, "opening_hours": null, "operator": "Department of Health and Family Welfare", "operator:short": null, "operator:type": "government", "operator:wikidata": null, "panchayath": null, "phone": null, "ref": "2280", "source": null, "survey:date": null, "type": "9", "ward": null, "website": null, "wheelchair": null }, "geometry": { "type": "Point", "coordinates": [ 76.4309998, 10.1386844 ] } },
{ "type": "Feature", "properties": { "id": "node/9110518687", "@id": "node/9110518687", "CovidVaccineCenterId": null, "addr:city": null, "addr:district": null, "addr:full": null, "addr:housename": null, "addr:housenumber": null, "addr:postcode": null, "addr:state": null, "addr:street": null, "addr:subdistrict": null, "alt_name": null, "amenity": "hospital", "branch": null, "check_date": null, "check_date:opening_hours": null, "contact:phone": null, "description": null, "designation": null, "email": null, "emergency": null, "fax": null, "government": null, "health_facility:type": null, "healthcare": "hospital", "healthcare:speciality": null, "image": null, "name": "K. Sreedharan Vaithyan Ayurveda Clinic", "name:ar": null, "name:en": null, "name:ml": null, "note": null, "opening_hours": null, "operator": null, "operator:short": null, "operator:type": null, "operator:wikidata": null, "panchayath": null, "phone": null, "ref": null, "source": null, "survey:date": null, "type": null, "ward": null, "website": null, "wheelchair": null }, "geometry": { "type": "Point", "coordinates": [ 76.4345071, 10.1428947 ] } },
{ "type": "Feature", "properties": { "id": "node/4711924443", "@id": "node/4711924443", "CovidVaccineCenterId": null, "addr:city": null, "addr:district": "Ernakulam", "addr:full": "Bridge Road Aluva", "addr:housename": null, "addr:housenumber": null, "addr:postcode": "683101", "addr:state": "Kerala", "addr:street": null, "addr:subdistrict": null, "alt_name": null, "amenity": "hospital", "branch": null, "check_date": null, "check_date:opening_hours": null, "contact:phone": null, "description": null, "designation": null, "email": null, "emergency": null, "fax": null, "government": null, "health_facility:type": null, "healthcare": null, "healthcare:speciality": "general", "image": null, "name": "Najath Hospital, Ernakulam", "name:ar": null, "name:en": null, "name:ml": null, "note": null, "opening_hours": null, "operator": "Najath Hospital", "operator:short": null, "operator:type": null, "operator:wikidata": null, "panchayath": null, "phone": null, "ref": null, "source": "OpenGovernmentData", "survey:date": null, "type": null, "ward": null, "website": null, "wheelchair": null }, "geometry": { "type": "Point", "coordinates": [ 76.3515701, 10.110983 ] } },
{ "type": "Feature", "properties": { "id": "node/6953850950", "@id": "node/6953850950", "CovidVaccineCenterId": null, "addr:city": "Aluva, Kerala", "addr:district": "Ernakulam", "addr:full": "Bridge Road,Arogyalayam Junction", "addr:housename": "Periyar Nagar", "addr:housenumber": null, "addr:postcode": "683101", "addr:state": "Kerala", "addr:street": "Aluva Bypass Road", "addr:subdistrict": null, "alt_name": null, "amenity": "hospital", "branch": null, "check_date": null, "check_date:opening_hours": null, "contact:phone": null, "description": null, "designation": null, "email": null, "emergency": null, "fax": null, "government": null, "health_facility:type": null, "healthcare": "hospital", "healthcare:speciality": null, "image": null, "name": "Arogyalayam Hospital", "name:ar": null, "name:en": null, "name:ml": null, "note": null, "opening_hours": "24/7", "operator": null, "operator:short": null, "operator:type": null, "operator:wikidata": null, "panchayath": null, "phone": null, "ref": null, "source": "OpenGovernmentData", "survey:date": null, "type": null, "ward": null, "website": null, "wheelchair": null }, "geometry": { "type": "Point", "coordinates": [ 76.3503215, 10.1111192 ] } },
{ "type": "Feature", "properties": { "id": "node/6953201125", "@id": "node/6953201125", "CovidVaccineCenterId": null, "addr:city": null, "addr:district": "Ernakulam", "addr:full": "Bank Road, Aluva", "addr:housename": null, "addr:housenumber": null, "addr:postcode": "683585", "addr:state": "Kerala", "addr:street": null, "addr:subdistrict": null, "alt_name": null, "amenity": "hospital", "branch": null, "check_date": null, "check_date:opening_hours": null, "contact:phone": null, "description": null, "designation": null, "email": null, "emergency": null, "fax": null, "government": null, "health_facility:type": null, "healthcare": null, "healthcare:speciality": null, "image": null, "name": "Kerala Ayurveda Hospital", "name:ar": null, "name:en": null, "name:ml": null, "note": null, "opening_hours": null, "operator": null, "operator:short": null, "operator:type": null, "operator:wikidata": null, "panchayath": null, "phone": null, "ref": null, "source": "OpenGovernmentData", "survey:date": null, "type": null, "ward": null, "website": null, "wheelchair": null }, "geometry": { "type": "Point", "coordinates": [ 76.353815, 10.1120322 ] } },
{ "type": "Feature", "properties": { "id": "node/9034733206", "@id": "node/9034733206", "CovidVaccineCenterId": null, "addr:city": "Aluva", "addr:district": null, "addr:full": null, "addr:housename": null, "addr:housenumber": null, "addr:postcode": "683110", "addr:state": null, "addr:street": "Kadungalloor Road", "addr:subdistrict": null, "alt_name": null, "amenity": "hospital", "branch": null, "check_date": null, "check_date:opening_hours": null, "contact:phone": null, "description": null, "designation": null, "email": null, "emergency": null, "fax": null, "government": null, "health_facility:type": null, "healthcare": "clinic", "healthcare:speciality": "homeopathy", "image": null, "name": "Lakshmi Homeo Clinic", "name:ar": null, "name:en": null, "name:ml": null, "note": null, "opening_hours": null, "operator": null, "operator:short": null, "operator:type": "private", "operator:wikidata": null, "panchayath": null, "phone": null, "ref": null, "source": null, "survey:date": null, "type": null, "ward": null, "website": null, "wheelchair": null }, "geometry": { "type": "Point", "coordinates": [ 76.3330517, 10.1143369 ] } },
{ "type": "Feature", "properties": { "id": "node/5428092029", "@id": "node/5428092029", "CovidVaccineCenterId": null, "addr:city": null, "addr:district": null, "addr:full": null, "addr:housename": null, "addr:housenumber": null, "addr:postcode": null, "addr:state": null, "addr:street": null, "addr:subdistrict": null, "alt_name": null, "amenity": "hospital", "branch": null, "check_date": null, "check_date:opening_hours": null, "contact:phone": null, "description": null, "designation": null, "email": null, "emergency": null, "fax": null, "government": null, "health_facility:type": null, "healthcare": "hospital", "healthcare:speciality": null, "image": null, "name": "Govt Ayurveda Hospital ഗവൺമെന്റ് ആയൂർവേദ ആശുപത്രി", "name:ar": null, "name:en": null, "name:ml": "ഗവൺമെന്റ് ആയൂർവേദ ആശുപത്രി", "note": null, "opening_hours": null, "operator": null, "operator:short": null, "operator:type": null, "operator:wikidata": null, "panchayath": null, "phone": null, "ref": null, "source": null, "survey:date": null, "type": null, "ward": null, "website": null, "wheelchair": null }, "geometry": { "type": "Point", "coordinates": [ 76.3475843, 10.1238777 ] } },
{ "type": "Feature", "properties": { "id": "node/7335032980", "@id": "node/7335032980", "CovidVaccineCenterId": null, "addr:city": null, "addr:district": null, "addr:full": null, "addr:housename": null, "addr:housenumber": null, "addr:postcode": null, "addr:state": null, "addr:street": null, "addr:subdistrict": null, "alt_name": null, "amenity": "hospital", "branch": null, "check_date": null, "check_date:opening_hours": null, "contact:phone": null, "description": null, "designation": null, "email": null, "emergency": null, "fax": null, "government": null, "health_facility:type": null, "healthcare": "hospital", "healthcare:speciality": null, "image": null, "name": "c a hospital", "name:ar": null, "name:en": null, "name:ml": null, "note": null, "opening_hours": null, "operator": null, "operator:short": null, "operator:type": null, "operator:wikidata": null, "panchayath": null, "phone": null, "ref": null, "source": null, "survey:date": null, "type": null, "ward": null, "website": null, "wheelchair": null }, "geometry": { "type": "Point", "coordinates": [ 76.34441, 10.1291763 ] } },
{ "type": "Feature", "properties": { "id": "node/8894659619", "@id": "node/8894659619", "CovidVaccineCenterId": null, "addr:city": null, "addr:district": null, "addr:full": null, "addr:housename": null, "addr:housenumber": null, "addr:postcode": null, "addr:state": null, "addr:street": null, "addr:subdistrict": null, "alt_name": null, "amenity": "hospital", "branch": null, "check_date": null, "check_date:opening_hours": null, "contact:phone": null, "description": null, "designation": null, "email": null, "emergency": null, "fax": null, "government": null, "health_facility:type": null, "healthcare": "hospital", "healthcare:speciality": null, "image": null, "name": "Homeo dispensery", "name:ar": null, "name:en": null, "name:ml": null, "note": null, "opening_hours": null, "operator": null, "operator:short": null, "operator:type": null, "operator:wikidata": null, "panchayath": null, "phone": null, "ref": null, "source": null, "survey:date": "2021-07-04T00:00:00", "type": null, "ward": null, "website": null, "wheelchair": null }, "geometry": { "type": "Point", "coordinates": [ 76.3655286, 10.1422509 ] } },
{ "type": "Feature", "properties": { "id": "node/7517675886", "@id": "node/7517675886", "CovidVaccineCenterId": "155181", "addr:city": null, "addr:district": null, "addr:full": null, "addr:housename": null, "addr:housenumber": null, "addr:postcode": null, "addr:state": null, "addr:street": null, "addr:subdistrict": null, "alt_name": "Chengamanad CHC", "amenity": "hospital", "branch": null, "check_date": null, "check_date:opening_hours": null, "contact:phone": null, "description": null, "designation": null, "email": null, "emergency": null, "fax": null, "government": null, "health_facility:type": null, "healthcare": "hospital", "healthcare:speciality": null, "image": null, "name": "Government Hospital Chengamanad", "name:ar": null, "name:en": null, "name:ml": null, "note": null, "opening_hours": null, "operator": null, "operator:short": null, "operator:type": null, "operator:wikidata": null, "panchayath": null, "phone": null, "ref": null, "source": null, "survey:date": null, "type": null, "ward": null, "website": null, "wheelchair": null }, "geometry": { "type": "Point", "coordinates": [ 76.3355533, 10.154961 ] } },
{ "type": "Feature", "properties": { "id": "node/6954933902", "@id": "node/6954933902", "CovidVaccineCenterId": null, "addr:city": null, "addr:district": "Ernakulam", "addr:full": "International Airport Junction", "addr:housename": null, "addr:housenumber": null, "addr:postcode": "683101", "addr:state": "Kerala", "addr:street": null, "addr:subdistrict": null, "alt_name": null, "amenity": "hospital", "branch": null, "check_date": null, "check_date:opening_hours": null, "contact:phone": null, "description": null, "designation": null, "email": null, "emergency": null, "fax": null, "government": null, "health_facility:type": null, "healthcare": "hospital", "healthcare:speciality": null, "image": null, "name": "Gyno Speciality Hospital", "name:ar": null, "name:en": null, "name:ml": null, "note": null, "opening_hours": null, "operator": null, "operator:short": null, "operator:type": null, "operator:wikidata": null, "panchayath": null, "phone": null, "ref": null, "source": "OpenGovernmentData", "survey:date": null, "type": null, "ward": null, "website": null, "wheelchair": null }, "geometry": { "type": "Point", "coordinates": [ 76.3532773, 10.1551857 ] } },
{ "type": "Feature", "properties": { "id": "node/7474956704", "@id": "node/7474956704", "CovidVaccineCenterId": null, "addr:city": null, "addr:district": null, "addr:full": null, "addr:housename": null, "addr:housenumber": null, "addr:postcode": null, "addr:state": null, "addr:street": null, "addr:subdistrict": null, "alt_name": null, "amenity": "hospital", "branch": null, "check_date": null, "check_date:opening_hours": null, "contact:phone": null, "description": null, "designation": null, "email": null, "emergency": null, "fax": null, "government": null, "health_facility:type": null, "healthcare": "hospital", "healthcare:speciality": null, "image": null, "name": "KB Hospital", "name:ar": null, "name:en": null, "name:ml": null, "note": null, "opening_hours": null, "operator": null, "operator:short": null, "operator:type": null, "operator:wikidata": null, "panchayath": null, "phone": null, "ref": null, "source": null, "survey:date": null, "type": null, "ward": null, "website": null, "wheelchair": null }, "geometry": { "type": "Point", "coordinates": [ 76.3562037, 10.1590075 ] } },
{ "type": "Feature", "properties": { "id": "node/7448284535", "@id": "node/7448284535", "CovidVaccineCenterId": "155480", "addr:city": null, "addr:district": null, "addr:full": null, "addr:housename": null, "addr:housenumber": null, "addr:postcode": null, "addr:state": null, "addr:street": null, "addr:subdistrict": null, "alt_name": "Pindimana PHC", "amenity": "hospital", "branch": null, "check_date": null, "check_date:opening_hours": null, "contact:phone": null, "description": null, "designation": null, "email": null, "emergency": null, "fax": null, "government": null, "health_facility:type": null, "healthcare": "hospital", "healthcare:speciality": null, "image": null, "name": "Primary Health Centre Pindimana", "name:ar": null, "name:en": null, "name:ml": null, "note": null, "opening_hours": null, "operator": null, "operator:short": null, "operator:type": null, "operator:wikidata": null, "panchayath": null, "phone": null, "ref": null, "source": null, "survey:date": null, "type": null, "ward": null, "website": null, "wheelchair": null }, "geometry": { "type": "Point", "coordinates": [ 76.6248141, 10.1058976 ] } },
{ "type": "Feature", "properties": { "id": "node/8292457748", "@id": "node/8292457748", "CovidVaccineCenterId": null, "addr:city": null, "addr:district": null, "addr:full": null, "addr:housename": null, "addr:housenumber": null, "addr:postcode": null, "addr:state": null, "addr:street": "Kuruppampadi", "addr:subdistrict": null, "alt_name": null, "amenity": "hospital", "branch": null, "check_date": null, "check_date:opening_hours": null, "contact:phone": null, "description": null, "designation": null, "email": null, "emergency": null, "fax": null, "government": null, "health_facility:type": null, "healthcare": "hospital", "healthcare:speciality": null, "image": null, "name": "Maria Hospital", "name:ar": null, "name:en": null, "name:ml": null, "note": null, "opening_hours": null, "operator": null, "operator:short": null, "operator:type": null, "operator:wikidata": null, "panchayath": null, "phone": null, "ref": null, "source": null, "survey:date": null, "type": null, "ward": null, "website": null, "wheelchair": null }, "geometry": { "type": "Point", "coordinates": [ 76.5160764, 10.1126055 ] } },
{ "type": "Feature", "properties": { "id": "node/9396171352", "@id": "node/9396171352", "CovidVaccineCenterId": null, "addr:city": null, "addr:district": null, "addr:full": null, "addr:housename": null, "addr:housenumber": null, "addr:postcode": null, "addr:state": null, "addr:street": "Kuruppampadi", "addr:subdistrict": null, "alt_name": null, "amenity": "hospital", "branch": null, "check_date": null, "check_date:opening_hours": null, "contact:phone": null, "description": null, "designation": null, "email": null, "emergency": null, "fax": null, "government": null, "health_facility:type": null, "healthcare": "hospital", "healthcare:speciality": null, "image": null, "name": "Mattamana Hospital", "name:ar": null, "name:en": null, "name:ml": null, "note": null, "opening_hours": null, "operator": null, "operator:short": null, "operator:type": null, "operator:wikidata": null, "panchayath": null, "phone": null, "ref": null, "source": null, "survey:date": null, "type": null, "ward": null, "website": null, "wheelchair": null }, "geometry": { "type": "Point", "coordinates": [ 76.5180771, 10.112682 ] } },
{ "type": "Feature", "properties": { "id": "node/8656093389", "@id": "node/8656093389", "CovidVaccineCenterId": null, "addr:city": null, "addr:district": null, "addr:full": null, "addr:housename": null, "addr:housenumber": null, "addr:postcode": null, "addr:state": null, "addr:street": null, "addr:subdistrict": null, "alt_name": null, "amenity": "hospital", "branch": null, "check_date": null, "check_date:opening_hours": null, "contact:phone": null, "description": null, "designation": null, "email": null, "emergency": null, "fax": null, "government": null, "health_facility:type": null, "healthcare": "hospital", "healthcare:speciality": null, "image": null, "name": "Govt ayurvedic hospital,Kottappady", "name:ar": null, "name:en": null, "name:ml": null, "note": null, "opening_hours": null, "operator": null, "operator:short": null, "operator:type": null, "operator:wikidata": null, "panchayath": null, "phone": null, "ref": null, "source": null, "survey:date": null, "type": null, "ward": null, "website": null, "wheelchair": null }, "geometry": { "type": "Point", "coordinates": [ 76.5851063, 10.1157989 ] } },
{ "type": "Feature", "properties": { "id": "node/8998310241", "@id": "node/8998310241", "CovidVaccineCenterId": null, "addr:city": null, "addr:district": null, "addr:full": null, "addr:housename": null, "addr:housenumber": null, "addr:postcode": null, "addr:state": null, "addr:street": null, "addr:subdistrict": null, "alt_name": null, "amenity": "hospital", "branch": null, "check_date": null, "check_date:opening_hours": null, "contact:phone": null, "description": null, "designation": null, "email": null, "emergency": null, "fax": null, "government": null, "health_facility:type": null, "healthcare": "hospital", "healthcare:speciality": null, "image": null, "name": "Community Health Centre Vengoor", "name:ar": null, "name:en": null, "name:ml": null, "note": null, "opening_hours": null, "operator": "Department of Health and Family Welfare", "operator:short": null, "operator:type": "government", "operator:wikidata": null, "panchayath": null, "phone": null, "ref": null, "source": null, "survey:date": null, "type": null, "ward": null, "website": null, "wheelchair": null }, "geometry": { "type": "Point", "coordinates": [ 76.5494889, 10.1412957 ] } },
{ "type": "Feature", "properties": { "id": "node/6957624930", "@id": "node/6957624930", "CovidVaccineCenterId": null, "addr:city": null, "addr:district": "Ernakulam", "addr:full": "Near St. Thomas School, Kalady - Malayattoor Road, Malayattoor", "addr:housename": null, "addr:housenumber": null, "addr:postcode": "683574", "addr:state": "Kerala", "addr:street": null, "addr:subdistrict": null, "alt_name": null, "amenity": "hospital", "branch": null, "check_date": null, "check_date:opening_hours": null, "contact:phone": null, "description": null, "designation": null, "email": null, "emergency": null, "fax": "2468966", "government": null, "health_facility:type": null, "healthcare": null, "healthcare:speciality": null, "image": null, "name": "St. Thomas Hospital", "name:ar": null, "name:en": null, "name:ml": null, "note": null, "opening_hours": null, "operator": null, "operator:short": null, "operator:type": null, "operator:wikidata": null, "panchayath": null, "phone": null, "ref": null, "source": "OpenGovernmentData", "survey:date": null, "type": null, "ward": null, "website": null, "wheelchair": null }, "geometry": { "type": "Point", "coordinates": [ 76.499345, 10.1864757 ] } },
{ "type": "Feature", "properties": { "id": "node/6965828313", "@id": "node/6965828313", "CovidVaccineCenterId": null, "addr:city": null, "addr:district": "Ernakulam", "addr:full": "Kanjoor Grama Panchayat", "addr:housename": null, "addr:housenumber": null, "addr:postcode": "683575", "addr:state": "Kerala", "addr:street": null, "addr:subdistrict": null, "alt_name": null, "amenity": "hospital", "branch": null, "check_date": null, "check_date:opening_hours": null, "contact:phone": null, "description": null, "designation": null, "email": null, "emergency": null, "fax": null, "government": null, "health_facility:type": null, "healthcare": "hospital", "healthcare:speciality": null, "image": null, "name": "Vimala Hospital, Ernakulam", "name:ar": null, "name:en": null, "name:ml": null, "note": null, "opening_hours": null, "operator": null, "operator:short": null, "operator:type": "private", "operator:wikidata": null, "panchayath": null, "phone": null, "ref": null, "source": "OpenGovernmentData", "survey:date": null, "type": null, "ward": null, "website": null, "wheelchair": null }, "geometry": { "type": "Point", "coordinates": [ 76.4246723, 10.144605 ] } },
{ "type": "Feature", "properties": { "id": "node/8095587422", "@id": "node/8095587422", "CovidVaccineCenterId": null, "addr:city": "Ernakulam", "addr:district": null, "addr:full": null, "addr:housename": null, "addr:housenumber": "16/50", "addr:postcode": "683550", "addr:state": null, "addr:street": "Okkal", "addr:subdistrict": null, "alt_name": null, "amenity": "hospital", "branch": null, "check_date": null, "check_date:opening_hours": null, "contact:phone": null, "description": "Govt Homoeo Dispensary, Okkal", "designation": null, "email": "ghdokkal@kerala.gov.in", "emergency": null, "fax": null, "government": null, "health_facility:type": null, "healthcare": "hospital", "healthcare:speciality": "general;Homoeopathy", "image": "https://photos.app.goo.gl/fsLQoy6CB8DdjzPr5", "name": "Govt Homoeo Dispensary Okkal", "name:ar": null, "name:en": null, "name:ml": null, "note": null, "opening_hours": null, "operator": "Government", "operator:short": null, "operator:type": "government", "operator:wikidata": null, "panchayath": null, "phone": "+91-4842462526", "ref": null, "source": null, "survey:date": null, "type": null, "ward": null, "website": null, "wheelchair": null }, "geometry": { "type": "Point", "coordinates": [ 76.4438004, 10.1549387 ] } },
{ "type": "Feature", "properties": { "id": "node/9285318217", "@id": "node/9285318217", "CovidVaccineCenterId": null, "addr:city": null, "addr:district": null, "addr:full": null, "addr:housename": null, "addr:housenumber": null, "addr:postcode": null, "addr:state": null, "addr:street": null, "addr:subdistrict": null, "alt_name": null, "amenity": "hospital", "branch": null, "check_date": null, "check_date:opening_hours": null, "contact:phone": null, "description": null, "designation": null, "email": null, "emergency": null, "fax": null, "government": null, "health_facility:type": null, "healthcare": "hospital", "healthcare:speciality": null, "image": null, "name": "Airport hospital", "name:ar": null, "name:en": null, "name:ml": null, "note": null, "opening_hours": null, "operator": null, "operator:short": null, "operator:type": null, "operator:wikidata": null, "panchayath": null, "phone": null, "ref": null, "source": null, "survey:date": "2021-11-26T00:00:00", "type": null, "ward": null, "website": null, "wheelchair": null }, "geometry": { "type": "Point", "coordinates": [ 76.3879138, 10.159737 ] } },
{ "type": "Feature", "properties": { "id": "node/6950469928", "@id": "node/6950469928", "CovidVaccineCenterId": null, "addr:city": null, "addr:district": "Ernakulam", "addr:full": "Chowara Road, Kalady", "addr:housename": null, "addr:housenumber": null, "addr:postcode": "683574", "addr:state": "Kerala", "addr:street": null, "addr:subdistrict": null, "alt_name": null, "amenity": "hospital", "branch": null, "check_date": null, "check_date:opening_hours": null, "contact:phone": null, "description": null, "designation": null, "email": null, "emergency": null, "fax": null, "government": null, "health_facility:type": null, "healthcare": null, "healthcare:speciality": null, "image": null, "name": "P.M.M. Hsopital", "name:ar": null, "name:en": null, "name:ml": null, "note": null, "opening_hours": null, "operator": null, "operator:short": null, "operator:type": null, "operator:wikidata": null, "panchayath": null, "phone": null, "ref": null, "source": "OpenGovernmentData", "survey:date": null, "type": null, "ward": null, "website": null, "wheelchair": null }, "geometry": { "type": "Point", "coordinates": [ 76.4363587, 10.1643998 ] } },
{ "type": "Feature", "properties": { "id": "node/7474938404", "@id": "node/7474938404", "CovidVaccineCenterId": null, "addr:city": null, "addr:district": null, "addr:full": null, "addr:housename": null, "addr:housenumber": null, "addr:postcode": null, "addr:state": null, "addr:street": null, "addr:subdistrict": null, "alt_name": null, "amenity": "hospital", "branch": null, "check_date": null, "check_date:opening_hours": null, "contact:phone": null, "description": null, "designation": null, "email": null, "emergency": null, "fax": null, "government": null, "health_facility:type": null, "healthcare": "hospital", "healthcare:speciality": null, "image": null, "name": "Thejus Ayurveda, Angamaly", "name:ar": null, "name:en": null, "name:ml": null, "note": null, "opening_hours": null, "operator": null, "operator:short": null, "operator:type": null, "operator:wikidata": null, "panchayath": null, "phone": null, "ref": null, "source": null, "survey:date": null, "type": null, "ward": null, "website": null, "wheelchair": null }, "geometry": { "type": "Point", "coordinates": [ 76.378584, 10.1786444 ] } },
{ "type": "Feature", "properties": { "id": "node/9031905366", "@id": "node/9031905366", "CovidVaccineCenterId": null, "addr:city": null, "addr:district": null, "addr:full": null, "addr:housename": null, "addr:housenumber": null, "addr:postcode": "683574", "addr:state": null, "addr:street": "Kalady Malayattoor Road, Neeleeswaram, Kerala", "addr:subdistrict": null, "alt_name": null, "amenity": "hospital", "branch": null, "check_date": null, "check_date:opening_hours": null, "contact:phone": null, "description": null, "designation": null, "email": null, "emergency": null, "fax": null, "government": null, "health_facility:type": null, "healthcare": "hospital", "healthcare:speciality": "ayurveda", "image": null, "name": "Government Ayurveda Hospital", "name:ar": null, "name:en": null, "name:ml": null, "note": null, "opening_hours": null, "operator": null, "operator:short": null, "operator:type": null, "operator:wikidata": null, "panchayath": null, "phone": null, "ref": null, "source": null, "survey:date": null, "type": null, "ward": null, "website": null, "wheelchair": null }, "geometry": { "type": "Point", "coordinates": [ 76.4806448, 10.1866522 ] } },
{ "type": "Feature", "properties": { "id": "node/10677799391", "@id": "node/10677799391", "CovidVaccineCenterId": null, "addr:city": "Angamaly", "addr:district": null, "addr:full": null, "addr:housename": null, "addr:housenumber": "Joseph Plaza Shopping Complex", "addr:postcode": "683572", "addr:state": null, "addr:street": null, "addr:subdistrict": null, "alt_name": null, "amenity": "hospital", "branch": null, "check_date": null, "check_date:opening_hours": null, "contact:phone": null, "description": null, "designation": null, "email": null, "emergency": null, "fax": null, "government": null, "health_facility:type": null, "healthcare": "hospital", "healthcare:speciality": null, "image": null, "name": "ESI Dispensary Angamaly", "name:ar": null, "name:en": null, "name:ml": null, "note": null, "opening_hours": null, "operator": "Employees' State Insurance", "operator:short": "ESI", "operator:type": "government", "operator:wikidata": "Q3595726", "panchayath": null, "phone": null, "ref": null, "source": null, "survey:date": null, "type": null, "ward": null, "website": null, "wheelchair": null }, "geometry": { "type": "Point", "coordinates": [ 76.3883808, 10.1909855 ] } },
{ "type": "Feature", "properties": { "id": "node/9285014746", "@id": "node/9285014746", "CovidVaccineCenterId": null, "addr:city": null, "addr:district": null, "addr:full": null, "addr:housename": null, "addr:housenumber": null, "addr:postcode": null, "addr:state": null, "addr:street": null, "addr:subdistrict": null, "alt_name": null, "amenity": "hospital", "branch": null, "check_date": null, "check_date:opening_hours": null, "contact:phone": null, "description": null, "designation": null, "email": null, "emergency": null, "fax": null, "government": null, "health_facility:type": null, "healthcare": "hospital", "healthcare:speciality": null, "image": null, "name": "Taluk Hospital", "name:ar": null, "name:en": null, "name:ml": null, "note": null, "opening_hours": "09:00", "operator": null, "operator:short": null, "operator:type": null, "operator:wikidata": null, "panchayath": null, "phone": "+91-4842455950", "ref": null, "source": null, "survey:date": "2021-11-26T00:00:00", "type": null, "ward": null, "website": null, "wheelchair": null }, "geometry": { "type": "Point", "coordinates": [ 76.3871471, 10.1962148 ] } },
{ "type": "Feature", "properties": { "id": "node/7474983894", "@id": "node/7474983894", "CovidVaccineCenterId": null, "addr:city": null, "addr:district": null, "addr:full": null, "addr:housename": null, "addr:housenumber": null, "addr:postcode": null, "addr:state": null, "addr:street": null, "addr:subdistrict": null, "alt_name": null, "amenity": "hospital", "branch": null, "check_date": null, "check_date:opening_hours": null, "contact:phone": null, "description": null, "designation": null, "email": null, "emergency": null, "fax": null, "government": null, "health_facility:type": null, "healthcare": "hospital", "healthcare:speciality": null, "image": null, "name": "Marian Hospital", "name:ar": null, "name:en": null, "name:ml": null, "note": null, "opening_hours": null, "operator": null, "operator:short": null, "operator:type": null, "operator:wikidata": null, "panchayath": null, "phone": null, "ref": null, "source": null, "survey:date": null, "type": null, "ward": null, "website": null, "wheelchair": null }, "geometry": { "type": "Point", "coordinates": [ 76.3692349, 10.161893 ] } },
{ "type": "Feature", "properties": { "id": "node/8889454169", "@id": "node/8889454169", "CovidVaccineCenterId": null, "addr:city": null, "addr:district": null, "addr:full": null, "addr:housename": null, "addr:housenumber": null, "addr:postcode": null, "addr:state": null, "addr:street": null, "addr:subdistrict": null, "alt_name": null, "amenity": "hospital", "branch": null, "check_date": null, "check_date:opening_hours": null, "contact:phone": null, "description": null, "designation": null, "email": null, "emergency": null, "fax": null, "government": null, "health_facility:type": null, "healthcare": "hospital", "healthcare:speciality": null, "image": null, "name": "Primary Health Centre Nedumbassery", "name:ar": null, "name:en": null, "name:ml": null, "note": null, "opening_hours": null, "operator": null, "operator:short": null, "operator:type": null, "operator:wikidata": null, "panchayath": null, "phone": null, "ref": "1512", "source": null, "survey:date": null, "type": "9", "ward": null, "website": null, "wheelchair": null }, "geometry": { "type": "Point", "coordinates": [ 76.3783499, 10.1621116 ] } },
{ "type": "Feature", "properties": { "id": "node/8110449703", "@id": "node/8110449703", "CovidVaccineCenterId": null, "addr:city": "Ernakulam", "addr:district": null, "addr:full": null, "addr:housename": null, "addr:housenumber": "kariyad junction", "addr:postcode": "683589", "addr:state": null, "addr:street": "Salem-Kochi-Kanyakumari Highway", "addr:subdistrict": null, "alt_name": null, "amenity": "hospital", "branch": null, "check_date": null, "check_date:opening_hours": null, "contact:phone": null, "description": "homoeopathy", "designation": null, "email": "ghdnedumbasseri@kerala.gov.in", "emergency": null, "fax": null, "government": null, "health_facility:type": null, "healthcare": "hospital", "healthcare:speciality": "homeopathy", "image": null, "name": "Government Homoeo dispensary Nedumbassery", "name:ar": null, "name:en": null, "name:ml": null, "note": null, "opening_hours": null, "operator": "Government Homoeo dispensary Nedumbassery", "operator:short": null, "operator:type": "government", "operator:wikidata": null, "panchayath": null, "phone": "+91-4842474795", "ref": null, "source": null, "survey:date": null, "type": null, "ward": null, "website": null, "wheelchair": null }, "geometry": { "type": "Point", "coordinates": [ 76.3689857, 10.1621967 ] } },
{ "type": "Feature", "properties": { "id": "node/8106184884", "@id": "node/8106184884", "CovidVaccineCenterId": null, "addr:city": "Ernakulam", "addr:district": null, "addr:full": null, "addr:housename": null, "addr:housenumber": "kariyad junction", "addr:postcode": "683589", "addr:state": null, "addr:street": "Salem-Kochi-Kanyakumari Highway", "addr:subdistrict": null, "alt_name": null, "amenity": "hospital", "branch": null, "check_date": null, "check_date:opening_hours": null, "contact:phone": null, "description": "Government Homoeo dispensary Nedumbassery", "designation": null, "email": null, "emergency": null, "fax": null, "government": null, "health_facility:type": null, "healthcare": "hospital", "healthcare:speciality": "homoeopathy", "image": null, "name": "Government Homoeo dispensary Nedumbassery", "name:ar": null, "name:en": null, "name:ml": null, "note": null, "opening_hours": null, "operator": "Government homoeo dispensary Nedumbassery", "operator:short": null, "operator:type": "government", "operator:wikidata": null, "panchayath": null, "phone": null, "ref": null, "source": null, "survey:date": null, "type": null, "ward": null, "website": null, "wheelchair": null }, "geometry": { "type": "Point", "coordinates": [ 76.3689623, 10.1622239 ] } },
{ "type": "Feature", "properties": { "id": "node/7526795166", "@id": "node/7526795166", "CovidVaccineCenterId": null, "addr:city": null, "addr:district": null, "addr:full": null, "addr:housename": null, "addr:housenumber": null, "addr:postcode": null, "addr:state": null, "addr:street": null, "addr:subdistrict": null, "alt_name": null, "amenity": "hospital", "branch": null, "check_date": null, "check_date:opening_hours": null, "contact:phone": null, "description": null, "designation": null, "email": null, "emergency": null, "fax": null, "government": null, "health_facility:type": null, "healthcare": "hospital", "healthcare:speciality": null, "image": null, "name": "Namasthe ayurvedic treatment", "name:ar": null, "name:en": null, "name:ml": null, "note": null, "opening_hours": null, "operator": null, "operator:short": null, "operator:type": null, "operator:wikidata": null, "panchayath": null, "phone": null, "ref": null, "source": null, "survey:date": null, "type": null, "ward": null, "website": null, "wheelchair": null }, "geometry": { "type": "Point", "coordinates": [ 76.3502474, 10.1689749 ] } },
{ "type": "Feature", "properties": { "id": "node/9285079717", "@id": "node/9285079717", "CovidVaccineCenterId": null, "addr:city": null, "addr:district": null, "addr:full": null, "addr:housename": null, "addr:housenumber": null, "addr:postcode": null, "addr:state": null, "addr:street": null, "addr:subdistrict": null, "alt_name": null, "amenity": "hospital", "branch": null, "check_date": null, "check_date:opening_hours": null, "contact:phone": null, "description": null, "designation": null, "email": null, "emergency": null, "fax": null, "government": null, "health_facility:type": null, "healthcare": "hospital", "healthcare:speciality": null, "image": null, "name": "Taluk Hospital Subcentre", "name:ar": null, "name:en": null, "name:ml": null, "note": null, "opening_hours": null, "operator": null, "operator:short": null, "operator:type": null, "operator:wikidata": null, "panchayath": null, "phone": null, "ref": null, "source": null, "survey:date": "2021-11-26T00:00:00", "type": null, "ward": null, "website": null, "wheelchair": null }, "geometry": { "type": "Point", "coordinates": [ 76.370421, 10.1821376 ] } },
{ "type": "Feature", "properties": { "id": "node/9285081538", "@id": "node/9285081538", "CovidVaccineCenterId": null, "addr:city": null, "addr:district": null, "addr:full": null, "addr:housename": null, "addr:housenumber": null, "addr:postcode": null, "addr:state": null, "addr:street": null, "addr:subdistrict": null, "alt_name": null, "amenity": "hospital", "branch": null, "check_date": null, "check_date:opening_hours": null, "contact:phone": null, "description": null, "designation": null, "email": null, "emergency": null, "fax": null, "government": null, "health_facility:type": null, "healthcare": "hospital", "healthcare:speciality": null, "image": null, "name": "Taluk Hospital Subcentre Champannoor", "name:ar": null, "name:en": null, "name:ml": null, "note": null, "opening_hours": null, "operator": null, "operator:short": null, "operator:type": null, "operator:wikidata": null, "panchayath": null, "phone": null, "ref": null, "source": null, "survey:date": "2021-11-26T00:00:00", "type": null, "ward": null, "website": null, "wheelchair": null }, "geometry": { "type": "Point", "coordinates": [ 76.3684411, 10.1877599 ] } },
{ "type": "Feature", "properties": { "id": "node/8889639236", "@id": "node/8889639236", "CovidVaccineCenterId": null, "addr:city": null, "addr:district": null, "addr:full": null, "addr:housename": null, "addr:housenumber": null, "addr:postcode": null, "addr:state": null, "addr:street": null, "addr:subdistrict": null, "alt_name": null, "amenity": "hospital", "branch": null, "check_date": null, "check_date:opening_hours": null, "contact:phone": null, "description": null, "designation": null, "email": null, "emergency": null, "fax": null, "government": null, "health_facility:type": null, "healthcare": "hospital", "healthcare:speciality": null, "image": null, "name": "Primary Health Centre, Parakkadavu", "name:ar": null, "name:en": null, "name:ml": null, "note": null, "opening_hours": null, "operator": "Department of Health and Family Welfare", "operator:short": null, "operator:type": "government", "operator:wikidata": null, "panchayath": null, "phone": null, "ref": "1513", "source": null, "survey:date": null, "type": "9", "ward": null, "website": null, "wheelchair": null }, "geometry": { "type": "Point", "coordinates": [ 76.3476571, 10.1950478 ] } }
]
}
