date,actual_rainfall,predicted_rainfall,error_rainfall,actual_temperature,predicted_temperature,error_temperature,actual_pressure,predicted_pressure,error_pressure,actual_lst,predicted_lst,error_lst,actual_ndvi,predicted_ndvi,error_ndvi
2023-10-10,7.3819475,1.713295,5.668652517089844,298.62539200129925,299.893,-1.2676133697945033,100260.77394931782,100134.44,126.33644931782328,30.46860541289185,30.598608,-0.1300026040759228,0.7157255024600941,0.71500176,0.0007237405467945823
2023-10-11,17.17001,14.986379,2.183631330261232,297.48325702911643,298.62305,-1.1397898458835698,100320.75108808244,100196.46,124.29015058244113,30.294033132581404,30.403984,-0.10995093724281446,0.7168292981610738,0.71446824,0.00236105742315873
2023-10-12,5.72293,26.649506,-20.926575615234377,298.7045997092753,298.5151,0.18949350810345322,100312.9632898664,100243.336,69.62735236639855,30.119460852270954,30.020285,0.09917619956099344,0.7179330938620533,0.71684253,0.001090561704155335
2023-10-13,24.495499,9.513498,14.982000693725585,298.2687800696642,298.99878,-0.7299992272107829,100321.3642060438,100219.26,102.10639354379964,29.944888571960504,29.988327,-0.043438454406683036,0.7190368895630328,0.71695995,0.0020769362549273307
2023-10-14,49.58944,31.533678,18.055761945190433,298.0028159827879,297.9845,0.018318912475422167,100186.72641447197,100240.51,-53.781398028033436,29.77031629165005,29.81479,-0.04447443405795681,0.7201406852640124,0.7161022,0.004038502398869603
2023-10-15,8.329042,22.672693,-14.343651252563477,298.38914995712804,298.45633,-0.06717938857508443,100200.67281658048,100166.62,34.055629080481594,29.595744011339605,29.593515,0.0022286152214405774,0.7212444809649919,0.71540284,0.005841639396998777
2023-10-16,12.77102,10.768974,2.0020456958007813,298.4867291219506,298.74084,-0.2541156046119113,100245.2935198346,100147.18,98.11383233459492,29.494964195851004,29.525215,-0.030250953074776987,0.7235874401147424,0.71403444,0.009553001981502662
2023-10-17,17.48528,11.435756,6.0495242703247065,298.4756293830455,298.5353,-0.05967945484513848,100281.0678509028,100205.57,75.497538402793,29.394184380362404,29.376352,0.017832070181739823,0.7259303992644929,0.7182575,0.007672912444271929
2023-10-18,3.6368446,7.1287217,-3.4918771140197755,299.2367415883848,298.98758,0.24916224268167753,100286.95832247483,100230.37,56.59113497483486,29.293404564873804,29.228254,0.06515024663649882,0.7282733584142433,0.7214612,0.006812181541989926
2023-10-19,5.343009,0.6408186,4.70219040411377,299.1384195865871,299.16962,-0.031197112631673463,100267.57748217558,100221.42,46.15560717557673,29.192624749385203,29.220175,-0.027550040043507806,0.7306163175639938,0.7218128,0.008803532892210364
2023-10-20,1.7493619,4.474303,-2.724940868707275,298.8167778943247,299.1203,-0.30352239864407693,100303.97631392798,100217.75,86.22631392798212,29.091844933896603,29.150364,-0.05851898822253787,0.7329592767137443,0.7242915,0.008667773284331437
2023-10-21,4.309898,6.859217,-2.549319166900635,298.2169910237858,298.92435,-0.7073559000423302,100345.32987269356,100231.97,113.3611226935609,28.991065118408,29.038355,-0.04728975524922774,0.7353022358634947,0.7275392,0.007763054154205196
2023-10-22,8.050609,13.727968,-5.677359215942383,297.58030781916153,298.56335,-0.9830466730259673,100287.14609663782,100239.234,47.911721637821756,28.8902853029194,28.907469,-0.01718349285696874,0.7376451950132452,0.7299127,0.007732496744354833
2023-10-23,15.297425,23.9594,-8.661975177001953,298.1109853194933,297.99847,0.11251119839954526,100251.88368810764,100245.94,5.946188107642229,28.7895054874308,28.92106,-0.13155507470298744,0.7399881541629956,0.7329877,0.007000452270142787
2023-10-24,21.170591,22.740427,-1.5698360172119123,299.01376686252104,298.1785,0.8352695480679131,100307.17860875004,100225.086,82.0926712500368,28.994385003575168,28.740294,0.2540915007675508,0.742331113312746,0.73820823,0.004122879002595892
2023-10-25,3.9109116,5.9009314,-1.9900197583374024,298.8837845453005,299.23575,-0.3519637457151248,100267.6551929084,100267.55,0.10831790839438327,29.19926451971953,28.947365,0.2518997125906246,0.7446740724624965,0.74025756,0.004416511255678879
2023-10-26,4.5000377,9.802823,-5.302785366711426,298.70144214646183,298.80295,-0.10150585158504555,100159.9832369684,100198.87,-38.88395053159911,29.4041440358639,29.31324,0.09090398459436955,0.747017031612247,0.74336433,0.003652697505801661
2023-10-27,4.032914,6.682969,-2.650055093322754,298.7580606353041,298.73846,0.019596279835354835,100140.86843435162,100126.445,14.423121851621545,29.609023552008267,29.493006,0.11601779944479063,0.7493599907619974,0.74569505,0.003664936230900029
2023-10-28,3.6076908,5.204656,-1.5969653241149904,298.5138343926132,298.8906,-0.3767600898086698,100147.22394800304,100146.6,0.6223855030402774,29.81390306815264,29.692345,0.12155840262529694,0.7517029499117479,0.7475824,0.004120573908482528
2023-10-29,12.877233,17.1259,-4.248667268554687,297.6771615504475,298.62158,-0.9444204808024779,100164.87096667595,100136.24,28.62877917595324,30.018782584297,29.91979,0.09899231635266403,0.7540459090614984,0.7497432,0.004302685871190759
2023-10-30,9.615838,16.581541,-6.965703061401367,298.1087425411686,298.09552,0.01322252163737403,100207.11253882069,100130.86,76.25316382068559,30.223662100441366,30.071598,0.15206404746285074,0.7563888682112488,0.7544846,0.0019042743429932285
2023-10-31,7.7647634,14.880693,-7.115930035668946,298.748579760328,298.52625,0.22233464314052753,100178.49128841449,100204.15,-25.657149085513083,30.428541616585733,30.29992,0.128622488167764,0.7587318273609993,0.75380355,0.004928276163947309
2023-11-01,7.83173,18.469276,-10.637546428222656,298.8236118449172,298.7904,0.03320657147969541,100069.81541031828,100166.06,-96.2470896817249,30.22675732677363,30.320469,-0.09371157581426104,0.7582993031639991,0.75360173,0.004697573294156543
2023-11-02,3.73046,9.451235,-5.720774817504883,298.7521829592493,298.6562,0.09599399440554635,99972.91997252851,100046.445,-73.52533997148566,30.024973036961526,30.11495,-0.08997714309218452,0.7578667789669987,0.7547596,0.0031071692677494545
2023-11-03,18.749655,23.811543,-5.0618875109863275,297.1790971085349,298.4779,-1.2988081649025958,100049.50840842735,99987.66,61.85215842735488,29.823188747149423,29.921772,-0.09858325602440488,0.7574342547699985,0.7545316,0.0029026328370150845
2023-11-04,61.160793,60.994267,0.16652648999023256,297.6476893195139,297.6744,-0.026718639470459493,100192.6251952186,100082.99,109.6330077185994,29.62140445733732,29.632914,-0.01150913214021898,0.7570017305729981,0.7552441,0.0017576543210144902
2023-11-05,6.544842,14.683485,-8.13864303112793,299.046768061687,298.55576,0.49101244645260067,100272.30408599669,100202.914,69.3900234966859,29.419620167525217,29.501474,-0.08185421296794715,0.7565692063759979,0.75351614,0.0030530687760528252
2023-11-06,17.92156,6.983386,10.938173960266113,299.01933521564695,298.76706,0.2522758894750723,100210.03982693984,100227.47,-17.428923060157103,29.21783587771312,29.277184,-0.0593476550017229,0.7561366821789977,0.7539658,0.002170887138867039
2023-11-07,3.2768323,6.2104883,-2.9336560193969725,298.6765472817012,298.81665,-0.1401031089238245,100189.31309927296,100112.086,77.2271617729566,29.01605158790101,29.036957,-0.020905199208364422,0.7557041579819973,0.75372314,0.0019810134507473043
2023-11-08,24.36882,22.16853,2.2002904895019526,298.3392618181386,298.7817,-0.44244594553327943,100252.10874203632,100136.09,116.01499203631829,28.814267298088907,28.898453,-0.08418546070015509,0.7552716337849971,0.75407183,0.00119980208181103
2023-11-09,8.988928,11.65275,-2.6638220152587895,298.2100637515931,298.4779,-0.2678415218443888,100309.6601553696,100224.58,85.08203036959458,28.76501466033264,28.863138,-0.09812353851989997,0.7548391095879968,0.75353414,0.0013049713853295897
2023-11-10,6.7823644,11.271786,-4.489421336083985,299.3506119965733,298.77078,0.5798295258701955,100278.01789108514,100230.125,47.89289108513913,28.71576202257637,28.745695,-0.029933091559371405,0.7544065853909965,0.75302285,0.0013837358312125403
2023-11-11,2.1810997,6.457403,-4.276303482983399,299.280198204645,298.8804,0.39979659331686435,100281.05919736635,100219.4,61.660759866354056,28.666509384820102,28.74643,-0.07992005853927253,0.7539740611939962,0.75189424,0.0020798255830343226
2023-11-12,0.0029026275,-0.89581275,0.8987153773626709,299.25444278930263,299.41028,-0.15583553100987046,100223.42486244312,100224.42,-0.9970125568797812,28.61725674706384,28.680199,-0.06294192236975249,0.753541536996996,0.7517564,0.0017851073247547866
2023-11-13,2.0397863,0.37824357,1.6615427344406126,298.30192360624073,299.0816,-0.7796803976655156,100192.06314669826,100138.75,53.313146698259516,28.56800410930757,28.52896,0.039044835015577206,0.7531090127999956,0.75007504,0.0030339705522234306
2023-11-14,2.8780022,-0.04655076,2.9245529581830025,299.01195052942853,298.56732,0.4446287520847818,100169.95037996605,100141.65,28.301942466045148,28.518751471551298,28.625313,-0.10656133362448372,0.7526764886029954,0.7497932,0.0028833167203660137
2023-11-15,5.4393654,2.458758,2.980607284231567,299.2117188778445,299.03635,0.17537244229760063,100256.75994734382,100157.44,99.32244734381675,28.46949883379503,28.504692,-0.03519324384168954,0.7522439644059951,0.74841964,0.003824321957569765
2023-11-16,4.330258,5.432103,-1.1018451570434573,299.53070844871985,299.0409,0.48981489403234946,100208.9245353962,100256.51,-47.58327710379672,28.42024619603876,28.506685,-0.08643906091924691,0.7518114402089948,0.7481541,0.003657336453043891
2023-11-17,4.21542,2.1911228,2.0242972296905517,299.1396346412638,299.2976,-0.15797278061120323,100186.97343730046,100122.56,64.41093730046123,28.7214997241366,28.379778,0.34172181581140393,0.7515840847039488,0.7467619,0.004822166636016645
2023-11-18,2.9448912,4.5672646,-1.6223733568847658,298.8240231634232,299.13058,-0.3065615533736832,100175.87822075454,100139.03,36.8469707545446,29.02275325223444,28.683151,0.33960200711725363,0.7513567291989026,0.7483414,0.0030153476490674125
2023-11-19,0.8016481,2.2843268,-1.4826786917633057,299.52240854811964,298.94547,0.5769434602290175,100125.02123228127,100195.125,-70.10376771872689,29.32400678033228,29.137661,0.1863458001076701,0.7511293736938566,0.7485567,0.0025727001670926564
2023-11-20,0.0,-0.20168683,0.201686829328537,300.0214203326573,299.10046,0.9209564654698283,100075.28195333866,100151.12,-75.83523416133539,29.625260308430114,29.45262,0.17264075581780958,0.7509020181888104,0.74856657,0.0023354502910137853
2023-11-21,18.608587,9.864551,8.744036409484863,298.4750742524243,299.4302,-0.9551320464038326,100076.34755552994,100104.9,-28.55088197006262,29.92651383652796,29.764732,0.16178147568811596,0.7506746626837644,0.7475069,0.0031677461607846347
2023-11-22,39.892555,32.31649,7.576064826660158,298.05466102410264,298.28586,-0.23119713019423216,99974.5276012437,100120.97,-146.44114875630476,30.22776736462579,30.021832,0.20593585217461907,0.7504473071787182,0.7459984,0.00444892461035884
2023-11-23,5.0839257,15.66004,-10.576114201733398,298.90651773314505,298.7094,0.19710611205130135,100037.36953153172,100003.56,33.80703153171635,30.52902089272363,30.355183,0.17383824501855116,0.7502199516736722,0.74671865,0.0035013065778469743
2023-11-24,1.1230003,3.7048428,-2.5818425058624266,299.1653335613476,299.08368,0.08165436212885879,100126.51345036118,100072.29,54.22438786117709,30.830274420821468,30.67997,0.15030463322381138,0.749992596168626,0.7465941,0.0033985247803813845
2023-11-25,8.4239,5.8262115,2.597688547515869,299.2976542444295,298.98267,0.31498822880450916,100101.97926679984,100120.51,-18.528545700159157,30.59440616279645,30.633512,-0.039106334151792765,0.74976524066358,0.7473038,0.002461456769994763
2023-11-26,0.03784561,3.148566,-3.1107203976141355,300.099167426112,299.3622,0.7369542913463647,100013.39124663566,100059.14,-45.74937836434401,30.358537904771424,30.628115,-0.2695767955459587,0.7495378851585339,0.74707115,0.0024667381935070676
2023-11-27,0.4202033,0.05681915,0.3633841516383171,299.9198446939853,299.81973,0.1001120279696579,99972.96217343438,100030.56,-57.60032656561816,30.1226696467464,30.23625,-0.11358027695965589,0.7493105296534878,0.7479737,0.0013368491572719465
2023-11-28,0.0,1.324348,-1.324347972869873,299.97984755757136,299.85208,0.127766258743236,100005.08525558493,99998.79,6.2961930849269265,29.88680138872138,29.971561,-0.08476004316338503,0.7490831741484417,0.74774134,0.001341832557560374
2023-11-29,2.7299933,6.267659,-3.5376658873168947,299.3059049918828,299.42456,-0.11865555499218772,100112.67718405346,100056.83,55.84905905346386,29.65093313069636,29.602856,0.048077448323311955,0.7488558186433956,0.7477128,0.00114302767736163
2023-11-30,1.7992538,4.8106008,-3.011346957598877,299.0340382268415,299.38004,-0.3459971735491081,100031.36842777782,100134.5,-103.13157222217706,29.415064872671337,29.499908,-0.08484357459428793,0.7486284631383495,0.747491,0.0011374610555248132
2023-12-01,5.0017495,2.2127738,2.7889757001037596,299.366142751678,299.18185,0.18428850363113725,99920.35881687206,100023.11,-102.75055812794017,29.179196614646315,29.334383,-0.1551863962179425,0.7484011076333034,0.746885,0.0015161059739100535
2023-12-02,1.0581019,3.7058036,-2.647701732736206,299.13982071242003,299.22073,-0.08091293015809242,99897.43060941774,99924.125,-26.694390582255437,28.943328356621294,28.91244,0.03088901030781699,0.7481737521282573,0.74685824,0.0013155129543681587
2023-12-03,6.375769,1.5198487,4.855920295661926,299.22085799418875,298.98914,0.23172225200124785,99841.436371653,99897.3,-55.86050334699394,29.044968933855472,28.879805,0.16516432264941727,0.7470297907610228,0.74580395,0.0012258385439207764
2023-12-04,0.37852183,8.808647,-8.430125325761718,299.42002855675304,299.14523,0.27479540245616363,99897.91564367666,99890.17,7.743768676664331,29.14660951108965,28.98958,0.15702935667070506,0.7458858293937883,0.74650335,-0.0006175237251081489
2023-12-05,0.07326512,1.6166098,-1.5433446917828368,299.28460347679663,299.24368,0.040920615468508004,100009.95120902876,99975.016,34.935584028760786,29.24825008832383,29.17583,0.07241924725937565,0.7447418680265538,0.7431915,0.001550387389957164
2023-12-06,0.0,0.27594644,-0.2759464383125305,299.6886858150843,299.45715,0.23153249477178406,100071.85498340352,100038.1,33.753420903522056,29.349890665558007,29.307981,0.04190917446914,0.7435979066593194,0.74112535,0.002472561429216813
2023-12-07,9.025264,2.0868902,6.93837377935791,299.68720850719257,299.57703,0.11018214000506532,100123.41956148951,100108.3,15.122686489514308,29.451531242792186,29.39609,0.05544168895917778,0.7424539452920849,0.7417191,0.0007348185907298799
2023-12-08,16.874737,9.044806,7.829931473266601,299.16300850611543,299.271,-0.10798758763456817,100150.3590984306,100109.74,40.61691093060654,29.553171820026364,29.547081,0.006090826374020253,0.7413099839248504,0.74066776,0.0006422235526885034
2023-12-09,1.1407604,7.589555,-6.448794386682129,299.8673377699084,298.8972,0.9701514906114994,100069.71060082718,100071.7,-1.9925241728196852,29.654812397260542,29.650126,0.004686893720503349,0.7401660225576159,0.738981,0.001185014027952791
2023-12-10,6.729819,5.847895,0.8819238545837402,299.70381703051777,299.2203,0.48351063403339367,100101.00036455282,100080.7,20.29723955281952,29.75645297449472,29.754116,0.002336916145111445,0.7390220611903814,0.73819745,0.0008246153209355844
2023-12-11,0.4008277,1.3401514,-0.9393237291763306,298.71328389969915,299.5908,-0.8775058952227255,100065.82947139784,100097.06,-31.23302860216063,29.73154353360909,29.850548,-0.11900425691825234,0.7378780998231469,0.73748875,0.00038935318008048725
2023-12-12,9.248635,2.369222,6.8794130742645265,299.4311132672916,298.7569,0.6742162946353574,100060.5117731013,100023.016,37.496148101301515,29.706634092723466,29.805672,-0.0990375991710657,0.7367341384559124,0.73085046,0.0058836803107708
2023-12-13,0.0,-0.22634612,0.22634612023830414,299.582091076183,299.50238,0.07971070508926914,100158.77558672403,100080.234,78.54121172403393,29.68172465183784,29.760092,-0.07836712977837124,0.7355901770886779,0.7305136,0.005076604395806816
2023-12-14,0.0,-0.4248464,0.4248464107513428,299.30822210750955,299.42026,-0.11203546084982463,100211.22393614677,100151.97,59.25518614676548,29.656815210952203,29.701534,-0.04471906028803119,0.7344462157214434,0.72972924,0.00471698054917169
2023-12-15,0.07534241,1.840746,-1.76540363511261,299.33682449621466,299.21112,0.12570389074591048,100126.90835127044,100162.39,-35.48227372956171,29.631905770066577,29.72343,-0.09152486347834454,0.7333022543542089,0.7279895,0.0053127595536413
2023-12-16,0.37367082,1.5780555,-1.2043846809841918,297.7973991136796,298.92044,-1.123041560148522,100029.8833232026,100061.46,-31.5776142974064,29.606996329180948,29.71801,-0.11101361954952083,0.7321582929869744,0.7259657,0.006192614295110421
2023-12-17,25.139328,26.880083,-1.7407550841064463,296.611809882884,298.39566,-1.7838505175066075,100094.21663904496,99966.66,127.56038904495654,29.58208688829532,29.66729,-0.08520284559140023,0.7310143316197399,0.72067374,0.01034059170961421
2023-12-18,1.1109933,19.06563,-17.954636659106445,299.0603773720292,298.42978,0.6305983192948474,100145.76757513158,100088.27,57.494137631583726,29.55717744740969,29.61229,-0.05511198130124839,0.7298703702525055,0.7217936,0.00807677827633968
2023-12-19,0.04644204,1.8585652,-1.8121231712960815,300.06111660730465,299.215,0.8461202694140297,100136.55290130273,100171.8,-35.24397369727376,29.62125973501816,29.604086,0.017173812776949404,0.7282715140457363,0.72105086,0.007220655548116683
2023-12-20,0.026226,1.0864178,-1.0601917942276,299.7400707355384,299.5324,0.20766106756963154,100209.5263718831,100117.15,92.37793438309745,29.685342022626617,29.689905,-0.004563143999359198,0.7266726578389671,0.7193299,0.007342764249947287
2023-12-21,0.46610317,1.6818368,-1.2157336734906006,299.37981693250856,299.53854,-0.15872676866331403,100270.4274997136,100165.875,104.55249971359444,29.74942431023508,29.745325,0.00409922173410493,0.7250738016321979,0.7177546,0.007319199199946946
2023-12-22,0.0,1.8849777,-1.8849776983261108,298.96772517211053,299.30145,-0.33372746460821645,100332.04485079572,100256.8,75.24797579571896,29.813506597843546,29.841883,-0.028376107844930942,0.7234749454254287,0.7169985,0.006476427912153526
2023-12-23,0.0,0.61275303,-0.6127530336380005,299.71782744373616,298.94873,0.7690969749861551,100350.54902856745,100311.41,39.14277856744593,29.87758888545201,29.897783,-0.020194393966935564,0.7218760892186595,0.71629506,0.005581025723023547
2023-12-24,0.005805255,0.04645592,-0.040650664742584226,300.0901130885369,299.43134,0.6587776393181457,100268.26497830173,100307.72,-39.45377169827407,29.94167117306047,29.902029,0.039642135584884386,0.7202772330118904,0.7138133,0.006463928110767347
2023-12-25,0.0,0.45483974,-0.4548397362232208,299.5622525940236,299.78632,-0.2240633239451313,100266.50050002016,100248.3,18.2036250201636,30.00575346066893,30.033827,-0.02807336733399879,0.7186783768051211,0.7123781,0.006300292145544728
2023-12-26,0.0,0.05411787,-0.05411786958575249,299.7896292379576,299.24124,0.5483877828795016,100215.32252165132,100261.04,-45.71654084867623,30.0698357482774,30.079542,-0.009706411756781108,0.717079520598352,0.71478254,0.002296984568536331
2023-12-27,0.0,-0.12876108,0.12876108288764954,300.52275984234814,299.62012,0.9026426548481368,100142.0846574272,100229.59,-87.5090925728,29.878302747537383,30.13584,-0.25753671474289064,0.7154806643915829,0.71494544,0.0005352288675960493
2023-12-28,0.01161051,0.10027056,-0.0886600518739128,300.1811126023907,299.98676,0.19435723129697635,100186.24772053244,100179.766,6.482095532439416,29.68676974679737,29.921759,-0.23498890493602786,0.7138818081848136,0.71383345,4.835691375648654e-05
2023-12-29,0.11446179,0.291592,-0.17713021191497802,300.145383683058,299.98065,0.1647318275892644,100159.456350861,100194.42,-34.96552413899917,29.495236746057355,29.603983,-0.10874617935768427,0.7122829519780445,0.71182954,0.00045340886433598016
2023-12-30,0.36220917,0.9766337,-0.6144245575505065,300.39253803852426,299.81033,0.5822047865711397,100193.03690149068,100180.45,12.583776490675518,29.303703745317343,29.381893,-0.07818941264164181,0.7106840957712752,0.71120286,-0.000518764107264813
2023-12-31,0.0,0.35292384,-0.35292384028434753,299.6726293642944,299.84985,-0.17722415133061986,100241.77605704468,100245.78,-4.005192955315579,29.112170744577327,29.24996,-0.13778920110138415,0.7090852395645061,0.70869046,0.000394775067893538
2024-01-01,0.0,0.62550336,-0.6255033612251282,300.30349895767563,299.9161,0.38739177994125384,100150.73991971272,100226.43,-75.68976778727665,29.157569286722065,29.057865,0.09970414389979965,0.7090482865154893,0.70830214,0.0007461462795884666
2024-01-02,1.8665287,0.9838608,0.8826679092704772,299.6839268153957,300.08496,-0.40103412210430633,100130.7067076074,100116.83,13.878582607401768,29.202967828866804,29.061077,0.14189071094688188,0.7090113334664725,0.708559,0.000452356816234456
2024-01-03,9.099504,2.3997293,6.699774748138427,299.0575678947239,299.76816,-0.7105900642604865,100170.3579413232,100111.62,58.74075382319279,29.248366371011542,29.223373,0.024992957925604742,0.7089743804174558,0.7085372,0.00043715946256073224
2024-01-04,52.201786,16.418747,35.78303905175781,298.3673744612065,299.03186,-0.6644858903559907,100183.69208857598,100133.43,50.262401075975504,29.29376491315628,29.298044,-0.0042792915556333355,0.7089374273684389,0.70932114,-0.00038371387454205763
2024-01-05,19.573423,9.389493,10.183930011413572,298.92356708236355,298.866,0.05756976791042234,100173.41351751969,100177.76,-4.344294980313862,29.33916345530102,29.382696,-0.043532696432379225,0.7089004743194222,0.7074014,0.0014990794753669823
2024-01-06,12.9945965,5.438664,7.555932540496826,299.13875582562383,298.97574,0.16301730023320715,100161.60468259316,100194.91,-33.3015674068447,29.38456199744576,29.487835,-0.10327293297416063,0.7088635212704053,0.7076882,0.0011753088756909502
2024-01-07,2.9835758,6.3108783,-3.327302476824951,298.7363794133962,299.16037,-0.4239904596506676,100216.11548670357,100140.03,76.0842367035657,29.429960539590496,29.45146,-0.021499345053058505,0.7088265682213886,0.70899105,-0.0001644824988262794
2024-01-08,9.461072,6.7593594,2.7017126402587888,297.75212248811243,299.0723,-1.320173654465691,100202.89289478293,100214.85,-11.958667717073695,29.475359081735235,29.538397,-0.06303775359191377,0.7087896151723718,0.7089321,-0.00014248655416015943
2024-01-09,4.0975866,10.261748,-6.164161713903809,299.14593769137235,298.58337,0.5625636679348531,100146.0707603406,100131.234,14.836385340604465,29.56993085204248,29.482513,0.08741742430810362,0.708752662123355,0.70948434,-0.0007316766370210059
2024-01-10,0.12201403,1.105085,-0.983070985296936,299.60838666554326,299.33032,0.27806439991826437,100123.0283662118,100131.18,-8.151321288198233,29.66450262234973,29.606699,0.057803632481565614,0.7087157090743382,0.7084602,0.00025549732049301443
2024-01-11,0.0,-0.47363558,0.47363558411598206,299.36898282634945,299.61807,-0.2490896834161731,100158.21406005832,100124.05,34.1671850583225,29.759074392656977,29.73802,0.021054449419672494,0.7086787560253214,0.7082921,0.00038662936974276363
2024-01-12,0.0,-0.0022817429,0.0022817428689450026,299.03034875977283,299.39017,-0.3598184765552901,100292.18828087438,100129.375,162.81328087438305,29.853646162964225,29.823547,0.030098799682974686,0.7086418029763046,0.7077041,0.0009376761414352508
2024-01-13,0.0,0.29686216,-0.2968621551990509,299.12166987612994,298.8767,0.24496089175494262,100241.87080209603,100273.92,-32.051072903967,29.94821793327147,29.911274,0.03694397697264051,0.7086048499272878,0.7074885,0.0011163726972157617
2024-01-14,0.0,0.18544023,-0.18544022738933563,298.7667170443319,298.84427,-0.07755175449619855,100225.55295477364,100203.34,22.209204773636884,30.04278970357872,30.00109,0.04170060750938376,0.708567896878271,0.70736754,0.001200357472448288
2024-01-15,0.0,0.29833177,-0.29833176732063293,298.7040759993511,298.7313,-0.027216725258256247,100174.73020532816,100200.81,-26.082294671839918,30.137361473885964,30.02411,0.11325067981858083,0.7085309438292542,0.7075028,0.0010281614844360742
2024-01-16,0.0,0.10606987,-0.10606987029314041,298.99381045008926,298.7764,0.2174127450111314,100133.4540330658,100170.59,-37.13971693419444,30.23193324419321,30.143597,0.08833659502328928,0.7084939907802374,0.70703185,0.0014621447337896942
2024-01-17,0.0,0.6502437,-0.6502436995506287,299.0929069044442,298.9862,0.1067008497566917,100192.67361054372,100145.51,47.16579804371577,30.180389109964207,30.241812,-0.0614226423551294,0.7077140899646811,0.70736307,0.0003510209072165038
2024-01-18,0.0,0.19826733,-0.19826732575893402,299.7268912967316,299.0879,0.6390006717315941,100166.81107119482,100181.16,-14.345178805175237,30.1288449757352,30.23571,-0.10686516830777038,0.7069341891491246,0.7073005,-0.0003662950313257918
2024-01-19,0.2205882,0.099002875,0.1215853246123314,299.4313267782225,299.59277,-0.16144665927748747,100294.12074974037,100152.08,142.0426247403666,30.0773008415062,30.150578,-0.07327670365981476,0.7061542883335683,0.70699096,-0.000836668926563533
2024-01-20,0.91884345,1.7079535,-0.7891100030639648,300.2689208468504,299.47928,0.7896422823972671,100257.29302679907,100271.195,-13.902285700925859,30.02575670727719,30.0952,-0.06944287768374835,0.7053743875180118,0.7064682,-0.001093837007439813
2024-01-21,0.0,0.44827804,-0.4482780396938324,300.5997584006265,299.87784,0.7219202658608879,100341.2461839638,100234.28,106.9649339637981,29.974212573048185,29.990753,-0.016540600779940462,0.7045944867024555,0.7044508,0.00014370058871648883
2024-01-22,0.55714285,0.29846457,0.25867828353080746,299.8151596971309,299.99323,-0.17806540052532682,100313.05815295276,100292.234,20.823777952755336,29.92266843881918,29.95895,-0.03628160390542945,0.703814585886899,0.7033168,0.0004977781400118397
2024-01-23,0.3955842,0.6258436,-0.2302593845375061,299.3191492440881,299.8065,-0.4873387930212516,100337.37434567144,100277.94,59.436845671443734,29.87112430459017,29.914724,-0.04360004538541418,0.7030346850713427,0.7033941,-0.0003594298998181866
2024-01-24,0.0,1.9265615,-1.9265614748001099,299.3423909002636,299.40814,-0.06575118958016901,100408.11568280256,100304.28,103.83443280255597,29.81958017036117,29.878193,-0.058612731250157424,0.7022547842557862,0.70241874,-0.00016396030827015018
2024-01-25,0.0,0.28589028,-0.28589028120040894,299.62348968229804,299.48544,0.13804656706366814,100475.78971195692,100363.555,112.2350244569243,29.924014071754115,29.92806,-0.00404645986209573,0.7014748834402299,0.7012922,0.00018266666242838792
2024-01-26,0.0,0.15178208,-0.1517820805311203,299.25160837477256,299.553,-0.3014006584305662,100452.72992535443,100409.734,42.99555035443336,30.02844797314706,29.95286,0.07558809460702065,0.7006949826246736,0.7019105,-0.0012155131333830838
2024-01-27,0.0,0.27696747,-0.27696746587753296,299.3758968142797,299.21136,0.164532068185963,100445.32916307457,100365.28,80.04791307456617,30.132881874540004,30.05309,0.0797927326943011,0.6999150818091171,0.70081514,-0.000900059391902186
2024-01-28,0.0,0.23177414,-0.23177413642406464,299.52661458476405,299.51917,0.007449545701547322,100372.2258424334,100403.02,-30.79759506660048,30.237315775932952,30.19513,0.04218638140170228,0.6991351809935608,0.6992868,-0.00015163751077273968
2024-01-29,0.0,0.2074652,-0.20746520161628723,299.8245141134482,299.73383,0.09068842985442416,100355.63818482636,100403.91,-48.26806517364457,30.341749677325897,30.36024,-0.01849125895340009,0.6983552801780043,0.6985688,-0.00021354077536483995
2024-01-30,0.0,0.040704124,-0.04070412367582321,299.96679582606146,299.99832,-0.031525707141668136,100436.8603137044,100352.945,83.91500120439741,30.44618357871884,30.461527,-0.015343292008697773,0.697575379362448,0.69741,0.00016539191280195986
2024-01-31,0.1596445,0.2687762,-0.10913170816230774,300.5190268781469,300.18756,0.33146584299066717,100418.9556702959,100377.73,41.22910779589438,30.550617480111782,30.517633,0.03298404200143068,0.6967954785468915,0.69698364,-0.00018815687867612674
2024-02-01,0.0,0.49143583,-0.49143582582473755,300.3469861311786,300.4513,-0.10430781413390378,100354.49701032654,100321.266,33.23138532653684,30.65505138150473,30.589975,0.06507602444906624,0.6960155777313352,0.6960372,-2.159553984404372e-05
2024-02-02,0.0,0.15941031,-0.15941031277179718,300.44775091901045,300.40332,0.044430606510445614,100382.5225000282,100294.15,88.37406252819346,30.810920459338465,30.681591,0.12932942540291847,0.6954015148859723,0.6958599,-0.0004583941716448381
2024-02-03,0.0,0.41782814,-0.41782814264297485,301.0020212390588,300.5536,0.4484323718713199,100479.29360963748,100345.81,133.48110963747604,30.9667895371722,30.889154,0.07763510296809883,0.6947874520406097,0.6950955,-0.0003080274477631484
2024-02-04,0.0,0.3773171,-0.3773171007633209,300.51259922078503,300.8469,-0.3342940897618405,100481.20199072486,100356.42,124.78011572486139,31.12265861500593,31.068996,0.053662185562568965,0.6941733891952468,0.69514877,-0.0009753768455551537
2024-02-05,0.0,0.13890436,-0.1389043629169464,300.55020647293134,300.47726,0.07294206863446107,100381.7163699884,100358.73,22.989807488396764,31.27852769283967,31.178158,0.10036988644318612,0.6935593263498842,0.69345784,0.00010148447671520788
2024-02-06,0.0,0.23265071,-0.23265071213245392,300.5349893275327,300.60446,-0.06947234238919009,100407.10246469632,100375.22,31.883714696319657,31.43439677067341,31.364693,0.06970408268512784,0.6929452635045213,0.69219804,0.000747225403325058
2024-02-07,0.0,0.08569682,-0.08569681644439697,300.8592729817246,300.56754,0.29173758133396177,100326.87411054048,100378.28,-51.40713945952302,31.59026584850714,31.557463,0.0328031562463984,0.6923312006591587,0.6913044,0.0010268149970797946
2024-02-08,0.0,0.28103524,-0.28103524446487427,301.1831445296176,300.4927,0.6904382307894821,100366.2238821476,100279.21,87.01294464760576,31.74613492634088,31.756382,-0.010247062184511435,0.6917171378137958,0.69079596,0.0009211797716510706
2024-02-09,0.0,0.10167818,-0.10167817771434784,301.1559672130388,301.0313,0.12465617788257077,100422.34824812744,100306.37,115.98106062744046,31.90200400417461,31.869083,0.03292059963359506,0.6911030749684332,0.69090474,0.0001983384495732876
2024-02-10,0.0,0.16657074,-0.1665707379579544,301.09299911359625,301.1294,-0.03639541765375043,100418.43531473746,100300.266,118.16968973746407,31.81267342412648,31.97126,-0.15858664667430133,0.6904890121230703,0.6909475,-0.00045846092609347355
2024-02-11,0.0,0.1624503,-0.16245029866695404,300.64095483283063,301.02448,-0.38352026482561996,100387.52783578775,100346.836,40.69189828775416,31.723342844078346,31.9223,-0.1989574946667716,0.6898749492777075,0.6895745,0.0003004692209448434
2024-02-12,0.0,0.21306129,-0.21306128799915314,301.5589386166998,300.6925,0.866433733887277,100322.3039440142,100342.65,-20.34449348579801,31.634012264030208,31.80722,-0.17320819495416728,0.6892608864323448,0.6891811,7.979703109972647e-05
2024-02-13,0.0,0.48766547,-0.48766547441482544,302.02739740406787,301.2416,0.7857897380522445,100253.30035137002,100244.19,9.112851370024146,31.54468168398208,31.627518,-0.082836016213232,0.688646823586982,0.688368,0.0002788011451180239
2024-02-14,0.0,0.5257596,-0.5257595777511597,301.6567497198392,301.44818,0.2085685674954334,100233.4096456061,100201.93,31.479958106094273,31.455351103933943,31.574461,-0.11910987934242456,0.6880327607416193,0.6871228,0.0009099389337580144
2024-02-15,0.0,0.08692339,-0.08692339062690735,302.1399701259819,301.31494,0.825028719731904,100238.20197869244,100140.74,97.45979119243566,31.36602052388581,31.446268,-0.08024755777923076,0.6874186978962565,0.68677676,0.0006419406559611263
2024-02-16,0.0,0.34981206,-0.3498120605945587,302.046651076491,301.50137,0.5452777854753776,100188.177234707,100141.914,46.26317220699275,31.27668994383768,31.358307,-0.08161694092794392,0.6868046350508938,0.6869191,-0.00011445808112520162
2024-02-17,0.0,0.4448827,-0.44488269090652466,301.8210334674658,301.51657,0.30446242254390654,100145.2693587463,100087.51,57.761546246299986,31.18735936378954,31.319925,-0.1325659444379994,0.686190572205531,0.6844367,0.001753893319117461
2024-02-18,0.0,0.4977233,-0.4977233111858368,301.9424226827125,301.67133,0.27109699911875396,100199.85480491287,100122.17,77.68292991287308,31.33358689093901,31.223686,0.10990067267729131,0.6840620602862263,0.6843272,-0.0002651248677348894
2024-02-19,0.0,0.59787637,-0.5978763699531555,301.9493614936881,301.826,0.12337272415686584,100227.15228693352,100166.375,60.777286933516734,31.47981441808848,31.332796,0.14701832128672265,0.6819335483669215,0.6836513,-0.0017177797199314782
2024-02-20,0.23582904,0.5445299,-0.30870087485595704,301.5130352871337,301.66525,-0.1522173984131996,100215.45638795606,100186.73,28.72982545605919,31.62604194523795,31.549355,0.07668739201529462,0.6798050364476168,0.6818024,-0.001997355558303604
2024-02-21,0.0,0.7971981,-0.7971981167793274,301.0786273938875,301.49585,-0.41722221548752714,100283.67386651137,100146.13,137.5410540113662,31.77226947238742,31.733715,0.0385544150143744,0.6776765245283121,0.679148,-0.0014714938318258763
2024-02-22,0.0,0.6897625,-0.6897624731063843,301.77781482361337,301.14877,0.6290416302539938,100168.1554302698,100214.1,-45.94613223019405,31.91849699953689,31.874914,0.04358283022536824,0.6755480126090072,0.67720634,-0.0016583248429276054
2024-02-23,0.007759294,0.57954663,-0.5717873363825379,300.86985585093134,301.79935,-0.9294910728967807,100159.6085915431,100124.74,34.8664040431031,32.06472452668636,31.989908,0.07481630830257302,0.6734195006897025,0.67491895,-0.0014994489143319578
2024-02-24,0.0,0.45069742,-0.4506974220275879,301.9006136171891,301.17877,0.7218416445328444,99992.66371843164,100135.54,-142.87534406836494,32.21095205383583,32.20804,0.002913723757707487,0.6712909887703977,0.67304486,-0.0017538715926088688
2024-02-25,0.0,0.39063427,-0.3906342685222626,302.6513506773215,301.71744,0.9339129331808635,99964.57780734428,100029.09,-64.51594265572203,32.3571795809853,32.329754,0.027425705252881016,0.669162476851093,0.66994214,-0.0007796637281306529
2024-02-26,0.0,0.21272932,-0.2127293199300766,302.8965791190297,301.45163,1.4449494803578204,100039.76256084294,100019.27,20.48912334293709,32.26403365292064,32.511215,-0.24718155704029954,0.6670339649317882,0.66723424,-0.00020027703064462443
2024-02-27,0.0,0.2544764,-0.254476398229599,302.5974955427517,301.19617,1.4013285505641875,100021.81617557984,100069.82,-48.004136920164456,32.17088772485597,32.394444,-0.2235557871069176,0.6649054530124835,0.66534144,-0.0004359838504620628
2024-02-28,0.0,0.22301932,-0.2230193167924881,301.9415237070464,301.5873,0.3542129160307468,100132.8948970354,100008.24,124.65270953539584,32.07774179679131,32.19157,-0.11382848519111377,0.6627769410931788,0.66381776,-0.0010408222353734953
2024-02-29,0.0,1.1046201,-1.104620099067688,302.31157399954924,301.86414,0.44743825736173903,100207.2284747148,100107.266,99.96284971479326,31.984595868726643,32.034412,-0.04981651530655995,0.6606484291738739,0.6616455,-0.000997042875839238
2024-03-01,0.0,1.1379893,-1.1379892826080322,301.814967103067,301.95737,-0.1423998402923985,100223.09059181403,100179.7,43.38746681403427,31.89144994066198,31.9639,-0.07244967176477957,0.6585199172545692,0.65973306,-0.0012131397675255728
2024-03-02,0.0,1.8603098,-1.8603098392486572,301.941285940758,301.7939,0.1473711458361322,100153.98183187583,100168.92,-14.94004312416655,31.79830401259732,31.871746,-0.07344205063510145,0.6563914053352644,0.65802944,-0.001638031729860101
2024-03-03,0.0,2.8829923,-2.8829922676086426,301.7736851132422,301.99057,-0.2168849551171661,100180.14234346358,100078.61,101.53296846357989,31.70515808453265,31.780115,-0.07495704303082817,0.6542628934159597,0.6553546,-0.0010917256102244144
2024-03-04,0.0,1.4558325,-1.4558324813842773,302.1950667716374,301.92688,0.26818688882491415,100174.09548648288,100134.83,39.267361482881824,31.612012156467983,31.67382,-0.06180833913748529,0.6521343814966549,0.6529132,-0.0007788312795291574
2024-03-05,0.0,0.8346397,-0.8346397280693054,302.0986934771459,302.0524,0.04629479550527549,100187.9026743186,100130.29,57.61361181859684,31.551608047612355,31.658365,-0.10675720202143424,0.6517042037686065,0.6527322,-0.001027989701394727
2024-03-06,0.0,0.3512185,-0.35121849179267883,301.937361449315,302.06882,-0.13145568935686924,100117.20215143092,100107.8,9.405276430916274,31.49120393875673,31.584042,-0.09283765670225463,0.651274026040558,0.65218323,-0.0009092086510619213
2024-03-07,0.0,0.5750855,-0.5750855207443237,301.7485767735472,302.07034,-0.32176624403092546,100193.33585526874,100080.61,112.7264802687423,31.430799829901098,31.441431,-0.01063121563112901,0.6508438483125095,0.65241987,-0.001576016818868653
2024-03-08,0.023042975,0.9215938,-0.8985508102859497,301.548259637665,301.87662,-0.3283577939756128,100210.46445196283,100153.2,57.26132696283457,31.37039572104547,31.387327,-0.01693147316839827,0.6504136705844611,0.6526212,-0.0022075390369683534
2024-03-09,0.0,1.1524901,-1.1524901390075684,302.3914444904256,301.50574,0.8857071857381129,100338.96720656403,100171.69,167.2797065640334,31.30999161218984,31.410917,-0.1009256699146519,0.6499834928564125,0.6504418,-0.0004583325334495125
2024-03-10,0.0,0.78828746,-0.7882874608039856,302.1133588499025,301.9692,0.14415108623063588,100437.2423948097,100212.125,225.11739480969845,31.24958750333421,31.346027,-0.09643987093336648,0.6495533151283641,0.6502174,-0.0006640987739185977
2024-03-11,0.019751122,1.532449,-1.5126978850343018,302.41978488774924,301.82455,0.5952304443898697,100347.8752530329,100247.5,100.37525303289294,31.189183394478583,31.38,-0.19081576628801855,0.6491231374003157,0.6495498,-0.00042664487583787825
2024-03-12,0.0,1.3954767,-1.3954766988754272,301.1843142128289,301.86703,-0.6827206992804804,100359.2031631516,100227.13,132.07035065160017,31.128779285622954,31.287462,-0.15868294887411594,0.6486929596722673,0.64974064,-0.00104767667645711
2024-03-13,0.4640507,1.0295564,-0.565505693623352,301.2804213458636,301.54376,-0.26334086116764865,100277.62388022244,100182.05,95.57700522243977,31.35863123902456,31.21615,0.1424809552110844,0.6482627819442187,0.6503833,-0.0021205116844739136
2024-03-14,0.15574522,0.787326,-0.6315807582791138,301.9160233566518,301.28827,0.6277543136830559,100175.23380818524,100203.18,-27.94587931476417,31.58848319242616,31.429876,0.158606864911512,0.6478326042161703,0.6497581,-0.0019254962934732722
2024-03-15,0.0,0.11805985,-0.11805985122919083,301.86205196552584,301.78464,0.0774145143539613,100164.60808277735,100109.13,55.475270277354866,31.81833514582776,31.76783,0.05050525080822865,0.6474024264881219,0.6501484,-0.002745965235510961
2024-03-16,0.0,0.65902364,-0.659023642539978,301.9408634585648,301.91312,0.02774700348669512,100197.25591390244,100133.836,63.4199764024379,32.04818709922935,31.953482,0.09470542503501633,0.6469722487600733,0.6501101,-0.003137876781613702
2024-03-17,0.0,0.54145074,-0.5414507389068604,301.8577680843412,301.60114,0.25663283043496676,100166.16271299138,100203.13,-36.97009950861684,32.27803905263095,32.176285,0.10175426259188924,0.6465420710320249,0.64886117,-0.002319098783038598
2024-03-18,0.0,0.30729428,-0.3072942793369293,302.4384407325924,301.65036,0.7880806251705508,100098.15677795888,100131.43,-33.27290954111959,32.50789100603255,32.424534,0.08335716203841059,0.6461118933039764,0.6489105,-0.002798629156961052
2024-03-19,0.13167414,0.13158824,8.590450252532467e-05,302.2078219497558,301.71762,0.4902011001464075,100092.2677966454,100132.13,-39.865015854593366,32.73774295943415,32.54798,0.18976169722711944,0.6456817155759279,0.64811945,-0.0024377340395506097
2024-03-20,0.15975516,-0.13689445,0.29664960959163666,302.53824438844146,301.76093,0.7773190954727056,100026.24406320672,100105.766,-79.52156179328449,32.96759491283575,32.75704,0.21055679638067204,0.6452515378478795,0.6481302,-0.002878640603658611
2024-03-21,0.2754549,0.17502165,0.10043325159301758,302.0582483873758,302.0818,-0.02353872199921625,99918.54490174276,100022.41,-103.86134825724002,32.877435129898025,32.957695,-0.08025987742619378,0.6447182117906831,0.6444141,0.00030408491766675816
2024-03-22,0.25446016,1.44883,-1.1943698485067749,301.84909118421234,301.92148,-0.07238708727203402,99992.286163862,99926.64,65.64553886199428,32.7872753469603,32.888393,-0.1011180551393096,0.6441848857334868,0.6441252,5.9662573696717125e-05
2024-03-23,0.7950646,2.9165816,-2.121517030706787,301.7826713401977,301.7457,0.036974318713305365,100121.62528930622,100045.586,76.0393518062192,32.697115564022575,32.71408,-0.016965246524300426,0.6436515596762904,0.64476067,-0.0011091086014500817
2024-03-24,0.0,0.8725015,-0.8725014925003052,302.43948458604973,301.88837,0.5511178868309798,100122.3213977651,100104.55,17.77452276510303,32.60695578108485,32.634224,-0.027268156903431873,0.6431182336190939,0.6443562,-0.0012379575392007514
2024-03-25,0.16736257,0.2810118,-0.11364922003715516,302.1247495469429,302.0614,0.06334817975539409,100228.25413791803,100067.83,160.42601291803294,32.516795998147124,32.510548,0.006248360207671055,0.6425849075618976,0.64487094,-0.002286029308677384
2024-03-26,0.044068165,0.9782001,-0.9341319130105591,301.7060713788067,301.52658,0.1794905682598369,100321.31778076263,100176.78,144.53653076263436,32.4266362152094,32.356823,0.06981324768010211,0.6420515815047012,0.6411674,0.0008841792372451529
2024-03-27,0.0,1.9000764,-1.9000763893127441,302.05594677884415,301.56,0.49594922025039523,100158.7864789352,100217.44,-58.65102106479753,32.336476432271674,32.271805,0.06467162270136129,0.6415182554475048,0.63849723,0.0030210220566967427
2024-03-28,2.2975547,3.939918,-1.642363341229248,301.1534504567736,301.39008,-0.23662522682013787,100170.45496918765,100129.695,40.759656687645474,32.24631664933395,32.258404,-0.012087128742223285,0.6409849293903085,0.63848937,0.002495563812610735
2024-03-29,1.8417733,2.263002,-0.42122861879272455,301.9157379944604,301.44803,0.4677094300072895,100235.60913963424,100160.8,74.81226463423809,32.38162503987924,32.111847,0.2697781160511141,0.6404516033331121,0.6399347,0.0005168847242559282
2024-03-30,0.21299614,2.0424535,-1.8294573874505615,301.76950816234614,301.457,0.31250742992426694,100237.08703550184,100213.59,23.493285501841456,32.51693343042453,32.291595,0.22533797144015466,0.6399182772759158,0.63718444,0.002733836186285643
2024-03-31,0.0,1.5087835,-1.5087834596633911,302.1233299458052,301.5998,0.5235374653364602,100035.19596377648,100148.586,-113.38997372351878,32.65224182096982,32.462696,0.18954574553036707,0.6393849512187194,0.6359766,0.0034083386508177993
2024-04-01,1.6226262,1.067936,0.5546902563964844,302.0581317293571,301.7027,0.35543397545086464,99943.25698977632,100042.32,-99.06332272368309,32.78755021151511,32.640285,0.14726471957175136,0.638851625161523,0.63861716,0.00023446722542685983
2024-04-02,0.5894957,1.9625483,-1.37305255592041,301.89545637484514,301.52396,0.3715000760170142,100004.5152143132,100013.06,-8.547285686800024,32.9228586020604,32.76249,0.16036928321274502,0.6383182991043266,0.6397183,-0.001399995039350177
2024-04-03,0.05925336,0.02370666,0.03554670032535553,301.89079970914537,301.86926,0.021537013832869434,100048.15596509592,100024.695,23.46065259592433,33.05816699260569,32.902332,0.15583468669748868,0.6377849730471302,0.6397689,-0.001983925439960843
2024-04-04,2.4502585,2.142728,0.307530409713745,301.81201599520955,301.81882,-0.006801143462325854,99960.91581459566,100033.23,-72.31074790433922,33.19347538315098,32.994946,0.19852985702793546,0.6372516469899339,0.6387737,-0.0015220327433425052
2024-04-05,0.0,-0.123733014,0.12373301386833191,302.92351869958463,301.93063,0.9928851546627584,99858.27322972078,99942.87,-84.593957779216,33.32878377369627,33.06531,0.26347234181150725,0.6367183209327375,0.638747,-0.0020286559196794895
2024-04-06,0.05734185,-0.04625195,0.10359379892287254,302.4390695640453,301.95816,0.48090916365470093,99896.999639908,99878.31,18.687139907997334,32.8780940722937,33.052856,-0.17476237301880104,0.6397979149569848,0.63444847,0.005349446271834646
2024-04-07,0.0,-0.16389076,0.1638907641172409,302.4927709079417,302.16342,0.329349277082315,99922.413800839,99923.01,-0.5940116609999677,32.427404370891125,32.783516,-0.3561115592846562,0.642877508981232,0.6389037,0.003973831517700477
2024-04-08,0.08061024,1.1556851,-1.075074827176819,302.9411109917896,302.20105,0.7400611871021283,99941.80130533502,99928.51,13.293492835015059,31.97671466948855,32.182,-0.20528453705441763,0.6459571030054793,0.64206785,0.0038892533694013798
2024-04-09,0.50049627,0.78954285,-0.2890465838322449,303.03917507277566,301.99326,1.045919457541288,99933.6318305376,99964.875,-31.2431694623956,31.526024968085977,31.648136,-0.12211117083003842,0.6490366970297266,0.6474273,0.0016093765493798706
2024-04-10,4.1833754,2.0432928,2.140082639151001,302.8637498180832,302.1591,0.7046616833175676,99963.54081271745,99932.13,31.40800021744508,31.075335266683403,31.210276,-0.13494038334101077,0.6521162910539737,0.65095603,0.0011602563936343735
2024-04-11,2.9720905,6.584167,-3.6120765036315916,301.43238972832273,302.0716,-0.6392045099585175,100005.9191060186,99923.42,82.49723101859854,30.62464556528083,30.742226,-0.11758008169182688,0.655195885078221,0.6546442,0.0005516938131148175
2024-04-12,8.666499,9.958147,-1.2916480489501954,301.33561722982074,301.29523,0.04039017903949116,100038.48269075548,99962.61,75.8733157554816,30.17395586387825,30.323345,-0.14938932044792352,0.6582754791024682,0.6583332,-5.7703232431705054e-05
2024-04-13,1.8899596,7.1001625,-5.2102029061035156,302.6483972081486,301.1588,1.4895837315860945,100004.38378530604,100007.58,-3.194339693960501,29.72326616247568,29.91608,-0.19281431237783409,0.6613550731267155,0.6630874,-0.0017323544894038978
2024-04-14,0.0,4.428096,-4.428095817565918,303.33048717894513,301.71378,1.616711544179509,100032.24126053456,99965.414,66.82719803455984,30.17761443701536,29.517202,0.660412059696025,0.6644346671509628,0.6653902,-0.0009555263114090495
2024-04-15,5.412884,6.667095,-1.2542111843261718,302.5053640499268,302.10468,0.4006887569580613,100013.597746992,100003.07,10.527434492003522,30.63196271155504,29.945812,0.6861504862132435,0.66751426117521,0.6685374,-0.0010231171359472713
2024-04-16,0.8764635,2.5143132,-1.6378497209777834,302.2130108865527,302.02725,0.18575868928706996,100009.6149641446,100014.7,-5.088160855404567,31.08631098609471,30.60214,0.4841705594589669,0.6705938551994572,0.67099696,-0.00040310877835647574
2024-04-17,0.2924404,3.0749729,-2.7825324679656984,301.6693939026022,301.8187,-0.14930116575715147,99924.6474976217,99997.78,-73.13375237830041,31.540659260634385,31.200788,0.3398707627095803,0.6736734492237044,0.6741295,-0.0004560368602799514
2024-04-18,2.9502435,4.17846,-1.2282166211547851,301.7800584190784,301.69846,0.08160260853151158,99806.49417026584,99915.92,-109.42770473416022,31.99500753517406,31.662828,0.3321790897394905,0.6767530432479517,0.6770799,-0.00032687275241449765
2024-04-19,1.0200382,3.6728241,-2.652785944363403,301.67371211697935,301.73544,-0.06173099825502959,99812.44067426836,99840.19,-27.74682573163591,32.44935580971374,32.18479,0.2645642447723304,0.679832637272199,0.6811156,-0.0012829900166193564
2024-04-20,0.50038654,3.5924253,-3.0920388063745117,302.2128275955995,301.51022,0.7026042069276173,99819.55315961815,99855.66,-36.103090381846414,32.90370408425341,32.5149,0.3888038767338813,0.6829122312964462,0.6823904,0.0005218394698165429
2024-04-21,4.2916703,3.7106628,0.5810074582031248,302.2585354846378,302.0212,0.23732576784090043,99887.15312474176,99844.625,42.5281247417588,33.35805235879309,32.882103,0.47594939248449464,0.6859918253206935,0.6853306,0.0006611959719385885
2024-04-22,1.4184549,3.3357382,-1.9172832820678711,303.0922997524308,301.84998,1.2423241664932902,99731.24465484932,99929.21,-197.96628265068284,33.16613475793525,33.20206,-0.035925941527644056,0.6880388961631656,0.6870726,0.0009663210708499292
2024-04-23,1.0797806,2.105511,-1.0257303500885009,302.7063028943383,302.3123,0.3940165173851824,99764.43652279188,99744.766,19.670897791875177,32.974217157077405,33.12921,-0.15499426870384525,0.6900859670056377,0.6895184,0.0005675749196086821
2024-04-24,0.5993286,1.2329723,-0.633643664289856,303.1004980862005,302.56583,0.5346716701848777,99741.63878398194,99782.766,-41.126841018063715,32.78229955621956,32.84904,-0.06674142888785894,0.6921330378481099,0.68927187,0.0028611705728718295
2024-04-25,0.0,1.666256,-1.6662559509277344,302.8142922547363,302.49896,0.3153298523925514,99735.9279123373,99796.195,-60.26740016270196,32.59038195536172,32.5728,0.01758227274453361,0.694180108690582,0.6915865,0.002593614244781217
2024-04-26,0.14153765,1.1352738,-0.993736164201355,303.1452493460108,302.40338,0.7418679983545644,99759.89413306514,99777.74,-17.84805443485675,32.398464354503886,32.490833,-0.09236892796681673,0.6962271795330541,0.6912355,0.004991696840335624
2024-04-27,0.0,2.4194152,-2.419415235519409,303.3138426234909,302.372,0.9418333461471775,99821.2786133752,99783.32,37.958300875194254,32.206546753646045,32.23159,-0.02504351735004917,0.6982742503755263,0.69277304,0.0055012062661817795
2024-04-28,0.48052797,5.25503,-4.774502185181885,303.4525088064802,302.40213,1.050378679527057,99898.3348618608,99847.11,51.22548686079972,32.0146291527882,32.010113,0.0045163903370308844,0.7003213212179984,0.6955732,0.004748110501750835
2024-04-29,1.202052,4.403939,-3.2018867702941893,302.325267550091,302.29596,0.029308077434734514,99830.05206689886,99891.39,-61.338558101138915,31.82271155193036,31.900799,-0.07808724567706093,0.7023683920604706,0.69868904,0.003679348538589533
2024-04-30,3.575704,8.478102,-4.90239773034668,302.513424614614,301.87738,0.6360442435202458,99697.4198068334,99824.57,-127.15050566660648,31.88197629768169,31.724035,0.1579410346201655,0.7044154629029428,0.7000228,0.004392646244922749
2024-05-01,0.030526696,2.67186,-2.6413332836295167,303.3890105904489,301.9207,1.4683257759957655,99710.89844953244,99687.47,23.42969953244028,31.941241043433017,31.62305,0.31819035373575133,0.7064625337454149,0.69965965,0.006802888188011336
2024-05-02,0.0,3.0638156,-3.0638155937194824,301.7106093264412,302.2479,-0.5372849606681598,99870.95291205564,99760.11,110.8435370556399,32.000505789184345,31.778135,0.22237048950172777,0.708509604587887,0.7033634,0.005146186008785469
2024-05-03,0.3408853,12.044408,-11.703522544543457,301.6324891524756,301.29242,0.340069718881864,99905.30583016854,99897.48,7.8292676685377955,32.059770534935666,31.946554,0.11321635097570493,0.7105566754303592,0.7034942,0.007062484260620394
2024-05-04,0.22720082,3.4156475,-3.188446686713867,302.4362432998252,301.74738,0.6888678115439575,99828.45097518906,99907.84,-79.39277481094177,32.119035280686994,32.04701,0.072026766282697,0.7126037462728313,0.70734173,0.005262015678196286
2024-05-05,2.8769994,5.515935,-2.638935544152832,302.1791943459432,301.932,0.24718751000568773,99901.81585246544,99850.75,51.06585246544273,32.17830002643832,32.08964,0.0886584553934,0.7146508171153034,0.711279,0.0033718421053852143
2024-05-06,0.16480891,3.4036474,-3.2388385127905273,302.67016715948404,302.28433,0.3858348840934127,99965.57316688224,99930.984,34.58879188224091,32.23756477218965,32.137894,0.09967109543183739,0.7166978879577756,0.7115139,0.005184011042797532
2024-05-07,0.03265397,2.3237486,-2.2910946185620116,301.90460409042214,302.36298,-0.45837198379661004,99856.24283642865,99956.78,-100.53841357135389,32.29682951794098,32.13142,0.16540938244293102,0.7187449588002477,0.7113539,0.007391060751846812
2024-05-08,18.013887,19.256788,-1.2429012537841793,300.8464083095513,301.4826,-0.6361966709174567,99847.89825707248,99849.14,-1.2423679275234463,31.421024653179565,32.218605,-0.7975803883243415,0.6993179161121187,0.7125989,-0.013281003756350551
2024-05-09,23.008059,22.08978,0.9182781925048822,301.31232417565536,300.63794,0.6743847225303625,99905.40579611388,99876.27,29.132358613875112,30.54521978841815,31.28652,-0.7413002158543094,0.6798908734239898,0.68723184,-0.007340965279165723
2024-05-10,5.416264,7.2522235,-1.8359594916687012,301.2094096043803,300.87466,0.334745297739687,99985.43733677005,99980.445,4.992024270046386,29.669414923656745,30.186901,-0.5174861688725514,0.6604638307358608,0.66493046,-0.004466632101358448
2024-05-11,6.9777555,13.060725,-6.082969712097168,300.58126491061034,301.26205,-0.6807895327490314,99940.45778712044,99975.61,-35.1515878795617,28.79361005889533,29.264893,-0.47128251922967124,0.6410367880477318,0.6461998,-0.005163034378110498
2024-05-12,4.811786,8.826609,-4.014822657836914,300.7841467198765,300.28943,0.4947180089390031,99858.23660175972,99883.5,-25.26339824027673,27.91780519413392,28.248974,-0.33116865230162773,0.6216097453596028,0.6263338,-0.004724027776536133
2024-05-13,9.214005,11.068161,-1.8541560107421873,299.5913887283008,300.35486,-0.7634696701367147,99948.1452084695,99830.34,117.80145846950472,27.042000329372502,27.057335,-0.01533457052984133,0.6021827026714739,0.6088137,-0.006631000388676256
2024-05-14,9.689127,13.606666,-3.9175386112670907,300.0435102593228,299.91815,0.12535840385402253,99937.23105334929,99954.2,-16.972071650714497,26.166195464611093,26.262964,-0.09676878404613376,0.5827556599833449,0.5870165,-0.0042608629010240096
2024-05-15,16.725466,15.068666,1.656799541870118,299.6720695484142,299.90485,-0.23277664299206435,99934.7798224274,99936.83,-2.0483025725989137,25.29039059984968,25.175983,0.1144071708946015,0.5633286172952159,0.5729119,-0.009583300868083677
2024-05-16,6.3628736,28.349237,-21.9863638420166,299.0670923463914,299.55563,-0.48854119853046996,99834.0185051492,99931.016,-96.99711985079921,25.39641618735908,25.194674,0.20174264915107187,0.543901574607087,0.54668915,-0.0027875781105033415
2024-05-17,13.733714,13.912261,-0.17854700921630773,299.0323119582515,299.00964,0.022668403564011896,99675.71763180716,99863.52,-187.8058056928421,25.50244177486848,24.842484,0.6599582543606672,0.524474531918958,0.5278664,-0.0033918912110774135
2024-05-18,34.04487,15.934042,18.110828023071292,298.10823850199534,298.96802,-0.8597790761296551,99578.56358303472,99731.15,-152.58485446528357,25.60846736237787,25.10893,0.49953677460931445,0.505047489230829,0.50820196,-0.003154467518133419
2024-05-19,26.307756,34.915253,-8.607496685546874,297.9345575897349,298.43668,-0.5021184356557455,99663.08222922724,99632.62,30.465041727235075,25.714492949887266,25.634874,0.07961860601519533,0.4856204465427001,0.4863542,-0.0007337554893891429
2024-05-20,33.14466,60.249344,-27.10468387207031,298.26139451655246,298.6017,-0.34032057133816807,99524.18699146908,99675.36,-151.17238353092398,25.82051853739666,26.205835,-0.385316805010568,0.4661934038545711,0.46986803,-0.003674630269803303
2024-05-21,19.21904,26.18906,-6.970020211181641,298.3817852046401,298.51367,-0.1318866703599042,99441.21975250557,99616.66,-175.43649749443284,25.92654412490605,26.3709,-0.4443550755334016,0.4467663611664421,0.4585537,-0.011787340472733332
2024-05-22,68.456696,38.960415,29.496281113525384,298.13752815869293,298.67224,-0.5347130522445696,99318.87514444768,99596.79,-277.9139180523198,26.03256971241545,26.489204,-0.45663469432282966,0.4273393184783131,0.4392026,-0.011863288199695954
2024-05-23,46.29382,50.871296,-4.5774759289550815,298.9994652469882,298.4779,0.5215599735507226,99446.13184568088,99630.06,-183.93065431911964,26.138595299924848,26.44189,-0.3032954166278863,0.4079122757901842,0.4286381,-0.020725824833900286
2024-05-24,57.322906,55.845196,1.4777102297363314,298.47386016919074,298.4825,-0.008653258543631637,99670.2553014818,99605.46,64.79436398179678,26.244620887434245,26.411648,-0.16702690919661478,0.4235735744557071,0.41649938,0.007074198158710021
2024-05-25,6.552276,26.5058,-19.953524247192384,298.84084882482864,298.64688,0.19396772131301532,99760.1983699072,99705.05,55.151494907200686,26.35064647494364,26.820057,-0.46941044033956203,0.43923487312123,0.42923447,0.010000398223845353
2024-05-26,14.115003,19.527142,-5.412138571044922,298.76640801487645,298.7971,-0.03068060817042806,99801.58567313908,99792.02,9.562235639081337,26.45667206245304,26.80666,-0.349987636033287,0.4548961717867529,0.44692495,0.007971217133966646
2024-05-27,21.111223,18.274796,2.8364274677734365,298.5215910893103,298.67575,-0.1541596431115977,99832.69337639648,99838.58,-5.884748603522894,26.56269764996243,26.809137,-0.24643969439792102,0.4705574704522758,0.46471313,0.005844344031301074
2024-05-28,43.618793,29.299118,14.319674958007809,298.58604412580974,298.1081,0.4779508640909853,99754.3446887631,99864.28,-109.93656123690016,26.668723237471827,26.878794,-0.21007047895883701,0.4862187691177987,0.47960743,0.0066113360371254926
2024-05-29,31.751196,25.627022,6.124174210449219,298.81925722858847,298.56836,0.2508978535884694,99794.92418223016,99787.53,7.392932230155566,26.774748824981224,26.847034,-0.07228562936447958,0.5018800677833216,0.49051464,0.011365431743587728
2024-05-30,19.26329,19.90057,-0.637279915771483,299.2526092692084,298.66254,0.5900726481146421,99787.8010687954,99831.56,-43.7614312046062,26.88077441249062,27.051376,-0.17060193028281745,0.5175413664488445,0.51131666,0.006224709382499305
2024-05-31,30.756618,10.101732,20.65488574597168,299.9297122457792,299.0754,0.8543033102323534,99835.31860489491,99838.266,-2.947020105086267,26.986800000000017,27.078117,-0.0913173706054522,0.5332026651143673,0.527569,0.005633669161761112
2024-06-01,32.269066,14.826856,17.44221034051514,299.6138448388492,299.60574,0.008101430646092922,99880.03474550448,99863.48,16.558183004483,27.20276178873722,27.165966,0.0367957548016733,0.5488639637798902,0.54758644,0.0012775227398511557
2024-06-02,20.327402,20.312391,0.015010718872069617,299.5102426075192,299.11478,0.395465996191092,99919.00013605432,99927.13,-8.132676445675315,27.418723577474424,27.42585,-0.0071263370763574585,0.5645252624454131,0.56293035,0.0015949169101348026
2024-06-03,1.5884107,8.780895,-7.192484533154297,299.0720166659066,299.28134,-0.20932488682780104,99999.72298353168,99910.54,89.18392103168298,27.634685366211627,27.503237,0.1314485955817446,0.580186561110936,0.5812381,-0.0010515298810378493
2024-06-04,7.8925714,10.928645,-3.0360737339721684,299.10997753507866,299.0952,0.01476269132865582,100044.9547057658,100014.23,30.728143265805556,27.85064715494883,27.765982,0.08466548075449509,0.5958478597764589,0.59795254,-0.0021046849127195344
2024-06-05,4.759408,19.259897,-14.500489232055664,298.8699680951541,298.78342,0.08655134710721768,100051.48967554272,100031.28,20.208425542718032,28.06660894368604,27.990986,0.07562307332471363,0.6115091584419818,0.6110805,0.0004286311363788098
2024-06-06,30.917236,18.17522,12.742015510498046,298.3819058000189,298.86826,-0.48634981521547616,99967.600900952,100062.65,-95.04753654799424,28.28257073242324,28.092789,0.18978203613417577,0.6271704571075047,0.623229,0.003941430313071148
2024-06-07,13.485899,24.591307,-11.105407686401367,298.1760383046065,298.39816,-0.22212453719038194,100004.570070267,99986.04,18.53100776700012,28.498532521160445,28.489302,0.009230839641890753,0.6428317557730276,0.6373806,0.005451155797441709
2024-06-08,27.40939,27.065895,0.3434949194335921,298.7655631211074,298.23895,0.526610484388641,100014.02152575478,100037.766,-23.744099245217512,28.71449430989765,28.58377,0.13072355794452406,0.6584930544385506,0.6536909,0.004802179861981948
2024-06-09,16.880587,7.49672,9.383867162811278,298.74017199857803,298.87738,-0.13720837251571538,100080.79228343064,100030.0,50.792283430637326,28.6731654153939,28.82968,-0.15651407374184245,0.6520365833378242,0.6714237,-0.019387090291936526
2024-06-10,9.609337,11.900669,-2.2913320979003906,298.7301295629301,298.60858,0.12154801996132392,100099.92587721584,100107.92,-7.995997784164501,28.63183652089015,28.83167,-0.19983424021824803,0.6455801122370979,0.66474867,-0.019168556433556416
2024-06-11,7.2637777,20.352633,-13.088854822583007,298.27012493708105,298.32675,-0.05662677190332488,100172.3270811147,100101.484,70.84270611469401,28.5905076263864,28.55408,0.03642857060026827,0.6391236411363717,0.6582058,-0.019082166072643236
2024-06-12,6.8896704,10.8393135,-3.949643107080078,299.6992689390168,298.4613,1.2379652280793039,100085.194473694,100155.055,-69.86021380599414,28.549178731882648,28.459429,0.0897499446512029,0.6326671700356453,0.6436023,-0.010935141575530216
2024-06-13,1.179356,4.0233116,-2.843955614990234,299.7179270348937,299.2983,0.41961770872183024,99965.0735352502,100067.52,-102.44990224980575,28.5078498373789,28.453096,0.05475344760839107,0.626210698934919,0.6311314,-0.004920711663835897
2024-06-14,3.0147855,3.5504725,-0.5356869979400636,299.59148886421866,299.1612,0.4302950165624111,99933.81555658544,99988.51,-54.69225591456052,28.46652094287515,28.383028,0.08349291247964175,0.6197542278341928,0.62254506,-0.002790835661443225
2024-06-15,2.541794,3.3012595,-0.7594655176696778,299.2832045093696,299.12653,0.15667863046337516,99942.62711477026,99961.15,-18.521322729735402,28.4251920483714,28.399853,0.025339295685853358,0.6132977567334664,0.61554754,-0.0022497810701834764
2024-06-16,4.5610805,4.63132,-0.07023949969482413,299.1855054532756,298.91074,0.27476936929122076,99951.36460328956,99992.96,-41.59633421043691,28.38386315386765,28.271694,0.11216897051804153,0.6068412856327401,0.6061993,0.0006419615017281277
2024-06-17,3.566578,10.93202,-7.36544218737793,298.7668027658849,299.0113,-0.24448873802134585,99989.30044692496,99997.12,-7.816740575042786,27.86776156752139,28.153877,-0.2861156907793898,0.6003848145320138,0.5994893,0.0008955428912361674
2024-06-18,13.627344,14.341376,-0.714032304626464,298.3092465130724,298.6968,-0.38756134825570143,99912.61979653836,100017.555,-104.9348909616383,27.35165998117513,27.723816,-0.3721559367936216,0.5939283434312874,0.594345,-0.0004166301328605293
2024-06-19,23.057602,19.81866,3.238941263916015,297.88521829140365,298.3725,-0.48727926719010384,99930.45810835654,99909.08,21.379983356542652,26.83555839482888,27.165478,-0.32991935785666726,0.5874718723305612,0.58876836,-0.0012964906684012067
2024-06-20,17.461575,10.368077,7.093497721862793,297.38914609680467,298.89032,-1.5011737274140842,99908.60801322416,99967.49,-58.88417427583772,26.319456808482613,26.400455,-0.08099866637090258,0.5810154012298349,0.5827997,-0.0017842718506094757
2024-06-21,18.61133,26.94501,-8.333679231567384,297.767057797129,298.03815,-0.2710891755272655,99761.86945270476,99926.99,-165.1227347952372,25.80335522213635,25.828333,-0.02497767886462654,0.5745589301291085,0.57617927,-0.0016203358468436235
2024-06-22,27.494371,29.788813,-2.2944416373291006,297.5587402451051,297.68832,-0.12958372950424746,99761.34076455254,99828.44,-67.09673544745601,25.28725363579009,25.404522,-0.11726830634858132,0.5681024590283823,0.5714181,-0.00331564752755642
2024-06-23,29.727522,37.326538,-7.5990160859374996,297.7984167812737,297.68063,0.11778323635184051,99718.96058063622,99807.69,-88.72691936377669,24.77115204944383,25.187517,-0.4163651166938642,0.561645987927656,0.5655437,-0.003897723257799357
2024-06-24,47.103344,42.215584,4.887760198730469,297.8851565583307,297.78653,0.0986270173150956,99759.83363156117,99782.3,-22.46324343883316,24.25505046309757,24.823376,-0.5683252388067253,0.5551895168269296,0.5535216,0.001667943283381046
2024-06-25,94.997925,60.109043,34.888881878662104,297.34060206999646,297.7191,-0.37848362336291075,99811.67978223322,99804.95,6.726657233215519,24.61515948941901,24.77088,-0.155720256064388,0.55938079180631,0.5566229,0.0027578693858082426
2024-06-26,49.498188,90.51937,-41.021183032714845,297.44010866048006,297.37363,0.06648195149568892,99962.15774689104,99864.2,97.95462189104,24.975268515740453,24.597363,0.37790599742990594,0.5635720667856904,0.5512806,0.012291449071762162
2024-06-27,23.641375,35.949215,-12.307839935302734,298.40500663727977,297.82864,0.5763628384516437,99919.40171260585,99998.98,-79.57484989415389,25.33537754206189,25.040787,0.29459079889782913,0.5677633417650707,0.5546029,0.013160420756006985
2024-06-28,12.102611,9.678131,2.4244798964843746,299.24925984165856,298.72787,0.5213850857991815,99951.79154282088,99905.81,45.97904282087984,25.69548656838333,25.579382,0.11610462563430701,0.5719546167444511,0.56432205,0.007632562358312223
2024-06-29,15.892412,5.5617666,10.330645375549317,298.8781558748821,298.94647,-0.06831629308663878,100034.49547680993,99979.22,55.27672680992691,26.05559559470477,26.203629,-0.14803294533429323,0.5761458917238315,0.5694686,0.006677274284561441
2024-06-30,25.218195,10.974512,14.243682899780275,298.01315825918937,298.53625,-0.5230966236231325,100033.83445064574,100078.375,-44.54054935426393,26.415704621026208,26.223886,0.19181813115804403,0.5803371667032118,0.5778623,0.0024748443727369285
2024-07-01,10.505305,23.60136,-13.096055321044922,299.5243771329839,297.96964,1.5547421232182614,99882.63034685288,100035.21,-152.58059064712143,26.77581364734765,26.612942,0.16287190540429108,0.5845284416825922,0.58421326,0.0003151848466547147
2024-07-02,7.6159225,3.401012,4.214910556182861,299.4735675316072,299.07428,0.3992877464509661,99977.51992878926,99915.54,61.98086628926103,27.13592267366909,27.245949,-0.11002611783481697,0.5887197166619725,0.5911816,-0.002461859590011106
2024-07-03,14.745557,12.483347,2.2622100609130857,299.4483485815114,299.00992,0.4384303686208,100000.04149410424,100052.03,-51.98975589576003,27.1745647895594,27.513372,-0.3388076317052473,0.5929109916413529,0.59346783,-0.0005568399702804427
2024-07-04,4.5389338,7.4499645,-2.91103072331543,298.7105961132543,299.00092,-0.2903194140894243,99908.70781775906,100002.56,-93.85468224094075,27.21320690544972,27.532698,-0.3194907721625846,0.5971022666207333,0.5978011,-0.0006988226660709085
2024-07-05,12.604792,14.969841,-2.365049003417969,298.6984731190652,298.71658,-0.01811013288789809,99871.3547671135,99921.125,-49.77023288649798,27.251849021340025,27.495007,-0.24315753993927203,0.6012935416001136,0.5988045,0.0024890677231604874
2024-07-06,14.715143,11.632878,3.0822646964721674,298.41288340156194,298.64438,-0.2314952605474332,99864.09223843527,99895.87,-31.77494906472566,27.290491137230333,27.315926,-0.025434460914198098,0.6054848165794939,0.60690546,-0.0014206437781720815
2024-07-07,21.582027,13.75993,7.822097343017578,297.0719798627217,298.32257,-1.2505909380595313,99863.0310431012,99945.73,-82.69551939879602,27.329133253120645,27.308271,0.02086184503959032,0.6096760915588744,0.6123755,-0.0026994062591187973
2024-07-08,12.48427,30.019577,-17.535307026367185,298.123176475889,297.2756,0.8475722278421358,99959.45347863564,99886.83,72.62535363563802,27.36777536901096,27.410395,-0.042619299568141145,0.6138673665382547,0.61671185,-0.0028444883964376944
2024-07-09,10.383054,9.476485,0.9065687476196285,298.0631934210779,298.2876,-0.22440423517207364,100121.01946891622,99967.48,153.54290641621628,27.40641748490127,27.512161,-0.10574376998154378,0.6180586415176351,0.61930084,-0.0012422007675211288
2024-07-10,3.2233722,37.377453,-34.1540806503418,299.6759728315803,297.83533,1.8406456831427818,99966.9124776256,100126.62,-159.7047098743933,27.44505960079158,27.530952,-0.08589285282170067,0.6222499164970154,0.6221447,0.00010521740033575533
2024-07-11,3.479198,5.228247,-1.7490491656799318,298.1664523324052,299.19275,-1.0262966910323144,99924.37739615266,99939.33,-14.950728847339633,27.264073876786227,27.62998,-0.36590621049404604,0.6118014590177142,0.62384456,-0.012043104943314842
2024-07-12,38.12918,41.152107,-3.022927238769533,297.6412768996183,297.67242,-0.031147416787973725,99966.23663797436,99941.17,25.064762974361656,27.083088152780874,27.337467,-0.2543790408226414,0.6013530015384131,0.6137151,-0.012362110670906978
2024-07-13,31.77943,35.782887,-4.003456505126952,297.8711076975585,297.94955,-0.07844674580087485,99829.8743294717,99966.02,-136.14910802830127,26.90210242877552,27.084766,-0.18266395916393208,0.5909045440591119,0.60162705,-0.01072250777117989
2024-07-14,52.27727,29.604677,22.67259279968262,297.52046770865513,297.72025,-0.1997776526729922,99853.60794331876,99881.195,-27.587369181244867,26.721116704770168,26.86755,-0.1464331914700665,0.5804560865798106,0.59168935,-0.01123326164101457
2024-07-15,123.216324,75.27122,47.945106653808594,297.46063973442523,297.31345,0.14719368950335365,99900.7548653215,99945.43,-44.67482217849465,26.54013098076481,26.634007,-0.09387551947932948,0.5700076291005095,0.57494795,-0.004940324123672624
2024-07-16,56.0543,54.466473,1.587827374267576,297.47021372213084,297.47083,-0.0006114731816637686,99992.88574711788,99980.6,12.284184617878054,26.35914525675946,26.496256,-0.13711061787432754,0.5595591716212083,0.5658961,-0.006336922224159158
2024-07-17,72.378654,54.952305,17.426349159912107,297.22041248097315,297.68808,-0.46766735301122253,100008.06744039204,99997.07,10.997127892042045,26.17815953275411,26.432194,-0.2540342233494073,0.5491107141419072,0.55747896,-0.008368250186858717
2024-07-18,31.105412,43.787304,-12.681891924560546,297.93736645303863,297.43573,0.501636472569885,99864.28752892476,99990.48,-126.18903357523959,25.997173808748755,26.06365,-0.06647632247683077,0.5386622566626059,0.54399747,-0.005335209901572546
2024-07-19,12.248399,21.977453,-9.729054231811524,298.23442771174274,297.92337,0.3110573504146146,99908.5584323396,99876.2,32.355307339603314,25.98297544570196,26.32613,-0.34315446762811774,0.5282137991833047,0.5309251,-0.002711295898024657
2024-07-20,7.6050463,10.624621,-3.019575091296387,299.1143098361849,298.2818,0.8325105197786229,99980.62447620848,100022.04,-41.41458629151748,25.96877708265517,26.099138,-0.13036117723252616,0.5177653417040036,0.5175484,0.00021695942174648764
2024-07-21,0.11780953,11.294596,-11.176786188383788,298.379396159111,298.46585,-0.08645467096710036,100143.1338048514,99998.29,144.84474235140078,25.95457871960837,26.155529,-0.20095030260842606,0.5073168842247023,0.50847834,-0.0011614592620835529
2024-07-22,7.69464,20.217836,-12.523196380004883,298.5399395554868,298.31723,0.2227093308774215,100139.9480038283,100089.695,50.252691328307264,25.940380356561576,26.201666,-0.2612855217343224,0.4968684267454011,0.49692345,-5.501990987233363e-05
2024-07-23,14.791384,10.56715,4.224233884033204,299.0839392378548,298.45007,0.6338659956672927,99940.67550608922,100059.39,-118.71511891078262,25.92618199351478,26.4111,-0.48491839405846093,0.4864199692661,0.49405748,-0.007637507254438347
2024-07-24,23.869455,10.052154,13.81730141265869,298.1084858763317,298.4859,-0.3774150025745371,99875.78567217648,99942.86,-67.07370282351621,25.911983630467983,26.480602,-0.568618633936314,0.4759715117867987,0.47500753,0.0009639777596990862
2024-07-25,31.633986,37.40607,-5.7720847092285155,298.5599852311008,297.54465,1.0153380143039499,99932.68928202995,99927.55,5.142407029954484,25.89778526742119,26.375195,-0.4774092821393552,0.4655230543074976,0.46651566,-0.0009926059784521324
2024-07-26,7.8577433,17.903471,-10.045727693041993,299.4027875404345,298.2746,1.128190372465724,99905.01608193829,99976.695,-71.67923056171276,25.8835869043744,26.250658,-0.36707113090391985,0.4550745968281964,0.46268576,-0.007611167007710584
2024-07-27,15.53343,6.306307,9.227123161010741,298.3642325932654,298.93097,-0.5667366450158511,99810.1536579831,99882.24,-72.08852951689914,25.8693885413276,26.259775,-0.3903866204155655,0.4630801691481722,0.4579911,0.00508907575103168
2024-07-28,55.851254,32.294113,23.55714084082031,297.7695323003144,297.76535,0.004181958517506246,99827.48201365332,99826.836,0.64607615332352,25.855190178280807,26.266085,-0.41089449273970047,0.4710857414681481,0.45760062,0.01348511809893116
2024-07-29,118.16497,85.88439,32.28057821533203,297.091293871238,297.3546,-0.26332038657449175,100046.61620060724,99919.91,126.7099506072409,25.840991815234013,26.24747,-0.40647904047887806,0.479091313788124,0.46863884,0.010452476450630077
2024-07-30,36.198036,51.68591,-15.487873271240232,297.4577591319771,297.4061,0.051661719867752254,100101.90347696868,100079.34,22.559726968684117,25.82679345218721,26.168282,-0.3414881029885706,0.4870968861080998,0.48053572,0.006561170289694662
2024-07-31,25.214489,29.69594,-4.481451017700195,297.8935227972453,298.03745,-0.14392227111409284,100113.40801571282,100081.96,31.44707821281918,25.812595089140423,26.263996,-0.4514010351271551,0.4951024584280756,0.4875702,0.0075322620379236205
2024-08-01,22.441849,20.968943,1.4729063577880872,298.12019005445416,297.37918,0.7410091462510309,100096.36382576084,100082.7,13.660700760839973,25.798396726093628,26.111153,-0.31275592283215303,0.5031080307480515,0.50226265,0.0008453788277329455
2024-08-02,10.039527,12.897072,-2.8575448383789066,298.2377540830494,298.16464,0.07311174906504903,100131.78300045224,100058.266,73.51737545224023,25.78419836304684,25.967648,-0.18344918944339383,0.5111136030680273,0.50951946,0.0015941452509496967
2024-08-03,12.829564,11.12141,1.7081536301269526,298.59247671123427,298.32593,0.26654897685926926,100101.81908085031,100087.43,14.389393350313185,25.77000000000004,26.018513,-0.24851272583003947,0.5191191753880032,0.52019835,-0.001079169796322943
2024-08-04,8.022872,5.1285343,2.894337682983398,298.4002902410053,298.55084,-0.15055204415097023,100093.72152526176,100073.44,20.28402526176069,25.96299308447943,26.116426,-0.15343338341607904,0.5271247477079791,0.5312355,-0.004110768363340456
2024-08-05,12.862617,21.155437,-8.292820469482422,298.6904766274439,298.03952,0.6509563637720248,99974.61042563518,100108.57,-133.95988686481724,26.15598616895882,26.063745,0.09224067030159233,0.5351303200279549,0.53509307,3.7250951416822886e-05
2024-08-06,2.1259866,7.653578,-5.52759120456543,298.5666718125874,298.30402,0.2626556993061513,100018.27085499169,99982.92,35.348979991686065,26.34897925343821,26.182848,0.1661312767536387,0.5431358923479308,0.5442763,-0.0011404047445069398
2024-08-07,11.491984,9.226191,2.265793432983399,297.71040721695675,298.21945,-0.509044687340122,100136.74012179858,100045.23,91.51355929857527,26.5419723379176,26.688381,-0.14640885715076024,0.5511414646679067,0.5499149,0.0012265681797170025
2024-08-08,3.549474,9.193379,-5.6439054021606445,299.02434664475305,298.08368,0.9406674455343023,100109.14583779416,100145.46,-36.31509970584011,26.73496542239699,26.699158,0.035807707553239254,0.5591470369878825,0.5578692,0.0012778410497721326
2024-08-09,1.1064141,7.2164016,-6.109987476995849,298.5093025888929,298.34805,0.1612496103772969,100039.76956100822,100084.445,-44.67575149178447,26.92795850687638,26.89388,0.03407766276016844,0.5671526093078584,0.5645251,0.002627481896969708
2024-08-10,4.2882905,22.970804,-18.68251371447754,298.9431354365881,297.72714,1.2159931026037043,99805.7295041025,100014.91,-209.17674589749367,27.12095159135577,27.05804,0.06291097245928512,0.5751581816278342,0.57449853,0.0006596474252584805
2024-08-11,11.153872,18.527521,-7.373649133422852,299.4059909784331,298.02365,1.382339855386249,99673.39380484438,99843.83,-170.43432015561848,27.31394467583516,27.362444,-0.0484992481150357,0.5831637539478101,0.5826339,0.000529841384486085
2024-08-12,17.793253,26.314655,-8.521402303955078,299.383425772312,298.54474,0.8386870027807731,99668.4583769435,99737.67,-69.21349805650243,27.34031163136475,27.6086,-0.2682889850903294,0.5732751316839689,0.5920906,-0.018815475005484195
2024-08-13,27.083162,23.258085,3.8250767491455093,299.06601527425335,298.56006,0.5059566805033455,99655.84236721144,99724.12,-68.27482028855593,27.36667858689433,27.495203,-0.1285244312941458,0.5633865094201277,0.57800925,-0.014622738359718501
2024-08-14,5.636304,10.649672,-5.01336755456543,299.72028071938524,298.3464,1.3738756900883686,99607.27667856296,99701.336,-94.05925893703534,27.39304554242393,27.50638,-0.11333453875282729,0.5534978871562866,0.5689641,-0.015466236569604552
2024-08-15,1.0227681,4.6754355,-3.6526674430603028,299.27918261154184,298.86954,0.40964525802621665,99600.5149402676,99741.74,-141.22724723239662,27.41941249795352,27.566309,-0.14689647726620692,0.5436092648924454,0.55945694,-0.015847679573191775
2024-08-16,18.301977,17.225311,1.0766657207031258,298.4534569678506,298.24695,0.20650872566312728,99782.67395907296,99714.27,68.40052157295577,27.44577945348311,27.532429,-0.08664928797196936,0.5337206426286043,0.5418229,-0.008102267680233588
2024-08-17,5.7588525,16.767565,-11.00871227355957,299.312294057247,298.52484,0.7874527486532656,99775.42156908322,99809.984,-34.562805916779325,27.4721464090127,27.549166,-0.07701931669530637,0.5238320203647631,0.53036696,-0.0065349368228895255
2024-08-18,2.1305752,4.267388,-2.136812666973877,298.757854675814,299.15726,-0.3994024042641513,99719.75216724332,99782.47,-62.71658275667869,27.49851336454229,27.606989,-0.108475542318061,0.5139433981009219,0.5174434,-0.003500020401885684
2024-08-19,6.4688797,16.666008,-10.19712829560547,298.2107975491253,298.67072,-0.4599177829059613,99765.85455428652,99726.69,39.16705428651767,27.52488032007188,27.623638,-0.0987578330042922,0.5040547758370808,0.50688887,-0.002834090587479743
2024-08-20,45.78202,19.798319,25.983701137084964,297.4729924264444,297.8838,-0.41079663605557926,100032.01345329596,99825.44,206.5759532959637,27.32462213078241,27.580463,-0.2558412786414195,0.4941661535732396,0.49859288,-0.0044267297752253465
2024-08-21,5.2602654,28.282469,-23.022203395776366,298.3431737399729,297.7516,0.5915868259103831,100095.46905145604,100052.61,42.85967645603523,27.124363941492938,27.405298,-0.28093429153928895,0.4842775313093984,0.48747912,-0.0032015891835368016
2024-08-22,0.3227751,5.504409,-5.181633736364746,299.1356832016144,298.828,0.3076802719269267,100155.94264676262,100106.37,49.5754592626181,26.924105752203463,27.23747,-0.31336487462759166,0.4743889090455573,0.47433344,5.547374854497633e-05
2024-08-23,2.7019098,4.2898126,-1.5879027648498534,298.2832638107393,298.951,-0.6677249587919505,100275.24863446772,100079.3,195.95175946771633,26.723847562913992,26.968582,-0.2447345904063205,0.4645002867817161,0.46825406,-0.0037537727714302416
2024-08-24,9.521527,11.111071,-1.5895436329345696,298.59910006270354,298.43692,0.16217989668791688,100202.49366519792,100188.14,14.353040197922383,26.52358937362452,26.62946,-0.10587000747899467,0.4546116645178749,0.46393776,-0.009326094881539182
2024-08-25,1.4502214,10.21063,-8.760409016870117,298.51530998666533,298.27234,0.24297111947782923,100140.24993408586,100113.74,26.50774658586306,26.323331184335046,26.451273,-0.1279417801424927,0.4447230422540338,0.4577589,-0.013035861249384162
2024-08-26,4.7190137,9.364243,-4.645228853710938,298.57527249328564,297.88394,0.6913308428950131,100209.38516404468,100057.25,152.135164044681,26.12307299504557,26.312597,-0.1895242797347052,0.4348344199901927,0.45005816,-0.015223742222179149
2024-08-27,3.0815256,10.659326,-7.57779999967041,298.2944008466902,298.18127,0.11312643262772326,100189.47950322212,100131.92,57.557628222115454,25.922814805756104,26.0704,-0.14758543228100507,0.4249457977263515,0.437911,-0.012965206101697213
2024-08-28,11.881021,12.7558155,-0.8747945059814448,297.8168914506951,298.0278,-0.2109100629767795,100084.04039522196,100133.44,-49.39710477803601,26.037648443137314,26.163837,-0.12618898972401382,0.4392303349435436,0.43811908,0.001111251300583982
2024-08-29,72.41893,18.104225,54.3147048413086,297.26213660310685,297.5026,-0.24045739103377173,100096.48996831191,100060.33,36.16184331191471,26.152482080518524,26.215267,-0.06278510087796008,0.4535148721607357,0.44024634,0.013268528548064817
2024-08-30,33.11336,30.409462,2.703898024902344,298.07732793828853,297.2701,0.8072168543041585,100033.4038613603,100102.95,-69.54926363969571,26.26731571789973,26.312017,-0.044701722896167695,0.4677994093779278,0.45833504,0.009464367378110905
2024-08-31,16.86091,18.902716,-2.041805682983398,297.39376977424604,297.7538,-0.36004492301958635,100010.77370884563,100015.23,-4.452853654365754,26.382149355280944,26.63341,-0.251260144841126,0.4820839465951199,0.4788645,0.003219455609249522
2024-09-01,22.328852,30.11314,-7.784288106201171,297.9583868725338,297.35287,0.605512116674447,100020.3036897487,99997.79,22.51462724870362,26.496982992662154,26.68031,-0.1833263029921426,0.496368483812312,0.49263164,0.003736839801768199
2024-09-02,18.069813,26.299402,-8.229589236938477,297.8605804379162,297.7448,0.1157684261974623,100174.17438014872,100006.734,167.44000514871732,26.611816630043364,26.666998,-0.05518127950253415,0.5106530210295042,0.51189953,-0.0012465098580995981
2024-09-03,11.953441,14.833331,-2.879890108093262,298.669674222093,297.9772,0.6924708529523969,100102.28511481154,100154.266,-51.98051018845581,26.72665026742457,26.716698,0.009952574553476978,0.5249375582466962,0.5233939,0.0015436292420270004
2024-09-04,1.7731497,10.009418,-8.236267833874512,299.2597585096427,298.1668,1.0929494276114724,99989.5429524916,100107.484,-117.94142250840378,26.841483904805784,26.817926,0.023557497945432715,0.5392220954638883,0.53491765,0.004304442856924218
2024-09-05,4.904067,5.964483,-1.0604157842712398,298.78911940887275,298.7174,0.07171218231025023,100051.40732323268,99981.57,69.8370107326773,27.032555248322268,26.960682,0.07187333303906485,0.5535066326810805,0.55456483,-0.0010582009599717779
2024-09-06,9.274108,7.3513327,1.922775335510254,298.7813583508838,298.45068,0.33067475713380645,100139.72830455886,100101.71,38.0173670588556,27.22362659183875,27.1082,0.11542651859656416,0.5677911698982725,0.56799674,-0.00020557044291402704
2024-09-07,16.637518,7.4703712,9.16714675366211,297.92078624303014,298.53818,-0.6173912472042389,100174.64813950696,100111.2,63.445014506956795,27.414697935355235,27.352434,0.062263777030040046,0.5820757071154646,0.5840537,-0.0019779880864091437
2024-09-08,18.561144,22.06085,-3.4997061434326184,297.40814410885,297.6448,-0.23666179935310083,100020.21145894376,100139.984,-119.77291605624487,27.60576927887172,27.513134,0.09263527618617218,0.5963602443326568,0.5919371,0.004423119603500281
2024-09-09,13.864573,19.2374,-5.372827054931641,298.0402924048957,297.61014,0.43015446544256974,100021.1907334326,100007.266,13.925108432595152,27.7968406223882,27.695772,0.10106845136769138,0.6106447815498488,0.6054566,0.005188190897382983
2024-09-10,21.744537,20.124077,1.6204601567382824,297.7604805735073,297.9787,-0.2182181569614272,100136.32868753008,100050.33,86.0005625300837,27.987911965904683,27.913248,0.07466390377089382,0.6249293187670409,0.6221797,0.0027496317438781004
2024-09-11,17.202618,13.814251,3.388367053955079,298.6097032434881,297.81506,0.7946397669256271,100129.69436217404,100170.6,-40.90720032596437,28.178983309421167,28.058544,0.1204391504856197,0.6392138559842331,0.6362991,0.0029147822880966068
2024-09-12,0.7119945,1.2919365,-0.5799420167617798,299.30984628239224,298.5847,0.7251600030953682,100065.01645365186,100101.23,-36.210108848143136,28.37005465293765,28.302828,0.06722681785464246,0.6534983932014251,0.649645,0.0038534223075652463
2024-09-13,3.6509109,3.725034,-0.07412309848937992,299.1533566851042,298.98267,0.17069066947919964,100056.93845073684,100062.93,-5.991236763162306,28.417269105050647,28.372885,0.04438435468443558,0.6516877194961452,0.6626919,-0.011004171697244658
2024-09-14,2.3343048,4.0261536,-1.691848764453125,299.02410000112,298.8274,0.19670742299501853,100065.09163458415,100081.87,-16.775552915845765,28.464483557163643,28.486069,-0.021585168422294743,0.6498770457908654,0.66314703,-0.013269986470029416
2024-09-15,0.78315866,4.5169106,-3.733751892978516,299.52950218334587,298.70688,0.8226235212364941,100091.3923034338,100074.3,17.09542843379313,28.51169800927664,28.61914,-0.107442615723361,0.6480663720855855,0.6591951,-0.011128753017411341
2024-09-16,0.27059478,1.8024886,-1.5318937854449464,299.08348632956483,299.4091,-0.3256018052007903,100022.0129859687,100081.89,-59.87763903129962,28.55891246138964,28.732288,-0.17337589920606433,0.6462556983803056,0.6527111,-0.0064553950454451225
2024-09-17,0.33080918,0.08079153,0.25001764700668333,298.9623238359138,299.26495,-0.3026297773674287,99914.32960011534,99977.66,-63.32664988466422,28.606126913502635,28.66928,-0.06315218500810715,0.6444450246750257,0.64997673,-0.0055317056716539525
2024-09-18,0.0,-0.22674981,0.22674980759620667,298.6748030318966,299.05444,-0.3796403274783984,99941.49327793028,99915.375,26.118277930276236,28.65334136561563,28.593647,0.05969436244180315,0.6426343509697459,0.64678663,-0.004152279183910146
2024-09-19,0.8742625,0.32314134,0.55112116355896,298.76521128487,299.02878,-0.2635667913018551,99964.0914600848,100009.484,-45.39291491519543,28.700555817728628,28.608948,0.09160806382237752,0.640823677264466,0.64191,-0.0010863392722466614
2024-09-20,2.9392946,0.113891035,2.8254035646816256,298.56159672013183,299.0388,-0.47719112166504374,99981.36781735286,99951.35,30.016254852860584,28.747770269841624,28.729912,0.017858465642405008,0.6390130035591861,0.640251,-0.0012379772948483136
2024-09-21,0.04223487,3.0956147,-3.053379801707153,298.2549142396168,298.73218,-0.4772634947581764,99912.9167520088,99963.94,-51.02074799120601,28.71151390460784,28.763489,-0.05197486492340886,0.6372023298539063,0.64014566,-0.0029433295928099623
2024-09-22,4.197234,1.4687861,2.728447879585266,298.1869155770528,298.38348,-0.19656830966596317,99899.7225608711,99926.76,-27.03525162889855,28.67525753937406,28.750648,-0.07539095916109773,0.6353916561486265,0.63874036,-0.0033487045882204525
2024-09-23,10.743498,15.785878,-5.042380181457519,298.1694240480651,297.87537,0.29405783712758193,99863.83059141022,99926.46,-62.63034608977614,28.63900117414028,28.619675,0.01932649152309196,0.6335809824433466,0.6354977,-0.0019167068037847512
2024-09-24,2.7599342,8.681062,-5.921127544689941,298.59695805264056,298.41528,0.18167484951555934,99858.00880361878,99886.88,-28.874008881219197,28.602744808906493,28.530396,0.07234930109399329,0.6317703087380667,0.63434213,-0.002571825260804128
2024-09-25,2.8252327,2.2032342,0.6219985042907714,299.2551522851635,298.50467,0.750483095710365,99886.16877603698,99869.91,16.262526036982308,28.56648844367271,28.478163,0.08832567816978099,0.6299596350327868,0.6301737,-0.00021404813371705966
2024-09-26,2.766733,1.8432184,0.9235145542221068,299.1880587252133,298.8601,0.3279513033382955,100003.15840779344,99914.29,88.86934529343853,28.530232078438928,28.475864,0.05436766803853743,0.628148961327507,0.62892616,-0.0007771966238480088
2024-09-27,0.48532358,2.191048,-1.7057243268756104,299.70940822780614,299.10715,0.6022610110092614,99992.82059599544,99994.65,-1.827841504564276,28.493975713205145,28.43146,0.06251628632526263,0.6263382876222271,0.6288754,-0.002537087171779251
2024-09-28,8.364577,6.559117,1.8054601596374518,299.4767701712664,299.5037,-0.026922455686701596,100017.69833146212,99988.664,29.034268962117494,28.457719347971363,28.432793,0.024926684397144072,0.6245276139169472,0.62336504,0.0011625693231361867
2024-09-29,15.571823,7.297515,8.274308084533692,299.7348786037778,299.15427,0.5806122463559404,99979.91750130538,100020.15,-40.23093619462452,28.42648345037588,28.35042,0.07606345220693456,0.626642644249549,0.62341076,0.0032318828931952037
2024-09-30,3.0122263,2.5528424,0.459383921383667,299.5170692182932,299.29758,0.21949231399634073,99949.24249764284,100010.71,-61.46843985715532,28.39524755278039,28.27646,0.118786905197382,0.6287576745821508,0.6250208,0.003736872561124205
2024-10-01,2.0908377,5.4469123,-3.3560745886657717,299.6961920108055,299.01382,0.6823675479148505,100062.37531747967,100010.38,51.99250497967296,28.364011655184903,28.25662,0.10739124808041112,0.6308727049147526,0.6322153,-0.0013426161492428035
2024-10-02,4.3150434,4.5502076,-0.23516421489868122,299.0565493467092,298.93652,0.12002590920917555,100073.48873437315,100144.03,-70.54251562684658,28.332775757589417,28.213083,0.11969249037750274,0.6329877352473543,0.6335389,-0.000551166558523386
2024-10-03,0.14153899,4.110911,-3.9693719024865723,299.0499090535637,298.8554,0.19450133871993103,100074.5699954899,100131.07,-56.500317010097206,28.30153985999393,28.276575,0.02496477149295373,0.635102765579956,0.63456964,0.0005331206519775256
2024-10-04,17.054379,4.1976366,12.856742395690919,299.17688543015004,299.04645,0.13043767624378688,100058.67796762778,100083.78,-25.103282372219837,28.270303962398444,28.263605,0.006698844600592224,0.6372177959125578,0.63846356,-0.001245760853952227
2024-10-05,6.2007823,4.6166105,1.584171772961426,298.337103540242,298.94223,-0.6051266843673488,100033.01304818508,100075.836,-42.82288931492076,28.23906806480296,28.298836,-0.059767689591570416,0.6393328262451596,0.6412734,-0.0019405530807070637
2024-10-06,10.994142,20.225061,-9.230919416625976,297.7330577566956,298.16638,-0.4333240792419133,100135.13287982282,100037.72,97.41412982282054,28.20783216720747,28.31316,-0.10532777541948235,0.6414478565777614,0.6426713,-0.0012234304820225583
2024-10-07,10.589118,17.364954,-6.775835994750977,298.3331747186888,298.5061,-0.172928796936219,100120.47830285667,100132.8,-12.318572143325582,28.176596269611984,28.211924,-0.035327329631179794,0.6435628869103631,0.64458144,-0.00101855020053776
2024-10-08,1.6309494,13.524145,-11.893195726342773,298.22626846153906,298.3134,-0.08711654822656101,99984.465531828,100131.02,-146.55790567200165,28.145360372016498,28.152884,-0.007523157646588174,0.645677917242965,0.64888674,-0.0032088229647071476
2024-10-09,19.906036,26.559526,-6.653490443481445,297.5887726436285,297.52777,0.06100164753473791,99906.01742874696,100044.055,-138.03725875304372,28.11412447442101,28.08455,0.029573616877065945,0.6477929475755667,0.6511411,-0.00334815950680023
2024-10-10,3.5774188,12.758005,-9.180586342211914,298.006712271196,297.94656,0.06014855049289736,99926.05958234493,99919.64,6.41895734492573,28.082888576825525,28.091139,-0.008250262896154936,0.6499079779081685,0.65293014,-0.003022162587131838
2024-10-11,33.885464,25.00348,8.881983088745116,297.34996111975624,297.80783,-0.45786969079063056,100009.54766315252,100004.76,4.789850652523455,28.05165267923004,28.118126,-0.0664732362973055,0.6520230082407702,0.65594816,-0.003925153838087225
2024-10-12,9.730729,14.005695,-4.274966343017578,298.11717155108954,297.953,0.16416862140204103,99996.3153210436,100056.76,-60.4424914564006,28.02041678163455,28.13294,-0.1125235107238467,0.6541380385733719,0.65678656,-0.002648522438896128
2024-10-13,9.314514,4.6186795,4.695834476531983,297.3082112861319,298.28125,-0.9730387138681067,100003.88914002397,99993.05,10.84226502396632,27.989180884039065,28.093784,-0.10460344823632539,0.6562530689059738,0.6570942,-0.0008411116779800665
2024-10-14,11.054835,11.510211,-0.4553759909057611,297.06591004656985,297.59433,-0.5284197874145207,100000.50658331552,99990.516,9.99095831552404,27.95794498644358,28.084991,-0.12704646863454627,0.6583680992385755,0.66031986,-0.0019517655113329146
2024-10-15,9.8088665,8.482462,1.3264045706787115,297.0395635473483,297.67444,-0.6348749292142202,99993.59829842875,100019.8,-26.198576571245212,28.11099213713218,28.095575,0.015416804490577363,0.6651823592400021,0.6632306,0.001951761267132257
2024-10-16,9.474884,6.3880577,3.086826291259765,298.4852365937883,297.68716,0.7980722871476473,99982.21149474756,100042.93,-60.71819275243615,28.26403928782078,28.182981,0.08105779673191194,0.6719966192414287,0.6695797,0.002416934507084245
2024-10-17,2.338765,1.9749807,0.3637842880630493,298.91983395033213,298.5701,0.34973507337900855,100016.71400952215,100042.3,-25.58286547784519,28.41708643850938,28.445763,-0.02867619576796443,0.6788108792428554,0.6774952,0.0013156976823390787
2024-10-18,3.4543786,2.7648728,0.6895058106170655,299.1168833474785,298.55988,0.557007859197256,100092.54017764072,100057.4,35.141740140723414,28.57013358919798,28.568512,0.0016216263073545178,0.685625139244282,0.6874839,-0.001858767501628611
2024-10-19,6.6041336,3.1030238,3.5011098325286865,299.4114658350211,298.81573,0.5957309717398402,100112.60178430734,100082.125,30.476784307335038,28.72318073988658,28.758015,-0.03483393906849841,0.6924393992457086,0.69370204,-0.0012626428571050896
2024-10-20,23.060713,8.596733,14.463979906738281,298.7121256862585,298.87997,-0.1678486789758722,100115.6319989914,100096.9,18.733561491404544,28.87622789057518,28.955261,-0.07903333989357009,0.6992536592471352,0.6990754,0.00017825841782004304
2024-10-21,9.791669,4.096743,5.69492589315796,299.3488172927089,298.9377,0.41110366966199763,100117.85756779004,100073.28,44.57631779003714,29.02927504126378,29.17497,-0.14569558556727458,0.7060679192485618,0.70441633,0.0016515846195029882
2024-10-22,10.365699,9.287474,1.0782253214111321,299.04922687710723,298.9543,0.0949116915603554,100086.89299468136,100109.42,-22.528880318641313,29.18232219195238,29.266148,-0.08382542157301032,0.7128821792499884,0.710398,0.002484160889850484
2024-10-23,27.237253,8.626639,18.610613633850097,298.3760834175859,298.69675,-0.32066340858597187,100101.08905301496,100116.46,-15.371884485037299,29.08533314532044,29.251143,-0.16580935651061424,0.7196964392514151,0.71792763,0.0017688045353811965
2024-10-24,4.915578,12.140961,-7.225382693359375,297.42978824349984,298.2635,-0.8337005260314072,100156.67946264063,100183.67,-26.992412359366426,28.988344098688486,29.09799,-0.1096459373222558,0.7265106992528417,0.7190735,0.007437224845645685
2024-10-25,10.881137,18.845675,-7.964537514770507,298.4434492035774,297.74908,0.6943647309211656,100103.07985033085,100164.336,-61.256087169153034,28.89135505205654,28.908205,-0.01684998029209339,0.7333249592542683,0.7236254,0.009699537730220475
2024-10-26,6.0275483,5.8106976,0.21685074445800812,298.3064354076769,298.60965,-0.3032142505262527,100011.8420140454,100111.625,-99.78298595460365,28.794366005424592,28.906141,-0.11177527570333723,0.7401392192556949,0.7306512,0.009488019438037454
2024-10-27,0.8320724,3.150448,-2.3183756838775635,299.1885230145441,298.53415,0.6543738446222278,99990.36326798504,100004.34,-13.980482014958397,28.697376958792645,28.727737,-0.030360467965167004,0.7469534792571215,0.73959875,0.007354728189006288
2024-10-28,9.696581,0.5254352,9.171145790725708,299.11422749026525,298.88678,0.22744770510900025,100048.49379004155,100032.86,15.634415041553439,28.6003879121607,28.68413,-0.08374180280512178,0.7537677392585482,0.75087166,0.002896080933352918
2024-10-29,0.40986484,-0.15430118,0.564166021435585,299.82487924999737,298.9522,0.8726697773411161,100067.2452823544,100055.734,11.510907354400842,28.50339886552875,28.557646,-0.054246932200740616,0.7605819992599748,0.75614744,0.004434555011775365
2024-10-30,0.0,0.9903806,-0.990380585193634,299.3380294065663,299.20477,0.13325645734755653,100134.33436759276,100031.53,102.80311759276083,28.406409818896805,28.46263,-0.05621949934050008,0.7673962592614014,0.7596454,0.007750856829913388
2024-10-31,8.17779,8.105698,0.07209236816406239,298.7123094231539,298.82483,-0.11251967840860289,100214.88221205315,100083.27,131.60877455315494,28.56702504048729,28.279648,0.28737721333885347,0.7661710591277879,0.7628656,0.0033054561576646435
2024-11-01,10.7849865,5.6712604,5.113726143096924,298.1742789858537,298.7523,-0.5780098325056997,100217.0510129767,100151.27,65.77757547670626,28.727640262077784,28.459509,0.268131366203761,0.7649458589941743,0.7643011,0.0006447377592805337
2024-11-02,30.065561,28.545164,1.5203968917236317,298.0251842349291,298.14563,-0.1204456478834004,100210.02606784452,100170.7,39.322942844519275,28.888255483668274,28.793827,0.09442842678350871,0.7637206588605608,0.76324826,0.00047239407097954267
2024-11-03,15.847475,18.401894,-2.554418615722657,297.755206783197,298.26105,-0.5058405800842252,100122.40313477856,100169.5,-47.09686522143602,29.048870705258764,28.966578,0.08229317535153768,0.7624954587269472,0.7627693,-0.0002738231372190203
2024-11-04,11.3574505,12.954549,-1.597098335754394,298.47859319601366,298.19202,0.28657659445116224,100156.5125864925,100115.9,40.61414899250667,29.20948592684925,29.135876,0.07361022494495373,0.7612702585933337,0.76201195,-0.000741686654316398
2024-11-05,2.3392045,1.0710402,1.2681643464965822,298.9205850190105,298.90283,0.017752987760502492,100166.26715399706,100139.42,26.84527899706154,29.370101148439744,29.27946,0.09064024145732219,0.7600450584597203,0.76137805,-0.0013329913907436097
2024-11-06,1.1405183,0.09456342,1.045954882863331,299.5518491327484,298.8111,0.740752941342123,100130.23203313995,100153.664,-23.432029360046727,29.53071637003024,29.442049,0.08866734354098327,0.7588198583261067,0.75746644,0.0013534228936725734
2024-11-07,5.9229507,2.488242,3.434708789065552,298.0877023777835,299.117,-1.0293020167477493,100139.486700719,100114.484,25.002325719004148,29.691331591620724,29.655758,0.03557368756798951,0.7575946581924932,0.7562061,0.0013885629738347172
2024-11-08,5.222502,13.604144,-8.381642096374511,299.27287786341384,298.36868,0.9041950020857143,100114.124944827,100110.86,3.2655698269954883,29.597527723288,29.710588,-0.11306073191219568,0.7563694580588797,0.7534495,0.0029199584517934918
2024-11-09,1.4662287,3.1862648,-1.7200360533416748,299.286660484546,298.96378,0.3228848497803938,100084.37057735398,100123.305,-38.93411014601588,29.50372385495527,29.725857,-0.2221329260505911,0.7551442579252661,0.7536091,0.0015351370794713937
2024-11-10,1.6637012,0.17868458,1.485016622654152,298.96355264509856,299.19617,-0.23261434708894058,100047.30217947529,100079.72,-32.41657052471419,29.40991998662254,29.477415,-0.06749509821632671,0.7539190577916526,0.75254583,0.001373224204006096
2024-11-11,2.643976,0.70651376,1.9374622375259398,298.79161738764714,299.0748,-0.2831811963372388,99971.04922249478,100064.01,-92.95859000521887,29.316116118289813,29.331387,-0.0152704478722967,0.7526938576580391,0.75242394,0.00026991556895827884
2024-11-12,1.779528,1.6730554,0.10647258961486816,299.66842087118494,298.86057,0.8078556856380601,99867.1193404218,99992.5,-125.38065957819344,29.222312249957085,29.268082,-0.04576941508197763,0.7514686575244255,0.7490444,0.00242423918946455
2024-11-13,0.92375135,5.130904,-4.207152847692871,298.59205696912096,299.282,-0.6899559703321643,100056.3688969246,99915.47,140.90014692459954,29.12850838162436,29.127132,0.0013759658528762486,0.750243457390812,0.7490033,0.0012401662607460784
2024-11-14,8.314376,19.595222,-11.280846473144532,298.8888873453251,298.35553,0.5333575601688381,100041.3487156307,100071.39,-30.04190936930536,29.03470451329163,29.070549,-0.03584449793883948,0.7490182572571984,0.7490714,-5.3161981845795125e-05
2024-11-15,4.9753795,7.630125,-2.6547455457763673,299.03706609636777,298.85834,0.17872869402401648,99965.66252340747,100024.08,-58.41560159252549,28.9409006449589,29.000368,-0.059467473327231346,0.7477930571235849,0.7480467,-0.0002536390624807705
2024-11-16,4.173022,6.6818104,-2.5087883790283207,299.7555041376796,299.072,0.6835131708827475,99954.82628926446,99992.9,-38.072148235543864,28.63012218362757,28.92142,-0.2912969600491877,0.7478716108759158,0.7458014,0.0020702216585390953
2024-11-17,7.1671476,4.460278,2.7068695657897948,299.5350469675671,299.30862,0.2264226999889729,100011.01829819166,100005.35,5.666735691658687,28.31934372229624,28.523947,-0.20460303978872219,0.7479501646282467,0.7469838,0.0009663384678157971
2024-11-18,0.13225828,1.9848577,-1.852599398413391,299.52697839632623,299.23383,0.29315271273247845,100064.08006656216,100056.65,7.431629062164575,28.008565260964907,28.104765,-0.09619967738958479,0.7480287183805776,0.7469477,0.0010810126348805849
2024-11-19,6.7426505,2.0713744,4.6712760836486815,297.34940263918065,299.15463,-1.8052299291787222,100049.22273666176,100046.195,3.0274241617589723,27.697786799633576,27.750866,-0.05307913664572084,0.7481072721329085,0.74718374,0.000923531993900939
2024-11-20,0.0357759,2.7242708,-2.688494920617676,298.9519481718547,298.39047,0.561475759745349,100078.42039096307,100022.59,55.82664096307417,27.387008338302245,27.461739,-0.07473024812353657,0.7481858258852394,0.7476866,0.0004992013582618693
2024-11-21,0.06552947,0.29842573,-0.23289626404312133,299.07715067087935,299.19354,-0.11639180958940187,100061.01638362906,100074.86,-13.842991370940581,27.07622987697092,27.305752,-0.22952192356618895,0.7482643796375703,0.7476979,0.0005664898327302215
2024-11-22,0.58415735,1.0468693,-0.46271192795410154,299.33524068563463,299.09537,0.2398732539940056,100108.15804781878,100054.875,53.28304781878251,26.765451415639586,26.913382,-0.14793016089850042,0.7483429333899012,0.74807,0.0002729317877283588
2024-11-23,0.0,-0.12394234,0.12394233793020248,299.5220863226731,299.21698,0.30510634220433985,100060.0035807292,100066.58,-6.574544270799379,26.45467295430825,26.55526,-0.10058675028159314,0.7484214871422321,0.7475793,0.0008422105804950508
2024-11-24,0.24030532,0.37097928,-0.13067395927970887,298.819924226044,299.06836,-0.24843514895599128,99993.39795561644,100021.625,-28.227044383558678,26.69103403411308,26.59266,0.09837313018241645,0.7485000408945631,0.74745065,0.0010493911562513558
2024-11-25,0.039171703,0.9279801,-0.8888084219504089,297.4455287473423,299.13315,-1.687619446017095,99939.08202538056,99974.05,-34.96484961944225,26.92739511391791,26.996109,-0.06871389487115209,0.748578594646894,0.74786997,0.0007086262325873838
2024-11-26,1.4386389,7.1241093,-5.685470368188477,297.55162899183784,297.9204,-0.36878116441215525,99840.99707224945,99976.11,-135.11230275055277,27.16375619372274,27.37459,-0.210833726321205,0.7486571483992249,0.7479098,0.0007473640822083238
2024-11-27,0.056951348,5.116864,-5.059912856406738,298.96283475497785,298.018,0.9448293838840982,99809.92082131268,99872.016,-62.094803687316016,27.40011727352757,27.512691,-0.11257422427516417,0.7487357021515558,0.7479652,0.0007704855148981116
2024-11-28,0.0,1.6862571,-1.6862571239471436,299.3642691231531,299.20154,0.16273103721562165,99804.3211341672,99853.45,-49.13199083280051,27.6364783533324,27.796604,-0.16012580316174052,0.7488142559038867,0.74816847,0.0006457874285449305
2024-11-29,0.28945544,1.3465934,-1.0571379399743652,299.08853862554724,298.7865,0.302039602109744,99789.23913602102,99815.125,-25.885863978983252,27.87283943313723,27.998783,-0.12594367843503562,0.7488928096562176,0.74796456,0.0009282486706524429
2024-11-30,6.0238314,2.3234339,3.700397523962402,298.2402845628704,298.30838,-0.0680955640827392,99703.94160088163,99804.47,-100.52714911836665,28.10920051294206,28.215693,-0.10649200719954166,0.7489713634085485,0.7472523,0.0017190779280492618
2024-12-01,57.391167,12.629755,44.7614119798584,297.45359686622123,297.549,-0.09541436424751737,99793.62013426772,99732.805,60.81544676772319,28.34556159274689,28.402067,-0.05650559170135239,0.7490499171608794,0.74575645,0.003293469845663366
2024-12-02,39.588398,35.76894,3.81945802807617,298.3266425372919,297.3047,1.0219550372918889,99955.0295541926,99872.41,82.62330419260252,28.42675199433668,28.437052,-0.010299778734609077,0.7481009199896953,0.744601,0.003499908713450184
2024-12-03,1.0146533,4.7373447,-3.722691441821289,298.2336493633246,298.728,-0.4943474628472586,100037.65213538376,100002.445,35.20682288375974,28.507942395926463,28.50706,0.0008832986364240014,0.7471519228185111,0.7459394,0.0012125488484793223
2024-12-04,2.816891,2.6646667,0.15222434732055667,298.33659707739,298.7826,-0.4459956960474756,100102.73963322384,100057.375,45.36463322384225,28.58913279751625,28.573524,0.015608322418593445,0.7462029256473269,0.74529654,0.0009063877711977808
2024-12-05,0.79151344,4.5987945,-3.8072810202966307,299.2875710854323,298.5414,0.7461587319166938,100071.97672866473,100078.45,-6.47639633527433,28.67032319910604,28.733736,-0.06341283910196793,0.7452539284761428,0.7455959,-0.0003419439260483603
2024-12-06,1.152027,1.1076316,0.04439543585968009,299.2480606648166,298.97513,0.2729324909884667,100089.48629613638,100053.23,36.25973363638332,28.751513600695823,28.75495,-0.003435969006325479,0.7443049313049586,0.7424207,0.0018842579345972332
2024-12-07,0.78078985,1.3802848,-0.5994949362243652,299.1037945720436,299.227,-0.12319517405012448,100084.50365286497,100075.445,9.058340364965261,28.83270400228561,28.811678,0.021026069546351778,0.7433559341337744,0.7423368,0.0010191244986120784
2024-12-08,2.4714887,1.1681026,1.3033860779678346,299.047716177202,298.92413,0.12358287642075538,100057.80713072584,100071.96,-14.153806774163968,28.9138944038754,28.87312,0.0407750496273529,0.7424069369625902,0.7418212,0.0005857075047349669
2024-12-09,0.17033677,1.0352566,-0.8649198542218017,299.1787586769299,298.86844,0.3103199562267491,100016.10037134968,100069.37,-53.2668161503243,28.995084805465183,28.972776,0.022308392501315666,0.7414579397914061,0.7408288,0.0006291276690610914
2024-12-10,3.6102889,1.5646561,2.045632761579895,299.6458417509794,299.07303,0.5728131865262753,99935.9624095632,99999.195,-63.23290293679747,28.91208691484145,28.95229,-0.04020266645737891,0.7405089426202219,0.7392171,0.0012918400926035245
2024-12-11,0.73346525,0.89987254,-0.16640729142761235,297.31556173155604,299.30118,-1.9856162469595802,99901.79654683793,99983.42,-81.62532816207386,28.82908902421771,28.947643,-0.1185542558115884,0.7395599454490377,0.7380604,0.0014995306579305145
2024-12-12,30.828129,32.954357,-2.1262281472167963,297.52482926517405,297.68216,-0.1573301586540765,99974.56375594936,99896.43,78.13406844936253,28.74609113359397,28.793915,-0.04782366132790372,0.7386109482778536,0.7364611,0.0021498453153596664
2024-12-13,13.055284,19.132795,-6.077511333862304,297.93254942973664,297.8671,0.06545348247101401,100113.7800763407,100030.69,83.09257634069945,28.66309324297024,28.72287,-0.05977663007663381,0.7376619511066693,0.7373806,0.0002813272892254748
2024-12-14,2.7003326,3.8877077,-1.1873751102661134,298.2175127695008,298.4295,-0.2119916250304641,100137.30648162108,100128.85,8.45491912108264,28.580095352346497,28.672663,-0.09256738263885467,0.7367129539354852,0.73186976,0.004843196760039636
2024-12-15,0.0,0.7463318,-0.7463318109512329,298.9724149349749,298.45795,0.5144681576311427,100073.53245312403,100046.73,26.805890624033054,28.49709746172276,28.51998,-0.022882015205951234,0.7357639567643011,0.7324344,0.0033295647888982316
2024-12-16,0.0,0.2071703,-0.2071702927350998,298.88216414086486,298.7606,0.12157454125548384,100031.6094903938,100078.13,-46.52332210619352,28.414099571099023,28.433254,-0.019154670844336863,0.7348149595931168,0.7318535,0.002961474485694948
2024-12-17,0.64992344,0.7643722,-0.11444878957611082,298.41108058636433,298.71262,-0.30153538043254,100016.26262828316,100032.06,-15.799871716837515,28.331101680475285,28.265055,0.06604697771649626,0.7338659624219327,0.7291051,0.0047608474851040805
2024-12-18,0.0,1.2320898,-1.2320897579193115,298.74352302005593,298.66946,0.07405890872780674,99990.49366830871,99992.03,-1.5375816912855953,28.267061716292744,28.155716,0.11134577390993172,0.7313301449578609,0.726457,0.004873145179113303
2024-12-19,0.048319783,0.6951483,-0.6468285062036438,299.03949957287125,298.85446,0.18503790294937517,99981.98831834507,99987.36,-5.371056654927088,28.203021752110203,28.258892,-0.05587030721596875,0.7287943274937891,0.72397345,0.004820874448897783
2024-12-20,0.34067354,0.8851232,-0.5444496532640075,299.4288025872183,299.0146,0.4142151848745357,100078.75015284102,99974.49,104.25796534102119,28.138981787927666,28.195034,-0.056052239171943796,0.7262585100297173,0.72010255,0.006155961430474144
2024-12-21,0.0,0.13630083,-0.13630083203315735,298.871889277166,298.98822,-0.11633093767773062,100123.4682646535,100058.266,65.20263965349295,28.07494182374512,28.12922,-0.05427723143066032,0.7237226925656455,0.71814513,0.00557756050082614
2024-12-22,0.0,0.07302059,-0.07302059233188629,297.83341496849687,298.6309,-0.7974749240812571,100132.26455159124,100055.66,76.60830159124453,28.010901859562583,28.087751,-0.0768495289872213,0.7211868751015738,0.7167496,0.004437266584880639
2024-12-23,0.0,0.20366032,-0.20366032421588898,297.3933320078142,298.1043,-0.7109770742170554,100167.97429905612,100077.85,90.1227365561208,27.94686189538004,28.004519,-0.05765661353109408,0.7186510576375019,0.71432114,0.004329921162892547
2024-12-24,0.0,-0.2539326,0.2539325952529907,297.9742688560646,297.94742,0.026850643173986555,100264.3306332008,100185.79,78.54157070080691,27.8828219311975,27.984287,-0.10146533076538944,0.7161152401734301,0.7153763,0.0007389226723619746
2024-12-25,0.0,0.1482802,-0.14828020334243774,299.02034445894583,298.28134,0.7390029062114536,100317.6181445172,100258.016,59.602519517196924,27.81878196701496,27.968725,-0.14994323745281335,0.7135794227093584,0.7113278,0.0022516314953691108
2024-12-26,0.0,0.35413453,-0.35413452982902527,299.38886269561266,298.89816,0.4906998538157836,100364.019716197,100336.18,27.84002869699907,27.95511470077976,27.919868,0.03524623154147832,0.7110436052452865,0.71018267,0.0008609384667220832
2024-12-27,1.8547906,0.52635837,1.3284322339874268,299.7048301371206,298.95917,0.7456626566518594,100310.46211761574,100341.71,-31.248819884262048,28.09144743454456,28.065012,0.026435456395144996,0.7085077877812148,0.7083365,0.00017131526992331114
2024-12-28,0.0,0.7093505,-0.7093505263328552,299.4143066589672,299.4067,0.007598895295302555,100276.72922266142,100394.85,-118.12233983857732,28.22778016830935,28.338322,-0.11054151748166419,0.705971970317143,0.7059969,-2.490067742488833e-05
2024-12-29,0.0,0.38868654,-0.38868653774261475,299.7574099256293,298.896,0.8614138318793039,100240.39020680024,100361.16,-120.76604319976468,28.364112902074147,28.480843,-0.11672968825788388,0.7034361528530712,0.7050784,-0.0016422701701527265
2024-12-30,0.41415688,0.6848153,-0.27065840759002685,300.13324787943765,299.39474,0.738503006390772,100214.77084919784,100270.19,-55.41665080215898,28.500445635838947,28.580812,-0.08036681838468596,0.7009003353889994,0.7016791,-0.000778775138039145
2024-12-31,0.0,1.1503524,-1.1503523588180542,299.6477679866971,299.53024,0.11752506677521524,100063.05827838337,100207.99,-144.933909116633,28.636778369603743,28.73155,-0.0947718470710619,0.6983645179249276,0.698736,-0.0003714940570365144
2025-01-01,0.0,0.8509868,-0.8509867787361145,298.681670154627,299.17676,-0.49508765787300035,100143.31740769908,100102.625,40.69240769908356,28.75155874206633,29.006084,-0.25452570007234243,0.697517390386171,0.6974308,8.660091549839155e-05
2025-01-02,0.0,0.24614544,-0.24614544212818146,298.9633600125163,298.84155,0.12180727814131842,100085.6218574268,100162.055,-76.43283007320133,28.86633911452891,29.0444,-0.17806014694570038,0.6966702628474145,0.69709283,-0.00042256828738163055
2025-01-03,0.0,-0.2212415,0.22124150395393372,298.5246504049832,299.0177,-0.4930497903292803,100131.6400010166,100103.3,28.343126016596216,28.98111948699149,29.092997,-0.11187711029855052,0.6958231353086579,0.69645226,-0.0006291247087371055
2025-01-04,0.0,0.4880482,-0.4880481958389282,298.47641308896027,298.6719,-0.19549242861785388,100153.95037885087,100123.99,29.958191350873676,29.09589985945408,29.089966,0.005934039141578751,0.6949760077699013,0.6951812,-0.00020518319765849835
2025-01-05,0.0,0.6818568,-0.6818568110466003,299.05972988804115,298.48706,0.5726693411661472,100131.20289145382,100105.64,25.562266453824122,29.210680231916665,29.17369,0.036989436018227906,0.6941288802311448,0.69546366,-0.0013347771480055615
2025-01-06,0.0,0.2714742,-0.2714742124080658,299.1034621162934,299.04636,0.057105915121496764,100102.0948974228,100102.76,-0.6629150772059802,29.325460604379245,29.303423,0.022037676522799643,0.6932817526923882,0.69355404,-0.0002722910774481946
2025-01-07,0.0,0.2147723,-0.2147722989320755,299.0753662603694,299.1493,-0.07392573181812168,100085.09011486088,100114.55,-29.45676013911725,29.440240976841828,29.45444,-0.014198186366179755,0.6924346251536316,0.69229954,0.00013508034238285394
2025-01-08,0.0,0.27000043,-0.2700004279613495,299.4529039731664,298.83777,0.6151354184789284,100159.92753088048,100071.77,88.15409338047903,29.55502134930441,29.581772,-0.02675050128152634,0.691587497614875,0.6908974,0.000690092467322545
2025-01-09,0.0,0.07321456,-0.0732145607471466,300.3588689970761,299.14932,1.2095464873104902,100216.42756985374,100153.984,62.44319485373853,29.55418213856025,29.667158,-0.11297598827080435,0.6907403700761185,0.69065523,8.51386002884702e-05
2025-01-10,0.8035826,0.05738996,0.746192640307045,300.3448327439725,299.73926,0.6055749314725176,100249.55101626363,100198.17,51.379141263634665,29.55334292781609,29.646477,-0.09313381778937924,0.689893242537362,0.69125015,-0.0013569028979713016
2025-01-11,0.15142526,0.69748074,-0.5460554781629944,300.2355815549499,299.6938,0.5417949338561243,100169.84726710414,100170.58,-0.7308578958618455,29.55250371707193,29.658674,-0.106170523040376,0.6890461149986054,0.68944,-0.00039389697954406167
2025-01-12,0.0,1.3021158,-1.302115797996521,299.7681238495656,299.54126,0.22686408394059754,100076.07008341458,100141.516,-65.44554158541723,29.551664506327768,29.625235,-0.07357009755406807,0.6881989874598489,0.68902075,-0.000821765446950451
2025-01-13,0.42562276,2.708361,-2.2827381504156494,299.45210151406405,299.49265,-0.0405437496078207,100192.9712057278,100063.18,129.79151822779386,29.550825295583607,29.568985,-0.018159689767955456,0.6873518599210923,0.6871053,0.0002465618787949042
2025-01-14,0.9432463,2.7178128,-1.7745664765655518,299.62035002228686,299.59787,0.022480149239981984,100174.03004898896,100210.37,-36.337138511036756,29.54998608483945,29.59955,-0.04956416235293304,0.6865047323823357,0.68679917,-0.0002944362043952875
2025-01-15,0.0,1.7566141,-1.756614089012146,300.10114834901594,299.60107,0.5000741302659435,100163.27910564766,100178.11,-14.830269352343748,29.549146874095285,29.627829,-0.07868172392717554,0.6856576048435792,0.68472815,0.0009294592442139482
2025-01-16,0.0,-0.22690369,0.22690369188785553,299.74338226212905,299.84137,-0.09798736677720399,100001.5841305835,100151.38,-149.7986819164944,29.548307663351125,29.599743,-0.0514352260531723,0.6848104773048226,0.68435174,0.00045873503721394204
2025-01-17,0.0,-0.0003614102,0.00036141020245850086,299.5491280095454,299.58572,-0.036595867407697824,100019.01241938867,100020.97,-1.9563306113268482,29.44593205516047,29.598059,-0.15212664540105436,0.6845171688822794,0.6842806,0.0002365945605325992
2025-01-18,1.3838793,2.2221484,-0.8382691184265136,296.91815468290275,299.52805,-2.6098909713941225,100097.15575843184,100016.664,80.49169593183615,29.343556446969814,29.472502,-0.1289453077909286,0.6842238604597362,0.6842646,-4.073981721086639e-05
2025-01-19,1.5241144,4.7167664,-3.192651957421875,299.3890516953137,298.42056,0.9684889511730717,100006.8721648697,100137.57,-130.69814763030445,29.24118083877916,29.334888,-0.09370761947279149,0.683930552037193,0.68496686,-0.001036310164497678
2025-01-20,0.0,0.06222095,-0.06222094967961311,299.29167120060345,299.3579,-0.06623895564655413,99944.73465262596,100005.44,-60.70284737403563,29.138805230588503,29.221207,-0.08240143445055992,0.6836372436146498,0.6842636,-0.0006263433833360033
2025-01-21,0.0,0.45133007,-0.4513300657272339,299.2498606291941,298.95956,0.2902964202096996,100016.88257455172,99985.84,31.038824551724247,29.036429622397847,29.085764,-0.04933430887656698,0.6833439351921067,0.68350405,-0.00016010981750635978
2025-01-22,0.049344666,3.7699385,-3.7205938029331054,299.6636865363411,298.9831,0.6805932746223675,99954.30895419416,100050.734,-96.42542080584099,28.93405401420719,29.042465,-0.10841119575374591,0.6830506267695635,0.6836374,-0.0005867538304120679
2025-01-23,0.0,0.29560244,-0.2956024408340454,299.4224003806597,299.45325,-0.03084668965277615,99923.69404686608,99969.13,-45.43876563392405,28.831678406016536,28.952028,-0.12034986851959673,0.6827573183470202,0.6833624,-0.0006051060266064612
2025-01-24,0.0,-0.16317242,0.1631724238395691,299.6553758251394,299.28418,0.3711961376394015,99973.94742228116,99971.836,2.1114847811550135,28.72930279782588,28.83446,-0.10515650698368972,0.6824640099244771,0.6831229,-0.0006588633817973255
2025-01-25,0.0,-0.037596006,0.03759600594639778,299.94561081996466,299.22495,0.7206657516052815,99933.17226215028,100019.5,-86.32773784971505,28.905278274142013,28.833858,0.07141978415177874,0.6821707015019339,0.6828388,-0.000668096067340973
2025-01-26,0.0,-0.10981082,0.10981082171201706,299.3526699615509,299.48788,-0.13521455993350173,99947.75285743432,99978.91,-31.153392565684044,29.081253750458146,28.990774,0.09047959579505971,0.6818773930793907,0.682405,-0.0005276018852089503
2025-01-27,0.0,-0.14239453,0.1423945277929306,298.7219037829662,299.28357,-0.5616655529713057,100100.18900751484,99979.0,121.18900751484034,29.25722922677428,29.27796,-0.02073059683411671,0.6815840846568475,0.6823496,-0.0007655375927557717
2025-01-28,0.0,0.105949774,-0.1059497743844986,299.229908987312,298.96765,0.26225762012450105,100113.29618316553,100143.875,-30.5788168344734,29.43320470309041,29.470604,-0.03739923978068305,0.6812907762343043,0.6817938,-0.0005030327027684134
2025-01-29,0.0,-0.020084744,0.020084744319319725,300.35470983594894,299.1894,1.1653177461051882,100025.36269618118,100065.44,-40.0748038188176,29.609180179406543,29.647951,-0.03877094669208958,0.6809974678117612,0.6817429,-0.000745438758673389
2025-01-30,0.0,0.7515039,-0.7515038847923279,300.10054017076243,299.8517,0.24882508287180372,100039.10611949822,100026.125,12.981119498217595,29.78515565572268,29.808245,-0.023089049477516,0.680704159389218,0.6815617,-0.0008575490610993608
2025-01-31,0.078633726,2.3973489,-2.318715154767822,300.0939329926649,299.97128,0.12265003368054295,100098.50464932495,100074.555,23.94996182495379,29.96113113203881,29.987703,-0.026572191325449523,0.6804108509666748,0.68160576,-0.0011949053161316447
2025-02-01,0.7036784,0.37614873,0.3275296694835663,300.48496538366976,299.94424,0.5407209989041348,100077.992974596,100168.24,-90.2492129040038,30.13710660835494,30.157372,-0.020264912641152932,0.6801175425441316,0.6814177,-0.0013001610844084466
2025-02-02,0.0,0.4868495,-0.48684948682785034,300.0886485258796,300.38342,-0.2947743256829085,100174.36174086618,100086.12,88.24455336618121,30.14484856508209,30.246206,-0.10135771848724673,0.6796383994260261,0.67942184,0.00021655732779002346
2025-02-03,0.0,0.010660926,-0.010660925880074501,300.4237173213196,299.94836,0.47535306350710016,100119.31271106616,100208.3,-88.98416393384105,30.15259052180923,30.348598,-0.19600795841537888,0.6791592563079206,0.6795096,-0.0003503238274248366
2025-02-04,0.0,0.28815,-0.28815001249313354,300.0223199571751,299.93713,0.08518616811261381,100036.42962851182,100125.805,-89.37505898818199,30.16033247853637,30.295025,-0.13469239328980365,0.6786801131898151,0.67849004,0.000190070503352735
2025-02-05,0.0,-0.063213184,0.06321318447589874,299.7172449953153,299.72357,-0.006326782028452271,100025.81511479044,100031.445,-5.630197709557251,30.16807443526352,30.257551,-0.08947675797378452,0.6782009700717097,0.6784843,-0.00028335056885431253
2025-02-06,0.0,0.26275906,-0.2627590596675873,299.77123156521293,299.93228,-0.16104992892769587,100144.2085874227,100031.59,112.61483742270502,30.175816391990665,30.245346,-0.06952967734527249,0.6777218269536042,0.6782942,-0.0005723548701263015
2025-02-07,0.0,0.021526476,-0.021526476368308067,299.78198158180703,299.80017,-0.018189316630468966,100125.95833374425,100181.11,-55.151041255754535,30.18355834871781,30.22643,-0.04287254422652609,0.6772426838354987,0.67781603,-0.0005733495278436029
2025-02-08,0.0,0.10313451,-0.10313451290130615,300.275226731959,299.91998,0.3552438218027305,100079.37082780432,100117.32,-37.94948469568044,30.191300305444955,30.260754,-0.06945332614684219,0.6767635407173932,0.6777162,-0.0009526548659503087
2025-02-09,0.0,0.05889559,-0.05889559164643288,300.1125666960772,300.1259,-0.01331831368844405,100213.11466621028,100078.414,134.70060371028376,30.1990422621721,30.246048,-0.04700571146071297,0.6762843975992878,0.67708355,-0.0007991542844096866
2025-02-10,0.0,0.26309228,-0.2630922794342041,299.7873462698095,300.11264,-0.32529411104985684,100235.55120854743,100213.62,21.934021047432907,30.362661669537538,30.293932,0.06872970847796722,0.6758052544811823,0.67553306,0.0002721982220270647
2025-02-11,0.0,0.031644747,-0.03164474666118622,299.95331455936434,300.15475,-0.20144007930753105,100209.89385749347,100236.49,-26.59833000652725,30.526281076902976,30.480652,0.04562922143422554,0.6753261113630769,0.6752495,7.659439911811283e-05
2025-02-12,0.0,-0.026769856,0.026769855991005898,299.8655504828993,300.2002,-0.334644829600677,100210.23896246076,100188.984,21.254587460760376,30.689900484268414,30.659489,0.030411806289897925,0.6748469682449714,0.67478454,6.242711490545005e-05
2025-02-13,0.0,0.05502493,-0.05502492934465408,300.02456682051354,300.14194,-0.11737043534583336,100223.85724209316,100217.38,6.474429593159584,30.85351989163385,30.803246,0.05027434720025781,0.6743678251268659,0.6738189,0.0005489388468060685
2025-02-14,0.0,0.122596875,-0.122596874833107,300.93570105934066,300.17892,0.7567764987937835,100079.46061409214,100186.445,-106.98469840786129,31.01713929899929,31.017515,-0.0003758834958276225,0.6738886820087604,0.6736668,0.00022190678216738036
2025-02-15,0.0,0.26491138,-0.26491138339042664,300.9757811198629,300.5772,0.3985716472066656,100136.67531139888,100104.59,32.081561398881604,31.180758706364728,31.171972,0.008786431584454135,0.6734095388906549,0.6733789,3.065409832703203e-05
2025-02-16,0.0,0.22531225,-0.2253122478723526,300.7020771289361,300.60968,0.09239695315483232,100242.7267915268,100162.28,80.44554152680212,31.34437811373017,31.344486,-0.00010812284209649192,0.6729303957725494,0.6731098,-0.00017943365326233973
2025-02-17,0.0,0.14159594,-0.14159594476222992,300.25608956944217,300.44482,-0.18873464930783257,100255.09474951217,100237.47,17.625999512165436,31.507997521095604,31.487867,0.0201301657489239,0.6724512526544439,0.6723513,9.995193804379632e-05
2025-02-18,0.0,0.2535798,-0.2535797953605652,300.3641783157956,300.24066,0.12351669470183424,100136.12775307512,100231.27,-95.14568442487507,31.446148138740696,31.719574,-0.27342583586867875,0.6732330902645584,0.672096,0.0011370762417312053
2025-02-19,0.0,0.07040453,-0.0704045295715332,301.3003156991917,300.3983,0.9020307870823103,100177.71919742972,100116.266,61.45357242971659,31.38429875638579,31.70593,-0.32163195345307827,0.6740149278746728,0.6737885,0.00022643996344839934
2025-02-20,0.0,-0.008746489,0.008746488951146603,301.3051982207402,300.92258,0.38262131644330566,100273.87908456453,100166.29,107.59002206452715,31.32244937403088,31.49144,-0.16899044530505591,0.6747967654847872,0.6741364,0.0006603652620088551
2025-02-21,0.0,0.18998685,-0.18998685479164124,300.80394045511883,300.8624,-0.05845578511554095,100369.9933641528,100268.57,101.42305165280413,31.26059999167597,31.408272,-0.14767179787481055,0.6755786030949016,0.67448735,0.001091250723685766
2025-02-22,0.0,0.3768594,-0.3768593966960907,301.49704342115416,300.79688,0.7001684211541601,100282.33830747478,100237.984,44.353932474783505,31.198750609321067,31.420687,-0.2219361124806909,0.6763604407050161,0.6755026,0.0008578424193410594
2025-02-23,0.0,0.49188954,-0.4918895363807678,301.86048051912303,301.0915,0.7689888199042798,100256.40377689862,100248.805,7.599089398616343,31.13690122696616,31.306126,-0.16922441390298104,0.6771422783151305,0.6757277,0.00141455328613882
2025-02-24,0.0,0.4988294,-0.4988293945789337,301.77623796698015,301.3619,0.4143300079957726,100309.39116041311,100246.46,62.93022291311354,31.07505184461125,31.212149,-0.13709682177058724,0.6779241159252449,0.6774062,0.0005179240993782308
2025-02-25,0.0,0.12146695,-0.12146694958209991,302.1501629759821,301.5184,0.6317608763727094,100222.28366299804,100232.99,-10.708524501955253,31.013202462256345,31.133171,-0.11996861928662383,0.6787059535353593,0.6784251,0.00028087991170211435
2025-02-26,0.0,0.52996,-0.5299599766731262,302.16954519072607,301.43283,0.736714380179194,100120.1925825506,100176.04,-55.84647994939587,31.11124269592191,31.062803,0.048439427489292086,0.6794877911454738,0.6794829,4.913890987667813e-06
2025-02-27,0.0,0.23467413,-0.2346741259098053,302.55975066390306,301.55344,1.0063143846061848,100034.97368370084,100113.38,-78.40912879916141,31.20928292958748,31.144205,0.06507783620369167,0.6802696287555882,0.68006897,0.00020065902902566268
2025-02-28,0.19945359,0.39180169,-0.1923480950948334,302.45575947262284,301.21,1.2457680175447194,99962.26142181348,100057.24,-94.98076568651595,31.30732316325304,31.244297,0.06302613566515092,0.6810514663657026,0.68108326,-3.17956010027487e-05
2025-03-01,0.47382617,0.83160055,-0.35777437683685304,300.6599042101224,300.97464,-0.31473568245570505,100031.17891877546,100024.39,6.78829377546208,31.4053633969186,31.375631,0.029732064521137858,0.6818333039758171,0.6813826,0.0004507074830497615
2025-03-02,0.9187099,2.2977202,-1.379010293862915,301.6926029653328,300.4745,1.21811566064531,100034.4303523936,100077.695,-43.26496010640403,31.503403630584167,31.490446,0.012957539885924518,0.6826151415859315,0.681983,0.0006321475063416626
2025-03-03,0.73893327,7.707988,-6.969054515339355,301.99583381660165,301.28278,0.713057937695396,100016.59503371191,100028.85,-12.256528788086143,31.60144386424973,31.678839,-0.07739486560866737,0.6833969791960459,0.6824942,0.0009027560782175481
2025-03-04,0.09344476,5.0528393,-4.959394519174805,301.66900631188923,301.58923,0.07977291345173398,100101.07015995248,100015.016,86.05453495247639,31.69948409791529,31.805138,-0.10565353636205543,0.6841788168061603,0.6827631,0.0014157171357501719
2025-03-05,0.68235487,0.2058468,0.4765080685998153,301.5427415471537,301.56506,-0.022321929408803953,100107.80479866778,100099.016,8.78917366778478,31.79752433158086,31.798666,-0.0011416687853511576,0.6849606544162747,0.6848032,0.00015746656913728785
2025-03-06,0.0,0.93277144,-0.9327714443206787,301.41950014322805,301.39633,0.023168356118674183,100030.79438728362,100049.91,-19.111862716381438,31.64205386275478,31.938152,-0.2960984504776434,0.6869323279994641,0.68504465,0.0018876817363415732
2025-03-07,1.2113578,0.12576613,1.0855916716983796,300.8526490877879,301.15775,-0.3050962735402436,99921.01651123136,100007.48,-86.46005126864475,31.486583393928697,31.822836,-0.33625252831251373,0.6889040015826535,0.68549633,0.003407671321423056
2025-03-08,0.09875561,2.8325026,-2.733746993530884,302.16504166226275,300.6455,1.5195338497627517,99929.69891694184,99967.25,-37.551083058162476,31.331112925102616,31.473467,-0.1423539480663294,0.6908756751658428,0.6887404,0.0021353025080669275
2025-03-09,0.0,1.0894881,-1.08948814868927,302.1458878600265,301.67313,0.4727616393233802,99982.69798839162,99992.516,-9.817636608378962,31.17564245627653,31.233305,-0.05766252114046111,0.6928473487490322,0.6925805,0.00026682764231222844
2025-03-10,0.0,1.4765571,-1.4765571355819702,301.25851779941866,301.57242,-0.31390041347196984,100022.77897763452,100008.84,13.935227634516195,31.020171987450453,31.204899,-0.18472684677806228,0.6948190223322216,0.6936707,0.0011483322725597267
2025-03-11,0.7912515,5.2605553,-4.469303767333985,299.886926870189,301.0966,-1.2096612645766527,100045.96685856312,100021.414,24.552796063115238,30.86470151862437,30.94676,-0.08205865898793618,0.6967906959154109,0.6957414,0.0010492808916071628
2025-03-12,8.824086,6.15666,2.6674259200439447,300.73626037892967,300.0142,0.7220697051015463,100024.51601279595,100056.68,-32.16367470404657,30.70923104979829,30.785568,-0.07633718750639673,0.6987623694986003,0.6972622,0.0015001419633524637
2025-03-13,0.27424005,0.29477248,-0.02053242595787047,301.3670523235727,300.59338,0.7736685345101932,100069.2952755106,100034.25,35.045275510594365,30.55376058097221,30.689207,-0.1354464960541577,0.7007340430817897,0.6986483,0.002085769136934923
2025-03-14,0.0,0.8261518,-0.8261517882347107,301.6770693511542,301.20444,0.4726320952948413,100128.55093274104,100072.26,56.293120241040015,30.518280097222643,30.585428,-0.06714814069239594,0.702705716664979,0.70075,0.001955723340699267
2025-03-15,0.0,0.7857774,-0.7857773900032043,300.7816687642503,301.52042,-0.7387474955153266,100165.0548294825,100107.49,57.56264198249846,30.48279961347308,30.513657,-0.030857002737857187,0.7046773902481684,0.70285815,0.0018192402428278687
2025-03-16,5.349916,14.158833,-8.808916550048828,300.3195431453991,300.54227,-0.2227237003040159,100133.69729661582,100122.62,11.08010911582096,30.44731912972351,30.53043,-0.08311071036438022,0.7066490638313577,0.70433813,0.002310930496244201
2025-03-17,8.02794,10.091322,-2.0633819451904305,300.84431824384365,300.6245,0.21980652509364518,100156.52435847862,100078.1,78.42279597862216,30.411838645973944,30.474571,-0.06273258205339971,0.7086207374145471,0.70722103,0.0013997062255822756
2025-03-18,7.674,11.93631,-4.262309814453125,301.22886480965826,300.23428,0.994581362392637,100251.81616882994,100127.5,124.31616882994422,30.376358162224378,30.464794,-0.0884359967111692,0.7105924109977365,0.7079685,0.00262393756328827
2025-03-19,3.1715968,6.837813,-3.666216100543213,301.6059792951145,300.71176,0.894217820505105,100343.42028942128,100232.4,111.02185192127945,30.34087767847481,30.426472,-0.0855940317302668,0.7125640845809258,0.71004635,0.002517733624962659
2025-03-20,0.070110425,-0.3528884,0.42299883032302854,301.7270181245251,301.5033,0.2237222260876024,100333.2619951434,100206.83,126.4338701434026,30.305397194725245,30.430384,-0.1249864875257316,0.7145357581641152,0.7117881,0.002747640278525587
2025-03-21,6.2101502,7.459875,-1.2497249068115233,300.5322883794881,301.27905,-0.7467643548869205,100290.8875258609,100230.28,60.606275860904134,30.26991671097568,30.331287,-0.06137067305752453,0.7165074317473046,0.713342,0.0031654207724205463
2025-03-22,14.111916,13.056852,1.0550636593017586,300.8802290782431,300.40244,0.47779377550870095,100255.99731859114,100205.36,50.63794359113672,30.30896909467204,30.259594,0.04937513104899338,0.717545510491325,0.7141184,0.0034270894135967067
2025-03-23,2.7713313,5.755358,-2.9840269191467286,301.126390876958,300.85074,0.27565235156737344,100144.17506587895,100195.07,-50.89524662104668,30.348021478368395,30.306904,0.041117639257066685,0.7185835892353453,0.7168495,0.001734083334008596
2025-03-24,0.0,3.7789812,-3.7789812088012695,301.1120787591999,301.07535,0.03673085880927829,99990.70009453368,100102.375,-111.67490546632325,30.38707386206476,30.372751,0.014322626102845959,0.7196216679793657,0.7165442,0.0030774570685685454
2025-03-25,1.9530251,1.6731904,0.27983474469909675,300.61027668708664,300.94794,-0.33766032463211104,99949.57211407529,100014.58,-65.00601092471334,30.42612624576111,30.501083,-0.07495712826232648,0.720659746723386,0.7144564,0.006203367309781216
2025-03-26,6.414441,3.9750462,2.439394842163086,300.95437900067697,300.72375,0.23062411786446546,99910.24965364258,100037.664,-127.41440885742486,30.46517862945747,30.468061,-0.002882817686085559,0.7216978254674064,0.7128188,0.008879024064360697
2025-03-27,0.0,3.3740938,-3.374093770980835,301.5283116309571,300.9135,0.6147984473633414,99844.09248372044,99964.66,-120.56376627956342,30.504231013153827,30.531569,-0.027337514067852453,0.7227359042114266,0.7141105,0.008625410551453494
2025-03-28,0.22491089,1.5289377,-1.3040268074105834,301.74247290873444,301.33926,0.4032089927188167,99823.53553260044,99918.664,-95.12852989956446,30.543283396850185,30.608717,-0.06543356787149435,0.723773982955447,0.71394545,0.00982853455685695
2025-03-29,0.0,0.4565025,-0.4565024971961975,301.9255763282139,301.5824,0.3431788672763787,99913.15369149786,99889.58,23.5755664978642,30.582335780546543,30.626646,-0.04431026132357374,0.7248120616994673,0.7145215,0.010290534409123087
2025-03-30,0.0,1.7505043,-1.7505042552947998,301.66490006472645,301.60275,0.06214737917957791,99903.14008706305,99984.63,-81.49272543695406,30.46347612431517,30.69,-0.2265244097424457,0.7258501404434877,0.7175672,0.008282935014410575
2025-03-31,0.0,2.0455158,-2.045515775680542,300.78531667455087,301.2633,-0.4779889895116298,99870.53594381554,99907.055,-36.51874368445715,30.3446164680838,30.570234,-0.22561783062225516,0.7268882191875081,0.717537,0.009351233313332097
2025-04-01,3.875847,12.17375,-8.297902923706054,300.420649325938,300.43613,-0.015477383046402338,99999.18296131455,99873.5,125.68296131455281,30.225756811852428,30.35718,-0.13142282987120524,0.7279262979315284,0.716962,0.010964318065500578
2025-04-02,6.8719215,8.088917,-1.216995278564453,300.1166220508039,300.0746,0.04203708986642596,100164.10785680276,100028.5,135.60785680275876,30.106897155621056,30.117624,-0.010727127215858445,0.7289643766755488,0.72149444,0.007469940411510723
2025-04-03,13.26434,18.35568,-5.0913404656982415,299.89901762562374,300.04584,-0.14681977672000812,100159.02019714144,100073.305,85.71550964143535,29.988037499389684,29.985153,0.00288430114749616,0.7300024554195691,0.72286546,0.007136993116407475
2025-04-04,10.6114025,15.740125,-5.128722202453613,299.33537109013656,299.73474,-0.39937012080093837,100093.37953234644,100074.35,19.02796984644374,29.86917784315831,29.929913,-0.06073472398036017,0.7310405341635895,0.72507787,0.005962666655654925
2025-04-05,6.5992656,8.860703,-2.261437868322754,299.826398385203,299.6044,0.22199775043736736,100008.8354311408,100057.055,-48.21925635919615,29.75031818692694,29.769882,-0.019564015221497755,0.7320786129076098,0.72477096,0.007307649715623699
2025-04-06,6.620312,13.702656,-7.082343792236328,300.914955202899,299.98016,0.9347916286802729,99989.240133244,100040.484,-51.24424175599415,29.631458530695568,29.685823,-0.054364909856190025,0.7331166916516302,0.7236623,0.009454374852466363
2025-04-07,0.0,0.45700067,-0.4570006728172302,301.1094270495931,300.29312,0.816305711702455,100074.92126040776,100036.77,38.14782290776202,29.739923154123737,29.766823,-0.026899660817669258,0.7340308662805597,0.72555333,0.00847753252125183
2025-04-08,5.4870667,3.0297039,2.4573628444854734,300.28383366272624,300.7716,-0.4877727825862621,100059.6860836381,100075.68,-15.993603861905285,29.848387777551903,29.838724,0.009663641199363582,0.7349450409094892,0.7235817,0.011363369194706485
2025-04-09,1.875294,4.4552474,-2.579953402191162,299.7743947074626,300.29822,-0.5238230659749092,99964.93814399834,100015.984,-51.04623100165918,29.956852400980075,29.995642,-0.038789307393948036,0.7358592155384187,0.72707975,0.00877946643105787
2025-04-10,0.7474548,4.61696,-3.8695052486755372,299.8429834393587,299.93112,-0.08813838681317065,99953.0689037097,99961.875,-8.80609629029641,30.065317024408245,30.10358,-0.03826345044527102,0.7367733901673482,0.72959524,0.0071781462365315685
2025-04-11,7.121577,3.6754944,3.4460825675506594,299.43789210057577,300.04486,-0.6069687392679839,100028.96362272404,99972.8,56.16674772404076,30.17378164783641,30.247074,-0.07329247936085537,0.7376875647962777,0.7306098,0.007077790206739154
2025-04-12,5.4131775,2.9358382,2.4773392774963376,300.4987250517332,299.8265,0.6722174833737995,99998.95259504551,100035.67,-36.71927995448641,30.282246271264583,30.365463,-0.08321698557135448,0.7386017394252072,0.7331613,0.005440468806768517
2025-04-13,0.27830917,1.8886977,-1.6103885734158325,300.1926669989632,300.40234,-0.2096767510367954,99965.84195628983,99985.414,-19.572106210165657,30.390710894692752,30.458286,-0.0675753907076384,0.7395159140541367,0.7389611,0.0005548134758286416
2025-04-14,8.847962,1.8638867,6.984075286018372,301.1820532398337,300.38168,0.8003698902243173,99957.13852419914,99971.26,-14.119288300862536,30.49917551812092,30.456587,0.04258868035236674,0.7404300886830663,0.7347378,0.005692275210318454
2025-04-15,0.0,1.3510717,-1.3510717153549194,300.9433402368579,301.1029,-0.1595650365795791,100003.2000991706,99966.61,36.59072417060088,30.309296923135392,30.55596,-0.24666277840269402,0.7413442633119958,0.7375037,0.0038405559030907366
2025-04-16,2.7129314,2.0339763,0.6789550835479736,300.500018929501,300.84305,-0.3430291662021432,99953.5909243782,100024.664,-71.07313812180655,30.119418328149862,30.309824,-0.19040566171830164,0.7422584379409253,0.7360833,0.006175109217017805
2025-04-17,3.2256258,6.6576023,-3.431976510180664,299.89650348585843,300.4145,-0.5179862602353182,99974.10432484891,99973.56,0.5418248489149846,29.929539733164333,30.066889,-0.13734907603976865,0.7431726125698548,0.7372545,0.005918112180755664
2025-04-18,20.947283,8.438199,12.509083956726073,299.8260884627168,300.15842,-0.33232828533004977,99924.35952003465,99987.67,-63.312354965353734,29.739661138178803,29.766558,-0.0268965553026419,0.7440867871987843,0.737979,0.0061077923524403
2025-04-19,3.8172204,7.142901,-3.3256805437561034,300.981531462341,300.4609,0.5206244799191495,99946.42702851248,99919.36,27.06765351248032,29.54978254319328,29.57535,-0.025567264545976798,0.7450009618277138,0.7387356,0.006265345620591001
2025-04-20,0.0,0.9876372,-0.9876372218132019,301.16796364058007,300.69635,0.4716135429238193,100055.9497451828,99967.1,88.84818268280651,29.359903948207744,29.411552,-0.051648480991474344,0.7459151364566433,0.7402431,0.005672059178506106
2025-04-21,0.6157883,1.5768754,-0.9610871482269288,300.3833660733772,301.33975,-0.9563861238884215,100135.9689375296,100092.97,43.000187529600225,29.17002535322221,29.229551,-0.05952596208540584,0.7468293110855728,0.7392133,0.007616023255220039
2025-04-22,3.4624007,5.8135395,-2.351138805004883,299.7768014338545,300.2605,-0.4836966130205269,100027.67739330012,100075.35,-47.674169199875905,28.980146758236685,29.000542,-0.02039492877503335,0.7477434857145023,0.742243,0.005500493790216443
2025-04-23,8.2202425,7.569867,0.6503753659057612,299.95747911031617,299.97852,-0.0210365146838285,99938.16856367952,99985.37,-47.1986238204845,28.998619333391048,28.913422,0.0851977025316728,0.7443914587300102,0.74105513,0.003336327771453096
2025-04-24,5.391414,8.6311245,-3.239710496459961,300.073611243755,300.17175,-0.09814168593248951,99934.01224893933,99938.586,-4.573688560674782,29.01709190854541,28.989769,0.027322926611816456,0.7410394317455181,0.73813516,0.0029042727298626003
2025-04-25,5.7507777,7.5624514,-1.8116736626098628,300.395574872576,300.16092,0.23465568312286678,99924.04617001791,99963.53,-39.48507998208515,29.035564483699773,29.11995,-0.08438485712053989,0.737687404761026,0.7301938,0.007493610987374888
2025-04-26,4.556925,5.099937,-0.5430119621276859,299.8696237633558,300.11673,-0.24710597297234926,99962.99581412844,99921.234,41.76143912844418,29.05403705885413,29.120886,-0.06684879014489198,0.7343353777765339,0.72524095,0.009094431960493865
2025-04-27,4.204257,6.1267204,-1.9224634284667967,299.54377949995865,299.89386,-0.35008036332260417,99857.12652788186,99961.27,-104.14690961813903,29.072509634008497,29.127909,-0.05539907265654165,0.7309833507920418,0.7228246,0.008158777275196094
2025-04-28,10.564082,7.328716,3.235366198760987,300.4922380634249,299.63037,0.8618669696749066,99843.17947320566,99899.445,-56.265839294341276,29.09098220916286,29.227709,-0.1367266073654605,0.7276313238075497,0.7183317,0.009299629204583382
2025-04-29,8.799402,5.5821695,3.2172324672241217,300.2859566683149,300.07236,0.21359949058052052,99961.96448817747,99915.28,46.68323817747296,29.109454784317226,29.188192,-0.07873758323648516,0.7242792968230576,0.7155001,0.008779180474790982
2025-04-30,0.32332912,3.834515,-3.51118597475708,300.43806979810694,300.117,0.32106540357568747,99989.6708599925,99996.71,-7.04007750749588,29.127927359471585,29.186684,-0.05875629531357163,0.7209272698385656,0.71212316,0.008804114244693517
2025-05-01,0.7713119,5.896662,-5.12535033526001,300.2615748326472,299.94003,0.32154187366285214,100028.24929666132,100013.99,14.257109161320841,29.152933375395577,29.10594,0.046993510283272144,0.7175752428540735,0.71100473,0.00657050881476684
2025-05-02,16.91775,11.362396,5.555353759765627,300.2014282300849,300.12274,0.0786865308661504,99990.0966692399,100020.15,-30.051768260105746,29.17793939131957,29.18302,-0.005080246741954397,0.7142232158695814,0.71230406,0.0019191601788159929
2025-05-03,2.5455377,1.9214026,0.6241351264144899,300.91330209083884,300.32388,0.5894190341982153,99878.0894124026,100008.03,-129.94183759740554,29.20294540724356,29.191538,0.011407550187897186,0.7108711888850893,0.7097477,0.0011235168040956145
2025-05-04,11.285255,2.7498255,8.535429522399902,300.7877097225545,300.81036,-0.022654046976754216,99868.5617940788,99934.734,-66.172580921193,29.22795142316756,29.19538,0.032572165965412125,0.7075191619005972,0.70622224,0.001296925744133537
2025-05-05,1.6303442,6.7449994,-5.114655208721924,300.6241577669811,300.28748,0.3366821810436136,99924.3320412868,99927.516,-3.183583713194821,29.252957439091546,29.28024,-0.02728166613306371,0.704167134916105,0.7036164,0.0005507542245767327
2025-05-06,9.443377,5.0077085,4.435668450500488,301.10014192994106,300.39108,0.709059166269185,99897.9075812546,99942.37,-44.45960624539293,29.27796345501553,29.310131,-0.032167617982516106,0.700815107931613,0.69959366,0.0012214447159757391
2025-05-07,11.752168,3.7594995,7.992668450134277,300.5069246460633,300.90085,-0.3939237426085924,99958.61518383886,99874.41,84.20893383886141,29.302969470939527,29.401628,-0.09865902332316878,0.6974630809471208,0.6983327,-0.0008696460082929791
2025-05-08,0.03621039,1.01839,-0.9821796694711303,301.14877454264973,300.8071,0.34167615397785767,99961.11969587694,99961.81,-0.6928041230567032,29.32797548686352,29.476376,-0.14840009297046564,0.6941110539626287,0.69488096,-0.0007699084091974395
2025-05-09,0.0,1.72112,-1.721119999885559,300.6640857298051,301.255,-0.5909191530074054,100007.38901688252,99952.86,54.529641882516444,29.169343694043693,29.404234,-0.23489023845142398,0.6837364397829836,0.6901715,-0.006435040395849412
2025-05-10,0.0,0.74194705,-0.7419470548629761,300.7739160113329,301.00568,-0.23176025819833512,99942.90690151125,100005.17,-62.26497348875273,29.01071190122387,29.173151,-0.16243911501148034,0.6733618256033383,0.6810531,-0.007691276413110626
2025-05-11,1.4514884,1.0877639,0.3637244944747924,300.31276235615985,300.87753,-0.5647706028245238,99813.09754179532,99962.2,-149.10558320468408,28.85208010840405,28.998539,-0.14645886254321638,0.6629872114236932,0.6665021,-0.003514906686963526
2025-05-12,3.374866,2.7716737,0.6031923206481933,299.6297966768742,300.2487,-0.6188910672664178,99824.58074712729,99868.63,-44.052065372714424,28.69344831558422,28.875135,-0.18168710616870953,0.652612597244048,0.6538773,-0.0012647206613780604
2025-05-13,9.866348,7.346423,2.5199248508911136,300.0131722354075,300.24368,-0.23051062592060134,99859.96522960902,99840.73,19.238667109020753,28.534816522764395,28.65122,-0.11640379889087882,0.6422379830644028,0.6415082,0.0007297614381210904
2025-05-14,6.7927594,10.425046,-3.6322865671020512,300.10171072568187,300.0691,0.03261892880686901,99906.1254464319,99875.46,30.66450893190631,28.37618472994457,28.432415,-0.05623027860035279,0.6318633688847577,0.6287705,0.003092898265556032
2025-05-15,9.383796,11.204491,-1.8206946616210935,300.5662409588328,299.88766,0.6785761639109182,99871.72730933144,99910.984,-39.257065668556606,28.217552937124747,28.182087,0.03546599254466898,0.6214887547051124,0.62059176,0.0008969950234107849
2025-05-16,8.405243,3.4006112,5.0046318378143315,299.03770416994365,300.10785,-1.0701449511500982,99855.13689982318,99891.375,-36.23810017682263,28.05892114430492,28.120024,-0.06110258311207062,0.6111141405254673,0.6106625,0.0004516205936740958
2025-05-17,4.577846,14.485887,-9.908040573791503,298.6582067984631,299.34625,-0.6880456429431661,99734.62556898648,99835.71,-101.08536851352255,28.03487497231516,27.948112,0.08676248452218971,0.6007395263458222,0.60413504,-0.003395510122683687
2025-05-18,10.385096,22.500687,-12.115590645507812,297.8999297798561,298.95935,-1.0594208060813912,99667.38587460275,99763.805,-96.41881289724552,28.0108288003254,27.897705,0.1131237222003989,0.5903649121661769,0.5925873,-0.00222238002818953
2025-05-19,33.94002,24.644289,9.295730983276364,298.8339879097511,298.49075,0.3432347359229766,99742.27596818088,99660.13,82.14315568088205,27.986782628335643,27.928371,0.05841119889228352,0.5799902979865318,0.5820594,-0.0020690854058021957
2025-05-20,5.6575165,3.8308368,1.8266797270812987,298.8595503476795,299.23962,-0.38007367575801254,99853.5300705299,99732.06,121.46757052990142,27.962736456345883,27.995304,-0.032567651320132285,0.5696156838068867,0.5703444,-0.0007287046780681816
2025-05-21,5.503409,3.8363698,1.6670392471160893,299.5722910462269,298.92035,0.6519419251331442,99806.713858442,99817.29,-10.575204057997325,27.938690284356124,28.005367,-0.06667699469661059,0.5592410696272414,0.5650631,-0.005822049307389943
2025-05-22,8.898982,4.410453,4.488529157287598,298.64810782972614,299.2735,-0.6253907054301067,99719.81111703538,99777.27,-57.46232046461955,27.914644112366364,28.01575,-0.1011067726434014,0.5488664554475963,0.55197,-0.003103549587804122
2025-05-23,71.2278,33.874832,37.35296784667969,298.2059857047139,298.2352,-0.02921326989547879,99758.42254382618,99752.516,5.906918826178298,27.890597940376605,27.992142,-0.10154378325620783,0.538491841267951,0.539824,-0.0013321676736993693
2025-05-24,63.628387,47.28067,16.34771683398437,298.219755323364,298.21826,0.0014936046139837345,99913.67315190328,99783.75,129.92315190327645,27.86655176838684,27.984028,-0.11747609416198657,0.5281172270883059,0.5280449,7.23476518129651e-05
2025-05-25,96.91283,67.34502,29.567813520507812,297.82607162925893,297.9196,-0.09351455238169137,99899.70250048836,99946.96,-47.25843701163831,27.84250559639708,27.945007,-0.10250172782167155,0.521469914932093,0.52474546,-0.0032755493928581236
2025-05-26,78.042564,60.921894,17.12066992651367,298.1681464922402,297.93533,0.2328132402871006,99821.30465557006,99920.336,-99.03128192994336,27.81845942440732,27.810017,0.008442792327240767,0.5148226027758802,0.5130516,0.0017709737094129263
2025-05-27,37.286594,41.9066,-4.620006952148437,298.5799903076334,298.20953,0.370456616227159,99766.3078590684,99855.766,-89.45776593159826,27.794413252417563,27.774973,0.019440336768148825,0.5081752906196674,0.5061422,0.002033091580208146
2025-05-28,75.86025,49.8808,25.979451660156244,297.8977117594625,298.36942,-0.4717035237406435,99792.36469279898,99807.766,-15.400932201024261,27.770367080427803,27.780016,-0.009648865006766982,0.5015279784634545,0.5010126,0.0005153551533654266
2025-05-29,89.456,59.41148,30.04452005004883,297.29772877799223,298.0966,-0.7988593567733915,99917.07702658731,99841.74,75.33483908731432,27.746320908438044,27.721594,0.024727051626520336,0.4948806663072417,0.49485612,2.4547151357912078e-05
2025-05-30,39.938282,63.31316,-23.374877942626952,297.7147421134695,297.98154,-0.26679475176484857,100093.32772376302,99965.29,128.03866126302455,27.722274736448284,27.678078,0.044197038694377966,0.4882333541510288,0.48824114,-7.781923037353256e-06
2025-05-31,10.324366,24.211096,-13.886729809936524,299.27549611039007,298.35278,0.9227129072650655,100092.22686014089,100115.73,-23.499702359113144,27.698228564458525,27.696684,0.0015446807915324712,0.481586041994816,0.48455405,-0.002968010358089246
2025-06-01,3.04613,7.155369,-4.109238804931641,298.90056437439523,299.13937,-0.23880940490164448,100089.54547759648,100025.305,64.2407900964754,27.674182392468765,27.650566,0.02361629139454635,0.4749387298386032,0.47541904,-0.00048031465602571544
2025-06-02,7.4730535,8.585131,-1.1120771915283205,298.9180463797084,298.66943,0.2486127859584144,100085.04373448112,100051.8,33.246859481121646,27.408690457607705,27.719984,-0.31129359695772507,0.4682914176823903,0.47007406,-0.0017826398966502288
2025-06-03,18.560581,11.1751175,7.385463507324218,298.60436797230875,298.4487,0.15566802113687572,100109.38263488984,100048.484,60.89825988984376,27.143198522746644,27.376844,-0.23364588338128556,0.4616441055261775,0.46465126,-0.0030071512735203587
2025-06-04,9.291969,9.248555,0.04341381658935539,299.7457909807016,298.37097,1.3748193010140994,100073.05572087898,100113.13,-40.077091621016734,26.877706587885584,27.063486,-0.18577951135758042,0.4549967933699647,0.4573335,-0.0023367117836913254
2025-06-05,0.95551413,1.7639179,-0.8084037929736329,300.0020276205029,299.31488,0.6871472494091222,100104.04567774544,100025.62,78.4284902454383,26.612214653024523,26.741581,-0.12936631011024247,0.4483494812137518,0.45033818,-0.001988703619774823
2025-06-06,1.4771715,1.8347683,-0.35759679528808586,299.7552866900765,299.23526,0.5200266803108775,100125.43921230068,100108.31,17.12671230068372,26.346722718163463,26.326855,0.019868012352915798,0.441702169057539,0.45205525,-0.01035307658035467
2025-06-07,3.3372436,4.68289,-1.3456463383544923,299.1974713176128,299.48212,-0.2846453816059693,100079.31730838762,100075.625,3.6923083876172313,26.0812307833024,26.207205,-0.1259740354231873,0.4350548569013261,0.45147672,-0.01642186605437762
2025-06-08,20.402075,10.1606655,10.241409487915039,299.5931788331142,298.85693,0.7362452393642229,99905.3838590853,100034.92,-129.53801591470256,25.81573884844134,25.84316,-0.027421780831119236,0.4284075447451133,0.43469542,-0.006287877904270267
2025-06-09,2.5020661,5.440658,-2.9385919924987793,298.57043834603286,298.94016,-0.3697166832640164,99746.54830591824,99905.16,-158.6079440817557,25.55024691358028,26.010302,-0.4600546763855391,0.4217602325889005,0.42203093,-0.00027069316183192527
2025-06-10,58.00445,29.02445,28.979999697875975,297.7523827661128,298.01892,-0.2665381323246834,99708.2589508838,99807.766,-99.50667411620088,25.32773883178249,25.834917,-0.5071782366989552,0.4348809977962615,0.4275354,0.0073455831005217465
2025-06-11,32.74603,31.919676,0.8263541729736303,297.5673340241315,297.8445,-0.2771789153215991,99672.70462958008,99736.09,-63.38912041991716,25.1052307499847,25.43796,-0.33272892103580887,0.4480017630036226,0.42467585,0.023325910943304606
2025-06-12,22.08064,36.614548,-14.533907729492189,297.3893818376672,297.61005,-0.22066454905154842,99786.2718202261,99755.14,31.131195226102136,24.882722668186908,25.202505,-0.3197824435074281,0.4611225282109837,0.4438455,0.01727701772819562
2025-06-13,42.989307,52.07759,-9.088283942382816,297.24743294145566,297.5319,-0.2844579276849686,99889.44041260736,99833.13,56.307600107364124,24.66021458638912,25.19958,-0.5393646525024813,0.4742432934183447,0.46762437,0.006618927134927954
2025-06-14,74.34464,66.22571,8.118931992187498,297.4040840420389,297.55734,-0.15325848725797186,99923.68685230392,99941.01,-17.320960196084343,24.43770650459133,25.085474,-0.6477675096908975,0.4873640586257058,0.47751933,0.009844725263126464
2025-06-15,75.68978,74.12652,1.5632617504882802,297.21003995249526,297.8415,-0.631451746723485,100002.14307620827,99919.67,82.47120120827458,24.21519842279353,24.56014,-0.3449421869476801,0.5004848238330669,0.4992132,0.0012716349464244603
2025-06-16,51.30537,38.358555,12.946815159912113,297.831642019733,297.389,0.44263445137363533,100078.57771149583,100017.66,60.92146149583277,23.992690340995743,24.416056,-0.4233653383255458,0.513605589040428,0.5101782,0.003427380689292714
2025-06-17,35.437645,22.92516,12.5124855456543,298.3552601205886,297.79514,0.5601246225417071,100061.90349821615,100069.95,-8.049626783846179,23.770182259197952,23.829544,-0.059361808184860365,0.526726354247789,0.5270732,-0.0003468502695754827
2025-06-18,33.133396,17.295727,15.83766922387695,298.6753394682543,298.27243,0.4029090483324467,100075.00326964723,100035.61,39.39389464723354,23.713818168021746,23.551903,0.16191539702565194,0.5398471194551502,0.5364505,0.0033966141984973497
2025-06-19,13.927919,14.131534,-0.20361462274169995,298.8956489244296,298.2481,0.6475410142733722,100118.48085742636,100084.84,33.63710742635885,23.65745407684554,23.596525,0.06092888458479706,0.5529678846625112,0.55293816,2.9721382024172627e-05
2025-06-20,20.297815,8.556056,11.741758977355957,298.8951510156429,298.42087,0.47428309572103444,100110.8352825845,100096.43,14.405595084506785,23.601089985669333,23.693598,-0.09250780790976876,0.5660886498698723,0.5675965,-0.0015078452816474908
2025-06-21,14.4127445,9.479358,4.933386780578614,297.892686599005,298.73135,-0.8386671607606218,100118.23478603904,100059.836,58.398848539043684,23.544725894493126,23.571207,-0.0264811520156627,0.5792094150772333,0.5802441,-0.0010347088584661268
2025-06-22,61.89877,21.563354,40.3354155078125,297.90658770571656,297.8809,0.025697813138435777,100027.9640735581,100086.17,-58.207801441894844,23.48836180331692,23.251926,0.2364353811977793,0.5923301802845944,0.59060305,0.0017271267148006864
2025-06-23,13.75033,11.633972,2.11635783203125,297.7388466356867,298.20724,-0.4683982373601907,99960.50507756152,100021.87,-61.36210993847635,23.43199771214072,23.226141,0.20585673618857214,0.6054509454919554,0.60430855,0.0011423999025084175
2025-06-24,30.54729,15.584102,14.963188323059082,297.51077848902867,297.87283,-0.3620547629244584,99952.43780462552,99976.945,-24.507507874484872,23.375633620964507,23.32482,0.050814056145171094,0.6185717106993166,0.61707366,0.0014980555708375975
2025-06-25,87.38948,33.691696,53.69778383300782,297.1578005047742,297.25076,-0.09296243467895238,100003.49088576886,100023.914,-20.42317673114303,23.3192695297883,23.335096,-0.0158268294646291,0.6316924759066777,0.6276482,0.004044301143951823
2025-06-26,70.28967,42.360416,27.929253587646485,297.94118469812395,297.61093,0.3302533016395728,100052.4182253046,100037.41,15.011975304601947,23.6677128593874,23.50968,0.15803306507587678,0.6013601449824368,0.63659674,-0.035236594309707936
2025-06-27,19.361734,18.760185,0.6015487583007797,297.57914169729725,298.37668,-0.7975367694996294,100079.9339581267,100094.42,-14.48791687330231,24.01615618898649,24.041868,-0.025712020852378004,0.5710278140581959,0.61016476,-0.03913694748507801
2025-06-28,37.62897,20.893642,16.735327574462893,299.0088795541441,297.77884,1.2300404428159482,99955.56682034116,100089.2,-133.63630465883762,24.36459951858557,24.030693,0.3339064643863523,0.5406954831339551,0.57753956,-0.03684408004506101
2025-06-29,0.6747473,3.8585234,-3.1837760688354493,298.5703144997469,298.71426,-0.14394941626869695,99971.21585429677,99976.48,-5.260708203233662,24.71304284818467,24.62006,0.09298288114365505,0.5103631522097142,0.5412257,-0.0308625195584743
2025-06-30,10.246659,6.8746114,3.372047622283935,298.2238970193773,298.57312,-0.34922309781018157,100018.73442183838,100007.54,11.195359338380513,25.061486177783763,24.921541,0.13994496379450538,0.4800308212854733,0.5038566,-0.02382577804542879
2025-07-01,8.969969,11.951812,-2.981842790466308,297.2561624451088,298.11063,-0.8544637755942972,100039.65329037818,100029.43,10.22360287817719,25.409929507382856,24.930906,0.47902321160648853,0.4496984903612325,0.47065672,-0.020958232422809864
2025-07-02,29.153732,19.573986,9.579745946533205,298.0496613392106,297.77905,0.27060860483561555,100094.68570617246,100029.39,65.2950811724586,25.75837283698195,25.567377,0.19099574652784668,0.4193661594369916,0.4426004,-0.023234239818760938
2025-07-03,6.6416383,8.034296,-1.3926577357666012,298.5444883098253,298.35745,0.18703591724715807,100152.83059639926,100106.414,46.416533899260685,26.10681616658104,25.986416,0.12040030354393139,0.3890338285127507,0.42530116,-0.036267335875905915
2025-07-04,12.995006,10.068757,2.9262489428100587,298.62564213359883,298.30328,0.3223584421925807,100116.94560679526,100091.26,25.687794295256026,26.161244359888467,26.131937,0.029307332910928352,0.3587014975885099,0.39468905,-0.03598755570853296
2025-07-05,7.7085633,16.879852,-9.171288994921875,298.5047872925997,298.16522,0.33956512463095123,100078.4724745899,100065.46,13.01153708990023,26.21567255319589,26.088324,0.12734896005624208,0.328369166664269,0.37141666,-0.04304749149880166
2025-07-06,25.209173,11.186787,14.022386348388672,298.8418957852074,297.8325,1.0094067715355095,100068.4435715564,100051.93,16.513884056403185,26.27010074650332,26.261555,0.008546028485742596,0.2980368357400281,0.3515966,-0.05355975811678343
2025-07-07,13.144931,6.5021048,6.642826240783691,298.8667416699246,298.41586,0.45087863281520413,100106.54237763563,100040.84,65.69862763563287,26.32452893981074,26.409132,-0.08460306397343942,0.2677045048157873,0.35268262,-0.08497811547115425
2025-07-08,12.807724,9.769861,3.0378627786865238,298.92191557156843,298.3374,0.5845132278184337,100072.73537345564,100092.71,-19.975564044361818,26.378957133118167,26.464706,-0.08574928778027058,0.2373721738915464,0.35262045,-0.11524827875089438
2025-07-09,11.323966,11.009195,0.31477067224121136,298.9248107176932,298.2564,0.6684020262869694,99972.15986882208,100033.59,-61.43388117791619,26.4333853264256,26.417662,0.015723659555483493,0.2070398429673056,0.3501842,-0.14314435922690827
2025-07-10,11.206197,11.696781,-0.4905841584472661,298.1895537744965,298.3777,-0.18813177237848322,100000.38996744325,99977.445,22.94465494324686,26.487813519733017,26.477741,0.010072278277938551,0.1767075120430647,0.35219145,-0.17548393616860522
2025-07-11,22.149403,27.79736,-5.647956466552735,298.45404259518574,297.77438,0.6796590502638651,100045.87689912591,100040.44,5.439399125913042,26.542241713040443,26.543913,-0.001671174532798858,0.1463751811188239,0.34617403,-0.19979885037722409
2025-07-12,14.968762,17.121143,-2.1523813410644532,297.9782491384296,298.21118,-0.2329325021954105,100095.90167815206,100062.055,33.84699065206223,26.59666990634787,26.578386,0.01828359958517467,0.1705416655326459,0.34727728,-0.17673561813587216
2025-07-13,12.70995,25.43859,-12.728639096069337,297.42948889821207,297.73685,-0.30735802561605396,100121.25765895464,100087.34,33.91390895463701,26.651098099655293,26.642752,0.008346405929707146,0.1947081499464679,0.35117224,-0.15646408864186523
2025-07-14,18.002874,16.115147,1.8877273630371079,297.2956179485741,297.80173,-0.5061093463477846,99983.81179930262,100091.52,-107.71163819737558,26.70552629296272,26.687658,0.0178679830261963,0.2188746343602899,0.35182732,-0.13295268907644717
2025-07-15,13.751039,19.210243,-5.459204225097656,296.7025054024166,297.7253,-1.022805876880284,99934.4509090988,99975.26,-40.80690340120054,26.759954486270143,26.769428,-0.009473766903685288,0.2430411187741119,0.3493154,-0.10627428611785589
2025-07-16,56.93503,70.79393,-13.85890005371094,296.6488989511209,297.08417,-0.43526852934786575,99965.45647998934,99975.16,-9.69977001065854,26.81438267957757,26.755083,0.05929959547112418,0.267207603187934,0.34379262,-0.07658501413308039
2025-07-17,14.926839,46.11542,-31.188582295166015,296.82369826278205,297.1785,-0.3547990516710797,99927.93949679389,99989.41,-61.466753206113935,26.868810872885,26.911064,-0.042253275064219054,0.291374087601756,0.34658805,-0.055213957756901855
2025-07-18,41.421635,34.668533,6.7531016748046895,296.30444345956863,297.15024,-0.8457945775407438,99843.70704381065,99942.9,-99.1913936893543,26.92323906619242,26.908583,0.014656378814489557,0.315540572015578,0.34576428,-0.03022370734996155
2025-07-19,38.989677,64.67695,-25.68727154736328,296.37994537738695,296.87833,-0.4983810386286791,99804.65312585696,99937.77,-133.12031164304062,26.97766725949985,27.06299,-0.08532292909878336,0.3397070564294,0.3398701,-0.00016303882359069988
2025-07-20,23.96348,52.485275,-28.521795268554687,296.4305236730198,297.09415,-0.6636230554958047,99909.68322596898,99877.88,31.800413468983606,27.03209545280728,27.122013,-0.08991763923373597,0.3638735408432221,0.3400946,0.023778944695684867
2025-07-21,10.354004,74.507545,-64.1535414711914,296.39342299194374,296.92407,-0.5306492736812629,99988.82760543446,99981.38,7.4447929344605654,27.086523646114696,27.039772,0.0467516124232894,0.3880400252570441,0.35874492,0.029295105956964773
2025-07-22,27.59666,37.532955,-9.936295169677734,296.31955002460194,297.3079,-0.9883418211011872,99946.4778293665,100005.66,-59.17842063349963,27.14095183942212,27.023375,0.11757728192700156,0.4122065096708661,0.38813007,0.024076440891874384
2025-07-23,54.183716,22.72386,31.459856213012692,296.7104890646593,297.4141,-0.7036039529187974,99879.16164891502,99940.74,-61.580538584981696,27.195380032729545,27.29943,-0.10405081443842334,0.4363729940846881,0.41856298,0.017810015578599847
2025-07-24,46.052418,43.82238,2.230037934082034,297.1917343208432,297.0783,0.11342621537443165,99944.5835366518,99912.01,32.57572415180039,27.24980822603697,27.251461,-0.001652803015765869,0.4605394784985102,0.4380454,0.022494066196492968
2025-07-25,51.66457,47.230953,4.433616783447263,296.45063002451434,297.1149,-0.6642686571262857,100114.20179239544,99985.9,128.30335489544086,27.3042364193444,27.244753,0.0594835354332659,0.4847059629123321,0.46472192,0.019984044806252987
2025-07-26,78.07085,86.279594,-8.208744421386726,296.76223335422014,297.16162,-0.39938773952985684,100114.46325652784,100096.805,17.65856902784435,27.358664612651825,27.27785,0.08081541526413005,0.5088724473261542,0.49034053,0.01853191645380925
2025-07-27,12.9731045,12.201147,0.7719574205322264,298.9613773400056,298.3644,0.5969669396149584,100049.48651753285,100028.4,21.088080032845028,27.41309280595925,27.372824,0.04026909074928753,0.5330389317399762,0.5154576,0.017581361187150257
2025-07-28,0.6844295,3.274392,-2.5899623895721433,298.7080114939878,298.53503,0.17297731430028307,100105.17535712208,100031.66,73.5191071220761,27.13644897437526,27.484814,-0.3483647158102876,0.542303318838094,0.5434705,-0.001167183061625221
2025-07-29,3.4846554,6.086233,-2.601577739038086,298.527220244877,298.58472,-0.057496551997985534,100068.16084509106,100094.97,-26.807904908942874,26.85980514279127,27.239115,-0.379309618561269,0.551567705936212,0.5564354,-0.0048677002718263696
2025-07-30,8.998258,11.909192,-2.9109340852661134,298.37739574635515,298.18332,0.19407665455827328,100020.92665392288,100052.39,-31.463971077115275,26.58316131120728,26.817787,-0.23462585920287538,0.5608320930343298,0.5638099,-0.0029777786392541916
2025-07-31,6.656808,13.537277,-6.880469221679688,298.1948557144204,298.17325,0.02160742340475963,99995.00250197918,100001.945,-6.942810520820785,26.30651747962329,26.528885,-0.22236740807202082,0.5700964801324477,0.57164204,-0.0015455610739121273
2025-08-01,5.3871794,33.323273,-27.936093305078124,297.2238200068803,297.85217,-0.6283528446821833,99961.67388282849,100007.516,-45.84174217151303,26.029873648039302,26.25183,-0.2219554992995647,0.5793608672305656,0.5828804,-0.0035195105389046466
2025-08-02,19.308681,28.783974,-9.475292693847656,296.9361899843983,297.2128,-0.276609087867314,100057.9312304664,99970.984,86.9468554664054,25.75322981645532,25.95115,-0.19792107770971867,0.5886252543286835,0.5882653,0.000359954531625406
2025-08-03,33.69109,35.630917,-1.9398265954589817,298.55700270988325,297.1714,1.3856159911332497,99974.51978633716,100065.85,-91.33177616284229,25.476585984871328,25.822468,-0.3458818190837505,0.5978896414268013,0.5972568,0.0006328617560860117
2025-08-04,19.657959,9.246718,10.411240593322756,296.9929930985812,298.22324,-1.2302429854031516,100006.00808278914,99978.81,27.195582789136097,25.19994215328734,25.580141,-0.38019891421754437,0.6071540285249193,0.6013234,0.005830602755113379
2025-08-05,22.75687,28.513323,-5.756452830200196,298.4879065489652,296.82373,1.6641760802152135,99934.81502164192,100041.15,-106.33341585808375,25.175460271315885,25.475748,-0.30028779081790447,0.6164184156230371,0.61204934,0.004369074421254893
2025-08-06,0.8158292,0.27994865,0.5358805482093811,298.46432970681866,298.3658,0.09851549783428482,99907.5474166934,99987.875,-80.32758330659999,25.15097838934443,25.276413,-0.12543457452275675,0.625682802721155,0.6219508,0.0037319975339296096
2025-08-07,2.8746572,4.11234,-1.237682773449707,298.72894895287413,298.2557,0.4732421657647592,100025.2657946864,99938.94,86.32829468640557,25.126496507372977,25.48395,-0.3574531538819059,0.6349471898192729,0.63238525,0.0025619359130228947
2025-08-08,6.2548985,4.2376885,2.017209958587647,297.97059099266403,298.5069,-0.5363059799922212,100146.48549953187,100024.266,122.21987453187467,25.102014625401523,25.410837,-0.308822548060391,0.6442115769173907,0.6405537,0.003657864072542094
2025-08-09,5.3741465,11.230332,-5.856185874572754,298.05832553101885,298.3023,-0.24398159788739804,100138.99179876498,100116.85,22.140236264982377,25.07753274343007,25.470243,-0.39271071054942297,0.6534759640155087,0.6486441,0.004831874316717166
2025-08-10,13.683447,12.973946,0.709501382324218,297.59491374243595,298.15488,-0.5599629665484258,100168.13460086896,100071.766,96.36897586895793,25.05305086145861,25.606003,-0.5529519461585792,0.6627403511136265,0.65996945,0.0027709020703525766
2025-08-11,6.333813,19.565321,-13.23150796862793,297.21750984577085,297.91022,-0.6927074393854014,100061.92115117688,100100.68,-38.75853632311919,25.02856897948716,25.537895,-0.5093262231495572,0.6720047382117444,0.6716093,0.00039545571815313707
2025-08-12,19.58031,16.338642,3.2416678796386726,296.4806192739464,297.62326,-1.1426412241004869,100007.15825923714,100064.64,-57.482365762858535,25.004087097515708,25.485498,-0.4814113308290189,0.6812691253098623,0.67807496,0.003194169369615696
2025-08-13,21.534399,27.786,-6.251600298095703,297.2009898585932,297.30078,-0.09979139140682491,100002.664825942,99990.03,12.633575942003517,25.28250666279486,25.66836,-0.38585309367486786,0.6769681716146885,0.68526053,-0.00829236267181055
2025-08-14,28.397036,21.411985,6.985050602661133,297.2482159143746,297.45334,-0.20512270867226334,99946.51988805512,100021.93,-75.40979944488208,25.56092622807401,25.803425,-0.2424986071310684,0.6726672179195148,0.6868686,-0.014201390078379506
2025-08-15,53.587635,19.960035,33.62759967590332,297.32452366027945,297.45953,-0.13501003112679655,99801.97273871604,99973.984,-172.0116362839617,25.83934579335316,26.211166,-0.37182058848277677,0.668366264224341,0.676913,-0.00854675877065414
2025-08-16,42.50285,38.51347,3.9893803039550804,297.30261540220886,297.42612,-0.12350154115051737,99893.614444403,99867.32,26.294131903006928,26.11776535863231,26.530598,-0.4128323281352664,0.6640653105291672,0.671305,-0.007239690252845765
2025-08-17,36.427,23.935127,12.491872741699218,297.4551825293527,297.37582,0.07935855474335085,100082.18877954458,100002.18,80.00909204458003,26.396184923911463,26.526846,-0.13066100809537318,0.6597643568339935,0.66417795,-0.00441359736293645
2025-08-18,11.197037,10.400397,0.7966396992797851,298.3420933059581,298.23328,0.10881693877058751,100068.69466897123,100105.3,-36.60220602876507,26.674604489190617,26.94908,-0.27447502435918736,0.6554634031388197,0.6578015,-0.00233810576468374
2025-08-19,1.6051581,6.0489397,-4.44378160489502,298.4498331652537,298.42374,0.026096592988096745,100096.5699204194,100021.15,75.4214829193952,26.95302405446977,27.157675,-0.2046507349589426,0.6511624494436459,0.64944696,0.0017154851797298587
2025-08-20,2.7294085,1.874967,0.8544415209732055,299.17755809072725,298.70526,0.4722968602584956,100126.15599726062,100048.91,77.24974726061919,27.23144361974892,27.492811,-0.2613675832540103,0.6468614957484722,0.64288366,0.003977837339353529
2025-08-21,2.1558478,1.4325238,0.7233239533737184,298.8514228354912,299.04697,-0.19554371724319708,100095.90241993572,100100.49,-4.589767564277281,27.2790128921454,27.5911,-0.3120878006036243,0.6425605420532984,0.639766,0.0027945641938013077
2025-08-22,0.07828491,2.9938807,-2.9155958387487795,298.8370101223458,298.67236,0.1646468410958164,100107.07849278105,100061.21,45.8675552810455,27.32658216454188,27.645102,-0.318519382699332,0.6382595883581246,0.63562447,0.002635120031555971
2025-08-23,0.0,3.060702,-3.060702085494995,298.79199291201286,298.96466,-0.1726677325183914,100150.89136167723,100104.94,45.95386167723336,27.37415143693836,27.719442,-0.3452909306153522,0.6339586346629508,0.6337844,0.00017422132524325118
2025-08-24,0.0,1.2905955,-1.290595531463623,299.2378447808131,298.76678,0.47106011284432725,100005.95399327078,100099.07,-93.11631922921515,27.42172070933484,27.576555,-0.1548345427403568,0.6296576809677771,0.63006824,-0.00041056158211916216
2025-08-25,0.0,0.1108793,-0.11087930202484131,298.1419144921728,299.08542,-0.9435042089990588,100123.24160941584,100009.59,113.64785941583978,27.46928998173132,27.676907,-0.20761660396204107,0.6253567272726033,0.6260755,-0.000718778937723874
2025-08-26,16.240387,5.7712,10.469186819946287,296.8936007555065,298.1296,-1.2360073987903775,100103.8907193224,100174.82,-70.9295931775996,27.5168592541278,27.69789,-0.18103007387512804,0.6210557735774295,0.62052435,0.0005314267489687774
2025-08-27,34.95766,41.68143,-6.7237708166503936,296.7721020053938,297.313,-0.5408862758562236,100059.48451187604,100112.75,-53.265488123957766,27.56442852652428,27.701328,-0.1368997510636092,0.6167548198822558,0.61417586,0.0025789637688219402
2025-08-28,46.27926,60.890682,-14.611422220458984,297.11437962189626,296.8312,0.28317234650563705,100100.4434999488,100057.39,43.05287494880031,27.61199779892076,27.762909,-0.15091113662611377,0.612453866187082,0.60938627,0.0030676009092194256
2025-08-29,18.80029,26.073765,-7.27347480102539,297.4411666375797,297.68115,-0.23998570617027326,100216.62565303728,100097.32,119.30534053727752,27.512784108315543,27.840242,-0.3274582775487147,0.6079668073696238,0.6054356,0.0025311975521189467
2025-08-30,27.763016,26.360746,1.4022696163330082,297.5675476756087,297.59534,-0.02778923845380632,100092.76141576796,100154.414,-61.652646732036374,27.413570417710325,27.69826,-0.2846889359273703,0.6034797485521656,0.60038364,0.0030961092165332493
2025-08-31,8.62169,14.945705,-6.32401541381836,297.8084947072711,297.95206,-0.14356217749451616,99985.34520574608,100069.92,-84.57666925391823,27.314356727105103,27.585491,-0.27113445331481856,0.5989926897347074,0.5965804,0.0024123035729032294
2025-09-01,6.389462,9.581664,-3.1922020853881836,298.59043447254004,298.23752,0.3529161619931642,99954.821672515,99983.88,-29.061139985002228,27.215143036499885,27.46725,-0.2521077874747242,0.5945056309172492,0.5953135,-0.0008078585198540988
2025-09-02,0.86451,1.6494818,-0.7849717733764648,297.8677886330548,298.27573,-0.40793768530460284,99983.75814594462,99972.836,10.922208444622811,27.115929345894667,27.400593,-0.28466345806041105,0.590018572099791,0.590449,-0.0004304034632582887
2025-09-03,16.707304,7.7858825,8.921421527008057,298.1886556090923,298.1237,0.06496786495165452,100049.44229030969,100018.16,31.28604030968563,27.016715655289445,27.13797,-0.12125431541367959,0.5855315132823328,0.58257484,0.0029566689219812092
2025-09-04,18.00001,9.574644,8.425365911254882,298.3771122254809,298.21866,0.15845377821528928,100092.66123177177,100076.78,15.879981771766325,26.917501964684227,27.000044,-0.0825419043343274,0.5810444544648746,0.57869697,0.0023474882936099783
2025-09-05,9.99026,3.8208585,6.169401521453857,298.5588379341875,298.5207,0.03814701621877248,100116.95833210077,100087.95,29.00520710076671,26.81828827407901,26.867418,-0.04913001510556114,0.5765573956474164,0.57548743,0.0010699607833721814
2025-09-06,2.416376,3.3823678,-0.9659918493499755,298.7715002913532,298.48373,0.2877661604938453,100057.00790271378,100100.53,-43.52334728621645,26.84970285379557,26.962873,-0.11317060506673471,0.5720703368299582,0.5711504,0.0009199147337057845
2025-09-07,0.99345386,2.4376047,-1.4441508057562256,298.92443376172696,298.506,0.41842179883633435,99993.9589347193,100033.53,-39.57231528070406,26.88111743351213,26.820917,0.060200303995529225,0.5675832780125001,0.56490815,0.002675131154284749
2025-09-08,1.5459234,2.7595956,-1.2136722325531006,299.3770100852305,298.82538,0.551631667261745,100010.44287614147,100025.66,-15.213373858525301,26.91253201322869,26.916761,-0.004229385086738091,0.5630962191950418,0.56244075,0.0006554662119485632
2025-09-09,6.53896,2.4908729,4.048087140045166,299.26785359346525,298.93088,0.3369759079183723,100038.57531945183,100039.63,-1.057493048167089,26.94394659294525,27.087986,-0.14403939948639177,0.5586091603775837,0.5577239,0.0008852805634357308
2025-09-10,1.4550871,6.5781374,-5.123050297766113,298.6790952371826,298.8394,-0.1602907491455312,100038.13331610056,100019.78,18.352066100560478,26.975361172661813,27.130152,-0.15479057599541335,0.5541221015601254,0.5530154,0.0011066906600094573
2025-09-11,0.9353248,1.7520375,-0.816712725177002,299.13763536869857,298.62662,0.5110179370579431,99989.48997652916,100007.57,-18.08033597083704,27.00677575237837,27.148346,-0.14157019488725453,0.5496350427426673,0.55078226,-0.0011472205362939025
2025-09-12,0.0,-0.4924516,0.49245160818099976,298.6768401829522,298.87234,-0.19550478775090596,100057.1777145362,100010.86,46.318339536199346,27.03819033209493,27.14356,-0.10537007745096716,0.5451479839252091,0.5459964,-0.000848443610801608
2025-09-13,0.16645186,0.33249977,-0.16604791231025695,298.96046258394705,298.9017,0.05875970308767364,100095.83120177644,100041.336,54.49526427644014,27.069604911811496,27.177025,-0.10741992949709811,0.5406609251077509,0.543475,-0.0028140471403265144
2025-09-14,0.7088013,0.57059646,0.13820484347229,298.6357864751769,298.94583,-0.3100448236512534,100056.78870411012,100070.28,-13.492545889879693,27.22019805267228,27.159336,0.06086196258439003,0.5531780455402203,0.5392298,0.013948235302335799
2025-09-15,6.684165,6.1558647,0.5283002844238283,298.4532423142072,298.50092,-0.04767321313653383,100032.85785245938,100043.7,-10.845272540624137,27.37079119353305,27.301195,0.06959604887973114,0.5656951659726898,0.55719924,0.008495926241854801
2025-09-16,4.7945013,13.525601,-8.731100087023925,298.0171372589834,298.6315,-0.6143629851572427,100056.9214186487,100026.72,30.20266864869336,27.52138433439383,27.52225,-0.0008648874079284496,0.5782122864051592,0.57319564,0.005016650132728784
2025-09-17,27.006495,18.26766,8.73883485900879,297.93648193094333,297.6436,0.2928967258652051,100089.6328004676,100030.83,58.804675467603374,27.671977475254607,27.6376,0.034377530186247895,0.5907294068376288,0.58793217,0.0027972374002203093
2025-09-18,5.7482653,18.705572,-12.957306828295899,298.20880489759776,297.99576,0.21304684095713355,100137.09582644262,100028.01,109.08801394261536,27.822570616115385,27.837193,-0.014621919285005447,0.6032465272700982,0.6014902,0.0017563277042107472
2025-09-19,1.9523942,11.804468,-9.852073954907226,298.23225610074786,298.2264,0.005846188638486183,100076.70549996383,100098.89,-22.185125036165118,27.973163756976163,27.911118,0.062046203265225586,0.6157636477025676,0.6154815,0.0002821518453288707
2025-09-20,5.022382,3.0088737,2.0135082989044193,298.38933773524553,298.3591,0.030237393448658167,100037.17459849302,100055.62,-18.442589006983326,28.12375689783694,28.086824,0.03693248072268318,0.6282807681350371,0.6275403,0.000740477779354709
2025-09-21,12.028317,1.6058269,10.422490145294189,298.2630628780013,298.3747,-0.11163194621747152,100177.3521956398,100048.89,128.46157063980354,28.27435003869772,28.23952,0.03483091943502359,0.6407978885675065,0.63772786,0.0030700319314591606
2025-09-22,6.821242,3.424459,3.396783019439697,297.4651531050277,298.47607,-1.0109211137223042,100228.33021470756,100168.27,60.05677720755921,28.27690745785024,28.398672,-0.12176464603159687,0.653315008999976,0.650921,0.00239402187076454
2025-09-23,16.490183,10.273096,6.217086915405272,297.8229053250613,297.84906,-0.02615473353245079,100060.28505541252,100196.02,-135.73838208748202,28.279464877002752,28.418873,-0.139407956249201,0.6658321294324454,0.6649721,0.0008600029485281713
2025-09-24,7.87515,10.910565,-3.0354153762817386,297.34362110780376,298.10907,-0.7654487164149941,99998.23691495469,100065.945,-67.70839754531335,28.28202229615527,28.397848,-0.11582583311719219,0.6783492498649148,0.67559606,0.002753191496231988
2025-09-25,42.43626,24.376608,18.059652105102536,297.3893211954903,297.66605,-0.27672494708781414,100055.85572371978,100041.414,14.441661219781963,28.284579715307785,28.437609,-0.15302900356428495,0.6908663702973843,0.6864957,0.004370648957204848
2025-09-26,23.666216,13.049914,10.616301639953612,297.27853301706654,297.82855,-0.5500192290272139,100137.68687202534,100086.586,51.10093452534056,28.2871371344603,28.426788,-0.13965119561782657,0.7033834907298537,0.69792783,0.005455658126399143
2025-09-27,22.797388,14.686502,8.110885543334962,298.06441678105523,297.6889,0.37551297246147897,100095.56891392256,100126.01,-30.43889857744216,28.28969455361281,28.40374,-0.11404537558640726,0.7159006111623233,0.70760024,0.008300375223297407
2025-09-28,16.326313,15.415567,0.9107456019287099,298.60086255028267,297.9821,0.6187763686420453,100026.58658044184,100071.88,-45.29623205815733,28.29225197276533,28.39217,-0.09991797962724647,0.7284177315947927,0.7218842,0.006533540558568363
2025-09-29,1.6840594,10.4002075,-8.71614811953125,298.7576375260407,298.52994,0.22769978190007123,99933.59821214758,99971.85,-38.25335035241733,28.29480939191785,28.411804,-0.11699480730090173,0.7409348520272622,0.7301722,0.010762635135019738
2025-09-30,0.09385501,3.8032982,-3.7094432249395752,298.423825089154,298.70355,-0.2797271569397708,99929.9676605676,99931.01,-1.0401519323932007,28.470446749466863,28.344908,0.12553898884674553,0.7390280365577695,0.7355608,0.0034672617546078754
2025-10-01,1.1837734,4.8786054,-3.694831965753174,299.01816369547475,298.42432,0.5938472892247546,100084.08522101375,99961.8,122.28834601375274,28.64608410701588,28.602293,0.04379109248951352,0.7371212210882768,0.7411376,-0.004016402698649446
2025-10-02,0.6422784,3.0725453,-2.430266889993286,299.5811302303365,298.8261,0.7550193904927482,100194.01282931252,100071.43,122.58314181251626,28.82172146456489,28.705378,0.11634388582954003,0.7352144056187842,0.7343926,0.0008218222485754101
2025-10-03,6.5927253,2.0241,4.568625234768676,299.4960025682345,299.27762,0.21838416003134853,100240.77648516386,100139.305,101.47179766386398,28.99735882211391,28.875961,0.12139751840297208,0.7333075901492915,0.7326268,0.0006807943805536842
2025-10-04,12.86609,1.1861395,11.679950535621643,298.8024958108305,299.33133,-0.5288335348726037,100226.4687446588,100171.164,55.30468215880683,29.172996179662924,29.077408,0.09558834274886152,0.7314007746797988,0.72792774,0.003473030291218482
2025-10-05,8.551881,5.080947,3.4709340776977538,299.1304351221069,298.84012,0.2903167139037919,100235.92887798266,100127.43,108.4991904826602,29.34863353721194,29.243523,0.10511089316896971,0.7294939592103061,0.72339886,0.006095094941049539
2025-10-06,0.0,0.19724298,-0.19724297523498535,298.96475824694727,298.87375,0.09100946765039453,100215.5912527164,100155.52,60.06781521640369,29.52427089476096,29.424408,0.099862935776585,0.7275871437408135,0.723135,0.00445214923397752
2025-10-07,0.0,-0.04128062,0.04128061980009079,299.07860419893234,298.74448,0.3341278805729644,100179.98905349625,100140.48,39.512490996246925,29.699908252309967,29.60838,0.09152888829629546,0.7256803282713208,0.72013974,0.005540586373737777
2025-10-08,3.740757,1.866327,1.8744299526519774,299.0825735312957,299.0466,0.03597318949880446,100161.45559980354,100161.125,0.33059980353573337,29.26566385058735,29.766642,-0.5009777662339374,0.723773512801828,0.71947026,0.00430325027436218
2025-10-09,6.2281237,3.6440654,2.5840583199035647,299.1726856541213,298.97095,0.20173838849632375,100033.45508105974,100132.86,-99.40429394025705,28.831419448864736,29.171759,-0.3403392028686625,0.7218666973323353,0.71679425,0.005072444936705445
2025-10-10,12.217468,4.0391545,8.178313470428467,299.6822793313784,299.00494,0.6773354837221746,99968.2022684682,100031.836,-63.63366903179849,28.39717504714212,28.578232,-0.18105676438131724,0.7199598818628427,0.71527374,0.0046861439554329865
2025-10-11,2.557982,5.50617,-2.9481877959899903,299.27469354788406,299.36877,-0.09408086617844447,99928.78120920724,99990.22,-61.43754079275823,27.962930645419505,27.898132,0.06479832120075457,0.71805306639335,0.71385807,0.004194998404000616
2025-10-12,16.775682,10.91897,5.856711891967773,299.0437911902932,298.8257,0.21807707896505235,99886.1176982026,99973.68,-87.5619892974064,27.528686243696885,27.4172,0.11148615519590876,0.7161462509238573,0.7159742,0.0001720392310472496
2025-10-13,6.68344,5.010016,1.6734240354919434,298.83907130498534,298.95084,-0.11176487665528612,99743.02746313503,99880.58,-137.55066186496697,27.09444184197427,27.10652,-0.012077857122410052,0.7142394354543646,0.7127151,0.0015243461332281605
2025-10-14,14.302119,29.830328,-15.528208987670899,298.3692561877664,298.28937,0.07988851198513203,99704.24726024856,99783.17,-78.924614751435,26.66019744025165,26.947847,-0.2876499260813574,0.712332619984872,0.7133761,-0.0010434848468235947
2025-10-15,8.056383,10.354848,-2.2984649080200192,297.6735137644147,298.12408,-0.4505707082415711,99748.6644694891,99737.375,11.289469489100156,26.22595303852904,26.4957,-0.2697477976526024,0.7104258045153793,0.7123889,-0.001963068584901473
2025-10-16,4.1565256,14.499311,-10.342785847143555,298.22721830808945,297.92856,0.2986599584800729,99846.49930493729,99773.37,73.13211743728607,26.432120160232127,26.232098,0.20002253449970553,0.7128039937421509,0.7095352,0.0032688122197814806
2025-10-17,34.28465,18.578299,15.706351431274413,298.60400028345686,297.9981,0.6058923733006054,99850.53281462476,99858.15,-7.6156228752370225,26.638287281935217,26.41105,0.2272364854264275,0.7151821829689226,0.70988166,0.0053005196464738225
2025-10-18,25.680279,17.511854,8.168424828247069,298.6052240508582,298.38947,0.21575871882697584,99819.53158121422,99873.195,-53.66373128577834,26.844454403638306,26.950691,-0.10623681950622554,0.7175603721956941,0.714575,0.0029853795389863658
2025-10-19,23.375774,14.850453,8.52532062322998,298.21467022460763,298.3765,-0.1618251367204948,99751.6689754816,99838.29,-86.62008701839659,27.0506215253414,27.258678,-0.20805691093789846,0.7199385614224658,0.7161231,0.0038154573270068326
2025-10-20,21.760937,15.818291,5.94264628955078,296.87941136424945,298.214,-1.3345778935630506,99795.09769880364,99778.57,16.527386303641833,27.256788647044488,27.334858,-0.07806929362934056,0.7223167506492374,0.7143963,0.007920452717566251
2025-10-21,10.472661,26.388966,-15.916304606689453,297.41632413354006,297.26965,0.14667081322755848,99901.61288441512,99863.04,38.57382191512443,27.462955768747577,27.57923,-0.11627358611082173,0.7246949398760091,0.71434647,0.010348471427370165
2025-10-22,35.460968,19.27114,16.18982885510254,297.5821834868688,297.9129,-0.33071934516243573,100035.84846852603,99973.69,62.160968526033685,27.669122890450662,27.824055,-0.15493182756691581,0.7270731291027807,0.71925414,0.007818993017270404
2025-10-23,16.08319,22.111353,-6.028162920532228,296.9940251564662,297.97775,-0.9837275290806815,100080.9715354746,100136.57,-55.59877702539961,27.875290012153755,28.06247,-0.18717947026811999,0.7294513183295523,0.7221845,0.007266839092949562
2025-10-24,6.7178655,15.220542,-8.502676454040527,298.16541271001086,297.79196,0.37345104008898033,100039.19713432492,100124.65,-85.45130317508301,27.956855042877443,28.245037,-0.28818203597997893,0.7318295075563239,0.7241384,0.007691128459339058
2025-10-25,0.8295765,6.471429,-5.641852371154785,299.0640001756696,298.40118,0.6628160936383551,100022.13194822049,100047.45,-25.321176779514644,28.03842007360113,28.325382,-0.28696215906488476,0.7342076967830955,0.7259854,0.00822228895381083
2025-10-26,5.3283267,3.9758794,1.3524472692291258,297.01946626005883,298.84244,-1.8229714840817905,100110.3538594586,100048.164,62.18979695859889,28.11998510432482,28.279026,-0.15904092716932183,0.7365858860098672,0.7291809,0.007405013569529051
2025-10-27,35.764194,12.084908,23.679286468261722,297.8359787213371,297.71402,0.12195894594646006,100009.34103290472,100116.72,-107.3777170952817,28.201550135048507,28.313297,-0.11174713668000891,0.7389640752366388,0.7326216,0.006342465071996428
2025-10-28,14.609551,18.117516,-3.507964563964844,297.77171784923803,297.89792,-0.12620085193384512,100051.46794036528,99996.94,54.53044036528445,28.283115165772195,28.414534,-0.13141844934011004,0.7413422644634104,0.7403441,0.0009981573123789556
2025-10-29,11.179997,13.5352,-2.3552031190185545,298.5859431135982,298.18683,0.39911450031695495,100184.35998501405,100106.84,77.51623501404538,28.364680196495883,28.503933,-0.1392527563849768,0.743720453690182,0.74179727,0.0019231852995265086
2025-10-30,0.0,1.5576125,-1.5576125383377075,298.8502890539508,298.78638,0.06391210082580301,100269.44186465567,100221.0,48.44186465567327,28.44624522721957,28.508272,-0.06202694380093732,0.7460986429169537,0.7447615,0.0013371163323284696
2025-10-31,0.0,0.0074537657,-0.007453765720129013,298.60770588423253,298.69522,-0.08751506303309498,100299.5672332584,100225.61,73.95785825840721,28.52781025794326,28.623405,-0.09559519859971033,0.7484768321437253,0.7474187,0.001058130495013132
2025-11-01,0.0,0.8637989,-0.8637989163398743,298.104579530265,298.46765,-0.36307183692247236,100388.16201663736,100211.64,176.52139163736138,28.45382703851105,28.681465,-0.22763811041473048,0.7467173593317686,0.7478555,-0.0011381251538575832
2025-11-02,0.0,0.72414154,-0.724141538143158,298.8758932180825,298.18674,0.6891561575356491,100322.58066953282,100314.695,7.885357032821048,28.379843819078843,28.59665,-0.21680535084303187,0.7449578865198119,0.7466899,-0.0017320291372315832
2025-11-03,0.0,0.3915849,-0.3915849030017853,298.7018958138852,298.3727,0.3291846322445622,100224.40666602808,100271.59,-47.18708397191949,28.305860599646635,28.361557,-0.05569640718930202,0.7431984137078552,0.74322623,-2.7816436645511367e-05
2025-11-04,0.25550517,0.91492003,-0.6594148620243836,298.1748638185176,298.4977,-0.3228473631230031,100146.30313578813,100132.62,13.685948288126383,28.231877380214428,28.304462,-0.0725850526469003,0.7414389408958986,0.7418839,-0.00044493304361559183
2025-11-05,1.014972,4.244378,-3.229406089904785,298.3450645091859,298.14444,0.2006248119202496,100175.8143276944,100139.05,36.76745269440289,28.157894160782224,28.310833,-0.15293881651269814,0.7396794680839418,0.73985624,-0.0001767750496031173
2025-11-06,0.0,0.09033126,-0.09033125638961792,298.67653481068123,298.59473,0.08180824818123256,100237.03688915248,100206.414,30.622826652484946,28.083910941350016,28.150414,-0.06650257183357766,0.7379199952719852,0.73840696,-0.000486960923846147
2025-11-07,2.9103296,-0.13782959,3.0481591868635176,298.7683479230212,298.86212,-0.09377365901002577,100273.62622049772,100238.234,35.39184549772472,28.00992772191781,28.13031,-0.12038233667594156,0.7361605224600285,0.7320081,0.004152422904059261
2025-11-08,6.4406633,0.6174796,5.823183677635956,297.9083634860414,298.8469,-0.9385298245054514,100172.76014209284,100237.2,-64.4429829071596,27.9359445024856,28.049341,-0.11339669929662577,0.7344010496480717,0.7308391,0.0035619759900822334
2025-11-09,0.6640852,12.535411,-11.87132568104248,297.7841419197502,298.26544,-0.48129997478105224,100198.22648384912,100164.06,34.163983849124634,27.96834485911961,28.13146,-0.16311533069972484,0.7326415768361151,0.72988576,0.0027558198666631784
2025-11-10,0.080947794,5.1719403,-5.090992532690674,298.3696027479001,298.3449,0.024693079931353168,100220.48645114912,100198.984,21.502076149117784,28.00074521575363,28.069372,-0.06862696137039492,0.7308821040241584,0.727718,0.0031641083805427073
2025-11-11,9.26217,5.447916,3.8142539691162103,298.1670940526189,298.5561,-0.3889972559748571,100238.71372737671,100177.29,61.424664876714814,28.03314557238764,28.083261,-0.05011591748052524,0.7291226312122018,0.7243238,0.004798822065320674
2025-11-12,4.4937086,7.345804,-2.8520956144775393,299.0014855744448,298.5526,0.4488732697573141,100262.43144159124,100175.21,87.22050409123767,28.065545929021653,28.132198,-0.06665240471858169,0.727363158400245,0.7234577,0.003905464346595111
2025-11-13,2.4519436,1.389526,1.0624175904403685,298.0409835678324,299.0878,-1.046815504433198,100237.43347342584,100204.83,32.60534842584457,28.097946285655667,28.2178,-0.11985385472519283,0.7256036855882884,0.7217135,0.0038902022547007142
2025-11-14,5.714456,10.153363,-4.438907227844238,298.38267730706485,298.3181,0.06456207268985281,100286.93517433974,100188.27,98.66173683974193,28.13034664228968,28.203386,-0.07303966447301491,0.7238442127763317,0.7205985,0.0032456939279125185
2025-11-15,0.3962601,2.662067,-2.26580683649292,299.18976428374344,298.65182,0.5379393325715682,100279.63242399976,100270.01,9.624611499762977,28.16274699892369,28.196623,-0.033875849587051476,0.7220847399643749,0.71877015,0.003314593594440862
2025-11-16,1.7444695,2.5281596,-0.7836901183776857,298.1679353889387,299.1163,-0.9483671012956734,100222.5277027268,100255.31,-32.78479727319791,28.195147355557708,28.208855,-0.013707319735260626,0.7203252671524183,0.71633327,0.00399199707948128
2025-11-17,1.1741629,3.2304826,-2.056319678277588,297.2425292593196,298.52762,-1.2850891488835146,100127.4185540536,100156.35,-28.9330084464018,27.74251548814657,28.314634,-0.5721188349735478,0.7220417454006492,0.7142602,0.007781524873000323
2025-11-18,26.72132,12.836414,13.884905662841796,298.6025028423645,297.7523,0.8502140240051403,100148.1670444258,100143.9,4.268606925805216,27.289883620735424,27.737799,-0.4479150700604748,0.7237582236488802,0.7153446,0.008413615818832598
2025-11-19,2.439694,1.2003976,1.2392963893356321,299.1874396425842,298.87793,0.3095099550841951,100193.99790594904,100187.39,6.607280949043343,26.83725175332428,27.335676,-0.4984244399130233,0.7254747018971113,0.71837306,0.007101641670670844
2025-11-20,2.2332249,1.0947152,1.1385096623825075,299.5549186668025,299.07074,0.48417892070875723,100239.2892309538,100201.01,38.28141845380014,26.38461988591314,26.632393,-0.24777299738764214,0.7271911801453422,0.72024006,0.006951123630602241
2025-11-21,5.800113,14.574577,-8.77446433154297,298.310416249705,298.64548,-0.3350610452168894,100222.83888638068,100213.49,9.34669888067583,25.931988018502,26.174154,-0.24216626311421052,0.7289076583935732,0.72025794,0.00864972048540058
2025-11-22,8.808653,7.577093,1.2315598756103512,297.87261475197243,298.75345,-0.88083373435569,100203.39479396753,100117.1,86.29323146752722,25.47935615109085,25.956797,-0.477440495027313,0.7306241366418041,0.7220085,0.008615610316578315
2025-11-23,22.895555,23.669548,-0.7739930346679671,297.34501608261513,297.87845,-0.5334324037129932,100215.6178269788,100140.195,75.42251447880699,25.026724283679712,25.669973,-0.6432490897333736,0.7323406148900351,0.7248739,0.0074667144765219184
2025-11-24,4.2927694,13.509266,-9.216496499658202,298.92884846011066,298.0499,0.8789522198762825,100140.76154595282,100188.82,-48.05876654718304,24.57409241626857,25.430422,-0.8563294129550627,0.7340570931382662,0.7253716,0.008685493940878475
2025-11-25,0.05943178,1.5280515,-1.468619715552063,298.6053892402268,299.00534,-0.3999513359450475,100181.85185386051,100106.22,75.63310386051307,24.91415961535193,25.638659,-0.7244989082076394,0.7357735713864971,0.72774076,0.008032806768577205
2025-11-26,0.01024072,3.041057,-3.0308163898327636,297.885773300967,298.4302,-0.5444329978611222,100144.49728308084,100155.36,-10.862091919159866,25.2542268144353,25.989197,-0.7349699629084512,0.7374900496347281,0.7298977,0.007592371736321102
2025-11-27,0.0,-0.75392175,0.7539217472076416,296.9826070127729,298.26086,-1.2782572450395833,100068.32953144248,100087.484,-19.154843557524146,25.594294013518663,26.19361,-0.5993152241522353,0.739206527882959,0.73059225,0.008614277058984432
2025-11-28,0.21902707,2.780765,-2.5617379866101073,296.45094214575926,297.07248,-0.6215371022876184,99985.28218248278,100045.1,-59.819380017215735,25.934361212602028,26.378117,-0.4437553950639881,0.74092300613119,0.7369053,0.004017729355829891
2025-11-29,3.5805423,5.053275,-1.4727328083374025,297.77128485083404,297.57318,0.19810369849028575,100050.31972549426,100018.55,31.772850494264276,26.274428411685392,26.587221,-0.3127927339444909,0.742639484379421,0.73743266,0.005206825707088192
2025-11-30,0.552075,6.188111,-5.636035828399658,298.6558401105724,297.96216,0.6936819074473988,100072.91547111423,100053.125,19.790471114232787,26.61449561076876,27.156082,-0.5415865425515527,0.744355962627652,0.74057394,0.003782019966366623
2025-12-01,4.2923574,3.4451518,0.8472055941223147,298.11810584652375,298.58887,-0.470761340976253,100066.28236443638,100047.63,18.649551936381613,26.95456280985212,27.122568,-0.16800532064104345,0.746072440875883,0.74142885,0.0046435887945841525
2025-12-02,9.035665,7.843306,1.192358935394287,297.35322260452534,298.11188,-0.7586548368809076,100139.6120318158,100009.53,130.0807818158064,27.294630008935485,27.513514,-0.2188835561279916,0.7477889191241139,0.74508995,0.0026989709467762912
2025-12-03,12.420853,26.972937,-14.552083630249024,298.1414887666388,297.8958,0.24567577835756538,100234.02417329684,100046.18,187.8444857968425,27.300759395025416,27.741222,-0.4404629865663807,0.7448038064910495,0.74621296,-0.0014091527985012897
2025-12-04,3.539851,6.43777,-2.897918889831543,298.8411103576576,298.30472,0.5363923400794874,100232.5716381786,100169.516,63.05601317860419,27.306888781115347,27.7356,-0.4287107367069183,0.7418186938579852,0.7429646,-0.0011459315005963866
2025-12-05,2.7685208,6.6844954,-3.915974649066162,298.6417255667572,298.45428,0.18744089878845216,100303.25069776262,100117.1,186.14913526261807,27.31301816720528,27.608593,-0.29557481985526834,0.7388335812249207,0.7381394,0.0006941902794861399
2025-12-06,0.0,2.3482594,-2.348259449005127,299.1171007627535,299.01715,0.09994988384727321,100295.35295585362,100226.89,68.46233085362474,27.31914755329521,27.483746,-0.16459802165596216,0.7358484685918563,0.73473984,0.001108628561186098
2025-12-07,0.16487965,0.7981528,-0.6332731543746948,298.82423335397635,299.0431,-0.21885746633614644,100235.39456634944,100221.44,13.95706634943781,27.325276939385137,27.67698,-0.3517021255562689,0.7328633559587919,0.7272579,0.005605448568197446
2025-12-08,0.12652978,1.1797858,-1.0532560676638794,298.80211485858047,298.8557,-0.053598032044533284,100213.59928901932,100180.28,33.31803901931562,27.33140632547507,27.663742,-0.33233573995461896,0.7298782433257275,0.72370225,0.006175991414564153
2025-12-09,0.0,0.55903655,-0.5590365529060364,299.03702923586377,298.4598,0.5772208862543948,100190.70838956286,100184.98,5.731827062860248,27.337535711565,27.641403,-0.30386748667718777,0.726893130692663,0.7205209,0.006372217091741406
2025-12-10,0.0,0.48999497,-0.48999497294425964,298.24123684020685,299.0087,-0.7674606695587727,100140.99792901604,100142.17,-1.173945983959129,27.34366509765493,27.665295,-0.32162954956186596,0.7239080180595987,0.7182025,0.00570554632650544
2025-12-11,0.0,0.81470823,-0.8147082328796387,298.2182308414375,298.24698,-0.02874791832812207,100155.53465018429,100118.42,37.112775184286875,27.268085580028124,27.754324,-0.4862383793224616,0.7209229054265343,0.7162506,0.00467230699590071
2025-12-12,0.0,0.635028,-0.6350280046463013,298.39643785898784,298.3041,0.0923301929722129,100168.81321901016,100144.06,24.750719010160537,27.19250606240132,27.595633,-0.40312649069926465,0.7179377927934698,0.71432555,0.003612245575147055
2025-12-13,0.0,0.83780956,-0.8378095626831055,297.7421500069232,298.56195,-0.8198006766705248,100200.1822195309,100184.98,15.205657030906877,27.11692654477451,27.507557,-0.390630370508692,0.7149526801604054,0.71389365,0.0010590281981250893
2025-12-14,0.0,1.2371196,-1.2371195554733276,297.0642821681888,298.21118,-1.1468994724361892,100172.90040072052,100186.1,-13.201161779477843,27.041347027147708,27.389973,-0.34862565961987,0.711967567527341,0.71127266,0.0006949106097690061
2025-12-15,0.0,2.060894,-2.060894012451172,298.0661071477451,297.63846,0.42764889579194687,100102.22964884368,100163.21,-60.98128865631588,26.9657675095209,27.189386,-0.22361885827695005,0.7089824548942766,0.70980424,-0.0008217819946089167
2025-12-16,3.0106125,1.6084886,1.4021239402770997,299.2986700911121,298.3193,0.9793646711902397,100181.80754381912,100117.766,64.04191881911538,26.89018799189409,27.094954,-0.20476554509321332,0.7059973422612121,0.70669174,-0.0006943996821472398
2025-12-17,0.87696826,1.9484061,-1.0714378402731324,298.1723397708109,299.1521,-0.9797598385641209,100152.9426600276,100182.9,-29.955777472394402,26.81460847426729,26.946108,-0.13149939011259448,0.7030122296281478,0.70385516,-0.0008429272703507351
2025-12-18,0.0,1.1253374,-1.1253373622894287,297.25973853395453,298.36356,-1.1038173742485924,100067.84595703834,100135.664,-67.81810546165798,26.73902895664048,27.00691,-0.26788136745619795,0.7000271169950834,0.70191485,-0.0018877299020418903
