system:index,date,dewpoint_temperature_2m,potential_evaporation_sum,runoff_sum,surface_pressure,surface_runoff_sum,surface_solar_radiation_downwards_sum,temperature_2m,total_precipitation_sum,u_component_of_wind_10m,v_component_of_wind_10m,volumetric_soil_water_layer_1,.geo
20200101,2020-01-01,295.2654137536302,-0.016496809616582814,7.613426187904227E-4,100180.53388556834,4.102284840371607E-6,1.8445404507032093E7,300.389586259402,6.033903476944194E-4,0.47319496729752536,0.12610794211368265,0.3259387484593006,"{""type"":""MultiPoint"",""coordinates"":[]}"
20200102,2020-01-02,295.5417432754083,-0.015931449205844016,7.334466831502698E-4,100232.30194528338,1.944666019725834E-6,1.8616191852145694E7,300.50978971344443,2.8612588463004156E-4,0.24375046633630862,-0.225386602486795,0.32088847939305215,"{""type"":""MultiPoint"",""coordinates"":[]}"
20200103,2020-01-03,295.3434097506935,-0.017732906909279995,7.091408338178765E-4,100130.39576325186,3.0184120982294263E-6,1.905357135953841E7,300.9631598638018,4.902525193109338E-4,0.3887852004606401,0.01001780336042741,0.31463822906930694,"{""type"":""MultiPoint"",""coordinates"":[]}"
20200104,2020-01-04,295.7367707355792,-0.017956548872522356,6.832465250011478E-4,99999.54433228672,1.5392233179314584E-6,1.939100124630364E7,301.00063231232394,2.4002488776183383E-4,0.5370974728573629,-0.1726393092780578,0.31037554309293336,"{""type"":""MultiPoint"",""coordinates"":[]}"
20200105,2020-01-05,295.6537713253637,-0.016137540797184748,6.618915274175033E-4,99973.7005634457,3.124966416769926E-6,1.7992821073205914E7,300.79961238140703,4.8610046801616743E-4,0.17300061042355516,0.19813613556858323,0.3067984492149129,"{""type"":""MultiPoint"",""coordinates"":[]}"
20200106,2020-01-06,294.64242804126394,-0.021075445136308588,6.36266981742892E-4,100063.96200562624,4.6495062067669485E-7,2.1038687086188246E7,301.4508940397168,7.641853675831603E-5,0.18423700895801248,0.06643462361646311,0.30212831434141446,"{""type"":""MultiPoint"",""coordinates"":[]}"
20200107,2020-01-07,293.89094922863273,-0.020002079038758856,6.129571807285617E-4,100051.40741444426,4.7564957918262726E-8,2.012344714965741E7,300.9608742126637,7.719193775646103E-6,0.007037190007309402,-0.03966204462923786,0.2954132775014261,"{""type"":""MultiPoint"",""coordinates"":[]}"
20200108,2020-01-08,293.8345442390281,-0.019416090667924858,5.919785785236559E-4,100065.55807224754,8.06188824114024E-7,2.073852160764515E7,300.49511876514947,1.3897196130119763E-4,0.18292874908172135,0.10758230826332815,0.2902123894538426,"{""type"":""MultiPoint"",""coordinates"":[]}"
20200109,2020-01-09,293.9351040161147,-0.02003202532689106,5.703109655404325E-4,100025.56521539314,7.056422582654545E-8,2.1459082377208803E7,300.34901503608677,1.2726689497011186E-5,0.21254420334909638,0.3068842440216656,0.28605689869461215,"{""type"":""MultiPoint"",""coordinates"":[]}"
20200110,2020-01-10,293.4931545273618,-0.019265294345038656,5.50900502321826E-4,100041.2153626699,5.497039976508619E-7,2.01767132347638E7,299.92006847603085,9.379788475521543E-5,0.12031940634913536,0.45193612637148994,0.2822430911352463,"{""type"":""MultiPoint"",""coordinates"":[]}"
20200111,2020-01-11,289.2980446829821,-0.024964635395752246,5.30674516230424E-4,100046.25599085115,3.3671358110583995E-8,2.2538974831590336E7,299.56322018379984,6.100018446599367E-6,-0.40821984221491336,-0.5012656781718999,0.27850977040953556,"{""type"":""MultiPoint"",""coordinates"":[]}"
20200112,2020-01-12,289.8872116555216,-0.023796669622964485,5.112308652831724E-4,100028.84592188019,4.962575680677357E-9,2.2756428383699965E7,299.506294935107,7.669503534910612E-7,-0.05067691361335255,-0.23268351199205914,0.2746597680496416,"{""type"":""MultiPoint"",""coordinates"":[]}"
20200113,2020-01-13,291.76112304895685,-0.022021830412419837,4.929372153469598E-4,99993.84022966771,2.5256205413301117E-10,2.2323985228993867E7,299.75717854972714,9.090094322324658E-7,0.11615528529016203,0.03160067624320117,0.27170636444972224,"{""type"":""MultiPoint"",""coordinates"":[]}"
20200114,2020-01-14,293.01308494491747,-0.021325227419929392,4.7563001637075355E-4,99964.67156526803,1.3356233735055305E-7,2.2188419780742876E7,299.90522636434673,2.4315707312995595E-5,0.402612411713626,0.11558776871059533,0.2693151340331005,"{""type"":""MultiPoint"",""coordinates"":[]}"
20200115,2020-01-15,293.3912465060785,-0.019882197434393636,4.6328291581762966E-4,99990.12957396102,3.996289382546635E-6,2.014549660223585E7,299.6880087565311,7.19631249046563E-4,0.2295591228497489,0.33394907278601327,0.2689942803459109,"{""type"":""MultiPoint"",""coordinates"":[]}"
20200116,2020-01-16,293.42451992991,-0.019910871376694218,4.478283696685335E-4,100017.26799104229,3.4955716760761248E-6,1.992543587306167E7,299.7342695288253,5.913293967412487E-4,0.24809767164165467,0.3075212462760319,0.27418497683752874,"{""type"":""MultiPoint"",""coordinates"":[]}"
20200117,2020-01-17,293.34837883546794,-0.022101024764241015,4.293466792225279E-4,100004.19471915525,4.606301974528024E-8,2.1872952015867293E7,300.3756430468059,9.824979452119767E-6,0.48575363279263084,-0.03985654999679896,0.2722961296469478,"{""type"":""MultiPoint"",""coordinates"":[]}"
20200118,2020-01-18,294.2663558391815,-0.020638715334739068,4.1759726945734014E-4,99952.54832106148,2.9723705731270507E-6,2.0129204558961414E7,301.0473872291481,5.619567319320678E-4,0.42105321553710967,0.16793704823900815,0.2704671029073571,"{""type"":""MultiPoint"",""coordinates"":[]}"
20200119,2020-01-19,294.9445707456669,-0.019437864926578854,4.0657194166719994E-4,100042.65613713006,5.307379308006543E-6,1.824008658925352E7,301.2352527632624,0.0010037303077336268,0.18935716557723425,0.08357508717885542,0.2735090499916449,"{""type"":""MultiPoint"",""coordinates"":[]}"
20200120,2020-01-20,294.03773757319203,-0.02244223021790305,3.883047328285909E-4,100100.92845268082,1.666802084063349E-7,2.0715543062387314E7,301.42138718188806,3.2907964040787766E-5,0.3783808342896627,0.09106578453184107,0.2753632400224724,"{""type"":""MultiPoint"",""coordinates"":[]}"
20200121,2020-01-21,293.38712728601024,-0.023847308195254192,3.752413582294545E-4,100119.01919105553,3.5878857936921047E-7,2.1741425371078257E7,301.5219664197084,6.819421350074317E-5,0.11897770712790917,0.0987418396768984,0.2721601908762074,"{""type"":""MultiPoint"",""coordinates"":[]}"
20200122,2020-01-22,292.72134468219855,-0.02522159096832917,3.6181397722638385E-4,100029.81605349485,1.4901161193847656E-8,2.2497706629642986E7,301.9427690699721,2.1306837688606157E-6,-0.026832214383669728,-0.13221701818785575,0.26903939972217306,"{""type"":""MultiPoint"",""coordinates"":[]}"
20200123,2020-01-23,293.1383690346261,-0.02492010544782678,3.4917779790766187E-4,99963.66379103702,1.3990325700750944E-8,2.2229367339343674E7,302.0398918266035,1.7466051083523037E-6,-0.31790453987291256,-0.1976913250843941,0.2663433151987972,"{""type"":""MultiPoint"",""coordinates"":[]}"
20200124,2020-01-24,293.23903944572874,-0.024219320728982613,3.370118515181104E-4,100048.18175431665,3.182013199039628E-8,2.2803202730616666E7,301.50714343837103,6.609981536349362E-6,0.23975876446941868,0.04452877294588781,0.26421514447598904,"{""type"":""MultiPoint"",""coordinates"":[]}"
20200125,2020-01-25,293.2074975246333,-0.02245646014707509,3.2604579520578036E-4,100097.62796337825,4.770198626678171E-7,2.2380207355932206E7,300.67275025796147,9.367372632413576E-5,0.056255939445582735,0.29763288468692095,0.2630553706962769,"{""type"":""MultiPoint"",""coordinates"":[]}"
20200126,2020-01-26,293.5990058168911,-0.02075114636522444,3.1494821854717597E-4,100080.4218295116,1.5055653939726895E-7,2.245355274287775E7,300.10201769096386,3.0129413783002368E-5,0.3550916236815996,0.3145332602386163,0.2620302549505022,"{""type"":""MultiPoint"",""coordinates"":[]}"
20200127,2020-01-27,294.16601914553587,-0.01983231063320927,3.0620223642728237E-4,100099.52737491688,1.4671437197801144E-6,2.0903981079697076E7,300.1449137727921,2.958243572716208E-4,0.6779322552557735,0.05962485340814035,0.26201663640331,"{""type"":""MultiPoint"",""coordinates"":[]}"
20200128,2020-01-28,294.0936878588155,-0.020633050915978248,2.9515568267727345E-4,100154.1774039825,8.48366687154237E-8,2.0564970111792285E7,300.58884887796205,1.7035609395020084E-5,0.5402784940213133,-0.3217489661355333,0.2622428610428321,"{""type"":""MultiPoint"",""coordinates"":[]}"
20200129,2020-01-29,294.37551509693475,-0.02157585329708321,2.8573700421302705E-4,100151.67963543782,2.5312091484853957E-7,2.2210758533717997E7,300.9899606371115,5.0801767094678634E-5,0.7650190938735673,-0.3018071077408478,0.2610797791515983,"{""type"":""MultiPoint"",""coordinates"":[]}"
20200130,2020-01-30,294.6022489423692,-0.02131981510646155,2.768292184818363E-4,100073.28550683349,5.398057145931384E-7,2.1487885703570142E7,301.3325983807078,1.1103454393188686E-4,0.8049842826963862,-0.47798545827142236,0.26100136061846196,"{""type"":""MultiPoint"",""coordinates"":[]}"
20200131,2020-01-31,294.15108792566036,-0.023132326677199784,2.6813740554889356E-4,99954.17728606486,8.382964469532739E-7,2.195771911864407E7,301.40215223743195,1.7415485806469947E-4,0.7336879703972485,-0.42518930852749925,0.2602097702393209,"{""type"":""MultiPoint"",""coordinates"":[]}"
20200201,2020-02-01,294.4348209482902,-0.021975282848343453,2.6699425326844994E-4,100040.76260187056,8.115337357553732E-6,2.076284665849261E7,300.8556023930283,0.0016192869333487097,0.7299315178246719,0.10807150432533018,0.26386536106293507,"{""type"":""MultiPoint"",""coordinates"":[]}"
20200202,2020-02-02,294.41079772465906,-0.02090276037522528,2.571930856942013E-4,100224.97382374643,5.908681195950708E-6,1.9451412716191854E7,300.20716701520865,9.992014712056313E-4,0.6663439551545015,-0.036434042208726945,0.2763408786302749,"{""type"":""MultiPoint"",""coordinates"":[]}"
20200203,2020-02-03,293.391815319215,-0.023937759108860233,2.4475132542055436E-4,100167.87534547706,1.2670877046031385E-6,2.316180621565092E7,300.6773520484684,2.6295345434599926E-4,0.48650492435608483,0.2628256725224613,0.2746812522604798,"{""type"":""MultiPoint"",""coordinates"":[]}"
20200204,2020-02-04,293.4572052405938,-0.02387104598147707,2.3623230254826374E-4,100027.67845520466,5.741514671248647E-7,2.285353019329247E7,300.7687755082144,1.1969966888274923E-4,0.4881451605948022,0.04843977033869841,0.2724233075451544,"{""type"":""MultiPoint"",""coordinates"":[]}"
20200205,2020-02-05,293.865710698121,-0.023065080823900033,2.3210729787034162E-4,100098.65652357602,3.9039967595735624E-6,2.092713166606563E7,301.0727160970012,8.097939624805256E-4,0.5441851862950856,0.3939150003504761,0.2710769884659989,"{""type"":""MultiPoint"",""coordinates"":[]}"
20200206,2020-02-06,294.6104693691925,-0.021598575355299025,2.235096986440816E-4,100104.40543073934,2.241490917260837E-6,2.05121714749369E7,301.0266950318183,4.730928216858209E-4,0.6639357117136907,0.21867067801836293,0.27351863534136145,"{""type"":""MultiPoint"",""coordinates"":[]}"
20200207,2020-02-07,295.0724322546817,-0.018511307207827874,2.222397467783114E-4,100202.78292027519,7.169581130227588E-6,1.878200712946268E7,300.35201157020657,0.0015119666356581284,0.37970242120279896,-0.035072301296477634,0.2794497447857019,"{""type"":""MultiPoint"",""coordinates"":[]}"
20200208,2020-02-08,294.4627486021562,-0.021000337546165353,2.0925455356908112E-4,100209.29926980268,3.65454605500104E-7,2.0546670245943025E7,300.5478829985585,7.61059294192281E-5,0.6438476554704613,-0.22356437745468596,0.2799339814890547,"{""type"":""MultiPoint"",""coordinates"":[]}"
20200209,2020-02-09,294.09883269135634,-0.02244363426006834,2.0294735094635141E-4,100092.51878424252,3.5537630480805173E-7,2.0579295815362424E7,301.1268549528328,7.624671083471641E-5,0.4834876946208428,0.07585946876479108,0.2759622967519759,"{""type"":""MultiPoint"",""coordinates"":[]}"
20200210,2020-02-10,293.1850466496068,-0.02634760244654441,1.972451526638063E-4,99993.93928572774,1.1177106837352778E-6,2.364751362062748E7,301.76016282330255,2.341494313483199E-4,0.16850074986337343,-0.06657472420862222,0.27260470066467213,"{""type"":""MultiPoint"",""coordinates"":[]}"
20200211,2020-02-11,290.956044159596,-0.029610531225268525,1.901041970242674E-4,100007.06997600327,3.849824885792392E-7,2.4467443273710787E7,301.606321838788,8.262516594689352E-5,-0.5009554046638197,-0.32440623487327414,0.26999134392044205,"{""type"":""MultiPoint"",""coordinates"":[]}"
20200212,2020-02-12,291.72013598374554,-0.02852560987234589,1.835835740921345E-4,100142.37448636266,1.3037038287916986E-7,2.432655505084746E7,301.96415711045336,2.867883494449386E-5,-0.12175584965735795,-0.32864025744240893,0.26710510230978635,"{""type"":""MultiPoint"",""coordinates"":[]}"
20200213,2020-02-13,293.8180420691327,-0.02524651776430971,1.7788105607677616E-4,100139.98623585694,4.190729922264697E-7,2.333489186873423E7,301.81656394937414,9.318731061568816E-5,0.20414574470983166,0.16273569994813078,0.26442760623895667,"{""type"":""MultiPoint"",""coordinates"":[]}"
20200214,2020-02-14,294.56516698031834,-0.024029743542986745,1.7202235529924017E-4,100041.57304808414,7.814377428089892E-8,2.2014570972953487E7,301.6429768044267,1.7569739312729964E-5,0.588344356162228,0.04087930448440165,0.26315536962161346,"{""type"":""MultiPoint"",""coordinates"":[]}"
20200215,2020-02-15,294.99580011781643,-0.023808099630396592,1.671090050376455E-4,100046.93955595815,4.716327677897671E-7,2.2942115299314827E7,301.6659638872227,1.0148109273565502E-4,0.5676903899780102,0.15164317398607793,0.26179538808887526,"{""type"":""MultiPoint"",""coordinates"":[]}"
20200216,2020-02-16,295.2594132155722,-0.024094178082385818,1.6238431056999708E-4,100097.0733920938,9.26051013443043E-7,2.3532117172376495E7,301.77634600536055,1.9937577309716792E-4,0.595446164955642,0.2508287921607001,0.26129281284402434,"{""type"":""MultiPoint"",""coordinates"":[]}"
20200217,2020-02-17,292.42573499513344,-0.02784325395369203,1.5886870319990314E-4,100121.50271662574,2.3619468961001045E-6,2.3533267895059507E7,301.8549445670791,5.092982958087892E-4,0.18850326571044387,0.1726351640648331,0.263490410575587,"{""type"":""MultiPoint"",""coordinates"":[]}"
20200218,2020-02-18,292.72406291514585,-0.025990513390822832,1.5236261064637409E-4,100135.80992195247,7.118085339488082E-7,2.431747799314822E7,301.0042626112324,1.549081379138645E-4,0.2381660488021819,0.26921083491816383,0.26280419129221366,"{""type"":""MultiPoint"",""coordinates"":[]}"
20200219,2020-02-19,292.4544759533241,-0.02530929527631358,1.479644036834695E-4,100050.53016403057,9.593945782493266E-7,2.3299731897944465E7,300.7847846625358,2.0836326037699808E-4,0.08801295393604344,0.2716063523123451,0.262706579132025,"{""type"":""MultiPoint"",""coordinates"":[]}"
20200220,2020-02-20,291.98369162603416,-0.026769917017655645,1.4246086157748217E-4,100013.93986052496,2.306375183699753E-8,2.5245661018752255E7,300.9474542645083,5.30390254951667E-6,0.29391706154629915,-0.042250802947116695,0.261094434371088,"{""type"":""MultiPoint"",""coordinates"":[]}"
20200221,2020-02-21,291.97539562014873,-0.027679172669276407,1.3798874797177932E-4,100118.54425287273,0.0,2.373982506599351E7,301.88952712035973,8.542164087460806E-7,0.2657042878338144,-0.19654628737268864,0.25966339131962984,"{""type"":""MultiPoint"",""coordinates"":[]}"
20200222,2020-02-22,294.59569566962614,-0.024715269842207586,1.348253786886293E-4,100159.9042283196,1.0566578373941668E-6,2.1888249946988825E7,302.6833921146588,2.341842450443827E-4,0.008005368708131228,-0.03865480891556853,0.2594904110313881,"{""type"":""MultiPoint"",""coordinates"":[]}"
20200223,2020-02-23,292.4065174190367,-0.027955856844594746,1.2970123583772665E-4,100077.7099291837,1.0478638416156846E-10,2.362857623043635E7,302.23574829147424,8.849591217608669E-7,0.0329115450675993,0.05974661067266104,0.25916669998966824,"{""type"":""MultiPoint"",""coordinates"":[]}"
20200224,2020-02-24,293.4941162671561,-0.026696059717153584,1.2685408499367267E-4,99950.46261998372,1.1450250012067267E-6,2.4709098389830515E7,301.9934797588486,2.5450352697819226E-4,0.3532429021172032,0.23873674168812,0.25856620627163784,"{""type"":""MultiPoint"",""coordinates"":[]}"
20200225,2020-02-25,294.48186429318713,-0.02590969439865964,1.221347883682237E-4,99907.60785692016,1.933604339120881E-7,2.4399698421204474E7,301.8395353544932,4.4047927511859065E-5,0.5725371902243193,-0.0657513981212832,0.25915800434621084,"{""type"":""MultiPoint"",""coordinates"":[]}"
20200226,2020-02-26,294.6980679456195,-0.026668108504008955,1.1991133951685122E-4,99913.13549167852,1.6214940636501048E-6,2.434641883231158E7,302.3184799428657,3.6226215769256015E-4,0.6508780581573695,0.4699997369422551,0.25881147390375464,"{""type"":""MultiPoint"",""coordinates"":[]}"
20200227,2020-02-27,295.0856215296664,-0.025386174810930057,1.2050239920745119E-4,99919.19115274759,5.608242511577311E-6,2.309305998341147E7,301.9867666182373,0.0012164461539619633,0.6856304787288333,0.13045561514245818,0.26305652510189853,"{""type"":""MultiPoint"",""coordinates"":[]}"
20200228,2020-02-28,294.54704584056816,-0.02699687379203117,1.2291347210991054E-4,99845.69579855086,1.1248000199898806E-5,2.3670589438874867E7,301.86724529433724,0.002148962992866931,0.7468323868647092,0.1836657344413672,0.269582433846152,"{""type"":""MultiPoint"",""coordinates"":[]}"
20200229,2020-02-29,294.52790028379155,-0.02346700569362878,1.151551446500256E-4,99906.17657562418,6.417067116277554E-6,2.124055671042193E7,301.0954542287283,0.0013391598321903788,0.5385225057343993,0.7546316931806287,0.28621012351449576,"{""type"":""MultiPoint"",""coordinates"":[]}"
20200301,2020-03-01,294.8324974239813,-0.023965826320532128,1.1749723855657267E-4,99936.89375683207,1.155041370458909E-5,2.0808087137396324E7,301.26037551915664,0.0023297013936790017,0.6393943208386541,0.21999971504637877,0.2920219034139233,"{""type"":""MultiPoint"",""coordinates"":[]}"
20200302,2020-03-02,295.9081709298081,-0.01611858608353624,1.2545341614390642E-4,100052.29036352682,2.174724794835594E-5,1.7200922616660662E7,300.32970045690206,0.004028723329429025,0.6331785830013854,-0.46553097725315773,0.313608629254427,"{""type"":""MultiPoint"",""coordinates"":[]}"
20200303,2020-03-03,296.26736278880145,-0.013286798900907493,1.376866756945451E-4,100089.79317341844,3.5853080486417285E-5,1.5992936828101233E7,299.6255013947018,0.006086898092452185,0.2919625957391343,-0.1962857314608593,0.35532368615149656,"{""type"":""MultiPoint"",""coordinates"":[]}"
20200304,2020-03-04,296.19647113760163,-0.019737052061187636,1.1140485876869562E-4,99964.37780889378,1.149326616618077E-5,2.0129146642811608E7,301.0000077243149,0.0021519726454631285,0.5594154206415914,-0.4878542100398757,0.3676271405353586,"{""type"":""MultiPoint"",""coordinates"":[]}"
20200305,2020-03-05,295.89638702891483,-0.016368463984732587,1.1906788972926149E-4,99960.21825796232,2.1156736371150056E-5,1.8064933872863453E7,300.4658231718034,0.0036266212789237686,0.32045645730428685,-0.03935832238738992,0.374674283823352,"{""type"":""MultiPoint"",""coordinates"":[]}"
20200306,2020-03-06,295.0985431792659,-0.02196583173446307,1.026034634593932E-4,99990.1736128328,6.885126399684375E-6,2.079798320120975E7,301.0233776018244,0.0014065083090718327,0.5919814783301057,0.20071892730317623,0.36239036193675234,"{""type"":""MultiPoint"",""coordinates"":[]}"
20200307,2020-03-07,295.4081217097124,-0.02096488721886354,9.654783145039254E-5,100065.29780601541,3.050611073301022E-6,2.0476575718533978E7,300.90292364978666,6.279786001164278E-4,0.4585054706876589,0.76203216079451,0.3514773212583725,"{""type"":""MultiPoint"",""coordinates"":[]}"
20200308,2020-03-08,296.15487915765425,-0.01910625130819406,1.0200258071698568E-4,100006.26780204532,1.0572406108999273E-5,1.8894217335483056E7,301.02637344467655,0.002176676609496304,0.6834200620507949,0.5653810269386383,0.34478627954742813,"{""type"":""MultiPoint"",""coordinates"":[]}"
20200309,2020-03-09,296.47555399428256,-0.01841429889126887,1.0484284790164933E-4,99915.43331060676,1.5375080454276438E-5,1.918481774917805E7,301.232903816534,0.00279749013207607,0.6574498715488395,-0.20361800250532477,0.3468475266135732,"{""type"":""MultiPoint"",""coordinates"":[]}"
20200310,2020-03-10,297.0188825375502,-0.015080084451271061,0.001397197378958514,99939.14335629939,0.0013092748076529697,1.4725193302710336E7,300.9721975719747,0.014101792423788754,0.45274081036998387,0.07359771210351435,0.3865845741338922,"{""type"":""MultiPoint"",""coordinates"":[]}"
20200311,2020-03-11,297.0766570720267,-0.017742764156377586,1.355215767381684E-4,100023.40347538394,4.924939904365994E-5,1.8863647523077898E7,300.9915705001158,0.006592497768531545,0.9045340362284703,0.06925071576908672,0.38323012440375714,"{""type"":""MultiPoint"",""coordinates"":[]}"
20200312,2020-03-12,296.33434596808576,-0.019232119960536437,1.0121087659535922E-4,100081.89065205827,1.658672272750629E-5,1.957951709650565E7,301.2560445613795,0.0018378958793983215,0.39949059351689403,0.108122904149654,0.41430458390292885,"{""type"":""MultiPoint"",""coordinates"":[]}"
20200313,2020-03-13,295.8817122260285,-0.02362393058790785,8.322552700916269E-5,100004.42284146704,4.867408149215748E-7,2.1646753349414103E7,302.16101404949666,8.362462879130009E-5,0.612416929129096,-0.33652986541850766,0.38389384974394736,"{""type"":""MultiPoint"",""coordinates"":[]}"
20200314,2020-03-14,295.9109167286318,-0.02381735917730234,8.099440994393385E-5,99908.77976619784,2.098414513594487E-7,2.2641166424106393E7,302.12172177967403,3.6888451607470587E-5,0.5156877256096063,0.16309724250712754,0.36027185818598473,"{""type"":""MultiPoint"",""coordinates"":[]}"
20200315,2020-03-15,295.4077647335613,-0.025016126918461713,8.105982888961501E-5,99911.45687512208,2.188573793259245E-6,2.1893115880521838E7,302.0949332960266,4.2971806903630016E-4,0.45916702260419673,0.2417246548799042,0.34313403460996367,"{""type"":""MultiPoint"",""coordinates"":[]}"
20200316,2020-03-16,295.6143606965224,-0.02537073480859372,7.845447934408976E-5,99983.84491139212,1.4717865626475808E-6,2.2887309449903056E7,302.4484524922326,2.885966944943857E-4,0.4411516885428437,0.04020475859767559,0.3298854042609905,"{""type"":""MultiPoint"",""coordinates"":[]}"
20200317,2020-03-17,295.6235862064281,-0.026634890633157313,7.665326588428112E-5,100052.39784274656,1.5217320522675648E-6,2.2307178263762444E7,302.7867051801053,2.9675270401382316E-4,0.5703873174066426,0.4438972538201651,0.3197567559503739,"{""type"":""MultiPoint"",""coordinates"":[]}"
20200318,2020-03-18,294.25629393477504,-0.02866247000378949,7.334546066130107E-5,100034.11647347895,7.862740374625997E-8,2.357538747260159E7,302.8351192439975,1.6711501100681108E-5,0.5091596340270467,-0.35318240828204,0.3082832123657476,"{""type"":""MultiPoint"",""coordinates"":[]}"
20200319,2020-03-19,295.460296971793,-0.0248707259766384,7.964221420074862E-5,100057.27743161599,8.140649986404655E-6,2.090996448531024E7,302.24271561775896,0.0015890743294379142,0.5523073112954601,-0.03321870456078344,0.30356506258697086,"{""type"":""MultiPoint"",""coordinates"":[]}"
20200320,2020-03-20,295.904555691594,-0.02265038658329781,7.397876538570034E-5,100061.26439951327,4.049698196504678E-6,2.0764259609368086E7,301.96574728023785,7.51125980175732E-4,0.6623278697073811,-0.32743930710610153,0.3071415282482281,"{""type"":""MultiPoint"",""coordinates"":[]}"
20200321,2020-03-21,296.15819575904385,-0.023546008419365046,1.1571413433341139E-4,100026.5979788948,4.7395472658957305E-5,2.2684780161918502E7,301.7455500701198,0.006751050095988738,0.25983274812694934,0.2968991452906192,0.3283444918295357,"{""type"":""MultiPoint"",""coordinates"":[]}"
20200322,2020-03-22,296.04420821021023,-0.019955498129774252,7.02939065105426E-5,100024.95563032478,3.40176905443898E-6,2.0872328822214205E7,301.5653847619768,6.599438199058063E-4,0.5502727531243266,0.06882946253940597,0.3585414003761275,"{""type"":""MultiPoint"",""coordinates"":[]}"
20200323,2020-03-23,296.61973864104493,-0.017606106293553962,9.548194435070106E-5,99956.3654219046,2.9960125308581926E-5,2.0551214589974757E7,301.41016584979417,0.004517427328005189,-0.05605647085033685,0.1790667111977661,0.36419949403733703,"{""type"":""MultiPoint"",""coordinates"":[]}"
20200324,2020-03-24,296.8496900708189,-0.01589297638783548,9.890107838977684E-5,99814.49836423728,3.4513966920270074E-5,1.9699486254237294E7,300.765145114615,0.004690762658949754,0.31000447264656544,0.14679992661795405,0.3862290487279112,"{""type"":""MultiPoint"",""coordinates"":[]}"
20200325,2020-03-25,296.08174661713616,-0.018105921574310412,7.398641479174412E-5,99871.10095741629,1.0666278588225858E-5,1.987963313090516E7,300.6340921562241,0.001677146555605323,0.26842764441619377,0.10950920471191866,0.38944179316182637,"{""type"":""MultiPoint"",""coordinates"":[]}"
20200326,2020-03-26,295.62582347868494,-0.02091685766767303,6.353292510778604E-5,99866.52777779735,1.4961319325677852E-6,2.2637330587089792E7,301.59268330902927,2.807077602105496E-4,0.25189476435051794,0.017189081979924237,0.3678033729917314,"{""type"":""MultiPoint"",""coordinates"":[]}"
20200327,2020-03-27,295.6281474966716,-0.02409222050480279,6.148172089050188E-5,100022.97529710083,7.82679058436749E-7,2.380888284962135E7,301.9754955371078,1.5205377830394633E-4,0.46566312051418396,0.14250704846368958,0.34911838668601297,"{""type"":""MultiPoint"",""coordinates"":[]}"
20200328,2020-03-28,295.67107557697307,-0.025540028190595598,6.189339972556905E-5,99916.91935335811,2.560909371319292E-6,2.4635014883159034E7,302.50543669631725,5.166282248938352E-4,0.8894115048598925,0.2581046591127187,0.33304811226145153,"{""type"":""MultiPoint"",""coordinates"":[]}"
20200329,2020-03-29,296.0053398683962,-0.021086828832189146,6.128553391104781E-5,99912.66506083823,3.24696194940726E-6,2.2539694403894696E7,301.81330725441387,6.49406058222557E-4,0.6492203809791123,0.6990363499281111,0.32466577769959404,"{""type"":""MultiPoint"",""coordinates"":[]}"
20200330,2020-03-30,295.9030631595341,-0.025244094798152646,5.989646679478951E-5,99898.00466570078,3.129259971690186E-6,2.3879712741795894E7,302.5248544020984,6.522495867842335E-4,0.5787524729913381,-0.03267134843730686,0.3163896259858582,"{""type"":""MultiPoint"",""coordinates"":[]}"
20200331,2020-03-31,295.439502982942,-0.027249159997351283,5.6395387116469005E-5,99919.64134553623,9.402079226263067E-7,2.5821149937252074E7,303.0425138421923,1.9496268431100385E-4,0.5207632598803584,0.01890877434118019,0.3077906336774619,"{""type"":""MultiPoint"",""coordinates"":[]}"
20200401,2020-04-01,295.0954918687713,-0.029292397245393967,5.542442304667608E-5,99870.70120861786,1.267060836299507E-6,2.635329918752254E7,303.082900656833,2.6784739445315947E-4,0.5928490819058636,0.641743463827363,0.2988604347154719,"{""type"":""MultiPoint"",""coordinates"":[]}"
20200402,2020-04-02,295.4179202576271,-0.027667314438851273,5.680105819884425E-5,99825.49546019938,3.904088111805907E-6,2.381075929498738E7,302.95155037880977,8.431211376215945E-4,0.6961661385922412,0.16477306451716095,0.2937784529689529,"{""type"":""MultiPoint"",""coordinates"":[]}"
20200403,2020-04-03,295.83933151787124,-0.02405202599410928,5.5299236902982556E-5,99893.27132560586,3.561083317404829E-6,2.2515078856112514E7,302.58469996387555,7.499613976478388E-4,0.7753031052338245,0.07069615495793878,0.2937404170806111,"{""type"":""MultiPoint"",""coordinates"":[]}"
20200404,2020-04-04,295.86041123346297,-0.026307392485232898,5.327158275383112E-5,99980.76235089202,2.6536480081326436E-6,2.383380275946628E7,302.93498532051854,5.483319370514194E-4,0.8415910150156753,0.09042024782950928,0.2919294341479748,"{""type"":""MultiPoint"",""coordinates"":[]}"
20200405,2020-04-05,296.6427836016347,-0.019923153794493182,7.708781501939914E-5,100142.56767035788,2.7516603555827213E-5,2.1300264067796618E7,301.70213446861885,0.004487936876765061,0.2824761337608597,0.08896773843642597,0.30761340111834395,"{""type"":""MultiPoint"",""coordinates"":[]}"
20200406,2020-04-06,296.3784709210034,-0.021337583604655968,7.707937031156785E-5,100067.1622201906,2.8464321169318432E-5,2.203681353479986E7,301.7911532601853,0.004477911600235178,0.5071805545180046,-0.11030845032215178,0.3333441545963574,"{""type"":""MultiPoint"",""coordinates"":[]}"
20200407,2020-04-07,297.0419582445356,-0.010877392684998516,1.7966590673967344E-4,100059.91374161608,1.3175354165545969E-4,1.443884657050126E7,299.93289094212577,0.006794048471658874,0.20968392784026024,-0.722196303246213,0.39271604001686855,"{""type"":""MultiPoint"",""coordinates"":[]}"
20200408,2020-04-08,297.2224246340455,-0.014312380702485692,1.652729648826701E-4,100063.24504493432,1.1799699706460356E-4,2.055420910169492E7,300.6713172122971,0.00835107153293504,0.06418084874722317,-0.6208977725073358,0.41717785535946056,"{""type"":""MultiPoint"",""coordinates"":[]}"
20200409,2020-04-09,297.2932755194801,-0.015745261467098547,1.3922313963769364E-4,99984.73308266,9.202385395819045E-5,2.1399234384421203E7,300.9801412259807,0.006757205113730961,0.051376720162047855,-0.6147321178328752,0.4267732454243295,"{""type"":""MultiPoint"",""coordinates"":[]}"
20200410,2020-04-10,296.0074550735505,-0.01758152790424027,1.4520563075054956E-4,99998.58394716258,6.423179117987571E-5,1.714531111900469E7,301.4864253997802,0.0035238113405011992,-0.15293275526129063,0.06314980262947105,0.4250445101664952,"{""type"":""MultiPoint"",""coordinates"":[]}"
20200411,2020-04-11,296.09202598106805,-0.021505146411311703,5.0938722139826946E-5,100074.72418413186,5.8458684757217546E-6,2.2854786476379376E7,302.0034126389956,9.948926155979008E-4,0.23645974925137841,0.065050453674852,0.39523112692215634,"{""type"":""MultiPoint"",""coordinates"":[]}"
20200412,2020-04-12,296.19442908462105,-0.021860400646699283,4.7294477392438086E-5,99993.56748312176,3.0410916333244975E-6,2.2577193864046164E7,302.2373344888194,5.626304025402727E-4,0.43283489395583646,-0.295195044512817,0.3764646769515711,"{""type"":""MultiPoint"",""coordinates"":[]}"
20200413,2020-04-13,296.75745513774785,-0.020504966534048142,4.5237141828265306E-5,99877.89634526857,1.818358124355697E-6,2.3306149529390555E7,302.1280985095206,3.3272806048254526E-4,0.5201995570809529,-0.10488632404828592,0.36021914483836265,"{""type"":""MultiPoint"",""coordinates"":[]}"
20200414,2020-04-14,296.476237821986,-0.022642760602384546,8.299247940395698E-5,99943.65894443911,4.043680233857369E-5,2.3309544921745405E7,302.1028378483538,0.0053527719313342615,0.44750037745280774,0.35729548512406195,0.35606924303020193,"{""type"":""MultiPoint"",""coordinates"":[]}"
20200415,2020-04-15,296.5314327276216,-0.018724173396084228,4.92283423541042E-5,100033.7585065649,7.392940025143878E-6,2.2424024554633975E7,301.4387848887655,0.001288968435891058,0.425046625239357,0.1661068179140528,0.38348043645599,"{""type"":""MultiPoint"",""coordinates"":[]}"
20200416,2020-04-16,296.22507140481395,-0.021282099300220993,4.6781502365851045E-5,99936.71184867661,5.699154103743741E-6,2.246987767868735E7,301.9269692881461,9.795523849441112E-4,0.5149460776606808,0.02252425621845269,0.3685407306099328,"{""type"":""MultiPoint"",""coordinates"":[]}"
20200417,2020-04-17,296.6843579263982,-0.02118129491553469,4.998757075713166E-5,99879.2920555778,9.67512567508449E-6,2.2577024159754783E7,302.23913518252436,0.0017930139803599436,0.32922795260521437,0.09241426878070616,0.35827848008223795,"{""type"":""MultiPoint"",""coordinates"":[]}"
20200418,2020-04-18,297.00777088499564,-0.0183511660661007,4.540455285453041E-5,99914.78998071999,5.794335069357167E-6,2.1121055577713672E7,302.1092398726377,0.0010852752879664134,0.44086868835478576,-0.1355374064894304,0.3542154008113559,"{""type"":""MultiPoint"",""coordinates"":[]}"
20200419,2020-04-19,297.1334371600018,-0.020093902496817827,5.182764384448207E-5,99826.71124758411,1.2901189457927422E-5,2.2136572759826906E7,302.38353529571407,0.002156506424512495,0.18091828256490816,0.2451797667454177,0.3512382329635171,"{""type"":""MultiPoint"",""coordinates"":[]}"
20200420,2020-04-20,297.2578577547639,-0.01905485524588056,6.127857502040733E-5,99842.70096738264,2.304227062824441E-5,2.1734423423007574E7,302.1792262176265,0.0038435747052001446,0.3867550886713379,0.17014569484753342,0.3553514409515202,"{""type"":""MultiPoint"",""coordinates"":[]}"
20200421,2020-04-21,297.1607113874996,-0.015776356990495146,1.0998514029165493E-4,99951.31093672525,7.232605304006115E-5,2.098217024269744E7,300.53407378299323,0.009505976707962844,0.20692074231508759,-0.3680396024990805,0.40425183231662365,"{""type"":""MultiPoint"",""coordinates"":[]}"
20200422,2020-04-22,297.0573521238176,-0.015915806566791937,7.434089100838052E-5,99954.80536923902,3.721531422783913E-5,2.1360062533717997E7,300.5643436437846,0.005294231953837577,0.3694843494457929,0.0452484205259499,0.4316645362139579,"{""type"":""MultiPoint"",""coordinates"":[]}"
20200423,2020-04-23,297.5613873393823,-0.01539221601852905,8.577888907399198E-5,99885.32044110014,4.9113273470142983E-5,2.096732226072845E7,301.0041513214864,0.006275780509728797,0.1808533063802113,-0.08230358910311272,0.43494980471941536,"{""type"":""MultiPoint"",""coordinates"":[]}"
20200424,2020-04-24,297.68025247046745,-0.011769256385609517,2.7179998791351074E-4,99923.91167708853,2.3296951785484814E-4,1.8380597986296427E7,300.4604054636817,0.007088668140911271,0.29236269025851913,0.26199045352085176,0.447966379247501,"{""type"":""MultiPoint"",""coordinates"":[]}"
20200425,2020-04-25,297.95104791315896,-0.01355175019315422,5.8333542946224986E-5,99842.03775853846,2.2584923737495332E-5,1.8677784886404622E7,301.37927751945807,0.0014741244279217365,0.42770009591668584,-0.9319101932716851,0.42785730441038766,"{""type"":""MultiPoint"",""coordinates"":[]}"
20200426,2020-04-26,297.88637017819707,-0.013318853008802985,1.8943027279843855E-4,99913.63831724161,1.5415199399209392E-4,1.6987463530111793E7,301.1840747597556,0.009085572122173365,-0.0497098182855224,0.01322696500994406,0.4349883552181677,"{""type"":""MultiPoint"",""coordinates"":[]}"
20200427,2020-04-27,297.6656057247965,-0.017394175562904148,3.833560695555337E-5,99964.14868319605,3.5091536035616825E-6,1.9955594368914533E7,302.1565725331354,4.6148658701542113E-4,0.48547304288486065,-0.9619831428144944,0.427908683370578,"{""type"":""MultiPoint"",""coordinates"":[]}"
20200428,2020-04-28,297.8781460847888,-0.014965855354947644,0.0032624218154804745,99897.92709260709,0.0030275970278257416,1.7810087831229717E7,301.4276582351283,0.02218493764425416,0.06772126726181923,-0.049077627320375,0.42869547419657517,"{""type"":""MultiPoint"",""coordinates"":[]}"
20200429,2020-04-29,297.2011535040159,-0.010456248432709517,6.262753850666573E-5,99926.72329760707,2.6166621760861174E-5,1.6131913483591778E7,300.77399038302667,0.0020613436147956174,0.0450439379756619,-0.6801509441901232,0.4520234479283984,"{""type"":""MultiPoint"",""coordinates"":[]}"
20200430,2020-04-30,297.89421755293984,-0.012208516603712567,1.4251221227938203E-4,99979.21545517276,1.0830906864283878E-4,1.884235033573747E7,301.0650168062475,0.006870696376350557,0.08635852239154569,-0.38662300090948,0.44963334085047424,"{""type"":""MultiPoint"",""coordinates"":[]}"
20200501,2020-05-01,297.8249194590801,-0.014225697650661805,1.500233271643869E-4,99914.26797331648,1.1686023406676338E-4,2.1366925461593945E7,301.17695108476295,0.006993220555747253,0.4552571644847791,-0.4545302681659818,0.4627349745526539,"{""type"":""MultiPoint"",""coordinates"":[]}"
20200502,2020-05-02,298.51778432133256,-0.012814666252358912,3.792270668740312E-4,99765.02546481512,3.3205304277360206E-4,1.9316843398485396E7,301.5078927617991,0.009212687884556887,0.4939208261696446,-0.8510744178477126,0.46427926880792597,"{""type"":""MultiPoint"",""coordinates"":[]}"
20200503,2020-05-03,298.2111608507772,-0.011938634073631106,1.2935740752981925E-4,99799.88438246599,9.61247416467732E-5,1.6897072111792285E7,301.15844612681013,0.00450177364205007,0.009635909014359192,-0.6437884399933603,0.4659346613635781,"{""type"":""MultiPoint"",""coordinates"":[]}"
20200504,2020-05-04,298.0318012824496,-0.016042996086435456,5.1352053375567406E-5,99849.32105017507,1.9270753413385065E-5,2.2167363157230437E7,302.00333047993615,0.0021388709098894283,0.244324876849705,-0.5319759019192974,0.45282671786598444,"{""type"":""MultiPoint"",""coordinates"":[]}"
20200505,2020-05-05,297.76830962197494,-0.01678605478833266,1.2577552680198873E-4,99814.3326869286,9.410894179318386E-5,2.2364694005409308E7,301.77339949563714,0.005785833790521561,0.10423296875557601,-0.3338678661827458,0.45219709598354635,"{""type"":""MultiPoint"",""coordinates"":[]}"
20200506,2020-05-06,297.6682899081661,-0.013421384822557092,1.3638141619097313E-4,99807.10817862583,1.047644676862965E-4,2.0376329733141E7,300.8164473683922,0.005965389512825906,-0.27516310919160836,0.06264156070892189,0.45791730331620845,"{""type"":""MultiPoint"",""coordinates"":[]}"
20200507,2020-05-07,297.37752599196875,-0.013866433601731046,1.4272348043766427E-4,99867.38692294888,1.1173786989756112E-4,2.1269789862603683E7,300.3794812554279,0.007373233263646486,-0.03371974524575827,0.6237506355169173,0.4650687820594147,"{""type"":""MultiPoint"",""coordinates"":[]}"
20200508,2020-05-08,297.5600412836269,-0.012723226663097338,6.0820053984789584E-5,99840.67842597471,3.011244172186702E-5,1.929546188243779E7,300.5268622246022,0.002334466203639205,0.04061752105650527,0.1634512313327361,0.46122928651024897,"{""type"":""MultiPoint"",""coordinates"":[]}"
20200509,2020-05-09,297.6920504835395,-0.01506811361309857,1.118337306312564E-4,99774.90221051301,8.148501442091757E-5,2.1305444702488277E7,301.291359996234,0.0055289316802862275,0.03305757084436207,-0.05871671288471151,0.45540529432914645,"{""type"":""MultiPoint"",""coordinates"":[]}"
20200510,2020-05-10,297.7177939657439,-0.014823276784675373,8.344504911032046E-5,99765.83458441099,5.340782251763851E-5,1.883596024053372E7,301.3175192150966,0.005133990190580566,0.36288606305150467,-0.16820325073620954,0.45765413471620414,"{""type"":""MultiPoint"",""coordinates"":[]}"
20200511,2020-05-11,297.91560847702794,-0.014427146121048128,4.5017576737821725E-5,99762.46826060355,1.5272962092665442E-5,1.941680438874865E7,301.2648750428527,0.0018493381704701188,0.022061798603779163,-0.13883577059174776,0.4609277224021973,"{""type"":""MultiPoint"",""coordinates"":[]}"
20200512,2020-05-12,298.0618199303627,-0.012690301745420667,0.0015023587747811842,99735.77816529981,0.001369299554476616,1.9761919978362788E7,300.663026882373,0.018045230848653365,0.06605633028225051,0.12667644190120503,0.46266883524984015,"{""type"":""MultiPoint"",""coordinates"":[]}"
20200513,2020-05-13,297.5176452036474,-0.01087437549003444,0.0024549939487971775,99715.76755141896,0.001980709024190129,1.833302965741075E7,299.7585644211273,0.014458038423343382,-0.14575904715962532,-0.09736179952968813,0.4583737229710518,"{""type"":""MultiPoint"",""coordinates"":[]}"
20200514,2020-05-14,298.2284747821979,-0.012843180828003347,1.6587377239382748E-4,99622.63661591687,1.3673513472144716E-4,2.055306391849982E7,300.972118576468,0.007000279706542431,0.27137680686513227,-0.31929585317218956,0.46194749910795074,"{""type"":""MultiPoint"",""coordinates"":[]}"
20200515,2020-05-15,297.7309709554224,-0.006969718538625036,0.0014224003582623218,99632.16279874434,0.0012937438023722307,1.3391855997836279E7,299.08498674987214,0.01498230181616134,-0.21776616944474578,0.311937973410167,0.48362829513540645,"{""type"":""MultiPoint"",""coordinates"":[]}"
20200516,2020-05-16,297.8066674331186,-0.007195190790861984,5.355109505992137E-5,99581.63342861833,2.455312639120207E-5,1.1426808632527947E7,299.90398340217206,0.001981077380572422,-0.003105916502900183,-0.5914043793097642,0.47863575368707684,"{""type"":""MultiPoint"",""coordinates"":[]}"
20200517,2020-05-17,298.1828700252588,-0.00628954969048285,0.008545135351732843,99547.72247758335,0.00624648488593196,1.197954070393076E7,299.57259668927315,0.03539915067857602,0.596867976688482,-0.4237823676197473,0.4818531243413352,"{""type"":""MultiPoint"",""coordinates"":[]}"
20200518,2020-05-18,297.74874462825153,-0.0022296966333983396,0.013021107001335585,99588.14917335552,0.006465575275247467,4322019.536963578,298.082191628237,0.05999713414978388,0.5666810175678682,-1.0344190308072994,0.4712461498382934,"{""type"":""MultiPoint"",""coordinates"":[]}"
20200519,2020-05-19,297.43175810933013,-0.006560312672036244,0.001966625935671091,99605.28462788026,4.957463341072239E-4,1.3244001412188971E7,298.94134786206666,0.011382147073315835,0.3071378432066485,-0.8693914852802649,0.4557923284742262,"{""type"":""MultiPoint"",""coordinates"":[]}"
20200520,2020-05-20,297.4710988926191,-0.00993513226847635,1.0718827079101628E-4,99660.68348023447,7.154740691399947E-5,1.8099266167327806E7,299.63726552717236,0.005134052119255445,0.5955591141024037,0.4118451607286077,0.47878905898290314,"{""type"":""MultiPoint"",""coordinates"":[]}"
20200521,2020-05-21,297.2710598151061,-0.007469277556218528,1.0822073909465136E-4,99767.78011783784,7.14149811058925E-5,1.3871894976559686E7,299.17389615537286,0.0047835312431743346,-0.16872790295683088,1.2391024786257543,0.48495840874410684,"{""type"":""MultiPoint"",""coordinates"":[]}"
20200522,2020-05-22,298.0679167449324,-0.006763428244088213,7.826821214233631E-5,99750.70542278029,4.0424579947251854E-5,1.1829793796610171E7,299.87795638006344,0.0025323807059364377,0.09012585692801772,0.13825657564310634,0.48149968168027324,"{""type"":""MultiPoint"",""coordinates"":[]}"
20200523,2020-05-23,298.0486646031572,-0.00659153279987776,0.0010658126341879606,99794.32338698732,9.468588272759169E-4,1.3667656538766682E7,299.70167342698517,0.01149949989205356,0.5413063788502847,-0.12760244382804856,0.47903312715662694,"{""type"":""MultiPoint"",""coordinates"":[]}"
20200524,2020-05-24,298.03962322954584,-0.010800111539100338,6.830784180858186E-5,99845.26248318984,2.843717880899022E-5,1.6625733664623156E7,300.681573833865,0.0019426779196455668,0.5185765540288868,-0.7485502447871613,0.47322682351902107,"{""type"":""MultiPoint"",""coordinates"":[]}"
20200525,2020-05-25,298.16370936766447,-0.010005986483903986,2.022260605880512E-4,99908.1717418804,1.5969909499192819E-4,1.750948604832312E7,300.44985977459,0.007384272665054067,0.343298380471491,-0.04737996567841804,0.48247973330534777,"{""type"":""MultiPoint"",""coordinates"":[]}"
20200526,2020-05-26,298.6173908342779,-0.009428225942641186,2.995638067310483E-4,99900.59551471501,2.529979466833107E-4,1.798987020194735E7,300.5330241004182,0.005701833001017144,0.2551864257640086,0.10580797839700666,0.4806568682487517,"{""type"":""MultiPoint"",""coordinates"":[]}"
20200527,2020-05-27,298.13154286681385,-0.008051283520522465,4.2724900358728334E-4,99870.30416106721,3.7707079952905816E-4,1.6612446870537328E7,300.02570907495556,0.0066333068113116475,0.0154332485260879,0.13254006471552524,0.4766859230420269,"{""type"":""MultiPoint"",""coordinates"":[]}"
20200528,2020-05-28,297.69394728432104,-0.008433765693128734,0.001986571889554728,99807.75788064455,0.0014622079586664608,1.5140246705373242E7,299.59087052650784,0.010728145949422162,-0.13179728245130456,-0.048918030184326104,0.46482706958391523,"{""type"":""MultiPoint"",""coordinates"":[]}"
20200529,2020-05-29,297.55943854540965,-0.007812276672003634,0.0067459046222696755,99809.33041515003,0.0039379189118039,1.4541214812838078E7,299.02739274334147,0.028796174290418374,-0.2778258041086529,0.7128781652433368,0.46374917400042337,"{""type"":""MultiPoint"",""coordinates"":[]}"
20200530,2020-05-30,297.27596322073504,-0.008336179882685632,0.0023633130015640797,99810.85600363484,0.002046836605258595,1.5161344895059505E7,299.24371558844103,0.01039752341364077,-0.45666412952385027,1.0949596770036996,0.47824137089616164,"{""type"":""MultiPoint"",""coordinates"":[]}"
20200531,2020-05-31,297.0324348383676,-0.012406963668293441,7.927230402445735E-4,99935.15514442654,2.743837890795238E-4,1.8873879971150383E7,299.62661378500286,0.009175825893895458,-0.06460414303654534,1.9288215689224073,0.47888541218752695,"{""type"":""MultiPoint"",""coordinates"":[]}"
20200601,2020-06-01,297.2647427238944,-0.008410856190879468,0.00844418971365727,99983.8321646044,0.004132446666035548,1.5830456100973673E7,298.92951904367493,0.027150217477289986,-0.1926787560168676,1.6646440488413154,0.47484895727040893,"{""type"":""MultiPoint"",""coordinates"":[]}"
20200602,2020-06-02,297.01671950194344,-0.0027832624795008686,0.004745130125920868,99994.85024955813,0.0014131960216902933,7072636.752253876,297.56450693039017,0.023365252785866753,-0.05532324435920411,1.1674629633695204,0.48198610074905013,"{""type"":""MultiPoint"",""coordinates"":[]}"
20200603,2020-06-03,297.0531403460974,-0.007328218305224854,0.002522389848138553,99934.05784069694,9.61928369441791E-4,1.4607274351244144E7,298.4962244805328,0.015846446707793893,0.279492599830302,1.2039440728850284,0.4830769390881613,"{""type"":""MultiPoint"",""coordinates"":[]}"
20200604,2020-06-04,297.2411651918558,-0.006817321903302357,0.002396192171923572,99933.90116956244,0.0016898597797847077,1.4552360276235132E7,298.62064946066073,0.013704996260755995,0.05314459137538833,1.184569531356018,0.46963558708307396,"{""type"":""MultiPoint"",""coordinates"":[]}"
20200605,2020-06-05,297.10465722898545,-0.006561456302572493,0.004848701224467233,99956.98411286945,0.0023140136435966484,1.2744015182113236E7,298.3763130514479,0.021710136042168288,0.5076429779991849,0.7856205376112514,0.4725660162915517,"{""type"":""MultiPoint"",""coordinates"":[]}"
20200606,2020-06-06,296.7098442721445,-0.00276146330183867,0.014902753259058344,99955.83182176859,0.007631739064798518,6796322.1334294975,297.39570589543604,0.03628794335485231,-0.006470548288368488,0.6759056268453113,0.47289123963902735,"{""type"":""MultiPoint"",""coordinates"":[]}"
20200607,2020-06-07,296.5554143777475,-0.0039359107076197474,0.0030001422186814366,99894.28285981968,8.695257637546332E-4,8182798.308690949,297.32648537900957,0.019010716806754625,-0.15840119436564162,0.007175906315805908,0.4871021099482638,"{""type"":""MultiPoint"",""coordinates"":[]}"
20200608,2020-06-08,296.63978253105597,-0.008916430758346604,7.47026797025332E-4,99789.40417807693,3.097401686708634E-5,1.41190284608727E7,298.9259165550514,0.0019462468217436345,0.34911403066766045,-0.3874558065642328,0.47507929386377823,"{""type"":""MultiPoint"",""coordinates"":[]}"
20200609,2020-06-09,296.97704750581045,-0.008823539404782242,0.0022521051600054203,99773.85110350742,0.0013409636799196366,1.6800280429859363E7,298.8214571476269,0.011279568353312303,0.4007193343773214,-0.7260745815222532,0.47600858545973984,"{""type"":""MultiPoint"",""coordinates"":[]}"
20200610,2020-06-10,297.2716731745431,-0.007418056363572382,0.002304669143145067,99717.92358295723,5.078458136872526E-4,1.398860839019113E7,298.784513129138,0.010395333969314472,0.7543177095108959,-0.8650555520379237,0.46553693744536984,"{""type"":""MultiPoint"",""coordinates"":[]}"
20200611,2020-06-11,296.93487513152763,-0.0026775755665274766,0.0017620906814142894,99653.86157200152,3.974064620358824E-4,5713614.975838443,297.50791972146936,0.01234254662284686,0.006925359112179783,-0.26049454657271126,0.47710923796620625,"{""type"":""MultiPoint"",""coordinates"":[]}"
20200612,2020-06-12,296.71089477690384,-0.006248061320507006,0.0019034044276365425,99594.98974374594,2.3908257011553895E-4,1.0924607772809234E7,298.17797845417897,0.008909248080837871,0.43862551750937895,-0.2863488273560994,0.49014555856232633,"{""type"":""MultiPoint"",""coordinates"":[]}"
20200613,2020-06-13,297.0782605366203,-0.007599833721326569,0.004609517035740531,99690.6335952526,0.0010146419982853408,1.5510170133429497E7,298.30165943581835,0.01937368854187131,1.1444826209784442,-0.052540569340384556,0.4848250680165246,"{""type"":""MultiPoint"",""coordinates"":[]}"
20200614,2020-06-14,297.28764724708526,-0.0037015162548067085,0.0038917404819472008,99834.11168692577,4.306813272766117E-4,8943034.802740715,298.08943337060924,0.012584678856076472,0.3451209810580009,-0.4923129019248313,0.4861202316797759,"{""type"":""MultiPoint"",""coordinates"":[]}"
20200615,2020-06-15,297.3130840136894,-0.007481599978234767,0.0031096960420949,99744.33261144717,3.3836695709857877E-4,1.4020150382257484E7,298.86051447469754,0.010059592578299506,0.61964863271492,-0.19797817676854634,0.48102836514883496,"{""type"":""MultiPoint"",""coordinates"":[]}"
20200616,2020-06-16,297.2361124753809,-0.00641299586298446,0.003675467282630372,99714.91662822163,1.9077650915187838E-4,1.199829120302921E7,298.5880891089401,0.00825650427706741,0.40664430093931486,-0.03532158771032955,0.47317604789912726,"{""type"":""MultiPoint"",""coordinates"":[]}"
20200617,2020-06-17,296.99869279761725,-0.007742446716612873,0.006437134160231994,99806.01311362965,0.00191133769462137,1.469967470753697E7,298.4674693663714,0.016518435325716407,0.26647277966845656,-0.3565627865126994,0.4787576679771288,"{""type"":""MultiPoint"",""coordinates"":[]}"
20200618,2020-06-18,296.9195901183128,-0.008897389323217878,0.0037359141546855364,99883.18845889537,3.0092087907134267E-4,1.6056185356653446E7,299.03051723902547,0.0057247482733237855,0.21245089160778421,-0.41255336857312064,0.47718184629674865,"{""type"":""MultiPoint"",""coordinates"":[]}"
20200619,2020-06-19,297.2103894964293,-0.006433207626339334,0.004009874738427737,99927.7396169067,3.567577171446054E-4,1.3627163961774252E7,298.71883949475136,0.009411159190131019,0.548960692264352,-0.777233496754341,0.4767751690286443,"{""type"":""MultiPoint"",""coordinates"":[]}"
20200620,2020-06-20,297.1577565756852,-0.010016876935496728,0.004677782041412631,99888.15676762865,7.398930017887106E-4,1.744375768698161E7,299.07589820451875,0.012400056839988143,0.8955367909470551,-0.4884663286053201,0.4783907697842462,"{""type"":""MultiPoint"",""coordinates"":[]}"
20200621,2020-06-21,297.0000568903013,-0.004192423743114892,0.01054872619978925,99811.3207596363,0.0019454503968610608,9458315.756220702,297.8276045508418,0.02641138316815171,1.106360583254345,-0.8534271537376319,0.4773175249536503,"{""type"":""MultiPoint"",""coordinates"":[]}"
20200622,2020-06-22,296.7575320688517,-0.002309890339682345,0.018451905203798472,99752.41865723887,0.0012186690117106556,5442066.931842771,297.2283557273259,0.024190978602171374,0.12735607423723883,-0.9841270976405347,0.47752609532646645,"{""type"":""MultiPoint"",""coordinates"":[]}"
20200623,2020-06-23,296.3001609891205,-0.010118887020530917,0.009112636545613234,99736.10417171441,8.169675814817411E-5,1.482218968121168E7,298.84904570842616,0.004132602126040358,0.22191422236970249,-0.657125591558252,0.4723563481443332,"{""type"":""MultiPoint"",""coordinates"":[]}"
20200624,2020-06-24,296.7180066570122,-0.008247609601214694,0.009043535965253334,99720.5902161679,6.239101011272464E-4,1.4442102753696362E7,298.26219294360374,0.01269529569924974,0.2219841715549819,-0.5813236443207433,0.47742871909147855,"{""type"":""MultiPoint"",""coordinates"":[]}"
20200625,2020-06-25,296.75173921788,-0.005175793358738398,0.01042712314589721,99559.50803671379,0.0013842438527319437,1.0481911679047965E7,297.7896762164199,0.017781278448104638,0.09303952535910597,0.5207214786078096,0.47665984264602596,"{""type"":""MultiPoint"",""coordinates"":[]}"
20200626,2020-06-26,296.65659346559306,-0.006023317179147234,0.0077905621080032305,99602.6945600339,3.538859146319698E-4,1.3422043487197982E7,297.95867191328006,0.011988788237541922,0.44917629034219136,0.7873869537232457,0.4827484122146881,"{""type"":""MultiPoint"",""coordinates"":[]}"
20200627,2020-06-27,296.3338133936562,-0.006758972221909558,0.009904234284878294,99685.8630987095,4.261347293595825E-4,1.0606570293544898E7,298.3073054988994,0.009000735391660845,0.4580292569314191,0.29101173120244844,0.4625540895091756,"{""type"":""MultiPoint"",""coordinates"":[]}"
20200628,2020-06-28,296.96975663597016,-0.00435112966335383,0.011552655649580683,99642.88760738783,0.0024556108369880583,1.2268540784709701E7,298.30793024281616,0.017603186805696627,0.3845666212908909,-0.3234812443840174,0.4634860468994097,"{""type"":""MultiPoint"",""coordinates"":[]}"
20200629,2020-06-29,296.9455748946782,-0.0044041998198089995,0.01812857594723913,99630.6564122909,0.0032995614175155116,9809289.117201589,297.97878564173595,0.027192731104190612,0.6727842300438884,-0.3652102891492333,0.4697394083864287,"{""type"":""MultiPoint"",""coordinates"":[]}"
20200630,2020-06-30,296.57578486389724,-0.010927531216663015,0.010996749993377415,99626.85735214569,6.635323451651247E-5,1.68051909981969E7,298.9335711575828,0.003948514376291076,0.7972546928360824,-0.3979537723041208,0.4684262990464326,"{""type"":""MultiPoint"",""coordinates"":[]}"
20200701,2020-07-01,296.7246248616896,-0.00621488106796727,0.009137592406381224,99713.61343990179,2.687232554754195E-4,1.161738625531915E7,298.46038834615064,0.00866730344414831,0.5588083603101535,-0.4179603445055624,0.4839108202631963,"{""type"":""MultiPoint"",""coordinates"":[]}"
20200702,2020-07-02,296.6235232127946,-0.007381622565005432,0.010850135789122172,99748.7685369617,0.0016238303996791838,1.2946478866209881E7,298.00862920151013,0.01914788367542476,0.6586655819555045,-0.873720833710401,0.4756620722129977,"{""type"":""MultiPoint"",""coordinates"":[]}"
20200703,2020-07-03,296.57440150100786,-0.002049452175506822,0.009858825164412147,99789.68933332912,5.118511764959356E-4,4444641.294626758,297.05955808405446,0.01564819694229429,0.2989953734121267,-0.3131541769612594,0.48788473826501366,"{""type"":""MultiPoint"",""coordinates"":[]}"
20200704,2020-07-04,296.6715213809109,-0.0052632745724806845,0.008066232942563294,99743.3243359046,2.300896252959892E-4,1.0537889055896144E7,297.85760502127994,0.00932464883543376,0.5109050072705408,0.027984433584537702,0.4958297899385847,"{""type"":""MultiPoint"",""coordinates"":[]}"
20200705,2020-07-05,296.74449213107965,-0.006870570293336494,0.009225700452273562,99700.18716391415,2.9336299990386774E-4,1.2554511218896504E7,298.1663254355994,0.011184538716507224,0.4446897760064059,-0.019303992585875618,0.4766235664524502,"{""type"":""MultiPoint"",""coordinates"":[]}"
20200706,2020-07-06,296.68138559536084,-0.007423654582863288,0.008738268603390406,99722.30032636605,4.4945098951410575E-4,1.4120595709340068E7,298.066071353834,0.01248846077290226,0.6530210218516693,-0.28864922324601433,0.48853164860399484,"{""type"":""MultiPoint"",""coordinates"":[]}"
20200707,2020-07-07,296.4200067906473,-0.009704614146130634,0.0071843554945229355,99808.36082264622,1.0847759201687422E-4,1.7297475935809594E7,298.62705008635976,0.005323640075221718,-0.03200270611157368,-0.8093874126633339,0.4816740453064133,"{""type"":""MultiPoint"",""coordinates"":[]}"
20200708,2020-07-08,295.21630124797014,-0.010240871916006845,0.00665694353729218,99844.03902581583,4.5059491291486344E-5,1.2678494568337545E7,298.576766387934,0.002645856149029827,0.23995086467241727,-1.6551744501412184,0.48052785098230294,"{""type"":""MultiPoint"",""coordinates"":[]}"
20200709,2020-07-09,296.27193438111203,-0.006396232119781896,0.008026380705846332,99783.79141803591,0.0011190735703764775,1.1989795331770647E7,297.78264962315694,0.01581249459644803,0.14815532635261067,-0.7230988053522341,0.47695174161624637,"{""type"":""MultiPoint"",""coordinates"":[]}"
20200710,2020-07-10,296.2792902459376,-0.008465434693598034,0.006010099393750545,99819.06008776504,1.1690257851328612E-4,1.389637937937252E7,298.2530221073569,0.005593312953992621,0.5726051883122029,-0.520013842463479,0.4801499780259866,"{""type"":""MultiPoint"",""coordinates"":[]}"
20200711,2020-07-11,296.4164417703388,-0.009557561644611917,0.007346639204790479,99782.66967653115,9.807819655729985E-4,1.6250668480706817E7,298.26496765690655,0.012349109558418597,0.6981199796217856,-0.036551912768928316,0.48027975339416074,"{""type"":""MultiPoint"",""coordinates"":[]}"
20200712,2020-07-12,296.37367865815446,-0.0058583617156651585,0.008748083581272723,99717.14387744968,0.001655372584442176,1.0169276373602597E7,298.1944842003246,0.015610818504123977,0.772468101005311,-0.19914271843262862,0.4622835752439263,"{""type"":""MultiPoint"",""coordinates"":[]}"
20200713,2020-07-13,296.50832713402616,-0.0034320085214399236,0.00802725158279827,99689.91600805339,8.107790171971102E-4,7433574.644428416,297.3657922138316,0.016643020572973885,0.4650354861124073,-1.0463784939252005,0.47654170086642045,"{""type"":""MultiPoint"",""coordinates"":[]}"
20200714,2020-07-14,296.58302619746996,-0.011301680152656111,0.00622457436736293,99639.16271839128,1.5331358604168062E-4,1.6720021018391635E7,298.67711002864803,0.0065733713844572834,0.6628495707135318,-1.1771882501039992,0.4804998913240026,"{""type"":""MultiPoint"",""coordinates"":[]}"
20200715,2020-07-15,296.60202666414597,-0.005334726348384984,0.009395896345968073,99704.48783276377,0.0012908491403068657,1.1860170456184639E7,297.9161967729086,0.019566009197609074,0.7808085089765043,-0.4716424594089981,0.4815444705549064,"{""type"":""MultiPoint"",""coordinates"":[]}"
20200716,2020-07-16,296.6860075403914,-0.0033293344225536997,0.017601992009329184,99673.92835008247,0.003254608144688771,8291609.684096647,297.31896737739874,0.033980486433164876,0.8444688400119985,0.009423334619462693,0.4821433606006188,"{""type"":""MultiPoint"",""coordinates"":[]}"
20200717,2020-07-17,296.5097702806824,-0.001784152117901402,0.06869116145546499,99693.83131546807,0.004598578661841432,5560371.891813921,296.8679229767509,0.040577026798525664,-0.4847448046125176,-0.3277490599566117,0.47713547908481685,"{""type"":""MultiPoint"",""coordinates"":[]}"
20200718,2020-07-18,296.52813397331994,-0.0075971089945645965,0.013594585906457611,99718.88603883055,7.164752788591851E-4,1.285896314532997E7,298.3090357617099,0.008655286887428885,-0.05932083065685481,-0.754131815241197,0.47426732690707774,"{""type"":""MultiPoint"",""coordinates"":[]}"
20200719,2020-07-19,296.3349063757277,-0.011080570857511116,0.009471979729758676,99673.11159594894,1.7027653084736716E-5,1.513463832491886E7,298.97272643212995,0.001117426943701611,0.673670762661974,-0.5714106231315275,0.47470802830337167,"{""type"":""MultiPoint"",""coordinates"":[]}"
20200720,2020-07-20,296.5547326754343,-0.009544705674509001,0.00823986493225696,99602.6286005093,4.0196534951499264E-4,1.740786807717274E7,298.49372692935844,0.01007003649220098,0.0387444325344023,0.9126550217834944,0.4782284769763711,"{""type"":""MultiPoint"",""coordinates"":[]}"
20200721,2020-07-21,296.3162133065192,-0.01381659690187247,0.00662583003362679,99658.72238496305,3.550301604523712E-5,2.1398540413992066E7,299.477498692924,0.0024752054410458945,0.2834382491095132,0.3253976818259655,0.47233359259701596,"{""type"":""MultiPoint"",""coordinates"":[]}"
20200722,2020-07-22,296.4503714291719,-0.010627766870287322,0.0059498439368641095,99668.84303374852,1.3737771169742956E-4,1.7473319449693475E7,299.057994680431,0.004621689537996168,0.16573984930472013,0.8755481219919335,0.4763471008651116,"{""type"":""MultiPoint"",""coordinates"":[]}"
20200723,2020-07-23,296.33480358295736,-0.008995423476983183,0.005923633605746901,99704.01317690255,7.566547930090169E-4,1.5766332891453298E7,298.2609595323873,0.010172093780815407,-0.2668321921083414,1.3649677664260051,0.4779027815492182,"{""type"":""MultiPoint"",""coordinates"":[]}"
20200724,2020-07-24,296.1445474903205,-0.007832595000424372,0.005272324984571455,99800.02197911267,4.688812681066401E-4,1.3715187750450777E7,297.8829499052212,0.008556591041496685,-0.5844659627608804,1.6775944060123749,0.4830658025703749,"{""type"":""MultiPoint"",""coordinates"":[]}"
20200725,2020-07-25,296.08128510938405,-0.010327137892496875,0.0045770962896907645,99950.82088183865,2.252040649208402E-4,1.7690503936530836E7,298.4344886498234,0.006123279906161805,0.4871653387044711,0.2689161641134324,0.48337722372042896,"{""type"":""MultiPoint"",""coordinates"":[]}"
20200726,2020-07-26,296.06015708369415,-0.008899979368577655,0.004229528822066593,100026.51468430001,1.089212011439767E-4,1.4282311508113954E7,298.50463492137516,0.00441452480914401,0.6387875668488668,-0.11294424649915066,0.4830600712387905,"{""type"":""MultiPoint"",""coordinates"":[]}"
20200727,2020-07-27,296.08935308450697,-0.012469372642553978,0.0037972598225469415,99880.6291180205,2.7754178470194754E-5,1.7030488628200505E7,299.1178222891946,0.0022143004723367437,0.7826053125523853,-1.0172963450484904,0.47274879229041533,"{""type"":""MultiPoint"",""coordinates"":[]}"
20200728,2020-07-28,296.50093200175513,-0.007707151149396557,0.008282688075224502,99722.4559918255,0.0021268896358218638,1.3585057230796972E7,298.08274256333317,0.027698615054097847,0.7960601061034451,-0.7725322050806965,0.47622510048184985,"{""type"":""MultiPoint"",""coordinates"":[]}"
20200729,2020-07-29,296.3909954241169,-0.0014828995039456166,0.03217036058616432,99736.4002532794,0.012447210382757489,3312948.6379372533,296.68884701848623,0.08028350126436873,0.5411173652780072,0.14272794251774976,0.4800659423408092,"{""type"":""MultiPoint"",""coordinates"":[]}"
20200730,2020-07-30,296.44942928997,-0.0030954563986876804,0.021825410613741124,99733.6263626563,0.002043699776485772,7192537.1849981975,297.0447806543937,0.029425871676258417,1.2398520046049104,0.12481135847133179,0.4822511674120015,"{""type"":""MultiPoint"",""coordinates"":[]}"
20200731,2020-07-31,296.856210877824,-0.004842904361090504,0.045767275743479344,99720.55786176836,0.002876215916311015,1.1824687096285613E7,297.7502300908094,0.03637148817090704,1.6711767620586953,-0.04264609994818376,0.47609613709530574,"{""type"":""MultiPoint"",""coordinates"":[]}"
20200801,2020-08-01,296.6141566867969,-0.00523996670732763,0.03605898982065059,99832.52501310066,0.0015292384947545685,9948025.083303282,297.57537624282566,0.028221331819927697,1.857454064689386,-0.21904497708906306,0.47852586756991794,"{""type"":""MultiPoint"",""coordinates"":[]}"
20200802,2020-08-02,296.55612513508584,-0.0023595575260699033,0.0228511347501578,99872.17025978047,0.0024513060296222355,5078593.507032095,296.9272632167838,0.03631752915075872,1.9898922257246294,0.05409842492410921,0.47162708901974976,"{""type"":""MultiPoint"",""coordinates"":[]}"
20200803,2020-08-03,296.6639364533506,-0.004217777418673275,0.04252512921205377,99768.34725565863,0.004941264379015909,9793718.788315905,297.4691869330129,0.044096095125425006,2.3418569852560958,0.3762959667031102,0.47376366856150054,"{""type"":""MultiPoint"",""coordinates"":[]}"
20200804,2020-08-04,296.6186648409074,-0.003432107297384563,0.03789496499732046,99650.35081314475,0.002625222116698008,8534176.985575188,297.3517201945592,0.03397372144180205,1.877778063257206,0.3178030026189725,0.4735252646560751,"{""type"":""MultiPoint"",""coordinates"":[]}"
20200805,2020-08-05,296.98108930251897,-0.0048203736750541334,0.02623024230888077,99558.57607080274,0.0034974506410329806,1.0160669550306527E7,297.82264568192676,0.039551907193131966,2.829824376326941,0.2895283982764932,0.47142450917525175,"{""type"":""MultiPoint"",""coordinates"":[]}"
20200806,2020-08-06,296.79658251557305,-0.003700444959117496,0.04476857182139574,99716.43849845562,0.0032535195135700553,8315421.4240894355,297.309752850281,0.045182450258576576,2.034844817959327,-0.1385595329336026,0.47707631482228535,"{""type"":""MultiPoint"",""coordinates"":[]}"
20200807,2020-08-07,296.67414711467177,-0.0018784969338453345,0.0425395432777711,99921.4429857832,0.0041138787955056445,4224597.9725928595,296.9811436584011,0.04777644810008524,1.405243390396619,0.26601514612514976,0.47467866834073513,"{""type"":""MultiPoint"",""coordinates"":[]}"
20200808,2020-08-08,296.31189241098633,-0.0016728721792801941,0.030558237875148452,99898.58105333755,0.002722895904714521,3635579.75586008,296.67728374777886,0.03601588005199357,0.8838768413482715,-0.49420805316459177,0.47890195492325893,"{""type"":""MultiPoint"",""coordinates"":[]}"
20200809,2020-08-09,296.12705350738975,-0.0013992710141790847,0.06689771597958453,99867.48467598644,0.007182171646864288,2205115.9621348726,296.4210008127584,0.06178997522251427,1.701476713286697,-0.024711345677651493,0.477226675409353,"{""type"":""MultiPoint"",""coordinates"":[]}"
20200810,2020-08-10,296.31192764019016,-0.0023934495320635674,0.026856644770276276,99897.7307217829,0.0015409408688674198,5836966.270465201,296.86483550894246,0.024286913196103835,1.46314568765491,-0.24031870434498873,0.4745656326565409,"{""type"":""MultiPoint"",""coordinates"":[]}"
20200811,2020-08-11,296.15659211515623,-0.00733696501681919,0.012715375922107117,100012.41102581203,3.913975432595751E-4,1.4615288639379738E7,297.67646776596666,0.011015507219884285,0.6320639483156879,-0.4214246794070916,0.4830427439199331,"{""type"":""MultiPoint"",""coordinates"":[]}"
20200812,2020-08-12,295.9383944394369,-0.011560542171090857,0.009683197203672972,100022.04625172094,3.6980861410353524E-5,1.8378558421204474E7,298.63944685122397,0.002590991557079488,0.8312967164912811,-1.0628884609881355,0.4772889095654439,"{""type"":""MultiPoint"",""coordinates"":[]}"
20200813,2020-08-13,296.3917864384397,-0.00874280509882527,0.008248875465068068,99820.50244756919,7.473263624898372E-5,1.5083242303281642E7,298.3294952116071,0.004796998013469483,1.198472173300797,-0.9262623484711588,0.4813667620184159,"{""type"":""MultiPoint"",""coordinates"":[]}"
20200814,2020-08-14,296.25807763682144,-0.007818535374651476,0.0071451429733076196,99780.23207880446,7.083266973495485E-5,1.3366224410385864E7,297.99104615991143,0.004283110451193699,0.4944368621910086,-0.5899901052466493,0.48702560254681754,"{""type"":""MultiPoint"",""coordinates"":[]}"
20200815,2020-08-15,296.139546024411,-0.00824111566925539,0.006256365161852592,99815.67227330228,3.3796381701040566E-5,1.506742771258565E7,298.2264241047642,0.0024375282993739666,0.04120430629375763,-0.15771652405788472,0.48408414469500116,"{""type"":""MultiPoint"",""coordinates"":[]}"
20200816,2020-08-16,295.9345982764,-0.012210515635057859,0.005604793424753349,99834.12087916219,6.904303114035052E-5,1.7785466683736026E7,298.5176669037217,0.004521346066967917,0.8347332226798749,-0.5142121298236619,0.4801036093237596,"{""type"":""MultiPoint"",""coordinates"":[]}"
20200817,2020-08-17,296.09387474894623,-0.010625171449923403,0.0050241086421097154,99798.75297963675,3.7485794753663784E-5,1.6383559717634337E7,298.44736938210605,0.002741376681638203,0.3046908772382932,-0.5682051849846714,0.48191870134429066,"{""type"":""MultiPoint"",""coordinates"":[]}"
20200818,2020-08-18,296.19365651808994,-0.009801106078075323,0.004573913260869846,99809.88245158625,3.525022292369289E-5,1.765724371402813E7,298.45992598411544,0.0027762444278063396,0.5659163149808345,-0.8835933555962302,0.4778517937342098,"{""type"":""MultiPoint"",""coordinates"":[]}"
20200819,2020-08-19,295.9852164044147,-0.013338772459791925,0.004165569464738215,99697.80573091574,1.5161684326346587E-5,1.8982568280562572E7,299.01866099071816,0.0013248411396816523,0.9442754565043038,-1.33587255589964,0.4660482078751257,"{""type"":""MultiPoint"",""coordinates"":[]}"
20200820,2020-08-20,296.17135140723605,-0.011009697948461229,0.0038454750149077227,99731.2257485805,2.5943023738042567E-5,1.6832571774251714E7,298.7031048911023,0.0023440522608891346,0.7717718155800487,-1.0665978728069798,0.46204840585236545,"{""type"":""MultiPoint"",""coordinates"":[]}"
20200821,2020-08-21,296.46933745902265,-0.012513509335240178,0.0035461091953324715,99861.31606429468,1.1744746771092624E-5,1.9700899067796614E7,299.04105660078227,0.0010636852449435951,0.5708922321857463,-0.7139631701083208,0.4583208824897818,"{""type"":""MultiPoint"",""coordinates"":[]}"
20200822,2020-08-22,296.54858262201583,-0.013918332288057158,0.0033037978746037256,99892.41718969523,2.4959545755833442E-5,2.173295215001803E7,299.4187292517887,0.002365414428550766,0.8593367521458198,-0.9820491417567165,0.4524434244765988,"{""type"":""MultiPoint"",""coordinates"":[]}"
20200823,2020-08-23,296.7044522342436,-0.008084489688884469,0.0032329230807423373,99919.2280102049,1.6992606875529322E-4,1.572494185683376E7,298.7086497356233,0.006173907629611983,0.6247246452558068,-0.651585682207381,0.4665922542534879,"{""type"":""MultiPoint"",""coordinates"":[]}"
20200824,2020-08-24,296.7684791254043,-0.010824394182278884,0.0029029318900947493,99916.71382117088,2.862742789334181E-5,1.788857381968987E7,299.0895256405196,0.0024398208051393316,0.37875261615139166,-0.42781906178657053,0.46747356441849536,"{""type"":""MultiPoint"",""coordinates"":[]}"
20200825,2020-08-25,296.428179879274,-0.013995905410467482,0.002706188255812862,99969.45517538214,1.0171227406991163E-5,1.9494844625676166E7,299.71615714627916,9.97806413269112E-4,0.8243052985522303,-1.081653013024741,0.4529648865769583,"{""type"":""MultiPoint"",""coordinates"":[]}"
20200826,2020-08-26,296.2457224514239,-0.011649216689489138,0.002537778198847993,99936.37969046996,2.107775430579587E-6,1.5100770586368557E7,299.40597354427155,2.1122509957391237E-4,0.7580267407169335,-1.0983468686922453,0.4423189489926581,"{""type"":""MultiPoint"",""coordinates"":[]}"
20200827,2020-08-27,295.8657346081886,-0.014428798783687408,0.002397249093070342,99846.59102075492,9.485110344974479E-6,2.0447936172737107E7,299.27026124177667,9.96121894225634E-4,0.7077182637110457,-0.9790869078135777,0.43308681976853963,"{""type"":""MultiPoint"",""coordinates"":[]}"
20200828,2020-08-28,295.3868873248608,-0.015662390400185036,0.0022526816946910775,99791.64729037069,3.0394687877851752E-6,2.147273541038587E7,299.2862745792424,3.2031094162204984E-4,0.5891897968123031,-0.6268384267624965,0.4218643557381954,"{""type"":""MultiPoint"",""coordinates"":[]}"
20200829,2020-08-29,295.783489890591,-0.012420947540227665,0.0021507210097199436,99817.57816502982,2.4202392929261495E-5,1.85332162152903E7,298.94073871878976,0.0024740986173987906,0.5797663545476688,-0.25690895185001716,0.4207099086175903,"{""type"":""MultiPoint"",""coordinates"":[]}"
20200830,2020-08-30,296.0957494543814,-0.012926313777585515,0.0020555538114252997,99862.70785573458,3.715999239066255E-5,2.0232920908763077E7,299.01473441974,0.0036196583289176652,0.6335318645959235,-0.772215871287017,0.4319851188966898,"{""type"":""MultiPoint"",""coordinates"":[]}"
20200831,2020-08-31,296.31069363125073,-0.01090940067210741,0.001977680168382278,99861.95858084889,5.500901489106492E-5,1.5434432943382617E7,299.0866301800572,0.004520904857615376,0.6547013681831092,-0.8749056789562354,0.4522761125836267,"{""type"":""MultiPoint"",""coordinates"":[]}"
20200901,2020-09-01,296.09111151619015,-0.01198681277077507,0.001995306554745132,99816.4408088553,1.5639641355445058E-4,1.7038518637576636E7,299.07217701296213,0.008000707480179201,0.8526019034355303,-1.0132267557810901,0.4609712045171797,"{""type"":""MultiPoint"",""coordinates"":[]}"
20200902,2020-09-02,296.7416751832684,-0.006374437531225956,0.005722948818528348,99747.39383865247,0.002995934121087704,1.0942604255679768E7,297.7585018711432,0.02407112422614506,0.08178320709422944,0.36301953846451934,0.4799428566786973,"{""type"":""MultiPoint"",""coordinates"":[]}"
20200903,2020-09-03,296.2515413942554,-0.009145063564068481,0.0017250245077662467,99698.39058567458,3.0264344363276217E-5,1.617163962928237E7,298.5335606005147,0.0023067051399024954,-0.2551286770526801,1.0784530956192877,0.4652514912242687,"{""type"":""MultiPoint"",""coordinates"":[]}"
20200904,2020-09-04,296.1718377320722,-0.01382822026705166,0.0016485151646371964,99634.3093064798,2.0438028056828765E-5,2.208747129462676E7,299.5843775637206,0.0018707762303090357,-0.32666038094066724,1.2093649272062355,0.4572663431572274,"{""type"":""MultiPoint"",""coordinates"":[]}"
20200905,2020-09-05,296.43267555892555,-0.009956280818075385,0.0018070554699959676,99597.88087264002,2.3830822560488862E-4,1.7686623452217817E7,298.9914556554424,0.005152763183682886,-0.5082989747828912,1.3630615667248447,0.4683137318881347,"{""type"":""MultiPoint"",""coordinates"":[]}"
20200906,2020-09-06,295.95198092556365,-0.005456332227479152,0.015438088947712968,99738.89497310374,0.007788064218238076,1.0299725593941582E7,297.03895769601894,0.05366377420008775,-0.2671125906994601,1.5088286641297801,0.47715793279002877,"{""type"":""MultiPoint"",""coordinates"":[]}"
20200907,2020-09-07,295.8153838102513,-0.0066635532743269665,0.0017841632266015388,99863.95075578823,1.5379047021941506E-4,1.2879182401009737E7,297.6082914127497,0.007514317193444305,-0.4038623645194147,0.4634904810436242,0.48538865342652054,"{""type"":""MultiPoint"",""coordinates"":[]}"
20200908,2020-09-08,296.6436059412755,-0.0062447400676980585,0.004342356846515685,99794.94321874251,0.001729463984443528,1.424457824305806E7,297.93386612988576,0.01788500526925179,-0.038695819275584686,1.0919513695514298,0.4838726215887592,"{""type"":""MultiPoint"",""coordinates"":[]}"
20200909,2020-09-09,296.5488390513862,-0.004326177323677031,0.008331325615823719,99748.4986799561,0.0025460095051776793,1.036389419545618E7,297.36307335014544,0.03224245435931339,0.4627962379533522,0.6992792618763334,0.4789529303573534,"{""type"":""MultiPoint"",""coordinates"":[]}"
20200910,2020-09-10,296.26686387830733,-0.0019045121312205907,0.0056978617249049315,99764.95522509652,5.970658365673336E-4,4349635.267580238,296.7145550513816,0.018267121057060517,0.22670843704687688,0.5320415021937862,0.4824122185746643,"{""type"":""MultiPoint"",""coordinates"":[]}"
20200911,2020-09-11,296.3946160202861,-0.003220300074952887,0.008720770204191899,99846.67466933753,0.0011472441860583128,8562541.13595384,296.9945783822608,0.025253655689204603,0.6189634392132252,0.7226504997244705,0.4825959739267778,"{""type"":""MultiPoint"",""coordinates"":[]}"
20200912,2020-09-12,296.1024892304663,-0.0037101485262353894,0.014321705974635774,99990.31625646113,0.002929451776311753,9584074.60512081,296.76229550824434,0.026817586303853485,0.08848800594982353,0.32753792171911617,0.4842147044170247,"{""type"":""MultiPoint"",""coordinates"":[]}"
20200913,2020-09-13,296.1018980594621,-0.003040588942141126,0.016830960462616108,100016.35142938043,9.28326949525559E-4,8432521.882798413,296.8083123682726,0.016928266665370634,0.4558253895277758,-0.29280305132296736,0.48659561430982334,"{""type"":""MultiPoint"",""coordinates"":[]}"
20200914,2020-09-14,296.28201922276725,-0.0035279186646021807,0.014047135676539766,99899.59382049237,0.0016484853327596747,8836736.10782546,297.04072424155726,0.01502570083285427,0.711673394950741,-0.15679150657135643,0.4784501301925591,"{""type"":""MultiPoint"",""coordinates"":[]}"
20200915,2020-09-15,296.266080392039,-0.005975103083013244,0.0095700499273533,99885.31037771687,1.0786882611418133E-4,1.2862220109267939E7,297.6778489067114,0.005836383655989507,1.180799091732091,-0.5398231223879391,0.487528434237088,"{""type"":""MultiPoint"",""coordinates"":[]}"
20200916,2020-09-16,296.2660403120388,-0.007052164806910814,0.008495055539402514,99905.1233165185,1.1964872871716016E-4,1.3233824479985574E7,297.86273716659355,0.006603968635690458,0.9304869067484062,-0.4010629242379901,0.4909919875647418,"{""type"":""MultiPoint"",""coordinates"":[]}"
20200917,2020-09-17,296.3882630757807,-0.006139057573217199,0.009431349024246458,99961.50401812208,0.0010370097992611928,1.2471250690587811E7,297.60396933346397,0.013020346537425632,1.0160552317283094,-0.06056991702791791,0.47735411514096965,"{""type"":""MultiPoint"",""coordinates"":[]}"
20200918,2020-09-18,296.42021382062796,-0.005317084841884261,0.009605719096988194,99832.48442653399,0.0019358093079530154,1.2544131355571583E7,297.4275982910974,0.018716983780701114,1.4002257974291954,-0.5679726234378257,0.4826792019865723,"{""type"":""MultiPoint"",""coordinates"":[]}"
20200919,2020-09-19,296.3497964178288,-0.0028219326868454474,0.0407509109683085,99721.26457366048,0.0072496089717561975,5845576.616660656,296.7046578216186,0.061384652693103316,2.3094527016094153,-0.0338932135340428,0.47610000315043827,"{""type"":""MultiPoint"",""coordinates"":[]}"
20200920,2020-09-20,296.21539812561474,-0.002051933714565799,0.05732144630056319,99756.88997753873,0.003774617564536328,3635571.179228273,296.5568664288031,0.04264834825972116,2.2004070220077847,0.1408591219432825,0.47592551720545034,"{""type"":""MultiPoint"",""coordinates"":[]}"
20200921,2020-09-21,296.24427542197543,-0.003097044062870228,0.03745825576881103,99802.06751663647,0.003645505856895895,5485003.548864046,296.5964488329717,0.04366298749190157,2.975902553933904,0.5980051937319938,0.4748390662955298,"{""type"":""MultiPoint"",""coordinates"":[]}"
20200922,2020-09-22,296.50540173651297,-0.0061453299088423076,0.022634802053669408,99833.42794544119,7.573613998393828E-4,1.4265636181672571E7,297.48067847030757,0.021335624114313428,2.2418234619129622,0.2873284549635181,0.479906934029008,"{""type"":""MultiPoint"",""coordinates"":[]}"
20200923,2020-09-23,296.40760203046375,-0.008162017269520136,0.01097867851744393,99928.82020667345,1.5175515054323768E-4,1.5121556666490158E7,298.041608923458,0.006317541519098664,1.0501652233932208,-0.2185190348459531,0.4881688840315597,"{""type"":""MultiPoint"",""coordinates"":[]}"
20200924,2020-09-24,296.27815719143194,-0.008452944614710554,0.009566043274866045,100005.01150128615,5.205855891242857E-4,1.4977191924717586E7,298.2490408840425,0.006622519955345324,0.21419692242972366,-0.19440961328316866,0.47072870167620917,"{""type"":""MultiPoint"",""coordinates"":[]}"
20200925,2020-09-25,296.27447817225,-0.007308998993865602,0.00772035455890739,99956.06386658885,8.6503167187656E-5,1.1729564516923789E7,298.1289416007203,0.005143386180273597,-0.08936169084727098,0.24068380700437084,0.46966697327404855,"{""type"":""MultiPoint"",""coordinates"":[]}"
20200926,2020-09-26,296.2276907908342,-0.005710770242692674,0.006784544184970546,99927.02643480382,3.144471730474011E-5,9565867.25320351,298.0938982032128,0.0020096664055993833,-0.023375135041842292,0.09068503767011946,0.48012258353349696,"{""type"":""MultiPoint"",""coordinates"":[]}"
20200927,2020-09-27,296.3839849386526,-0.009080031249246313,0.006108975299226649,99921.95763950323,9.172479899145403E-5,1.563230530878014E7,298.3963255524019,0.005175664975701621,0.21582397793846525,-0.4744962517752901,0.48116166907758834,"{""type"":""MultiPoint"",""coordinates"":[]}"
20200928,2020-09-28,296.55732708089647,-0.009014807754353071,0.0054814383344576325,99912.78819329014,6.610701606886677E-5,1.6830616552288823E7,298.4076231644552,0.0045447372816290795,0.3598740329277001,-0.3857073438670547,0.48351201118077647,"{""type"":""MultiPoint"",""coordinates"":[]}"
20200929,2020-09-29,295.80128986598464,-0.011336753897844477,0.00494646878823708,99864.23806372743,3.4595055460628945E-5,1.7114499661608506E7,298.4227941139112,0.0027291478345331083,0.5670295325103956,-0.36574734379314056,0.4790339627537049,"{""type"":""MultiPoint"",""coordinates"":[]}"
20200930,2020-09-30,295.8137039260691,-0.007720942351412265,0.004556225655077169,99886.11539989407,6.487932535787804E-5,1.4146245470304338E7,297.6590272435949,0.004722386128883613,0.5175947743491608,-0.005682425367701808,0.4805875612660834,"{""type"":""MultiPoint"",""coordinates"":[]}"
20201001,2020-10-01,295.61903664113987,-0.013244308719362458,0.004145906630230432,99847.60505260456,2.093494524175064E-5,1.9315642107127808E7,298.43215498022636,0.0017028903240036374,0.763256003527361,-0.7046018525347255,0.4731727748668629,"{""type"":""MultiPoint"",""coordinates"":[]}"
20201002,2020-10-02,295.50395536875556,-0.011025128172078465,0.0038225951631749282,99875.43251693694,2.2793354602914144E-5,1.6404805065145003E7,298.5605082582405,0.0020205416551059316,0.41461639940803163,-0.14074801652101043,0.4646404213394623,"{""type"":""MultiPoint"",""coordinates"":[]}"
20201003,2020-10-03,295.24573556533414,-0.012207191655116092,0.0035515909875466706,99984.55138762499,2.9949584873067398E-5,1.7997764778009612E7,298.07005319252573,0.0027234690319505425,0.4566885538579238,-0.15362517944622076,0.46430313095677894,"{""type"":""MultiPoint"",""coordinates"":[]}"
20201004,2020-10-04,294.71477981518774,-0.014066236886926993,0.0032828096159304952,100043.0261235458,1.253732814283265E-5,1.9864164732591473E7,298.22818333662144,0.0010778023809291293,0.4419494337266936,-0.6805146267557678,0.4553556719684934,"{""type"":""MultiPoint"",""coordinates"":[]}"
20201005,2020-10-05,294.82624609078596,-0.01609465881128884,0.0030399705829106207,99902.09333637844,2.898364517605352E-6,2.050746865827854E7,298.6610306598689,2.6561589317118867E-4,0.6755644200670416,-1.0126037693952248,0.4389294709046167,"{""type"":""MultiPoint"",""coordinates"":[]}"
20201006,2020-10-06,296.3011951013201,-0.010729316603211003,0.0035441833236911345,99884.51065420412,7.07374374508815E-4,1.7187218156550333E7,298.526619318171,0.017942653493124613,0.8767062284751844,-0.6261786990103233,0.46220940886702827,"{""type"":""MultiPoint"",""coordinates"":[]}"
20201007,2020-10-07,296.6769259398138,-0.007651162465105323,0.002876786558777685,99893.34285602096,1.7860178220070017E-4,1.471746565914923E7,298.4875673820715,0.0058153393281052115,0.5678403090651126,-0.5430894390667471,0.4806537917061828,"{""type"":""MultiPoint"",""coordinates"":[]}"
20201008,2020-10-08,296.8473457586795,-0.0059208178760405275,0.006234681258616877,99837.52417852065,0.002235206923478784,1.2452585664423423E7,298.2178494792415,0.02043916919615565,0.2406378504260972,0.22920670162844736,0.47464689719503594,"{""type"":""MultiPoint"",""coordinates"":[]}"
20201009,2020-10-09,296.37668105693007,-0.0070105875001631205,0.0025720360759058625,99852.46809461495,1.1105017835295163E-4,1.2245664834862065E7,298.2015743581189,0.005358175062256543,-0.06340259983499746,0.20320352961745083,0.4806288848603658,"{""type"":""MultiPoint"",""coordinates"":[]}"
20201010,2020-10-10,296.46758351771365,-0.004994069940447162,0.004351193869195602,99846.6984596514,9.61275466976723E-4,9933929.896141363,297.68174730606535,0.015259510667217455,0.31354475497110407,0.16140359918835337,0.4816480741605174,"{""type"":""MultiPoint"",""coordinates"":[]}"
20201011,2020-10-11,296.2279103136161,-0.0021541382737250863,0.004267770373838454,99747.92864220604,9.069932370120512E-4,5324711.542012262,296.7485694055274,0.015048632426054994,0.40748130508534736,-0.6057777795557766,0.4781394826203732,"{""type"":""MultiPoint"",""coordinates"":[]}"
20201012,2020-10-12,296.3034932406739,-0.004416548273181211,0.007763695295562909,99604.26943411028,0.0022976554572861677,1.0891846800576994E7,297.10602497105884,0.030950372015086578,1.9296829837175902,-0.00519906455671749,0.48032871486619344,"{""type"":""MultiPoint"",""coordinates"":[]}"
20201013,2020-10-13,296.3290532003559,-0.0038205157982886093,0.012832106143139437,99623.2759938892,0.002454285222057655,9270589.20266859,296.9149230175658,0.03678656585487318,2.4001344108054217,0.26983460239069235,0.47507579763114194,"{""type"":""MultiPoint"",""coordinates"":[]}"
20201014,2020-10-14,296.56586307682005,-0.004345012482778287,0.010706347453327675,99725.72873250196,8.854558600701885E-4,1.1370285612693835E7,297.44705205835515,0.02056272852906586,1.6364896517273388,0.4710087432842985,0.4878628869829935,"{""type"":""MultiPoint"",""coordinates"":[]}"
20201015,2020-10-15,296.48650491436825,-0.008162984056912131,0.009476727230042444,99700.32267067718,3.0375858839350054E-4,1.6953929528669316E7,297.9911115343489,0.012599922998734771,1.2743575152962205,0.6946453856424523,0.48871301214688384,"{""type"":""MultiPoint"",""coordinates"":[]}"
20201016,2020-10-16,296.10448613254505,-0.007908289439995022,0.008452603772814597,99671.21304088348,2.4978488178576454E-4,1.6386728046159392E7,297.5981638920194,0.008232197798319931,0.19787146902124475,0.3227058240951491,0.48686668434055946,"{""type"":""MultiPoint"",""coordinates"":[]}"
20201017,2020-10-17,296.189284423808,-0.00856101330204471,0.007942149586897656,99730.64730011401,4.2012224515938296E-4,1.7024383935088355E7,298.11462224861054,0.006973697823742446,-0.14619466068796536,0.4056841750488299,0.47004948529017526,"{""type"":""MultiPoint"",""coordinates"":[]}"
20201018,2020-10-18,296.1760793590305,-0.007481401289816243,0.006756181036398553,99786.35213712121,1.639022138889972E-5,1.2632890434908042E7,298.40188991153656,0.0010832911250141023,0.09750499947739703,0.0802210034021808,0.46183617531443627,"{""type"":""MultiPoint"",""coordinates"":[]}"
20201019,2020-10-19,296.0109792329441,-0.011590044220034242,0.006189736527223861,99737.88960811426,2.4270066125617328E-5,1.943209907500902E7,298.76173697378886,0.0018088816010688037,0.5208373043969613,-0.38860780554531954,0.4592989845794043,"{""type"":""MultiPoint"",""coordinates"":[]}"
20201020,2020-10-20,295.6464470332454,-0.009425397535125744,0.00565627056889013,99770.65421200244,1.0157658913657418E-5,1.5098363714388749E7,298.6014702913065,7.504047876310574E-4,0.28619752249503905,-0.31499326067169153,0.45341151476278957,"{""type"":""MultiPoint"",""coordinates"":[]}"
20201021,2020-10-21,295.3138557163079,-0.011106533450778113,0.005192213287067208,99824.08711397668,1.2519699848820236E-5,1.7541517987017673E7,298.58956782802653,0.0010434051787178273,0.40470549538382306,-0.3954807136161695,0.44524372023793285,"{""type"":""MultiPoint"",""coordinates"":[]}"
20201022,2020-10-22,295.28440587809206,-0.011130557510715677,0.0047833924065889795,99827.11071259364,1.9510947987356652E-5,1.8031754295348004E7,298.2958386225517,0.0016987420476117872,0.33227804426763446,-0.19060283950177906,0.44241224067230356,"{""type"":""MultiPoint"",""coordinates"":[]}"
20201023,2020-10-23,295.6462260082459,-0.009383169617779283,0.004420452591017012,99859.67772504255,1.590947623593344E-5,1.7873953160476018E7,298.0199229768556,0.0014479757923485084,-0.0717148222965122,-0.3454023188503765,0.4414636585800992,"{""type"":""MultiPoint"",""coordinates"":[]}"
20201024,2020-10-24,294.83137373907635,-0.014378356887380268,0.004066552866076976,99937.85663354641,3.847782894716424E-7,2.1945194630364224E7,298.65208693086026,3.602842840957505E-5,0.19191852477411053,-0.1430003339674829,0.4288912918837343,"{""type"":""MultiPoint"",""coordinates"":[]}"
20201025,2020-10-25,294.2742102320685,-0.015915878276950908,0.0037494744666208223,99995.69357859972,1.4930716327841944E-8,2.3097774038946997E7,298.57618539862676,1.331325367087558E-6,0.10172556939499355,-0.24692883504699498,0.41313559677412,"{""type"":""MultiPoint"",""coordinates"":[]}"
20201026,2020-10-26,295.6736874881309,-0.014959967449667478,0.003471533988534953,99946.06383154809,2.0698508200041883E-6,2.110343796754418E7,299.42575632813663,2.2550975557276905E-4,0.4334459223416523,-0.657288984089377,0.4008574902488287,"{""type"":""MultiPoint"",""coordinates"":[]}"
20201027,2020-10-27,296.68008059311234,-0.009486451806830363,0.003406563004646068,99923.62387746382,1.6722081748320663E-4,1.6974597015506674E7,298.83127900903247,0.007311928363443932,-0.054625468409423984,-0.41413528881389383,0.4263258717469634,"{""type"":""MultiPoint"",""coordinates"":[]}"
20201028,2020-10-28,296.40455745060086,-0.011248440642596325,0.0034180903290739325,99981.6283999495,3.723238661664941E-4,1.9110636576992426E7,298.52058242264104,0.009781316653554983,-0.22052179114837786,-0.3534402687943086,0.44949918940228073,"{""type"":""MultiPoint"",""coordinates"":[]}"
20201029,2020-10-29,296.2520739283323,-0.011712240352769902,0.002908026225249603,99986.09594318636,4.5121879492517934E-5,1.9539206285611253E7,298.736896809971,0.003577385337133692,0.0465522506572633,-0.0988413170132303,0.45582890914658386,"{""type"":""MultiPoint"",""coordinates"":[]}"
20201030,2020-10-30,296.14173357996003,-0.011958983069533614,0.002718044480519135,99950.25002588436,2.1695467353597945E-5,2.03406473681933E7,298.742355224934,0.002101772711662374,0.07924712039570579,-0.07639009542140787,0.45741356243120257,"{""type"":""MultiPoint"",""coordinates"":[]}"
20201031,2020-10-31,296.3129210097814,-0.011093228769257231,0.002559752013766718,99975.94541603746,1.528963118823822E-5,1.9801901091236934E7,298.9938744413034,0.0015602651739318203,-0.12556654513634544,0.2062222065440106,0.44853024059139307,"{""type"":""MultiPoint"",""coordinates"":[]}"
20201101,2020-11-01,296.07924148907165,-0.012237887707291381,0.0024497484498792635,100045.43977981973,4.763089810903434E-5,1.9514029732419763E7,299.3827504720779,0.0036597232009545166,-0.08674396157680271,0.2907435103869379,0.4414879733201531,"{""type"":""MultiPoint"",""coordinates"":[]}"
20201102,2020-11-02,296.8163139234586,-0.011056005961459506,0.0023471448574520133,100094.17960256877,7.068257801721037E-5,1.7545030449332856E7,299.3195116976474,0.004278073541229148,-0.01710617692729347,-0.2788650757103733,0.45669902707969,"{""type"":""MultiPoint"",""coordinates"":[]}"
20201103,2020-11-03,296.99251017001313,-0.009529625145893774,0.0038392448034090475,100068.99001732204,0.001573090137577298,1.5286581092679413E7,299.0849114629079,0.012106561879909642,-0.3973429186267627,-0.07096857129846831,0.46497765703977395,"{""type"":""MultiPoint"",""coordinates"":[]}"
20201104,2020-11-04,296.78054506650614,-0.00902370820503737,0.0028039398463761984,100018.5038532487,6.955029530900076E-4,1.644405873782907E7,298.78688751268396,0.010674071376366402,-0.06147570165250576,-0.2694407766406131,0.4714666347776501,"{""type"":""MultiPoint"",""coordinates"":[]}"
20201105,2020-11-05,296.87381893116236,-0.008144836187674344,0.00250175311554222,100040.28700654188,4.261612779304006E-4,1.4833020978002163E7,298.5468859846224,0.007972134321377429,-0.4158318720122975,-0.24007024855578746,0.4711187209972955,"{""type"":""MultiPoint"",""coordinates"":[]}"
20201106,2020-11-06,297.0030178428199,-0.0094458376804049,0.0021363592055400186,100079.31146773626,2.2185167712164498E-4,1.5780063862243058E7,299.183670181511,0.003517031285829287,-0.2070476272556412,0.04882868924870602,0.4677045464243421,"{""type"":""MultiPoint"",""coordinates"":[]}"
20201107,2020-11-07,296.8226521053284,-0.013137614970447098,0.0018612670013932946,100089.06693045242,2.730849242322161E-5,2.0555599891813926E7,300.2231652147138,0.0021487140467945755,-0.11925605272269477,0.11375730323424663,0.4603830222427767,"{""type"":""MultiPoint"",""coordinates"":[]}"
20201108,2020-11-08,296.861433168804,-0.010148538081086246,0.0025753253393125076,100151.55333376533,7.05831212297571E-4,1.7371773017670397E7,298.9674001391769,0.008776093742132103,-0.20079982164660132,0.2049274064554792,0.46916992645135275,"{""type"":""MultiPoint"",""coordinates"":[]}"
20201109,2020-11-09,296.6565921105708,-0.012672249699300952,0.0017154190166736823,99978.20709745763,1.3577472720815094E-5,2.011826525567977E7,299.81397172662133,0.0011770496186412557,-0.009350603912753374,-0.47889401540402016,0.46412649073270057,"{""type"":""MultiPoint"",""coordinates"":[]}"
20201110,2020-11-10,295.6063038018592,-0.012607310015642388,0.0016386861158242689,99844.69502612855,2.1472987052210396E-6,1.9865402676523622E7,299.1788395696971,1.9660352380524067E-4,-0.27887035617032785,0.34274489311576384,0.4499004276659444,"{""type"":""MultiPoint"",""coordinates"":[]}"
20201111,2020-11-11,294.5746887650451,-0.015288577375754182,0.001572844424253761,99895.74181508212,1.0571025078192629E-6,2.17559521601154E7,299.2226956593674,1.0020385531539042E-4,0.04546866592900628,-0.23621573901288231,0.4333741967244452,"{""type"":""MultiPoint"",""coordinates"":[]}"
20201112,2020-11-12,296.4455678921249,-0.01151010047226575,0.0015950704170098774,99910.5530569611,8.207104973873853E-5,1.5799920074287776E7,300.0594467927034,0.004923710338682459,-0.29572618871744555,0.16359043281831226,0.4308244149434709,"{""type"":""MultiPoint"",""coordinates"":[]}"
20201113,2020-11-13,297.41614005204246,-0.008047988428037346,0.005030156404392582,99897.44638397187,0.0030212553692904364,1.3499842824377937E7,299.124207411467,0.02446138105188439,-0.17604944055105348,-0.40479401172762214,0.4634172139452663,"{""type"":""MultiPoint"",""coordinates"":[]}"
20201114,2020-11-14,296.86408694029177,-0.011364648815175925,0.0017703398659132123,99718.97044205098,5.796797818068E-5,1.7468506008654885E7,300.0679392050573,0.003065548972018316,-0.05365302829533792,0.09594327034407446,0.4587304460012163,"{""type"":""MultiPoint"",""coordinates"":[]}"
20201115,2020-11-15,296.4178352122096,-0.010604047214795742,0.0023231759420208158,99702.86840752815,6.00944155289127E-4,1.4920765864406783E7,299.6760343970524,0.006811778485330818,-0.7195637954343239,-0.43775581509637945,0.4587549813049663,"{""type"":""MultiPoint"",""coordinates"":[]}"
20201116,2020-11-16,296.73330522022053,-0.005090332012710872,0.006218590712852528,99809.6355447972,0.0025743660817626065,9565733.518211324,298.26333428254594,0.023985624654716837,-0.6409818514248317,-0.2607380894603516,0.46397900584225815,"{""type"":""MultiPoint"",""coordinates"":[]}"
20201117,2020-11-17,296.76014524011146,-0.006152955248946539,0.012272944381703035,99761.12526177839,0.00584537469272445,1.1174794308690948E7,298.24613121991996,0.035868633397129625,0.06080125401062751,0.061547573934826294,0.4768961059142941,"{""type"":""MultiPoint"",""coordinates"":[]}"
20201118,2020-11-18,296.85069062225756,-0.00687763994184161,0.0057347858297106934,99858.52298707682,0.0011456665034505636,1.2593341609808873E7,298.64451341643934,0.009897352842614929,-0.295234503403838,0.010068860660451645,0.4592586245183146,"{""type"":""MultiPoint"",""coordinates"":[]}"
20201119,2020-11-19,296.85034536876884,-0.009865082250931528,0.0025152200896775214,99891.39013795137,5.862701199263646E-4,1.6365465930039674E7,299.2425116818604,0.007821913783059324,-0.11734608850709548,0.14779283519203323,0.46882314861988655,"{""type"":""MultiPoint"",""coordinates"":[]}"
20201120,2020-11-20,296.3091006542086,-0.01199296310683729,0.0019675754400267738,99984.53447785664,7.697119046065768E-5,1.8497351673278037E7,298.9431770268305,0.003630814451174835,0.19162583308145972,0.047480909823511566,0.47284198985218445,"{""type"":""MultiPoint"",""coordinates"":[]}"
20201121,2020-11-21,295.0243064686862,-0.013407187182368935,0.0018420593347568356,100010.35966072585,1.0003579939654104E-6,2.1940578113234766E7,298.87765804359094,7.289571256186681E-5,-0.1843560500018284,-0.08691061202229355,0.46296168456987224,"{""type"":""MultiPoint"",""coordinates"":[]}"
20201122,2020-11-22,293.94020924761355,-0.01470288032718914,0.0017823708528136245,100060.48455313843,8.984492051227404E-7,2.156227938694555E7,298.5064261773842,7.097865597590444E-5,-0.2838727417065556,-0.1801055050738831,0.4456122121296189,"{""type"":""MultiPoint"",""coordinates"":[]}"
20201123,2020-11-23,294.5813141144273,-0.012977621973829066,0.0017275345634992826,100031.09109776239,4.637042000712448E-6,1.994326807500902E7,298.440989655161,3.945625622565678E-4,-0.17804656892545612,0.19094819639405172,0.4343242053731099,"{""type"":""MultiPoint"",""coordinates"":[]}"
20201124,2020-11-24,295.41557542686496,-0.009044390617780123,0.0016781370851738206,99914.04030060614,5.1917784316334275E-6,1.388482865921385E7,298.5816172097563,4.5851260648217167E-4,0.0867446828796996,-0.07485194439239724,0.4279978226291286,"{""type"":""MultiPoint"",""coordinates"":[]}"
20201125,2020-11-25,296.0411607781516,-0.009568987104583638,0.0016479394494347994,99809.46420462338,2.0319573766610015E-5,1.3907640310854672E7,298.7784015225854,0.001847556961107381,0.3327333650016946,-0.21231919166660324,0.4253983904011677,"{""type"":""MultiPoint"",""coordinates"":[]}"
20201126,2020-11-26,296.3034685171343,-0.007890908504989748,0.0016390641985324758,99883.24504933646,5.0533695896738826E-5,1.4461779874504145E7,298.2828136491782,0.004211228006353802,0.12068574118175711,0.1724995567701459,0.4446422111702907,"{""type"":""MultiPoint"",""coordinates"":[]}"
20201127,2020-11-27,295.87750042583923,-0.009695344922605337,0.001567718054020487,99995.61662884385,1.8270618426339794E-5,1.7313252576271188E7,298.27889623640823,0.001685086824470077,-0.42470618792631437,0.42196023479965616,0.4479061221400052,"{""type"":""MultiPoint"",""coordinates"":[]}"
20201128,2020-11-28,295.67133878420606,-0.012066714818936331,0.0015107235494091588,100034.24543032376,5.599574796825894E-6,1.9201622315903354E7,299.0402844139326,5.156524722867572E-4,-0.4930837668540285,0.4298678993791868,0.43483691428168814,"{""type"":""MultiPoint"",""coordinates"":[]}"
20201129,2020-11-29,295.8733530579916,-0.012629703966194743,0.0014640966821911963,100013.86975903242,4.585178114213198E-6,1.7987466411107104E7,299.7583318832532,4.462500099795329E-4,-0.2175390265254193,-0.2652586581744545,0.4221272132104083,"{""type"":""MultiPoint"",""coordinates"":[]}"
20201130,2020-11-30,295.99837383958555,-0.013089949791069462,0.0014222451830615305,100014.71540469531,7.559050625513233E-6,1.7903708207717273E7,299.88909416184975,7.624767410690637E-4,-0.3350671799599315,-0.1905473897284879,0.41225346110018696,"{""type"":""MultiPoint"",""coordinates"":[]}"
20201201,2020-12-01,294.8619299885287,-0.015169907057657169,0.0013764296365136753,100002.0560597235,5.6346433067253E-6,2.0436336772448614E7,299.32648819727274,5.953713493832089E-4,-0.4515820785789111,-0.11549903647460287,0.40373980917313285,"{""type"":""MultiPoint"",""coordinates"":[]}"
20201202,2020-12-02,294.8349935520382,-0.010273707758539903,0.0013512902088084467,99900.50173918279,2.0482008783042627E-5,1.306504754201226E7,298.9603322573989,0.002053085817302333,-0.5567755210082941,-0.20444215503302401,0.3994865803810851,"{""type"":""MultiPoint"",""coordinates"":[]}"
20201203,2020-12-03,295.43495010713474,-0.002019134509651574,0.001955261828127296,99806.31645743176,5.875112394155081E-4,4375077.14677245,296.30549506118547,0.016016023389226395,-0.17306559319994258,-1.263531466719193,0.4581171850384908,"{""type"":""MultiPoint"",""coordinates"":[]}"
20201204,2020-12-04,296.06313783512877,-0.004155530296386986,0.005216716715157183,99696.1562519369,0.00223908304168651,6030831.884601515,297.7353839819242,0.016938294417020026,-0.15786175808664096,-0.8626985483436659,0.45460708233897174,"{""type"":""MultiPoint"",""coordinates"":[]}"
20201205,2020-12-05,296.45604549329545,-0.004906567326101035,0.001453675251767131,99777.7272276284,1.4034993718171698E-4,9312580.871979807,297.73505437561835,0.006963981681631066,-0.587676257493333,0.03393688170665417,0.47141448464699126,"{""type"":""MultiPoint"",""coordinates"":[]}"
20201206,2020-12-06,296.8170897874398,-0.0063968937289207535,0.003170530532419231,99925.42147839988,0.0013058905889744628,1.3011944465921385E7,298.37074779905305,0.017367370335737632,-0.3341397724410694,0.06669095097317236,0.47710711383693494,"{""type"":""MultiPoint"",""coordinates"":[]}"
20201207,2020-12-07,296.04455160587395,-0.0073459327403621235,0.0026924481761184706,100040.33889676962,2.057358160416142E-4,1.2510806936891457E7,298.478982207322,0.004773493427642192,-0.7295542796194905,-0.10011610832620169,0.4595084233357939,"{""type"":""MultiPoint"",""coordinates"":[]}"
20201208,2020-12-08,296.2781414738611,-0.01072601811322889,0.0014020750776680205,100069.36580917226,4.443754111220164E-5,1.7504749309772808E7,298.99093144271575,0.0027968379411291576,-0.40155880507661657,-0.19473271003665368,0.4579638776791785,"{""type"":""MultiPoint"",""coordinates"":[]}"
20201209,2020-12-09,296.18846072776915,-0.01085752522820735,0.0013671439722733859,99991.85051256913,7.213070166484999E-6,1.872874228128381E7,299.114158162877,5.837701682861705E-4,-0.4507803285848439,-0.14375419876927695,0.453501561496504,"{""type"":""MultiPoint"",""coordinates"":[]}"
20201210,2020-12-10,295.92802655242616,-0.012180370276977217,0.0013800693673860541,100074.66767733081,3.838809687352723E-5,1.889604669599712E7,299.11286356907965,0.0026913385527941288,-0.23224242006676293,0.25781629687104174,0.4484842530608336,"{""type"":""MultiPoint"",""coordinates"":[]}"
20201211,2020-12-11,295.32020688369334,-0.01378462265597927,0.0013276412545710407,100051.32117267093,1.1001229608613491E-5,2.0473202856112517E7,299.1593035441033,9.601883420901356E-4,-0.10966247382509635,0.05107087542452139,0.4424183208476124,"{""type"":""MultiPoint"",""coordinates"":[]}"
20201212,2020-12-12,295.0635515493418,-0.01265568838055453,0.0013042555828409166,100055.73393842879,1.4067692981056906E-5,1.954450551893257E7,298.406562511473,0.0012578280757490669,0.12384743959317059,0.13673507303182203,0.4361701280484048,"{""type"":""MultiPoint"",""coordinates"":[]}"
20201213,2020-12-13,294.12184156089296,-0.01371782076781165,0.0012626052493873677,99964.6836236256,6.499657594809411E-7,2.0508033531193655E7,298.0664455690326,5.828048659893586E-5,-0.3576598257410339,0.3180741934352718,0.42506959068902717,"{""type"":""MultiPoint"",""coordinates"":[]}"
20201214,2020-12-14,293.73478638751817,-0.01389430497168119,0.0012333130378650926,99978.5983143937,2.0764228070723726E-6,2.061209796393798E7,297.9337252330173,1.9900374805544306E-4,-0.33343366240205535,-0.04873802620626042,0.4112930391854799,"{""type"":""MultiPoint"",""coordinates"":[]}"
20201215,2020-12-15,294.1819400108696,-0.012425918028623759,0.0012055597353015958,100054.4720407187,4.471963143202531E-6,1.8442868618103135E7,298.36587538422845,4.4858793929901706E-4,-0.1890446436291977,-0.08655719558469578,0.4020748547685736,"{""type"":""MultiPoint"",""coordinates"":[]}"
20201216,2020-12-16,295.9054541298369,-0.005104692055673492,0.001601778943423455,100084.16061160358,4.0261094648830307E-4,9837187.95744681,297.7178467650701,0.015189592556260057,-0.543231348275479,0.14231307197898205,0.4635916201021396,"{""type"":""MultiPoint"",""coordinates"":[]}"
20201217,2020-12-17,295.87200903201824,-0.008134666875977402,0.001884567583892649,100059.52738554063,3.733772541313365E-4,1.1506432122610893E7,298.2062311829362,0.00981898874281375,-0.6382364625468795,0.015406922202712734,0.47160287928819106,"{""type"":""MultiPoint"",""coordinates"":[]}"
20201218,2020-12-18,295.6351211711555,-0.007838848963503453,0.0020214858556584767,100040.4989859903,3.820577581952808E-4,1.1605582313739633E7,298.07423647259105,0.007350708917621406,-0.46708233219769923,0.03251062121324233,0.4642003065463026,"{""type"":""MultiPoint"",""coordinates"":[]}"
20201219,2020-12-19,293.9727676546133,-0.006391598868898825,0.0012743025507644932,100004.16135115677,5.4758210023989384E-5,9663014.43562928,297.66661681331027,0.002556482630217931,-1.0954334026547146,-1.3770336177088576,0.4704357545698817,"{""type"":""MultiPoint"",""coordinates"":[]}"
20201220,2020-12-20,291.60175629249056,-0.015549691942756549,0.0011754995067541755,100027.16757179772,1.519133887306431E-8,2.1274648828705378E7,298.106728364046,1.055858769070377E-6,-1.1457553356223158,-1.0951380598414673,0.44712342137197897,"{""type"":""MultiPoint"",""coordinates"":[]}"
20201221,2020-12-21,292.78539696363373,-0.014089764180142138,0.001155340651119396,99942.81912980172,4.7679578101553306E-6,2.0795903708618827E7,298.3729555696547,4.061668511760022E-4,-0.5157945201379459,-0.23086595195662954,0.42997863593905694,"{""type"":""MultiPoint"",""coordinates"":[]}"
20201222,2020-12-22,294.4929673967203,-0.008892251075850986,0.0012076091017269117,99968.48956813142,8.031989998908582E-5,1.2982564270465203E7,298.257417495412,0.004880145739304613,-0.6306331532264303,0.5221708408985763,0.4343629778112153,"{""type"":""MultiPoint"",""coordinates"":[]}"
20201223,2020-12-23,295.2342342970993,-0.010249694359945211,0.0011412344182436102,99866.73687962045,3.328946547692233E-5,1.530373584493329E7,298.4518487370634,0.0018677061520033743,-0.4535087867917487,-0.11435033431318548,0.44607932304788617,"{""type"":""MultiPoint"",""coordinates"":[]}"
20201224,2020-12-24,295.39869996781744,-0.012823118619000142,0.0010908125670343973,99820.02997790965,6.620586455792587E-6,1.893975942805626E7,299.46611345678394,5.638495151084344E-4,-0.11885942912958665,0.20031176273718754,0.43110745147180496,"{""type"":""MultiPoint"",""coordinates"":[]}"
20201225,2020-12-25,294.88281830252186,-0.013082018713851375,0.001065753797976669,99868.09859466094,7.219808737035695E-6,1.8866001412910204E7,299.20655770066236,6.336985515903169E-4,-0.5600985621786961,-0.2294592723807459,0.4188790629153385,"{""type"":""MultiPoint"",""coordinates"":[]}"
20201226,2020-12-26,292.9409033324457,-0.013825009459091622,0.001038821647195579,99993.7203307658,6.030803009615107E-6,2.0066754993148215E7,298.1637760693815,5.380302292959566E-4,-0.1745198774056905,-0.4717454961865463,0.4093136574760884,"{""type"":""MultiPoint"",""coordinates"":[]}"
20201227,2020-12-27,293.0524199777305,-0.015398270673875213,0.0010062610355044293,99928.48580855949,6.471123456353107E-7,2.0814802460151467E7,298.2444580604085,6.22983458556376E-5,-0.28408077775120866,0.06341275539460099,0.3953468736826708,"{""type"":""MultiPoint"",""coordinates"":[]}"
20201228,2020-12-28,293.2985437280615,-0.015450226038887837,9.790863149913263E-4,99917.14141062861,4.0436259598840327E-7,1.9092657813919947E7,298.74216666017,4.0481326239568815E-5,-0.1799855053689936,-0.17618124272075608,0.3836293832114259,"{""type"":""MultiPoint"",""coordinates"":[]}"
20201229,2020-12-29,294.74813347032455,-0.013015609030372348,9.863430757063457E-4,99877.51893086189,3.2452974579973086E-5,1.709692646880635E7,299.1699255227843,0.002324615906837431,-0.09999087499101972,0.1654626858006563,0.3847530371639244,"{""type"":""MultiPoint"",""coordinates"":[]}"
20201230,2020-12-30,295.4096359381784,-0.014824804877798522,9.36063457236065E-4,99795.18063512606,7.151497418468627E-6,1.9032754590696007E7,300.4022958438863,8.050696683506015E-4,-0.09450301246755415,0.03256651297371069,0.3795255311823104,"{""type"":""MultiPoint"",""coordinates"":[]}"
