system:index,date,dewpoint_temperature_2m,potential_evaporation_sum,runoff_sum,surface_pressure,surface_runoff_sum,surface_solar_radiation_downwards_sum,temperature_2m,total_precipitation_sum,u_component_of_wind_10m,v_component_of_wind_10m,volumetric_soil_water_layer_1,.geo
20220101,2022-01-01,294.018332445044,-0.01677885135045303,9.335959286540157E-4,100193.11435172403,7.3056180383425685E-6,1.7358014858997483E7,300.20092075956404,0.0011842744571247312,-0.6545822021121204,-0.7623446944069727,0.2907026770997899,"{""type"":""MultiPoint"",""coordinates"":[]}"
20220102,2022-01-02,293.933202862066,-0.017749513036296377,8.883265556087146E-4,100031.62400788342,3.577219077150528E-7,1.7782872003606204E7,300.30728168283497,6.100531631198722E-5,-0.5909955803914373,-0.5240053703527293,0.2900763859125783,"{""type"":""MultiPoint"",""coordinates"":[]}"
20220103,2022-01-03,292.5988344088643,-0.02084612832402994,8.504223703177363E-4,100069.42247920326,3.2003373821160873E-7,2.066021900324558E7,300.13774511839625,5.4683824612278795E-5,-0.5508423030971121,-0.5030047759111004,0.28581211070828694,"{""type"":""MultiPoint"",""coordinates"":[]}"
20220104,2022-01-04,292.25491112673393,-0.021604951179569225,8.136011818622021E-4,100099.71062741587,8.587378523558692E-8,2.1122257500901558E7,300.0730261797515,1.4685024498947427E-5,-0.1537676977558139,0.0517845456453166,0.2814996338532598,"{""type"":""MultiPoint"",""coordinates"":[]}"
20220105,2022-01-05,293.0371689994198,-0.018962792678727088,7.814242737283786E-4,100142.86467595359,1.4408880134717335E-6,1.96904245640101E7,299.5775841645201,2.496146764559219E-4,0.2696540684407112,-0.23039007960696795,0.2796613336942104,"{""type"":""MultiPoint"",""coordinates"":[]}"
20220106,2022-01-06,293.32802244223774,-0.019920038973547858,7.48889450235054E-4,100054.15690004385,1.0607337590550155E-6,2.1805419467003252E7,299.8516032478819,1.8233946728267501E-4,0.3777622569565993,0.06344563820024197,0.2766717121368676,"{""type"":""MultiPoint"",""coordinates"":[]}"
20220107,2022-01-07,294.48126531372367,-0.018878755569081855,7.186674261368271E-4,100134.22143851095,9.826061057562953E-7,2.048434268878471E7,300.03507321395904,1.7481205945834826E-4,0.5666641501770499,-0.017470394537589033,0.2753067719333087,"{""type"":""MultiPoint"",""coordinates"":[]}"
20220108,2022-01-08,294.1552857714127,-0.018711614395967687,6.914946025259607E-4,100116.5195112351,2.112426333938142E-6,1.9608550879913453E7,299.90796853418686,3.801468065229512E-4,0.436749348604331,-0.07649134874544487,0.2741911815098093,"{""type"":""MultiPoint"",""coordinates"":[]}"
20220109,2022-01-09,294.42575531519435,-0.01754152576925735,6.680473486439143E-4,100040.64555406394,4.95992377910896E-6,1.907478861810314E7,299.7583227433871,9.053930586142972E-4,0.39491978326745447,0.18079306010601542,0.2758191177830386,"{""type"":""MultiPoint"",""coordinates"":[]}"
20220110,2022-01-10,294.4794493332579,-0.01809677350265301,6.403207410834906E-4,100026.78334851182,1.8084356598247056E-6,1.9121997976199068E7,299.9531883492409,3.364183293989758E-4,0.40198603876079275,-0.14620046527329253,0.2791906692242591,"{""type"":""MultiPoint"",""coordinates"":[]}"
20220111,2022-01-11,293.8308715130192,-0.01974903277883537,6.142853642687917E-4,100037.12921821239,1.3896017955005537E-7,2.084423050198341E7,300.05711268174974,2.6016182287686952E-5,0.4461896595637922,-0.2506235261736674,0.27651210025549366,"{""type"":""MultiPoint"",""coordinates"":[]}"
20220112,2022-01-12,293.63904393660744,-0.01933095166362282,5.908265476122774E-4,100048.06831699742,1.7789906858753054E-7,2.0209311271547064E7,299.6459348916807,3.349566895997013E-5,0.5729721868420781,-0.705277626883283,0.27346881534463163,"{""type"":""MultiPoint"",""coordinates"":[]}"
20220113,2022-01-13,292.58569216369966,-0.021788053793561964,5.679071336458017E-4,99989.96835885847,1.7545002271154922E-9,2.21036733487198E7,299.62111622044245,1.4514409572032468E-6,0.6972860408984264,-0.777791154515014,0.2706514908324814,"{""type"":""MultiPoint"",""coordinates"":[]}"
20220114,2022-01-14,292.5646075624617,-0.021521083612950152,5.460459963320138E-4,99990.27369335019,1.6260697357584933E-8,2.163695713883881E7,299.61299257660187,2.626620632775292E-6,0.7033277269251748,-0.6088408193474766,0.26818800551456573,"{""type"":""MultiPoint"",""coordinates"":[]}"
20220115,2022-01-15,293.12177533584094,-0.021189218207661786,5.255350476991301E-4,99993.74992469471,2.8477715018678567E-7,2.1227648940497655E7,300.157840859218,5.536367216879059E-5,0.7301360635978701,-0.44048932773990407,0.26637908079429573,"{""type"":""MultiPoint"",""coordinates"":[]}"
20220116,2022-01-16,293.42246195346866,-0.021400691344232455,5.05548288922769E-4,100056.76081168208,1.211438074122256E-7,2.062063230724847E7,300.8146376425808,2.3666106962444032E-5,0.20652425706150132,-0.08086349041591774,0.2648790647009414,"{""type"":""MultiPoint"",""coordinates"":[]}"
20220117,2022-01-17,292.38824757785665,-0.023766752943702868,4.867357650239073E-4,100201.7468161644,4.59861763968951E-7,2.1078357487197977E7,300.92700866541475,8.89951348090521E-5,-0.23896486241308199,-0.2272078621515016,0.2633983611143442,"{""type"":""MultiPoint"",""coordinates"":[]}"
20220118,2022-01-18,291.347616405008,-0.02540312060838437,4.677251290316363E-4,100045.49745711063,5.454131295609637E-8,2.2716370480346195E7,300.78862358879223,1.0447680924783403E-5,-0.21652444871461574,-0.28678611047366215,0.26254188855374455,"{""type"":""MultiPoint"",""coordinates"":[]}"
20220119,2022-01-19,292.70815223930464,-0.022657846606760047,4.5071312270351943E-4,100028.78458297883,7.133077852914276E-7,2.221975248106744E7,300.0605394060988,1.3795275519223497E-4,0.34973674136323574,0.12593131930026488,0.26184645890186503,"{""type"":""MultiPoint"",""coordinates"":[]}"
20220120,2022-01-20,293.3481059436086,-0.021303521867558028,4.33804106613466E-4,99979.49165367168,2.2155603174263935E-7,2.214670924918861E7,299.6607606995348,4.27614898783225E-5,0.5212740106556275,-0.09051093683748353,0.2612880467652043,"{""type"":""MultiPoint"",""coordinates"":[]}"
20220121,2022-01-21,293.7498995474518,-0.01987548923308653,4.204461318123354E-4,100059.70398646216,2.288059061114383E-6,2.106559693040029E7,299.6377926961866,4.5610194222018343E-4,0.5512198860763659,0.24963852269873912,0.2616596004111447,"{""type"":""MultiPoint"",""coordinates"":[]}"
20220122,2022-01-22,293.9792181630164,-0.019053334784699057,4.054774505714625E-4,99919.81160144278,1.2425461960664265E-6,1.8793713343671117E7,299.6693059290985,2.476721910449814E-4,1.0236013689670505,-0.5938082269814631,0.26432797472871605,"{""type"":""MultiPoint"",""coordinates"":[]}"
20220123,2022-01-23,292.37790358417635,-0.02147506553447294,3.909939517839008E-4,99935.89079398205,2.8086512517808714E-7,2.0535127708618827E7,298.87628372610584,5.666485470724673E-5,1.1084364657075896,-1.1958406663654604,0.26352329852561246,"{""type"":""MultiPoint"",""coordinates"":[]}"
20220124,2022-01-24,291.59798270238264,-0.022442388317718692,3.7719339422486646E-4,99876.10624029189,9.137910064961394E-9,2.163145778434908E7,298.756865604005,2.114028554930397E-6,1.031969831789152,-1.0605899179364384,0.2621286020555208,"{""type"":""MultiPoint"",""coordinates"":[]}"
20220125,2022-01-25,291.4014372474258,-0.022797687933671103,3.6430608761942523E-4,99855.02846945575,1.230742950281253E-7,2.0888466714028127E7,298.94149819502604,2.531564390964191E-5,0.9372278448193819,-0.9347358904201287,0.2609477088433904,"{""type"":""MultiPoint"",""coordinates"":[]}"
20220126,2022-01-26,292.0640460022483,-0.01890558224565021,3.553514408798713E-4,99928.52725922964,3.094144442259427E-6,1.670413712297151E7,299.0117321064845,6.251642893592762E-4,0.5642720979485809,-0.5179596371713174,0.2619135660941189,"{""type"":""MultiPoint"",""coordinates"":[]}"
20220127,2022-01-27,292.8745656745453,-0.022209611355592063,3.617334636677227E-4,99809.77329774792,2.1061867077858756E-5,1.959926539199423E7,299.95428797504866,0.0031529363553605295,0.5188943851680506,-0.11807038732726552,0.268674206770961,"{""type"":""MultiPoint"",""coordinates"":[]}"
20220128,2022-01-28,292.2309748693962,-0.024789314045346775,3.3097188910378723E-4,99878.37135323933,1.3869901963876036E-6,2.170270151172016E7,300.0306175707453,1.8566078809138868E-4,-0.21922007511550246,-0.1222924539598368,0.29288629047399767,"{""type"":""MultiPoint"",""coordinates"":[]}"
20220129,2022-01-29,292.6506085054765,-0.023312347132700504,3.183975659936849E-4,99987.88094418886,2.825470809853984E-8,1.997983178146412E7,300.93545502306023,6.509827190890389E-6,-0.3535555610147745,-0.19549042607660636,0.2856565046258839,"{""type"":""MultiPoint"",""coordinates"":[]}"
20220130,2022-01-30,294.04284241492104,-0.022175554672422024,3.0756319929794247E-4,99924.76470771915,6.66616047241178E-8,2.090570880346196E7,301.36412318954535,1.4021684132966806E-5,0.11300208789537931,0.13959495997483348,0.2798022663296666,"{""type"":""MultiPoint"",""coordinates"":[]}"
20220131,2022-01-31,294.5485358872742,-0.021646432100307887,2.9763096276492026E-4,99913.15312984816,5.63285925136419E-7,2.2207422943382625E7,300.880006805752,1.148049306141861E-4,0.41932347738222664,0.2654568783178511,0.2758012004219035,"{""type"":""MultiPoint"",""coordinates"":[]}"
20220201,2022-02-01,294.8512300208635,-0.021138861655834305,2.8864290797663125E-4,99874.2413276813,1.489087063355692E-6,2.1983881223223954E7,300.781986370011,3.076028734701322E-4,0.44999835518120374,0.45907621811267096,0.2727828800198207,"{""type"":""MultiPoint"",""coordinates"":[]}"
20220202,2022-02-02,295.1081054337625,-0.02058032051056591,2.805075026830955E-4,99992.44245424401,2.5374425949278265E-6,2.1574970375766322E7,300.61294304193933,5.369674920863811E-4,0.7847388114245956,0.11114421286596134,0.2737928952917426,"{""type"":""MultiPoint"",""coordinates"":[]}"
20220203,2022-02-03,294.5976638271195,-0.01817810615901478,2.734551318406286E-4,100007.91032922332,3.792830496714772E-6,1.9310689460512083E7,299.85612764116644,7.906595991221093E-4,0.5829978590903482,-0.0854779615011306,0.2765844163735307,"{""type"":""MultiPoint"",""coordinates"":[]}"
20220204,2022-02-04,292.3661176106266,-0.023530526608604836,2.6106316525068604E-4,99880.33547909438,0.0,2.3455528424089435E7,299.2032375952446,1.2934207802572928E-6,0.933749897174214,-1.1845763238781217,0.27396442815939076,"{""type"":""MultiPoint"",""coordinates"":[]}"
20220205,2022-02-05,291.61925159284215,-0.02392109976245143,2.524237253585965E-4,99886.76360179351,2.108087102901708E-8,2.2771061769924268E7,299.32635843084614,4.4381148893359E-6,0.6753041062995294,-0.4211865153245621,0.27033882081501476,"{""type"":""MultiPoint"",""coordinates"":[]}"
20220206,2022-02-06,293.49445711372715,-0.019059837452887293,2.461336136638065E-4,100158.16017738011,1.6568554380590893E-6,1.9093357599711504E7,299.4078364917358,3.508296003417338E-4,0.56094629384245,-0.2939324099536928,0.2683599884513766,"{""type"":""MultiPoint"",""coordinates"":[]}"
20220207,2022-02-07,293.5621413045068,-0.02253683504245147,2.3752383234868014E-4,100130.96284865828,5.910570037695978E-7,2.2054099457627125E7,300.19359559000566,1.2618612484984634E-4,0.6827874729905311,-0.37040607160294725,0.26856925880440385,"{""type"":""MultiPoint"",""coordinates"":[]}"
20220208,2022-02-08,293.5983166197686,-0.0218651480892162,2.2962323184740752E-4,99994.67286048409,2.1107739332648255E-7,2.1488337988460153E7,300.2069047026112,4.5402094896639486E-5,0.7998181503686586,-0.5231850426104481,0.26636293539420275,"{""type"":""MultiPoint"",""coordinates"":[]}"
20220209,2022-02-09,293.487908431552,-0.022915950737520115,2.2568243088551997E-4,99959.07589383822,3.7145523809157163E-6,2.2826799593941588E7,300.423333472394,7.907985388555643E-4,0.4237135467455929,0.16780539140175105,0.26556235991041316,"{""type"":""MultiPoint"",""coordinates"":[]}"
20220210,2022-02-10,293.03066803993755,-0.023243508323505822,2.1555225287281645E-4,99886.7110204943,5.627404985727062E-7,2.1923691265777137E7,300.183822846897,1.2266519787659615E-4,0.2896002906921292,0.17144017701596653,0.268438009763512,"{""type"":""MultiPoint"",""coordinates"":[]}"
20220211,2022-02-11,292.6823648004983,-0.01880173122102588,2.1935086945871823E-4,99857.30135956897,1.0793319988285125E-5,1.7460122235845655E7,300.1995264929869,0.002222537972890123,-0.4625906955165521,-0.09463674057159083,0.2734748419839496,"{""type"":""MultiPoint"",""coordinates"":[]}"
20220212,2022-02-12,294.7381948938105,-0.014004069988021688,2.437853722893887E-4,99868.66724181607,4.024951414128224E-5,1.213660244212045E7,299.61455613452813,0.005980405487654832,-0.15731670770783854,0.43452216762378115,0.3053393139835161,"{""type"":""MultiPoint"",""coordinates"":[]}"
20220213,2022-02-13,294.71999101126363,-0.019985407709086623,2.0979960935020383E-4,99796.11546457562,1.1376069312571966E-5,2.1172760634691667E7,300.20414728407013,0.0021920302865766814,0.3554749546722805,0.5541215054417676,0.3311826737114179,"{""type"":""MultiPoint"",""coordinates"":[]}"
20220214,2022-02-14,293.99129086249235,-0.021701977540880952,1.9507611212728684E-4,99794.44611186322,2.2649603804826654E-6,2.2028636971511006E7,300.3574887115318,4.566419582722148E-4,0.44835570351781445,0.08272231116663421,0.3252310210057271,"{""type"":""MultiPoint"",""coordinates"":[]}"
20220215,2022-02-15,294.7061849179814,-0.01816166531371159,1.9477390282170414E-4,99825.91371743382,7.264047398964421E-6,2.0056996297872346E7,299.7576736746421,0.0015080354574688198,0.4955217079669758,0.46101933623867725,0.3202647398205701,"{""type"":""MultiPoint"",""coordinates"":[]}"
20220216,2022-02-16,294.16521983989827,-0.020811348523456955,1.8555295089070996E-4,99636.6541605272,3.209983103119679E-6,2.151203160620267E7,300.01599166123594,6.657336787157784E-4,0.400521993149873,0.5972177928163822,0.31684174419008276,"{""type"":""MultiPoint"",""coordinates"":[]}"
20220217,2022-02-17,294.62319104318107,-0.02049877545220346,1.8415409565143885E-4,99560.21574189643,6.866552341384147E-6,2.0462142517129462E7,300.2338771996611,0.0014050169419692047,0.2683201416250405,0.40417294938456266,0.3138734119588158,"{""type"":""MultiPoint"",""coordinates"":[]}"
20220218,2022-02-18,294.421604915857,-0.02196972477701525,1.788905734754495E-4,99719.94976343687,6.5465239768332615E-6,2.2174638136314463E7,300.3664085935237,0.001337684578105426,0.5213341539274947,0.4148376891211487,0.31437629363129593,"{""type"":""MultiPoint"",""coordinates"":[]}"
20220219,2022-02-19,293.66795632254264,-0.024833823891750886,1.6742332388767472E-4,99863.18632663417,1.5842895236120215E-7,2.3361406062026687E7,301.07278785127795,3.0040218265433343E-5,0.3357140405459793,0.20679471450924433,0.3077557614566415,"{""type"":""MultiPoint"",""coordinates"":[]}"
20220220,2022-02-20,294.6162826291844,-0.022092460023606684,1.6257368106081997E-4,99890.412664803,3.1069834611495823E-7,2.1865073380454384E7,301.0101243170542,6.601607804344464E-5,0.5497353000413886,0.009776408317814456,0.2981890916738362,"{""type"":""MultiPoint"",""coordinates"":[]}"
20220221,2022-02-21,294.5080987013423,-0.022990224738543192,1.577304355770597E-4,99851.87144480308,2.3832991369957964E-7,2.1865064234403174E7,301.0404846869148,5.12958018950852E-5,0.8398268789407626,-0.2848730180137131,0.29105288490307335,"{""type"":""MultiPoint"",""coordinates"":[]}"
20220222,2022-02-22,294.5479864738843,-0.020384225071422304,1.586187688658653E-4,99973.30843181134,5.5909823133246474E-6,1.962776998629643E7,300.79832085899363,0.0010973817222403866,0.2925511830299287,-0.22046156244247003,0.29000713957346247,"{""type"":""MultiPoint"",""coordinates"":[]}"
20220223,2022-02-23,293.7448234592498,-0.02556643732969528,1.5777668130126965E-4,100108.75718364495,9.255818928616424E-6,2.449722717201587E7,301.13601833049574,0.0017614612870118513,0.5098769922413525,0.11872824028802473,0.290277024246291,"{""type"":""MultiPoint"",""coordinates"":[]}"
20220224,2022-02-24,292.70799316106354,-0.025293219397956177,1.4423973404282145E-4,100181.84219441425,1.9828808079804496E-8,2.1563415521817528E7,301.1235354909932,4.665304769302077E-6,0.3481420351201088,-0.18742646196883297,0.29426477218794844,"{""type"":""MultiPoint"",""coordinates"":[]}"
20220225,2022-02-25,293.09893684832,-0.026284794594852067,1.4018713944318538E-4,100061.65506894515,3.1097911988790406E-7,2.417180715903354E7,301.52118701684907,6.62332034919185E-5,0.24233495210394695,-0.032996352725711664,0.2866480586935457,"{""type"":""MultiPoint"",""coordinates"":[]}"
20220226,2022-02-26,293.98653079735743,-0.023780951372475736,1.3647825224409027E-4,100084.91982273966,7.846646260750928E-7,2.418391138946989E7,300.82107592597714,1.715960471078938E-4,0.41539434865627567,0.1605518798241178,0.28117261309508507,"{""type"":""MultiPoint"",""coordinates"":[]}"
20220227,2022-02-27,293.4502657603611,-0.026590332302899294,1.3560836404572746E-4,100086.44112557192,3.993266698388128E-6,2.426715343166246E7,301.47412063428055,8.700223441773925E-4,0.30926201672834314,0.15349273375556907,0.27765340388917426,"{""type"":""MultiPoint"",""coordinates"":[]}"
20220228,2022-02-28,293.380237135467,-0.026704350484382623,1.2837558866535934E-4,100060.01388118032,5.866398546526333E-7,2.409507948647674E7,301.1574163199589,1.1653324785219813E-4,0.36548754943650946,-0.053048910451545826,0.2788343093675811,"{""type"":""MultiPoint"",""coordinates"":[]}"
20220301,2022-03-01,292.6736493604175,-0.026735912614830815,1.2539168352948343E-4,100014.41518180804,1.363415946781614E-6,2.3774366859358095E7,300.9799113779748,2.979517568761246E-4,0.2952139946485543,-0.32248658305077704,0.27556224212664837,"{""type"":""MultiPoint"",""coordinates"":[]}"
20220302,2022-03-02,287.4119597284937,-0.032301381234384564,1.2032520005817327E-4,99905.68064551499,6.970981377107418E-9,2.5518031157951687E7,301.1029099813948,8.612870487922919E-7,-0.08195632575065245,-0.15572680571801764,0.27165686349081214,"{""type"":""MultiPoint"",""coordinates"":[]}"
20220303,2022-03-03,287.6597039598387,-0.03186224585985433,1.1670551294030327E-4,99883.88790608516,6.970981377107418E-9,2.538080663397043E7,301.20686893667204,1.7232014516475005E-6,0.07600214963120357,0.05093678543667681,0.2677404324815514,"{""type"":""MultiPoint"",""coordinates"":[]}"
20220304,2022-03-04,291.0001816060025,-0.028489127838456845,1.1395983830540351E-4,99905.64368457888,7.422503219629255E-7,2.229406665957601E7,301.3922140571071,1.6457932842309315E-4,0.3209186867604908,0.12427666905494048,0.2648953246244919,"{""type"":""MultiPoint"",""coordinates"":[]}"
20220305,2022-03-05,293.5658622874222,-0.0256497605283618,1.1089278651711059E-4,99883.13575310471,8.940454901575913E-7,2.266950965648974E7,300.9648180066399,1.982744091076879E-4,0.5771989181560742,0.12790046030260763,0.2652397042270004,"{""type"":""MultiPoint"",""coordinates"":[]}"
20220306,2022-03-06,293.90026597464254,-0.023727312341488272,1.0731221158883653E-4,99862.99334325743,3.7234363855113625E-7,2.1737492089044858E7,300.94126066168235,8.417546231577414E-5,0.5007023183696759,0.28478056723315753,0.26341089885357216,"{""type"":""MultiPoint"",""coordinates"":[]}"
20220307,2022-03-07,294.26447693294807,-0.02427232657346621,1.0898236683719304E-4,99849.2658390009,4.973161792308039E-6,2.093578530747345E7,301.3607402736858,0.0011046829278406874,0.5184838954954426,0.6642844466037341,0.2642443337425016,"{""type"":""MultiPoint"",""coordinates"":[]}"
20220308,2022-03-08,294.9490822229066,-0.022568978838087898,1.0767213401061896E-4,99893.48174970326,6.3252903647341984E-6,1.986330776774574E7,301.1023150915309,0.0014020397324145937,0.6974221438309196,0.21010565320693733,0.27150036185560694,"{""type"":""MultiPoint"",""coordinates"":[]}"
20220309,2022-03-09,294.80745033840105,-0.024441512716007804,9.942801956059141E-5,99839.72175540368,7.166098998076988E-7,2.300236903125527E7,301.26915692864657,1.6183714957088206E-4,0.8616260476289481,-0.19956477602050635,0.2757848296433146,"{""type"":""MultiPoint"",""coordinates"":[]}"
20220310,2022-03-10,294.7863099723786,-0.023985976629359525,9.680155958890314E-5,99856.13172142414,7.339856317659771E-7,2.209226301365706E7,301.1832815803778,1.675105791387649E-4,0.5571154158681986,0.12452877483512365,0.27293143127382713,"{""type"":""MultiPoint"",""coordinates"":[]}"
20220311,2022-03-11,293.51229811259253,-0.02852736285988751,9.365574605534578E-5,99772.65750283848,2.2735286825106454E-7,2.3923011844103027E7,301.72889314154656,5.2039789520139845E-5,0.5605062011744429,-0.05449040303767366,0.26966191392805255,"{""type"":""MultiPoint"",""coordinates"":[]}"
20220312,2022-03-12,294.0995277341047,-0.027443110183810997,9.10427578510982E-5,99743.965871553,1.979146113775716E-7,2.357501070915529E7,301.749433201972,4.4089526892708816E-5,0.6832446098356295,-0.14413356038724195,0.26703869062685776,"{""type"":""MultiPoint"",""coordinates"":[]}"
20220313,2022-03-13,292.8212529526464,-0.03040307838022387,8.838651436483479E-5,99752.13275034232,5.474685547887483E-8,2.4426907473002028E7,302.25319140374995,1.2536914806004643E-5,0.3998807440985996,0.11554741441006991,0.26442602767238166,"{""type"":""MultiPoint"",""coordinates"":[]}"
20220314,2022-03-14,293.84529503447345,-0.02861252508780779,8.602768687878627E-5,99801.70224481421,1.3003721591414334E-7,2.38123883313733E7,302.3335801445675,3.039775523370137E-5,0.6351790915946717,-0.16895867746772497,0.2624408520390057,"{""type"":""MultiPoint"",""coordinates"":[]}"
20220315,2022-03-15,295.10892689091935,-0.025775190460264927,8.960188595860864E-5,99784.65211120159,5.994880087660231E-6,2.191567713134379E7,301.9673080673612,0.0013272758698231303,1.1781582007515332,-0.2741600705362423,0.264161889692642,"{""type"":""MultiPoint"",""coordinates"":[]}"
20220316,2022-03-16,296.1835321345457,-0.017099198950753503,1.0385313512958264E-4,99753.16073034292,2.208983762746592E-5,1.772521161058422E7,300.58045431724724,0.0043844753928370195,0.5454524340917893,0.13323552403001204,0.28731789561988275,"{""type"":""MultiPoint"",""coordinates"":[]}"
20220317,2022-03-17,296.3763983586987,-0.01912930835370247,8.819084325681042E-5,99711.34723793282,8.056918948383656E-6,1.8815608483834937E7,301.11514620729923,0.0017239241104117927,0.7416545651483195,-0.06907690558701213,0.30981830966517054,"{""type"":""MultiPoint"",""coordinates"":[]}"
20220318,2022-03-18,296.3323665698685,-0.01887405945308536,8.91868969485341E-5,99702.87971418262,1.0762577275270339E-5,1.9012863321910307E7,301.05619914223047,0.00229689911722578,0.6123760588854921,-0.0705830727306778,0.31536958836379975,"{""type"":""MultiPoint"",""coordinates"":[]}"
20220319,2022-03-19,296.4251188942413,-0.01340897347451632,1.3042452251098668E-4,99775.56605543177,5.3499669126771315E-5,1.7875573655960213E7,299.5428361721889,0.008145513294885784,0.28718696537320465,0.24887605026688542,0.35786068612873767,"{""type"":""MultiPoint"",""coordinates"":[]}"
20220320,2022-03-20,296.19029400368436,-0.015752099662632277,8.607539692554414E-5,99767.59505073336,1.0435493294185914E-5,1.920772502172773E7,299.74221757026027,0.002037688068404008,0.4834875066286957,-0.13830985170614982,0.38709117351980904,"{""type"":""MultiPoint"",""coordinates"":[]}"
20220321,2022-03-21,296.1795673950431,-0.018099855841162655,8.069214690174388E-5,99769.65268282936,6.509330184116634E-6,2.054507956174523E7,300.2912361616412,0.0013582672202788165,0.6679299942990569,-0.21233738715408773,0.37403598372244706,"{""type"":""MultiPoint"",""coordinates"":[]}"
20220322,2022-03-22,295.64232389989104,-0.02455027772901594,7.880922693059284E-5,99707.69812250898,6.246482943353611E-6,2.5167471191849984E7,301.37843718255345,0.0012976056781272495,1.1258411029594881,-0.32038066428446227,0.35596988733921914,"{""type"":""MultiPoint"",""coordinates"":[]}"
20220323,2022-03-23,297.04744536143863,-0.01280097264005224,1.0380375656116929E-4,99690.62447397805,3.2623830122763703E-5,1.7451651702127658E7,300.07500491100427,0.00551430197592141,0.4198802690090992,0.01945677816989632,0.3708271612870549,"{""type"":""MultiPoint"",""coordinates"":[]}"
20220324,2022-03-24,296.87719043732153,-0.008687774716915744,3.3216634641001477E-4,99757.98207675012,2.6190848104196303E-4,1.4348543956004333E7,298.9788461452007,0.009216768097139358,-0.012249109177280474,0.17250982127892947,0.41214457863955445,"{""type"":""MultiPoint"",""coordinates"":[]}"
20220325,2022-03-25,296.7675424652155,-0.013151449544621944,8.920063739901111E-5,99861.03543358247,1.9924448493410004E-5,1.7470936366029575E7,300.00963526176776,0.0030841527452716948,0.05579143688790228,0.19890628290629211,0.4051875566000376,"{""type"":""MultiPoint"",""coordinates"":[]}"
20220326,2022-03-26,297.04685481979755,-0.01388882580450026,1.303384606476257E-4,100009.9156770153,6.217433202150623E-5,1.935777030292103E7,300.3564867505031,0.004947986095079739,0.09243478510210414,-0.008150653492904277,0.4082927134106088,"{""type"":""MultiPoint"",""coordinates"":[]}"
20220327,2022-03-27,296.9741664654447,-0.013422547665273846,1.0797496666084587E-4,100006.70861782657,4.085816719709989E-5,1.9468966930400293E7,300.1039128673236,0.005415306317867286,-0.05870771516987245,0.08324626998440525,0.41923371053742237,"{""type"":""MultiPoint"",""coordinates"":[]}"
20220328,2022-03-28,296.83382602837924,-0.015899980397074822,1.2919821551763493E-4,99964.717117935,6.319930406842815E-5,2.1336035281283807E7,300.5138059165103,0.005907732631985651,0.0813793700995791,0.12160435495561155,0.42406733653080814,"{""type"":""MultiPoint"",""coordinates"":[]}"
20220329,2022-03-29,297.03934176963514,-0.014368836516417025,8.915858581699794E-5,99895.51079630402,2.4173552492143795E-5,1.9506622629282366E7,300.5354612948645,0.003492101668511248,0.17405881697146536,0.31375534724467,0.4253523204458178,"{""type"":""MultiPoint"",""coordinates"":[]}"
20220330,2022-03-30,296.8964393559321,-0.014310908486030186,9.752761638426754E-5,99897.04940051574,3.3559706874844664E-5,1.9603287151099894E7,300.3371745030572,0.004165858140479259,0.11376811363531111,0.35052265165402124,0.4219729569915797,"{""type"":""MultiPoint"",""coordinates"":[]}"
20220331,2022-03-31,296.68338923105216,-0.016969115650324974,8.337920295861154E-5,99883.0882919794,2.04455431213544E-5,2.156753393184277E7,300.81816519709616,0.0029727309012602173,0.18924016158072648,-0.12861867777242844,0.41681952464464483,"{""type"":""MultiPoint"",""coordinates"":[]}"
20220401,2022-04-01,296.54327949375363,-0.01342663696869332,1.2145411885476826E-4,99952.07892213279,5.947364030054578E-5,1.7675356812116843E7,299.83551834185323,0.005226523060837822,0.08589840955581785,0.054222452280856426,0.41945872093023684,"{""type"":""MultiPoint"",""coordinates"":[]}"
20220402,2022-04-02,296.3429268285452,-0.014678345985772421,8.82990741574975E-5,100006.8734883179,2.7237699816814185E-5,1.915835876090876E7,300.0583273361101,0.0031919970600225956,0.2039761862541022,0.29542559768620813,0.418584708970303,"{""type"":""MultiPoint"",""coordinates"":[]}"
20220403,2022-04-03,296.42101999881936,-0.01706532726794471,7.641191059959266E-5,99875.72457586038,1.633561962226045E-5,2.1919457054814287E7,300.5469291580169,0.0023537664653383917,0.15987582958465385,-0.2921335754779716,0.411056289622411,"{""type"":""MultiPoint"",""coordinates"":[]}"
20220404,2022-04-04,296.2173347778082,-0.018449647523384856,6.774286049348628E-5,99959.82137058944,8.729772472312813E-6,2.296727518175262E7,300.7778938165979,0.001303767821898298,0.09555425169892375,0.14574487049686521,0.3972772767243155,"{""type"":""MultiPoint"",""coordinates"":[]}"
20220405,2022-04-05,295.8757127632759,-0.01905133913472977,7.430042465628162E-5,100127.9886770871,1.629322949962155E-5,2.1496343201586735E7,300.24482742435214,0.002516035233650392,0.24196878770951363,0.14771752951308248,0.3917519312263726,"{""type"":""MultiPoint"",""coordinates"":[]}"
20220406,2022-04-06,296.26000003789477,-0.015192490525132605,8.794311481050066E-5,100146.65881877374,3.08409059172368E-5,1.97012005658132E7,299.779612220556,0.0040544582128075575,0.2706986161461386,-0.2558823576310548,0.3958271403541386,"{""type"":""MultiPoint"",""coordinates"":[]}"
20220407,2022-04-07,296.63175531550803,-0.017715569389423137,6.444405077856197E-5,99959.2114724435,8.292488143885134E-6,2.337486061990624E7,300.8693278505619,0.0013047166869758692,0.2654073400872303,-0.26143299385480745,0.3926476283577258,"{""type"":""MultiPoint"",""coordinates"":[]}"
20220408,2022-04-08,296.60035286632944,-0.01213568910617842,1.2530386447906497E-4,99939.73763625392,6.884134421914311E-5,1.6332360133790122E7,299.79733747162913,0.007163869847771582,-0.05560833371191418,0.04359300669060116,0.40600903416241657,"{""type"":""MultiPoint"",""coordinates"":[]}"
20220409,2022-04-09,296.7316356539253,-0.008996457705160707,0.004529704946690074,99880.04657935479,0.0035501636478753027,1.4739997239451861E7,298.42108038787535,0.03652400747774484,-0.2576923748667044,0.07431230367068302,0.45888587141398113,"{""type"":""MultiPoint"",""coordinates"":[]}"
20220410,2022-04-10,297.009587530821,-0.00907785082326613,9.1491881966204E-4,99796.12025165703,5.757080594576786E-4,1.5384905990623875E7,298.9385056390774,0.013050288227956045,0.1092017818377101,-0.5875074192227788,0.4751682563503856,"{""type"":""MultiPoint"",""coordinates"":[]}"
20220411,2022-04-11,297.38254192176686,-0.005200887014944976,0.00442968192585874,99702.87436257556,0.0027996606982403443,1.1627728020915976E7,298.43888041279274,0.028715798778906322,-0.2730834703632295,-0.3295096235932145,0.4685758216290222,"{""type"":""MultiPoint"",""coordinates"":[]}"
20220412,2022-04-12,297.11781697159194,-0.003385873246109103,0.0029407972641211327,99630.26962410503,0.0022596051648468736,9361595.745402092,297.94549831367914,0.019810248793701163,-0.3408753964631285,0.26395764338280925,0.47509761073867607,"{""type"":""MultiPoint"",""coordinates"":[]}"
20220413,2022-04-13,296.95277004767,-0.005470693733420908,0.005849605606881626,99645.92585256406,0.00363815257986057,1.2779994933285251E7,298.07631521526474,0.03354980366145322,-0.4318387111028037,0.5345724924551581,0.47176735526395697,"{""type"":""MultiPoint"",""coordinates"":[]}"
20220414,2022-04-14,297.1042835363074,-0.005112883850819275,0.0021227748652807954,99709.06427029103,7.338138223984078E-4,1.4385609861882439E7,298.74127953854133,0.013628793373204209,-0.5011187808733459,0.6176933570039405,0.4635464834155251,"{""type"":""MultiPoint"",""coordinates"":[]}"
20220415,2022-04-15,297.15360538396925,-0.013820282150338026,7.826522976063323E-5,99686.02098887433,2.4330699826421777E-5,2.4375117579156153E7,300.1907082718288,0.0020802650432657508,-0.31617407121542557,0.6242106422837472,0.46164067356986827,"{""type"":""MultiPoint"",""coordinates"":[]}"
20220416,2022-04-16,297.0419572822634,-0.013131849371028475,7.309143697145053E-5,99653.3408980243,1.9149338236106165E-5,2.144902009159755E7,300.3497928136071,0.0017475443252141657,-0.28653038460871016,0.4949975131953447,0.45562038210696765,"{""type"":""MultiPoint"",""coordinates"":[]}"
20220417,2022-04-17,296.9264234776021,-0.010290997830315958,9.07385949511585E-4,99794.20158790307,8.53458365033862E-4,1.9319028460151467E7,299.3739064912813,0.008194248259953973,-0.2279263260359088,0.5560446915137593,0.4588680297139889,"{""type"":""MultiPoint"",""coordinates"":[]}"
20220418,2022-04-18,296.97500412256943,-0.012105261206390452,9.990693095183488E-5,99930.8038016208,4.601794816593896E-5,2.1535299015867297E7,299.795155891247,0.003766435599594478,0.14853331085179405,-0.32896240702728946,0.46264167267021794,"{""type"":""MultiPoint"",""coordinates"":[]}"
20220419,2022-04-19,297.8590486462063,-0.007329645151862846,7.341897475818329E-4,99972.55829787003,6.802598766114709E-4,1.4680933245943027E7,299.61321734430584,0.008152169460349246,0.2706601785659103,-0.4644716175176559,0.46745481593116783,"{""type"":""MultiPoint"",""coordinates"":[]}"
20220420,2022-04-20,297.86039396781933,-0.01417575277095231,6.475931001921833E-5,99694.04272722127,1.0890959403680803E-5,2.217772255030653E7,301.32097735165956,8.772622504623874E-4,0.31202480079090533,-0.36980896248870754,0.4578853504691278,"{""type"":""MultiPoint"",""coordinates"":[]}"
20220421,2022-04-21,297.93133680813867,-0.012646363755930558,1.249982724540551E-4,99654.74010119674,7.130253456836568E-5,2.1062741229715113E7,301.0014829648231,0.003978906020477754,-0.1980805237113548,0.33279385435164216,0.4562188255226604,"{""type"":""MultiPoint"",""coordinates"":[]}"
20220422,2022-04-22,297.38318624839235,-0.01306892049374926,9.82320038927534E-5,99768.97794916242,4.4644397495027665E-5,2.111413054381537E7,300.3409635243701,0.0036379435630346127,-0.014441753955597573,0.7867364492650244,0.4625116694015099,"{""type"":""MultiPoint"",""coordinates"":[]}"
20220423,2022-04-23,297.3593514829118,-0.0092723444843073,6.862315747267583E-5,99833.80877998828,1.507424949267003E-5,1.5168158824017316E7,299.83567640600563,0.0012274782771811397,-0.3322600687993148,0.7129846592192497,0.4591654756777361,"{""type"":""MultiPoint"",""coordinates"":[]}"
20220424,2022-04-24,297.50184360618334,-0.011415950580490998,3.620770313530849E-4,99711.0516936005,2.2171358478830218E-4,2.1314645201586735E7,300.039550966276,0.005643424215009928,-0.3553419643933562,0.056328007372142996,0.45967710309052146,"{""type"":""MultiPoint"",""coordinates"":[]}"
20220425,2022-04-25,298.02927280122924,-0.012144762106452059,1.3523706289735718E-4,99695.90732481747,8.10100983464241E-5,2.0711549139920663E7,300.6920966423393,0.0038137559995262598,0.1639127010249622,0.015967599616799884,0.4659316405351238,"{""type"":""MultiPoint"",""coordinates"":[]}"
20220426,2022-04-26,298.18167417819495,-0.012948757791848035,7.828615748233158E-5,99678.10395800699,2.4731080539812057E-5,2.1896067785791565E7,301.1347353898902,0.0021204484953765844,0.028253690800080423,-0.49000563275027365,0.4562721145827979,"{""type"":""MultiPoint"",""coordinates"":[]}"
20220427,2022-04-27,297.80725097495764,-0.01650283295289085,7.138720196676822E-5,99642.44378796373,1.7965254781910798E-5,2.410769188063469E7,301.8294484252783,0.0016783116200280045,0.08038329527862144,0.7049487371515778,0.4421840658095009,"{""type"":""MultiPoint"",""coordinates"":[]}"
20220428,2022-04-28,297.90532387253023,-0.012533062396606641,7.735013026775026E-5,99821.14225806277,2.4033428915046507E-5,2.0528493223223947E7,300.7622252704003,0.0022593536855853775,-0.09512008940289408,0.4075890543913955,0.43944172206327936,"{""type"":""MultiPoint"",""coordinates"":[]}"
20220429,2022-04-29,297.6162438035542,-0.013198512198260404,2.0972182292436123E-4,99813.26867706595,1.5655896947824955E-4,2.1493097869816083E7,300.62731947166907,0.007921695424859548,0.12545479064750645,-0.11039233468504306,0.4505837054504256,"{""type"":""MultiPoint"",""coordinates"":[]}"
20220430,2022-04-30,297.94276878521106,-0.012887462821788749,1.0068260006985424E-4,99688.06526733795,4.764469498294895E-5,2.0388961721601155E7,300.8564252726146,0.0041103398050859495,0.7021337382451519,-0.5424157879733453,0.46237578955475045,"{""type"":""MultiPoint"",""coordinates"":[]}"
20220501,2022-05-01,297.75781046540317,-0.006226438603115736,0.0025634500004950303,99713.5530659414,0.0021192830282989244,1.3729983483231163E7,299.3073298640801,0.018564931146094508,0.009967059953838385,-0.485668993652519,0.4780846321893752,"{""type"":""MultiPoint"",""coordinates"":[]}"
20220502,2022-05-02,297.7092180347225,-0.00972620865852017,6.360560843671997E-4,99630.7727292897,5.70800237349556E-4,1.7894170143887497E7,299.86332530243953,0.00797075136630835,0.13607934914410214,-0.4767164069165517,0.4752041040267605,"{""type"":""MultiPoint"",""coordinates"":[]}"
20220503,2022-05-03,298.1818910663641,-0.012363098208445574,2.2019901045212194E-4,99658.40263252794,1.1684897624754193E-4,1.9578770421204478E7,301.053072345072,0.0056669491504745895,0.308760881796524,-0.8171147382636244,0.4753112372246941,"{""type"":""MultiPoint"",""coordinates"":[]}"
20220504,2022-05-04,298.19407478114255,-0.008244580080416328,5.26975669716396E-4,99784.51290714169,4.3639720421253554E-4,1.6535054334294986E7,300.0502749955602,0.00846658824703948,0.392114297660702,-0.4229031280766801,0.477585616113475,"{""type"":""MultiPoint"",""coordinates"":[]}"
20220505,2022-05-05,297.8397068732604,-0.006485306435851387,0.0017387192310772779,99717.6474200273,0.0016772189898650828,1.3085810129102057E7,299.6955479031387,0.008808125574254892,0.33112316266864744,-0.6988331992002272,0.4721317129620052,"{""type"":""MultiPoint"",""coordinates"":[]}"
20220506,2022-05-06,297.5054148816049,-0.006669795497300776,0.0010136991868240932,99696.44871755592,5.49460581567285E-4,1.3522471790119005E7,299.5594365587313,0.009624582011047099,0.3320943032452831,-0.6086811232500916,0.460489424164299,"{""type"":""MultiPoint"",""coordinates"":[]}"
20220507,2022-05-07,297.68149481130376,-0.010663349361431287,1.1158369419766472E-4,99596.00682437466,5.0016083400945055E-5,1.9150376741074648E7,300.277366938994,0.0036008219871760025,0.13357167084037377,-0.5679495843904985,0.46446448453473765,"{""type"":""MultiPoint"",""coordinates"":[]}"
20220508,2022-05-08,297.9684034132703,-0.011251234574047963,1.4415283120155681E-4,99465.6529024649,8.086274988248037E-5,1.7651873878110353E7,300.689301001623,0.005456283556341806,0.6976163180663418,-0.8937182336748327,0.47195098451416523,"{""type"":""MultiPoint"",""coordinates"":[]}"
20220509,2022-05-09,297.5536952100705,-0.0047035142067340255,0.0020030170861796872,99487.8440263934,0.001688929378792907,9011646.82654165,298.72752646331475,0.015624169753731862,0.30892408035999164,-0.535793922113418,0.48346337952254453,"{""type"":""MultiPoint"",""coordinates"":[]}"
20220510,2022-05-10,297.4935433944554,-0.006307987150327418,0.0014348664800268713,99542.25254189159,4.483841485896355E-4,1.2159721090515688E7,298.8516865070085,0.011666559839862737,0.5906510560010141,-0.7294787211635394,0.48485285674942463,"{""type"":""MultiPoint"",""coordinates"":[]}"
20220511,2022-05-11,296.9784061222327,-0.004045607847908195,0.0010511686134071845,99660.57045947156,2.928409890667695E-4,9178689.397042913,297.86234561650997,0.010750418008832965,-0.10885520083985377,-0.4644603204062272,0.47249637169969216,"{""type"":""MultiPoint"",""coordinates"":[]}"
20220512,2022-05-12,296.68652645500396,-0.005798451179283173,2.636786401164348E-4,99674.19010962524,1.7829971261029636E-4,1.1411813846375767E7,298.6886618504489,0.008447120282523608,-0.03928403559750211,-0.20605204269882868,0.494513991762059,"{""type"":""MultiPoint"",""coordinates"":[]}"
20220513,2022-05-13,296.2902749620217,-0.007202860149308056,0.004097452210554611,99626.9245585806,0.001906729519926079,1.0832664675802382E7,298.2434263468964,0.018172456207927106,-0.1394052690060498,0.05283923607088077,0.4883096134136726,"{""type"":""MultiPoint"",""coordinates"":[]}"
20220514,2022-05-14,297.22337336883567,-0.002330309238850404,0.01822367435730282,99693.69133317508,0.008848887991483919,5653399.772809233,297.88858554173817,0.05588044819788791,0.8414789587993695,0.4434793144195811,0.4787894507012756,"{""type"":""MultiPoint"",""coordinates"":[]}"
20220515,2022-05-15,296.9670864581661,-0.002550460924815926,0.011363266829201088,99727.61279431876,0.0028926639932181234,5791227.883159034,297.3858502992488,0.034299226418452115,1.064706650587326,-0.34428565593017435,0.48100880823365805,"{""type"":""MultiPoint"",""coordinates"":[]}"
20220516,2022-05-16,297.1165138473447,-0.004019571596530213,0.005925382420640968,99603.85936883705,0.0020945568109220687,9839044.51280202,297.98618028335585,0.023350453312743883,-0.002140584423616821,0.7173568145029966,0.48278366847312826,"{""type"":""MultiPoint"",""coordinates"":[]}"
20220517,2022-05-17,297.0647785871387,-0.005231589080246615,0.0172535034129648,99397.6997242288,0.007634964335966405,9997898.934727732,297.9795455529092,0.04858118390783352,0.3254481603469051,2.2365392808057836,0.4844903435783325,"{""type"":""MultiPoint"",""coordinates"":[]}"
20220518,2022-05-18,297.0975815275138,-0.001918723008078528,0.05539481736802901,99587.70665149527,0.026482802758976055,3716330.6556076454,297.5152371584589,0.09254998403177682,0.8575546295829998,0.5438587467950445,0.48043607092058455,"{""type"":""MultiPoint"",""coordinates"":[]}"
20220519,2022-05-19,296.7096245143546,-0.0025904605758241745,0.0131789126144262,99811.26733812234,0.0023380369968978333,6431985.599711502,297.38679395511275,0.02082373402284622,0.2160097657093737,0.4721142627224496,0.46497643878073325,"{""type"":""MultiPoint"",""coordinates"":[]}"
20220520,2022-05-20,296.96190867496813,-0.004513934022235475,0.006326287826325032,99877.26000087337,6.64828512434748E-4,1.1844966704652002E7,297.968400113298,0.014905255670758991,0.6088892073137769,0.961334030621613,0.4762152677431232,"{""type"":""MultiPoint"",""coordinates"":[]}"
20220521,2022-05-21,297.03720845854025,-0.007682319479301611,0.007702610723128871,99819.40837486577,9.912227787913035E-4,1.6801356435629282E7,298.26701886740744,0.015589697861534454,0.955012273438806,0.2299177409192807,0.4824576342904036,"{""type"":""MultiPoint"",""coordinates"":[]}"
20220522,2022-05-22,296.9426522851636,-0.0039417530079847475,0.007291781275744394,99721.40720971713,6.157150831284439E-4,9793164.369996395,297.8032655318148,0.01689136398309841,0.8587582289334285,-0.40633415285964075,0.4846609650731216,"{""type"":""MultiPoint"",""coordinates"":[]}"
20220523,2022-05-23,296.9473526903408,-0.006321660716192757,0.007374790139439902,99631.13514825582,1.7137723120807358E-4,1.2475971419401372E7,298.44150494170714,0.007041645217112834,0.6173300052408502,-0.2830922128432273,0.48784661880550034,"{""type"":""MultiPoint"",""coordinates"":[]}"
20220524,2022-05-24,297.3778253764627,-0.004119906007566481,0.005890762442141892,99833.99376392241,1.7085538964128826E-4,9244701.54056978,298.39232363828694,0.007424451685412994,0.40860208391441094,0.0711866008761067,0.4890409719056988,"{""type"":""MultiPoint"",""coordinates"":[]}"
20220525,2022-05-25,297.36821220866585,-0.007976779052594746,0.005815506368348887,99873.80410965065,2.233032157306762E-4,1.5875278249549221E7,298.9878165557675,0.005470604261061448,0.27840402949127196,-0.0390031627199228,0.4781885084043773,"{""type"":""MultiPoint"",""coordinates"":[]}"
20220526,2022-05-26,296.9200875034326,-0.005416394662403519,0.005916002445968101,99958.885219159,4.938029685133939E-4,1.2133353204471694E7,298.22190868878886,0.010916170141470994,0.2488493760598797,0.6536082851727688,0.4746989988337801,"{""type"":""MultiPoint"",""coordinates"":[]}"
20220527,2022-05-27,296.5030086648939,-0.00867122505498285,0.006177598666272094,99896.02105150155,7.529097491337254E-4,1.6663658350522906E7,298.3786693655079,0.00892587606061292,0.07497109987369191,0.013392026872356341,0.4697414946851286,"{""type"":""MultiPoint"",""coordinates"":[]}"
20220528,2022-05-28,296.4617969869694,-0.007705057591328843,0.005913474238009131,99872.02590825362,9.881467986657137E-4,1.6500541692751534E7,298.213131132973,0.009435802760367524,0.002628117545405638,0.6930981876902003,0.4718402482408903,"{""type"":""MultiPoint"",""coordinates"":[]}"
20220529,2022-05-29,296.4091748369329,-0.008866508942388949,0.004965074991775771,99799.5811733682,2.0056079268412525E-4,1.7411324666065637E7,298.39582582751865,0.0053136965459899795,-0.12569736715033158,0.7694796843803309,0.4785888070942104,"{""type"":""MultiPoint"",""coordinates"":[]}"
20220530,2022-05-30,296.4041720001812,-0.012307679341764088,0.004655108720956191,99712.69114711294,4.813677184297168E-5,1.9793941000360623E7,299.0815947737054,0.003154326055797793,0.3337800222773552,0.18849280992799808,0.47520014305128505,"{""type"":""MultiPoint"",""coordinates"":[]}"
20220531,2022-05-31,296.44188633531405,-0.011155294224195348,0.006478822262459957,99716.00399082908,9.814646461789806E-4,1.8422001109267943E7,298.6490647973658,0.015146627104898478,0.5656135734249041,-0.36691754000994264,0.4772375216634818,"{""type"":""MultiPoint"",""coordinates"":[]}"
20220601,2022-06-01,296.464626730685,-0.008515596028391824,0.004631607566570231,99700.10840319181,2.6409619236267566E-4,1.592930317850703E7,298.35866994407263,0.006847950455581848,0.33992136113702975,0.39992675630500907,0.47252599383965327,"{""type"":""MultiPoint"",""coordinates"":[]}"
20220602,2022-06-02,296.6095241790122,-0.009121505385738308,0.004738106007099667,99695.13768292789,3.6919888631557237E-4,1.7374271752614494E7,298.6001879940498,0.007363312840026864,0.41949213002504454,-0.09271199473367171,0.47596862514168914,"{""type"":""MultiPoint"",""coordinates"":[]}"
20220603,2022-06-03,296.6796406210437,-0.009519341305365771,0.005268098930890406,99666.70344582529,7.187721171385107E-4,1.7105118627479263E7,298.669538109531,0.010950400634353801,0.40513967983366456,-0.38960568425402875,0.4666364792233291,"{""type"":""MultiPoint"",""coordinates"":[]}"
20220604,2022-06-04,297.2313344453101,-0.00961382736260823,0.004909998397727414,99605.49864591318,8.037699405956993E-4,1.7816613764875587E7,299.2423221098859,0.00926538750125739,0.25181744210148876,-0.20420602709502755,0.46512986398800754,"{""type"":""MultiPoint"",""coordinates"":[]}"
20220605,2022-06-05,297.36869678550056,-0.008839774613523586,0.004859497768651955,99632.98275385228,5.375019080192657E-4,1.6337746468806345E7,299.05117921752424,0.010030042212659521,0.2843068303189494,0.3192154487346655,0.4759826556981966,"{""type"":""MultiPoint"",""coordinates"":[]}"
20220606,2022-06-06,297.0798920987819,-0.010942804057848313,0.004043880236135939,99678.20182186019,1.6845840647725308E-4,1.7739223518932566E7,299.3530047854948,0.006439579246155069,0.4013666610818656,0.5322034993786725,0.47673361741918996,"{""type"":""MultiPoint"",""coordinates"":[]}"
20220607,2022-06-07,297.05858786195824,-0.004717515712335915,0.004105112071055348,99807.10317449138,2.2063090499884123E-4,1.0511915285250632E7,298.1558863613122,0.00835311055775029,0.488056121415309,0.5536697130963297,0.49413185392467573,"{""type"":""MultiPoint"",""coordinates"":[]}"
20220608,2022-06-08,296.6954834494744,-0.006957546509251543,0.006143673211927238,99785.93421198132,0.0012688101804991558,1.3409724850342592E7,298.3491724623928,0.009008697620482045,0.7215297991072479,-0.530726268538232,0.46573762404172087,"{""type"":""MultiPoint"",""coordinates"":[]}"
20220609,2022-06-09,296.8015974755327,-0.009179167166013734,0.004278797816164091,99724.07463765415,2.5330136506255684E-4,1.7779542403173458E7,298.7422963802826,0.00809391869513417,0.3875389594357668,-0.12500987800644459,0.46917352104347515,"{""type"":""MultiPoint"",""coordinates"":[]}"
20220610,2022-06-10,296.6359088536366,-0.007155774908830146,0.005293339251762601,99853.24303205816,0.001306470061709122,1.3898179737468448E7,298.10986794060074,0.012961702338357946,0.2554167802409207,0.5524546983996068,0.479566279362136,"{""type"":""MultiPoint"",""coordinates"":[]}"
20220611,2022-06-11,296.52688078038295,-0.010071468455908407,0.005248437246346018,99893.83738948962,7.612688384286514E-4,1.9056622331049412E7,298.378286408696,0.008667694129632855,0.3118853096148617,0.19756446725575028,0.4651059366100783,"{""type"":""MultiPoint"",""coordinates"":[]}"
20220612,2022-06-12,296.5027241301603,-0.0056117138775986465,0.005573354083796164,99914.73432921815,0.0011670562202561604,1.2243481708618827E7,297.72812880144517,0.01275360903764698,0.2626701379742297,0.11593230892107573,0.4678902455800026,"{""type"":""MultiPoint"",""coordinates"":[]}"
20220613,2022-06-13,296.28700908913555,-0.012868792549436634,0.004175508450589111,99878.62960366048,4.371374394117259E-5,1.94457312686621E7,299.2089679455267,0.0025853234746541403,0.8813848423261401,-0.6782291093430337,0.4691403505105441,"{""type"":""MultiPoint"",""coordinates"":[]}"
20220614,2022-06-14,296.67498479518264,-0.01256231693339357,0.0041233435369896375,99787.56690357024,5.903907504444557E-5,1.9835014975838445E7,299.4396465047935,0.003305781742462232,0.7022690732313729,-0.37224559324523393,0.4709264233874965,"{""type"":""MultiPoint"",""coordinates"":[]}"
20220615,2022-06-15,296.79316712205326,-0.006744302911337989,0.00500339753804893,99767.02284034011,9.301517882847507E-4,1.2802181071763434E7,298.3056628748493,0.012078581712194449,0.3519447066202404,-0.5295785730425907,0.4784046929248581,"{""type"":""MultiPoint"",""coordinates"":[]}"
20220616,2022-06-16,296.6171961088626,-0.005827173948008534,0.005302528843009597,99719.50894096443,6.300438070529384E-4,9731493.492967907,298.1359796793448,0.00998702757342645,0.08834305089287266,-0.843860566522915,0.4738028382206067,"{""type"":""MultiPoint"",""coordinates"":[]}"
20220617,2022-06-17,296.69758643672964,-0.007600104792955076,0.004774096209973667,99694.80553505154,4.926813995412573E-4,1.5110547832672197E7,298.15829923138887,0.011697699015625741,0.13636738400803777,-0.1594113384334639,0.477553289546203,"{""type"":""MultiPoint"",""coordinates"":[]}"
20220618,2022-06-18,296.7885111029123,-0.004813258714498357,0.012421615311611959,99740.67807075437,0.0019450722254874518,1.1492419116480349E7,297.6701126146781,0.025890788315126537,0.2638450014518136,0.1265362658628493,0.48182879252020505,"{""type"":""MultiPoint"",""coordinates"":[]}"
20220619,2022-06-19,296.4078784089262,-0.00900514263443426,0.0072097253206186325,99773.4951916711,8.790924731377355E-5,1.42897725106383E7,298.6823336751089,0.004494870364529075,0.5589607115877494,-0.5360040772719257,0.47665690493019075,"{""type"":""MultiPoint"",""coordinates"":[]}"
20220620,2022-06-20,296.52922481853716,-0.008404566116800303,0.008778846012935541,99726.4169960027,8.69394350881573E-4,1.5524228757302558E7,298.1562451294859,0.017652316355464524,0.9103015728159611,-0.5132528385558313,0.48346933669117687,"{""type"":""MultiPoint"",""coordinates"":[]}"
20220621,2022-06-21,296.39206908508373,-0.006317647639494102,0.012846574815997054,99704.29944694329,0.0023639755524369815,1.3556626501983408E7,297.6140856295197,0.01448632242595337,0.5417950542260569,-0.7990307719651032,0.4708618235596674,"{""type"":""MultiPoint"",""coordinates"":[]}"
20220622,2022-06-22,296.1755839906242,-0.009137181643755309,0.009178191396547833,99820.64647515994,7.198525601416945E-4,1.660774666065633E7,298.0940896513543,0.011552624242140866,0.3246522048930019,-0.2801158128700114,0.478561263916111,"{""type"":""MultiPoint"",""coordinates"":[]}"
20220623,2022-06-23,296.58396079486096,-0.0064201265616490874,0.01246893389793325,99842.12025294836,0.00358086370880149,1.2621271584565457E7,297.97902734125734,0.015262616072429474,0.768922198204227,-0.11404322518911454,0.4736306857340527,"{""type"":""MultiPoint"",""coordinates"":[]}"
20220624,2022-06-24,296.79039207033867,-0.006503031760712115,0.011625245522494098,99783.7741538102,0.001333213130833653,1.3166570980165886E7,297.99623267440535,0.01851366792679912,1.285519653221265,-0.38006471765057115,0.47374877306056273,"{""type"":""MultiPoint"",""coordinates"":[]}"
20220625,2022-06-25,296.6195852928744,-0.003066157205436705,0.012765394160346007,99682.36457816824,5.843143599840695E-4,7532314.056978004,297.33080494749197,0.013956033830955948,0.7659495989137695,-0.5092354836207713,0.47723630122631727,"{""type"":""MultiPoint"",""coordinates"":[]}"
20220626,2022-06-26,296.77704374347985,-0.00936739729751631,0.008463900349564043,99744.95846210954,1.5109156255381574E-4,1.7558625156869814E7,298.5247240780725,0.006783083752839327,0.7380485099043206,-0.6099019511156695,0.4940058390299477,"{""type"":""MultiPoint"",""coordinates"":[]}"
20220627,2022-06-27,296.32621185687003,-0.010103446351860649,0.0076787811789622695,99857.91724263776,1.1622389322405383E-4,1.7794991498737827E7,298.2725529322789,0.00600497311916346,0.7645399916958732,-0.8384960864739204,0.49586766372865926,"{""type"":""MultiPoint"",""coordinates"":[]}"
20220628,2022-06-28,296.49694353010324,-0.005771166729961456,0.013228096118955205,99828.39437588514,0.003061689772289495,1.2390975237648757E7,297.5388380051347,0.024324209522175365,1.090719556031799,-1.0424210282096584,0.47379955613193275,"{""type"":""MultiPoint"",""coordinates"":[]}"
20220629,2022-06-29,296.6991224370334,-0.0026480924449605804,0.012472881574494036,99718.73683031692,0.0017325239000103773,6200331.653804545,297.1888162892861,0.019130027390793884,0.966702830033429,-1.4409024173042098,0.4813287278496457,"{""type"":""MultiPoint"",""coordinates"":[]}"
20220630,2022-06-30,296.59426866722356,-0.0033629963431726327,0.016220360841189663,99737.07869105175,0.0018699127822050412,7580613.435268664,297.2536360406721,0.02563557721435315,1.370924103272937,-1.055075642509176,0.48271104730311926,"{""type"":""MultiPoint"",""coordinates"":[]}"
20220701,2022-07-01,296.34143989655615,-0.0035043785538627836,0.02293751275403982,99721.04543269504,0.0012708883873615894,7576452.3267219635,297.05287344637134,0.019843483031425097,1.2879529554750189,-2.1208154128884344,0.48158770310275484,"{""type"":""MultiPoint"",""coordinates"":[]}"
20220702,2022-07-02,296.5303587486487,-0.008439184608138773,0.014649914270632971,99604.05594116023,8.147075756164476E-4,1.5836272430580596E7,298.07615650340705,0.01614233498383291,1.2951681868705287,-1.8209850665883591,0.4855130378236164,"{""type"":""MultiPoint"",""coordinates"":[]}"
20220703,2022-07-03,296.38324864888835,-0.004491313573226919,0.06559660803732181,99751.08455565058,0.00667204481898513,1.0090352522178145E7,297.19150847508257,0.05477130855888569,2.061020349364311,-0.9643369872547972,0.47529730514231067,"{""type"":""MultiPoint"",""coordinates"":[]}"
20220704,2022-07-04,295.7304988273679,-0.006648202285337138,0.0192380275455056,99755.47691237918,0.002693882486771214,1.0715764060584206E7,297.123627724678,0.026466190873002494,1.2354679435530973,-1.3884030321008642,0.4749873716508216,"{""type"":""MultiPoint"",""coordinates"":[]}"
20220705,2022-07-05,296.33732768660747,-0.003719198576947476,0.019801266158246154,99712.18760183532,0.0035439157046396465,9511215.020555358,296.94464971687034,0.03260855541185571,1.0187905374979342,-1.0923681716561275,0.47781186826614,"{""type"":""MultiPoint"",""coordinates"":[]}"
20220706,2022-07-06,296.179442109132,-0.004161236043972442,0.027177705006654458,99840.61628096028,0.002495242334469707,1.0183690566895062E7,297.0131934395575,0.02909399248001853,0.598887328961704,-1.266346894601372,0.4725454685593157,"{""type"":""MultiPoint"",""coordinates"":[]}"
20220707,2022-07-07,296.0428913942767,-0.0014776111500834116,0.04165883824696749,100012.26982560397,0.0041823247430817214,3313730.5939415786,296.387619438818,0.03712294104728651,0.5136249671118207,-1.28175522801337,0.4840764251949267,"{""type"":""MultiPoint"",""coordinates"":[]}"
20220708,2022-07-08,295.444407251108,-0.011104712842433324,0.019585083741553634,99890.90026854003,0.0012441882981189616,1.5309426468085106E7,297.73814712296985,0.018996851320338213,1.362798780672166,-1.81290275415186,0.48006689028322075,"{""type"":""MultiPoint"",""coordinates"":[]}"
20220709,2022-07-09,296.2481392613827,-0.0033048835461787964,0.015229427925718426,99792.0226673081,0.0011139041087578406,7291302.7865128005,296.7135637081333,0.023000320868001706,1.9130641328756852,-1.6680602873872,0.47649446641729654,"{""type"":""MultiPoint"",""coordinates"":[]}"
20220710,2022-07-10,295.9138268077442,-0.006037649730461582,0.011880043433261102,99893.28249192129,4.009540453741278E-4,1.242920527984133E7,297.07281603505373,0.014676149492581407,1.9743652595953816,-1.3276340864443814,0.49745479445715973,"{""type"":""MultiPoint"",""coordinates"":[]}"
20220711,2022-07-11,295.9089165795436,-0.004964345236558414,0.01153926094849532,100044.18444705365,5.104394862680198E-4,1.1285102845654529E7,296.9488727286653,0.016028442705876986,1.8915041499963845,-0.8974118784566182,0.4765363833783609,"{""type"":""MultiPoint"",""coordinates"":[]}"
20220712,2022-07-12,296.0374059604902,-0.006297878123043336,0.01124656868623647,99990.72304146335,0.0010080006265098594,1.283634100721241E7,297.21326459372665,0.019742335875593098,1.9531753990337506,-0.693761476832437,0.4798096163740868,"{""type"":""MultiPoint"",""coordinates"":[]}"
20220713,2022-07-13,296.32914790495005,-0.006968512484958961,0.017489391000551132,99793.63675437772,0.0015446017316606045,1.4544969525063109E7,297.4916015973041,0.03035891440736354,2.977598946919048,0.0672674236682792,0.4765526454800352,"{""type"":""MultiPoint"",""coordinates"":[]}"
20220714,2022-07-14,296.40423468314543,-0.0058568315321879845,0.01916552282630688,99675.63440512215,0.0014325915649398928,1.4311395844933284E7,297.46792011487963,0.025692192232654665,1.7390078746265107,0.35584419887646823,0.4785416178124961,"{""type"":""MultiPoint"",""coordinates"":[]}"
20220715,2022-07-15,296.50002813264723,-0.007158645761548248,0.0281549929159237,99739.36135359852,0.0010463387590859542,1.6184906669671835E7,297.72487787644957,0.020648938228863288,1.3596978775081274,0.07931288911654608,0.47318138544885346,"{""type"":""MultiPoint"",""coordinates"":[]}"
20220716,2022-07-16,296.64185720201385,-0.006304173091184006,0.015192934938965404,99778.90966162975,9.911764981382987E-4,1.4286245386224305E7,297.95381194219124,0.017512751470853082,0.7868543378090769,-0.37895609080354414,0.4844055585039251,"{""type"":""MultiPoint"",""coordinates"":[]}"
20220717,2022-07-17,296.6045926162036,-0.0055844865408865435,0.01407695123425383,99809.53807243775,0.001446106356595167,1.1615926678326722E7,297.7924127348313,0.015976270200884265,1.0255698970998048,-1.067288183667279,0.4780996326988083,"{""type"":""MultiPoint"",""coordinates"":[]}"
20220718,2022-07-18,296.5920817550236,-0.00383716652534561,0.019898093269591813,99871.9182460238,0.001955937842707147,8428879.834835919,297.2518534517615,0.02926247131940565,1.0488358971189597,-1.105363234531881,0.4785871942508449,"{""type"":""MultiPoint"",""coordinates"":[]}"
20220719,2022-07-19,296.05143848877293,-0.006850866236133865,0.02552253405539688,99799.03050868592,3.688078557718459E-4,9771574.731698524,298.0067135331321,0.009625882598038987,1.554901450911828,-1.2669683805608538,0.4666213605220194,"{""type"":""MultiPoint"",""coordinates"":[]}"
20220720,2022-07-20,296.5726486102422,-0.006909150147949622,0.010589180098429428,99764.68681925882,8.811291630973982E-4,1.273062156437072E7,298.20023882659905,0.01116256931026854,1.3250269529294734,-1.3232137777725368,0.472631695207774,"{""type"":""MultiPoint"",""coordinates"":[]}"
20220721,2022-07-21,296.17715719098993,-0.011686717627218731,0.008215544866905115,99785.85781284045,1.149477401538055E-4,1.7057528737829074E7,298.712405571271,0.006376796916997009,1.6576481234613185,-1.4574681790864645,0.48038513538054745,"{""type"":""MultiPoint"",""coordinates"":[]}"
20220722,2022-07-22,296.2776421609873,-0.004706595623660854,0.008496547614221233,99844.6628031464,8.028229457395756E-4,1.0028955138478182E7,297.5582076986473,0.012357909302107728,1.0861641010823682,-1.0563542617027943,0.47787287533605666,"{""type"":""MultiPoint"",""coordinates"":[]}"
20220723,2022-07-23,296.12749680373406,-0.007290448912839531,0.006459795175005374,99838.50556813189,1.3712147405935978E-4,1.3517716376487559E7,297.65077507783906,0.007521954677714771,1.2926164811183976,-0.8254191537132087,0.49092560350959435,"{""type"":""MultiPoint"",""coordinates"":[]}"
20220724,2022-07-24,296.0519806146192,-0.010617602929564277,0.005782168588288374,99798.8592222764,2.465401149767639E-5,1.7180452628200505E7,298.30935779800353,0.0016131552501196787,1.0404377685227724,-1.431009797397063,0.4854124237502593,"{""type"":""MultiPoint"",""coordinates"":[]}"
20220725,2022-07-25,295.6731549169112,-0.015511697603559568,0.005271059815263731,99844.37242388938,1.9801273442243267E-5,1.896570179661017E7,299.06304650089464,0.0015360739674529892,1.3759105059658914,-1.6190747906631804,0.47038934803708327,"{""type"":""MultiPoint"",""coordinates"":[]}"
20220726,2022-07-26,296.3985850587174,-0.008860625099596288,0.004975606797191154,99816.07744496314,1.5212224948892003E-4,1.300176975766318E7,298.53599854859186,0.007718825097313734,0.8360596416173958,-1.4864863980230567,0.47870910922872545,"{""type"":""MultiPoint"",""coordinates"":[]}"
20220727,2022-07-27,296.5173602314548,-0.007640880761950874,0.00723611314643646,99767.49692398666,0.001633360683703053,1.5331109714749372E7,298.07917740522976,0.014371835083832133,0.6226082513045486,-0.8532067076605894,0.480545379605656,"{""type"":""MultiPoint"",""coordinates"":[]}"
20220728,2022-07-28,296.398648712437,-0.010814642641804857,0.0050529090562023244,99747.2392928533,7.423628356712111E-4,1.7617338206274796E7,298.7361589343034,0.006517351297890278,0.35201957171633064,-0.745994953642615,0.4733613021443392,"{""type"":""MultiPoint"",""coordinates"":[]}"
20220729,2022-07-29,296.6943670369811,-0.009413868456197653,0.004125874560746828,99715.17545966174,9.385071590064541E-5,1.3987639975117203E7,299.22868392793936,0.004395179442070983,0.08874260248623725,-0.15939905203826044,0.47517434764558975,"{""type"":""MultiPoint"",""coordinates"":[]}"
20220730,2022-07-30,296.7486848713101,-0.01211909981752792,0.00391633294622175,99642.81425109785,9.545826262788054E-5,1.9240394274071407E7,299.29170939228493,0.004354352505111664,0.4601425164478704,-0.4341296401358035,0.4818593595073493,"{""type"":""MultiPoint"",""coordinates"":[]}"
20220731,2022-07-31,297.1262248062518,-0.00915188683963321,0.007560071244894966,99546.47521528046,0.0021988669651490963,1.7145042474215653E7,298.55549060428564,0.023041870627981218,0.7770549757203485,-0.4484657625092208,0.4786501442072039,"{""type"":""MultiPoint"",""coordinates"":[]}"
20220801,2022-08-01,295.9956268012948,-0.003409742865693986,0.023512814539221705,99568.05827996813,0.008280987561479873,6916903.360620266,296.58892814286816,0.055783244057367995,0.33055310502105606,0.6810294050969159,0.4740836324277929,"{""type"":""MultiPoint"",""coordinates"":[]}"
20220802,2022-08-02,296.3066477144491,-0.002927668076955665,0.06689389300419456,99510.98508485379,0.011962689768309376,4141876.2560403896,296.6167502824555,0.08035932756145973,3.0806477876047147,0.3462186274096892,0.4816602611071732,"{""type"":""MultiPoint"",""coordinates"":[]}"
20220803,2022-08-03,296.38176550843974,-0.002881035727260348,0.10949063060346427,99488.49184431207,0.022316954156744583,3932263.6271186452,296.6607509238858,0.11102521586000659,3.5144816188947527,0.09814951021176345,0.48466738893344063,"{""type"":""MultiPoint"",""coordinates"":[]}"
20220804,2022-08-04,295.81748950319496,-0.0030464718378260805,0.08094987329371003,99699.26658929535,0.010415563770269944,2258939.657410747,296.18371959167666,0.07557623029984253,3.6510062354704926,0.30970074405663284,0.4773888546108757,"{""type"":""MultiPoint"",""coordinates"":[]}"
20220805,2022-08-05,296.13262416519996,-0.0027239049599783716,0.03231077553389351,99799.58241335255,0.003328923838602005,5985189.885683375,296.544719583241,0.040264824325076554,2.3593470750770433,-0.1503834090764197,0.4745098761260358,"{""type"":""MultiPoint"",""coordinates"":[]}"
20220806,2022-08-06,296.1101429617482,-0.005736382834659002,0.021623745450486016,99713.8592344262,0.0011443545000027805,1.2751774302199787E7,297.2333634981013,0.022162601503241106,2.0382064415838506,-0.32359757062577477,0.4818159516778528,"{""type"":""MultiPoint"",""coordinates"":[]}"
20220807,2022-08-07,296.2899072701892,-0.0059057612602155295,0.04071037930473713,99674.58255615675,0.0025841260790352015,1.3950400241254961E7,297.1937415602976,0.03689435179956103,2.7407741872203055,-0.062226831017384264,0.4728847088213652,"{""type"":""MultiPoint"",""coordinates"":[]}"
20220808,2022-08-08,296.3625102164096,-0.0065467307996307095,0.023420632476631238,99695.75275982503,0.002638595352695601,1.5775764166967185E7,297.37262857686824,0.0336721658819512,2.503327134796484,0.06358727103085572,0.4758067329939576,"{""type"":""MultiPoint"",""coordinates"":[]}"
20220809,2022-08-09,296.3939618478531,-0.010388797160481187,0.011298733624017416,99678.00307607213,2.8004964529457736E-4,1.877000799783628E7,298.2329406639693,0.01143034283430337,2.020336128195428,0.19404546939949813,0.4887977219040629,"{""type"":""MultiPoint"",""coordinates"":[]}"
20220810,2022-08-10,295.6253819892664,-0.01068303934904672,0.009098923336909301,99657.01028119931,1.254515299889915E-4,1.8115957421204474E7,298.2072643915584,0.0062842431242047395,1.2286290385313574,-0.18431944390847316,0.49341625220959895,"{""type"":""MultiPoint"",""coordinates"":[]}"
20220811,2022-08-11,295.6404094214566,-0.014077744957528473,0.007818468420182245,99791.12275668838,6.671217087155167E-5,2.159352100144249E7,298.6207139762296,0.0041183802535928685,0.9699487639155606,-0.8985428177747237,0.48371025323437905,"{""type"":""MultiPoint"",""coordinates"":[]}"
20220812,2022-08-12,295.98817395516244,-0.013010833728111399,0.006879285711417595,99823.63027395403,2.6240592887588155E-5,2.0105133146772448E7,298.8593465628741,0.001937972152901813,0.7194729850962553,-0.9294079444001164,0.4797485909620749,"{""type"":""MultiPoint"",""coordinates"":[]}"
20220813,2022-08-13,295.50990805068204,-0.014312345991324228,0.006109255984334193,99817.04103933767,1.0416062136999849E-5,1.981274127875947E7,298.9629919313728,8.377459060344816E-4,0.712081285319172,-1.113534913282008,0.46604726875984753,"{""type"":""MultiPoint"",""coordinates"":[]}"
20220814,2022-08-14,295.3843123860938,-0.016347983897033257,0.005469422514714621,99876.93107521893,4.52780891229992E-6,2.031948997728093E7,299.0820723067168,3.655031612928481E-4,0.9228385159969046,-1.47882367018711,0.45539107301484816,"{""type"":""MultiPoint"",""coordinates"":[]}"
20220815,2022-08-15,295.42197207049526,-0.01845506118698495,0.00491870954777848,99848.38481569162,2.2022605071289633E-7,2.33364371583123E7,299.47637880139376,1.8849625814811456E-5,0.819469550493059,-1.33147472668359,0.44109270036442666,"{""type"":""MultiPoint"",""coordinates"":[]}"
20220816,2022-08-16,296.0738978676533,-0.016780918671622243,0.004456175714892427,99811.51603257604,2.6982681999729296E-6,2.286658777857916E7,299.71017867330323,2.690810025483905E-4,1.1109931687635792,-0.9988356028229074,0.4292803944439712,"{""type"":""MultiPoint"",""coordinates"":[]}"
20220817,2022-08-17,296.1286288725812,-0.014856031145047417,0.004069359784323174,99850.31485987932,5.979221240303984E-6,1.947063286152182E7,299.48108768497525,5.946656345805234E-4,1.2140029978760734,-0.9135785487168454,0.4220431740860883,"{""type"":""MultiPoint"",""coordinates"":[]}"
20220818,2022-08-18,296.2207373380518,-0.013476539301100597,0.003813165417656415,99859.089675531,7.815170311730044E-5,2.0371478422646955E7,299.0203825994988,0.006136160471944913,1.1695412765229636,-1.0935417656744308,0.43604138820614735,"{""type"":""MultiPoint"",""coordinates"":[]}"
20220819,2022-08-19,296.3353461625413,-0.011744373020898383,0.0035028806392182706,99865.88174631068,4.4657957927870317E-5,1.8260815029570863E7,298.98019294335245,0.003403840917772986,1.2827773164679679,-1.159601682280531,0.46424825897381894,"{""type"":""MultiPoint"",""coordinates"":[]}"
20220820,2022-08-20,295.7163035521959,-0.014964836848757997,0.0032220031008839043,99861.71250617469,1.1329224425191018E-5,1.849646839199423E7,298.96129425329474,0.0011390500423200047,1.2003639545387943,-1.4145495386017044,0.4480964535918284,"{""type"":""MultiPoint"",""coordinates"":[]}"
20220821,2022-08-21,296.17335611662764,-0.008541698582682678,0.0031877142124299832,99879.5929665431,1.8972516317811204E-4,1.5415202968265416E7,297.907938537295,0.01164835492644875,1.6527015233443958,-0.7199260802893186,0.46930388278550783,"{""type"":""MultiPoint"",""coordinates"":[]}"
20220822,2022-08-22,296.113396233844,-0.003729286915637766,0.01928629163280533,99892.48990656505,0.00898656737512086,7440724.186080059,296.7133039217011,0.06750103701572167,2.0666892130453145,-0.46282509621669377,0.48578920317378266,"{""type"":""MultiPoint"",""coordinates"":[]}"
20220823,2022-08-23,296.04684929080224,-0.0026357000699724228,0.03334921420566278,99952.34263163111,0.016192329663943177,5669810.673999279,296.3749281987217,0.07119706026202714,1.8074502469198197,-0.8942782834883364,0.48051878230648276,"{""type"":""MultiPoint"",""coordinates"":[]}"
20220824,2022-08-24,295.9204255828693,-0.0017716745851683003,0.018785935764466646,99966.81571911111,0.0018290623651701237,4523515.068878472,296.3505984303012,0.024265163584966165,0.8164274332858376,-1.0517816492851744,0.4843703782505422,"{""type"":""MultiPoint"",""coordinates"":[]}"
20220825,2022-08-25,296.18832440335586,-0.0045187957087794335,0.02944364564226631,99803.88938401782,0.0028951821255632317,1.023301154129102E7,297.12139081100906,0.022305910573549245,1.1582389909038324,-1.0388921086125282,0.48227428200583383,"{""type"":""MultiPoint"",""coordinates"":[]}"
20220826,2022-08-26,296.0713635834526,-0.0035937192516983787,0.023637613827705902,99745.95407896505,0.004199965603399742,8137625.1637216015,297.0564014539365,0.03337147143013504,0.9704834914777789,-1.115969930851255,0.4846067397636583,"{""type"":""MultiPoint"",""coordinates"":[]}"
20220827,2022-08-27,295.9451529609139,-0.00199588686980111,0.1006245410242452,99778.91514612164,0.022442056976454895,3615575.583844211,296.2452110506507,0.08961548491522504,1.5780233563619075,-0.7363336130552159,0.47952810430314663,"{""type"":""MultiPoint"",""coordinates"":[]}"
20220828,2022-08-28,295.8927571080829,-0.00859793165569008,0.014108001473811492,99667.55106286718,1.1819119847641925E-4,1.4411271917417962E7,297.8635540171331,0.006148575891705755,1.0291714088778352,-0.7411043555966678,0.48800783871543973,"{""type"":""MultiPoint"",""coordinates"":[]}"
20220829,2022-08-29,296.7027970522782,-0.008065455432966476,0.011950248754974573,99720.86864506562,0.0010207125502633481,1.5615533204832314E7,298.1414596925835,0.01371407626533268,0.8565417098402904,-0.9803143965537364,0.4798343996400372,"{""type"":""MultiPoint"",""coordinates"":[]}"
20220830,2022-08-30,296.872749538401,-0.00812733034998598,0.013518134950839178,99710.73097886569,0.0024879285027909442,1.6510146800576998E7,298.20261547722805,0.026342924737114363,0.3723010757763608,-0.7658475317738925,0.47540043288518763,"{""type"":""MultiPoint"",""coordinates"":[]}"
20220831,2022-08-31,296.4707422684071,-0.0069337681183048085,0.011654386935662245,99620.59467896112,0.0011658298138500852,1.4659999942661371E7,298.03652911891817,0.010146125183137978,-0.3129558100811005,1.0398019330406123,0.4656677681718515,"{""type"":""MultiPoint"",""coordinates"":[]}"
20220901,2022-09-01,296.24809707112433,-0.003451373972189457,0.007678292154341542,99864.43997621222,3.7617875035386033E-4,8465717.717994953,296.93303380091044,0.013176037305051206,-0.6458258230047942,1.290925471767495,0.4950814047087871,"{""type"":""MultiPoint"",""coordinates"":[]}"
20220902,2022-09-02,295.7170941868373,-0.0077276139997356965,0.006555079059655858,99906.91541001305,7.135749905710397E-5,1.2700756664983772E7,297.90341607841367,0.0035661172850958854,-0.7392824741349311,1.5437193247314425,0.494267098676386,"{""type"":""MultiPoint"",""coordinates"":[]}"
20220903,2022-09-03,296.2067732892941,-0.010222955308975486,0.00600108532507068,99922.09594782324,8.649937607001364E-5,1.9155849546339706E7,298.66615356351775,0.004455818200362541,0.23414793907557127,0.9870470152091545,0.48578312552051206,"{""type"":""MultiPoint"",""coordinates"":[]}"
20220904,2022-09-04,296.7249049349379,-0.009996945812916696,0.006879514774453369,99850.24776519914,0.0010510528137053646,1.8811659924990986E7,298.72131637209156,0.010956338388408733,0.37132977724275934,0.1691616030463893,0.4775135871638672,"{""type"":""MultiPoint"",""coordinates"":[]}"
20220905,2022-09-05,296.949249863467,-0.008113747980516825,0.006186211193527852,99807.66923714259,6.197123505172429E-4,1.696890210349802E7,298.51345912457833,0.012153192134456493,0.48982048079090235,0.035273371428906845,0.4714278462902115,"{""type"":""MultiPoint"",""coordinates"":[]}"
20220906,2022-09-06,296.5432963923259,-0.003994579176061471,0.015582249095153605,99916.10336548393,0.0041133698077353165,9456316.601875223,297.14889582425224,0.041489952989720455,1.4007093051488992,0.5761819851629177,0.4766711865441274,"{""type"":""MultiPoint"",""coordinates"":[]}"
20220907,2022-09-07,296.1900262950719,-0.002434565515411576,0.024981491963570187,100048.01151842499,0.0013879127384005927,5357718.238730617,296.5674268326116,0.027513615530332765,1.5686812198481634,0.45414661389587174,0.4786968340107359,"{""type"":""MultiPoint"",""coordinates"":[]}"
20220908,2022-09-08,296.15802727039073,-0.006496322750669071,0.015796467076128588,99958.57465684725,3.5659813822884885E-4,1.3210996684817886E7,297.40861126642585,0.012665243924756726,1.2588008211587312,0.2848227888163014,0.48894286290400457,"{""type"":""MultiPoint"",""coordinates"":[]}"
20220909,2022-09-09,296.354780785237,-0.005235152484985452,0.012619245761123497,99973.12935596885,6.832630382605595E-4,1.2588891150018029E7,297.3690267469551,0.01971390342615428,1.7093872027208579,0.5672647824495483,0.4792800530287951,"{""type"":""MultiPoint"",""coordinates"":[]}"
20220910,2022-09-10,296.30993307076744,-0.005395832692205454,0.01775358307245532,100019.48054722484,9.036282157364884E-4,1.3152675129102057E7,297.5038676985842,0.017534011691065717,1.4762716626931818,0.22190497298125458,0.4773201945309801,"{""type"":""MultiPoint"",""coordinates"":[]}"
20220911,2022-09-11,296.24761946955925,-0.007230124822214888,0.008841649415236796,99988.94268239029,1.778582610079754E-4,1.4701151340425534E7,297.8447077994536,0.008567949196863283,1.3541639068691556,0.3360398947468944,0.49306081381393246,"{""type"":""MultiPoint"",""coordinates"":[]}"
20220912,2022-09-12,296.19887503633026,-0.007576916456824388,0.007832885336626579,99975.74868823207,1.4862107308470643E-4,1.5758090509195823E7,297.83212760607057,0.007500351904705033,0.7818397747121876,-0.01931287520406682,0.49175171692191666,"{""type"":""MultiPoint"",""coordinates"":[]}"
20220913,2022-09-13,296.21570567119466,-0.009984014852034932,0.006754933726452252,100101.25017097768,4.218218346343675E-5,1.8506078129823294E7,298.4327578454625,0.0028715058380868546,0.5994919266662342,-0.33365511514487384,0.480972577436768,"{""type"":""MultiPoint"",""coordinates"":[]}"
20220914,2022-09-14,296.40570959395444,-0.00959900010537035,0.006122293116661173,100245.8655636523,3.3664057992487414E-5,1.776493970970069E7,298.51882038306763,0.0024434314810632117,0.6225987131857272,-0.1627160466796347,0.4755812173910563,"{""type"":""MultiPoint"",""coordinates"":[]}"
20220915,2022-09-15,295.8604460763364,-0.012967553301393623,0.005554969014456847,100267.5917394716,1.58173488530277E-5,2.036150853984854E7,298.7500932734522,0.0011803878761112749,0.7491577614785272,-0.6361462984796987,0.4688547693604044,"{""type"":""MultiPoint"",""coordinates"":[]}"
20220916,2022-09-16,295.76692778468924,-0.012517499623587105,0.005078384152311648,100054.9684653894,2.6916094282840152E-5,1.897170488928958E7,298.69817562541186,0.0022189473063965724,0.9210346724955791,-1.059359764906632,0.4628333169575108,"{""type"":""MultiPoint"",""coordinates"":[]}"
20220917,2022-09-17,296.32606186484446,-0.009367452384255832,0.004659740727836804,100099.16565142441,2.218879358973952E-5,1.6710764970429141E7,298.60914224752344,0.001885148836119904,0.8968246321019566,-0.4446826424502971,0.4606143344063387,"{""type"":""MultiPoint"",""coordinates"":[]}"
20220918,2022-09-18,296.4403524147748,-0.01100887360741118,0.004345674617192483,100116.91126751683,7.318356301094108E-5,1.960870407609088E7,298.85320043672755,0.004761973533907408,0.8411992707351665,-0.5096130611833751,0.46657267360822535,"{""type"":""MultiPoint"",""coordinates"":[]}"
20220919,2022-09-19,296.32594650659246,-0.010013019958268511,0.003993372006017381,100123.95483953108,3.56539944170014E-5,1.752145634403174E7,298.60236289813867,0.003036874662700128,0.9372744855434795,-0.6984629628033231,0.46845714471878697,"{""type"":""MultiPoint"",""coordinates"":[]}"
20220920,2022-09-20,296.0757597269727,-0.011583921891491721,0.003703682639411414,100061.34570922925,2.7719883767439916E-5,1.9327162758384425E7,298.5490031947969,0.0024265360894548823,0.9712924106660725,-0.5830365038789341,0.46542364336690856,"{""type"":""MultiPoint"",""coordinates"":[]}"
20220921,2022-09-21,295.6127293920672,-0.013248681854167835,0.003435886926140289,100071.31660434465,1.849104598932992E-5,2.1951687871619184E7,298.6148507044514,0.0017326649290493065,0.6505577652797433,-0.420283009203771,0.45660517768570963,"{""type"":""MultiPoint"",""coordinates"":[]}"
20220922,2022-09-22,295.15478592684735,-0.013624261919606525,0.0031946501279840217,100122.79311102598,1.0931151699082674E-5,2.0837881283086907E7,298.26473512866204,9.941559731259536E-4,0.4776567602862617,-0.5960654990720927,0.449160940415843,"{""type"":""MultiPoint"",""coordinates"":[]}"
20220923,2022-09-23,295.1370739173912,-0.014541759078108443,0.0029843955549616013,100162.44055159645,1.6038359458206623E-5,2.1262515559686404E7,298.63308665356624,0.001609020832863123,0.6942525474565764,-0.6475292653873544,0.4386910609233723,"{""type"":""MultiPoint"",""coordinates"":[]}"
20220924,2022-09-24,295.63567332600104,-0.014210635106345617,0.002791351073492403,100054.84644972163,1.3785691326635218E-5,2.0267325151955828E7,298.6890760690694,0.0014268626666392626,0.705780120319523,-1.1529248287248162,0.4339721468524129,"{""type"":""MultiPoint"",""coordinates"":[]}"
20220925,2022-09-25,295.7254933560035,-0.017810780200348236,0.0026078191456535087,99929.22390991022,6.099567059098364E-6,2.179196949551088E7,299.5993417525953,6.532803816276003E-4,1.0381588127080288,-1.3102639974747046,0.4230694977734751,"{""type"":""MultiPoint"",""coordinates"":[]}"
20220926,2022-09-26,296.0470391846804,-0.011045099919533584,0.0024653741686171335,100034.22947334651,1.8684562259403068E-5,1.4753690273436183E7,299.1896869782315,0.0020690869432709457,1.0503916068065053,-1.2485440881482426,0.4187906047217132,"{""type"":""MultiPoint"",""coordinates"":[]}"
20220927,2022-09-27,295.7156100212948,-0.016383063162314606,0.0023156316125388624,99921.67963314868,9.205604755960127E-6,2.074055694764796E7,299.38313937149945,9.962376821004266E-4,1.042741049394999,-1.3270858356995372,0.41726428033182417,"{""type"":""MultiPoint"",""coordinates"":[]}"
20220928,2022-09-28,295.8108309924509,-0.012362888162795104,0.0021985755058517966,99881.1487344952,2.1883317098435282E-5,1.7545927803995956E7,298.6485921623817,0.00252332527129043,0.710035942913119,-0.6445244217108099,0.4152696584047413,"{""type"":""MultiPoint"",""coordinates"":[]}"
20220929,2022-09-29,296.01498592769684,-0.010815544356852287,0.0021135897905956405,99924.974261785,4.714226039187641E-5,1.5876708883662114E7,298.4045998274901,0.0045963121274134044,0.9508731469237931,-0.5587568541016771,0.42627858571069643,"{""type"":""MultiPoint"",""coordinates"":[]}"
20220930,2022-09-30,296.0069799779742,-0.010060273621364316,0.0020453994626866492,100055.48048471498,7.654505647823693E-5,1.5995051992138768E7,298.06773396159673,0.006416399283096155,0.8832425861379277,-0.1560442710470188,0.4588625144752148,"{""type"":""MultiPoint"",""coordinates"":[]}"
20221001,2022-10-01,295.9964975885996,-0.008705752308279266,0.0019431025128350805,100051.31549108216,6.313153414617925E-5,1.3681025669596191E7,298.24682983249875,0.005198933260418759,1.093361358284907,-0.5097451027317508,0.46729838548621994,"{""type"":""MultiPoint"",""coordinates"":[]}"
20221002,2022-10-02,296.2377570177848,-0.00799937175201931,0.0022073000497522233,100019.98554502024,4.075442706468171E-4,1.3682850063627552E7,297.785444161972,0.0121917542496013,0.8563889990576273,-0.4828993913029405,0.47997640517342915,"{""type"":""MultiPoint"",""coordinates"":[]}"
20221003,2022-10-03,296.3868786559281,-0.005090993522437008,0.0018369558858733895,99972.74000898737,1.0728861584458767E-4,1.0450492831120387E7,297.6818799554106,0.007718384734940659,0.6898059127336226,-0.3917551880946655,0.4915440262818455,"{""type"":""MultiPoint"",""coordinates"":[]}"
20221004,2022-10-04,296.31558410455614,-0.011128763262863585,0.0018031258462483904,99918.79887114825,1.407803889005312E-4,1.714666493139859E7,298.51900356029984,0.007895293472939047,0.896734837228138,-1.0568301944524026,0.48531123671570087,"{""type"":""MultiPoint"",""coordinates"":[]}"
20221005,2022-10-05,296.4430321460591,-0.004180466318942992,0.0017649723902704742,99927.52592339684,1.4056489704491817E-4,8853073.122091554,297.55380049965845,0.00857187867827955,0.38640638572233393,-0.4249933748839066,0.49533003444696855,"{""type"":""MultiPoint"",""coordinates"":[]}"
20221006,2022-10-06,296.17236899435426,-0.0054158360811183475,0.0016097576608307042,99918.1103005568,5.6783827555725554E-5,9393554.76184455,297.66466893277385,0.003942237362938457,0.4683657966134124,-0.3360033201216963,0.49209389822430616,"{""type"":""MultiPoint"",""coordinates"":[]}"
20221007,2022-10-07,295.6358455009567,-0.01125193013666212,0.0015274477787409887,99983.4065607298,2.4449543707043176E-5,1.7490324148943316E7,298.16028110464254,0.0019365347064749414,0.55008858324086,-0.21931096829392474,0.4804202883500636,"{""type"":""MultiPoint"",""coordinates"":[]}"
20221008,2022-10-08,295.42615699286586,-0.014340045838054233,0.0014538915469850227,99962.99272713912,4.209887022753722E-6,1.99693591887764E7,298.6693220469854,3.906993918843618E-4,0.6696653094396582,-0.8341428895368644,0.4627528351679318,"{""type"":""MultiPoint"",""coordinates"":[]}"
20221009,2022-10-09,295.8810403477417,-0.008615821728928184,0.001458824903385501,100008.80821833867,5.8684496728255366E-5,1.296690493220473E7,298.33779227422673,0.004037693328717274,0.10543443771462728,-1.000605288914927,0.4589567162667004,"{""type"":""MultiPoint"",""coordinates"":[]}"
20221010,2022-10-10,295.40919630658476,-0.009186024909581772,0.0013647625404834922,100069.0835962856,7.0060821289711835E-6,1.3727745318427695E7,298.3053410974084,4.576315915136971E-4,0.3075708737953995,-0.233820857731163,0.46468225782458383,"{""type"":""MultiPoint"",""coordinates"":[]}"
20221011,2022-10-11,296.0592457408701,-0.010610425719179233,0.001379772881029145,100018.79807413279,6.514508780958504E-5,1.7418983920663543E7,298.9489141797372,0.0031146187559603095,0.29890418577142625,-0.08216050886623505,0.45640548729440866,"{""type"":""MultiPoint"",""coordinates"":[]}"
20221012,2022-10-12,296.0745393700548,-0.00958811510669983,0.0013776267537819623,100081.41357128404,6.915947568145764E-5,1.4906408866209887E7,298.68815647000986,0.0028695021011355764,0.03776473691793343,-0.33559913313694056,0.45374132294625613,"{""type"":""MultiPoint"",""coordinates"":[]}"
20221013,2022-10-13,296.2946477943437,-0.01032947668831915,0.007246401130056881,100011.79699960887,0.0048229823092497785,1.7701919950955648E7,298.62435838823376,0.027396243872931308,0.08660365417751932,-0.01364255133465028,0.4612631570233908,"{""type"":""MultiPoint"",""coordinates"":[]}"
20221014,2022-10-14,296.2130010469355,-0.008998699131594037,0.002202393596584171,99949.72705436165,2.606027594035686E-4,1.5643191209880998E7,298.2932295658824,0.010236712256854609,-0.01601384943932177,0.2102781013881291,0.47347693976938665,"{""type"":""MultiPoint"",""coordinates"":[]}"
20221015,2022-10-15,296.38732089232843,-0.009484668411086108,0.001957155909191775,99864.84188620835,6.917614719517775E-4,1.6524961840966467E7,298.2496542742023,0.009772574945560716,-0.2593640663228594,0.6771840351621526,0.4858156997060703,"{""type"":""MultiPoint"",""coordinates"":[]}"
20221016,2022-10-16,296.38503550531664,-0.00711541798730168,0.0032212892127432553,100081.21219738186,0.001566738298641746,1.5189416201586729E7,298.1239116823234,0.011018293100225663,-0.6421123898535168,0.9681274016927477,0.4715904029949825,"{""type"":""MultiPoint"",""coordinates"":[]}"
20221017,2022-10-17,296.4178836720253,-0.006415664324831801,0.007614379644587374,100217.15904821138,0.0038888765249792266,1.4044221751893258E7,297.6776885018782,0.02857561966074924,-0.9649846727765803,1.4681476318344706,0.47321392042818294,"{""type"":""MultiPoint"",""coordinates"":[]}"
20221018,2022-10-18,295.6677216239698,-0.0023484794343050924,0.012525265714643324,100280.68379454459,0.004907515847076804,5269211.712225027,296.45022422491564,0.038920353844668014,-0.3673735927082424,0.6824401947637779,0.46771051838128863,"{""type"":""MultiPoint"",""coordinates"":[]}"
20221019,2022-10-19,295.92328517054943,-0.005779365290546091,0.002029578094335398,100209.3550728542,2.1295634484918722E-4,1.1465819045077534E7,297.2543080267189,0.007909002978544938,0.11855642485180103,0.3029028665189747,0.47591432394180655,"{""type"":""MultiPoint"",""coordinates"":[]}"
20221020,2022-10-20,296.2815810617511,-0.004289692761480615,0.007489030171162891,100209.64933095082,0.002969280903600761,1.0575962802019475E7,297.116643425306,0.024650272834267732,-0.19026103491450122,0.8417153216164939,0.47946599705142745,"{""type"":""MultiPoint"",""coordinates"":[]}"
20221021,2022-10-21,296.4264677992119,-0.0032720018770670653,0.008688209691913475,100264.12254192446,0.001319640008091196,1.0806726812116843E7,297.31476043855247,0.01721668878306219,-0.7008358455217293,0.48208806392650416,0.4715191784608907,"{""type"":""MultiPoint"",""coordinates"":[]}"
20221022,2022-10-22,296.0667296789174,-0.010833948399244212,0.00428650764096226,100271.37934986457,2.4751926044501253E-4,1.912342763649477E7,298.46868926061,0.005825414079494354,-0.1972400762954861,0.2589025129161642,0.46859511189598907,"{""type"":""MultiPoint"",""coordinates"":[]}"
20221023,2022-10-23,296.1989110943675,-0.010279200914703121,0.004009676340186894,100235.62329937963,5.900028527449324E-5,1.8144848397403542E7,298.40553260603303,0.003839333231290253,0.1407140167104265,0.26483949452498917,0.47194793846532984,"{""type"":""MultiPoint"",""coordinates"":[]}"
20221024,2022-10-24,296.36487247949896,-0.009533567718820284,0.003835332783774009,100124.45999140003,2.821638583707071E-5,1.8073484131265786E7,298.53674165955215,0.002012557671511169,0.30378098137634635,0.3630674613727259,0.46690365545651363,"{""type"":""MultiPoint"",""coordinates"":[]}"
20221025,2022-10-25,295.80442296686283,-0.011254701307973748,0.003653768137006007,100168.19496461647,1.1327730547509126E-5,1.9192512571943745E7,298.3508877167838,8.664629030056408E-4,0.13577411971222342,-0.3900939483799632,0.45804616742616167,"{""type"":""MultiPoint"",""coordinates"":[]}"
20221026,2022-10-26,295.46976904141707,-0.013805783841741508,0.003471166008308912,100194.66895124066,1.234012822833166E-5,2.312951890587811E7,298.7680011485143,9.910361542411115E-4,0.2894592053587297,-0.12876357744484945,0.4415833611573749,"{""type"":""MultiPoint"",""coordinates"":[]}"
20221027,2022-10-27,295.71355599963846,-0.01129756996853447,0.003321988718349755,100162.22150806418,3.0295202609996614E-5,1.911326113811756E7,298.8220131843476,0.0023539838557190148,-0.380617826113063,0.14860517298864312,0.4410552550915529,"{""type"":""MultiPoint"",""coordinates"":[]}"
20221028,2022-10-28,295.5604921401242,-0.014585323368454087,0.0031394241649752865,99987.72525008638,8.543416605157369E-6,2.2263720553912733E7,299.34359182808777,7.640524381091747E-4,0.033375042937010845,-0.22648571199315556,0.4352042515384764,"{""type"":""MultiPoint"",""coordinates"":[]}"
20221029,2022-10-29,295.91560070754565,-0.011249155678013538,0.003385012059210871,100020.14731214644,3.689606101384802E-4,1.92707403202308E7,298.66759127449404,0.007526627096193432,-0.1407547868033243,0.3148730524401063,0.44068597689716993,"{""type"":""MultiPoint"",""coordinates"":[]}"
20221030,2022-10-30,296.4947420361667,-0.007970862074466635,0.004094273692921873,100072.83986552572,7.159837904150118E-4,1.4072106684457272E7,298.28455376146445,0.012204803329108591,-0.14442807204563726,0.19199808464412552,0.46361982439813576,"{""type"":""MultiPoint"",""coordinates"":[]}"
20221031,2022-10-31,296.4946505831675,-0.007506300501452859,0.006004450268428161,100064.4843345007,0.0019286973996365325,1.5922191329967547E7,298.0211390965202,0.019048431206703197,-0.15207080609495502,0.10120881424885644,0.4705113270976593,"{""type"":""MultiPoint"",""coordinates"":[]}"
20221101,2022-11-01,296.26114758219717,-0.005998579032243567,0.003593946683828125,100130.01768518414,4.2292116471158875E-4,1.2330928653443923E7,297.66534387189796,0.00872561820262173,-0.14386604846505427,-0.04880702379503882,0.4764603227215729,"{""type"":""MultiPoint"",""coordinates"":[]}"
20221102,2022-11-02,296.3285818692655,-0.007813845579423414,0.004082465471126869,100059.97622858586,7.766363944144961E-4,1.6329791300396679E7,298.0567105391061,0.00873046792172046,0.08059452439546727,-0.05219969797885281,0.4698926219717788,"{""type"":""MultiPoint"",""coordinates"":[]}"
20221103,2022-11-03,296.13759248144066,-0.009403301790501726,0.0031017412186700698,100057.5824062505,5.24134669027043E-5,1.6867102225748293E7,298.34296743152436,0.003501150964224003,-0.26613109665487894,-0.022448785088070602,0.4725990708107302,"{""type"":""MultiPoint"",""coordinates"":[]}"
20221104,2022-11-04,296.57112365165057,-0.007435989559094401,0.00904421859749637,100175.84044413814,0.002365308392254231,1.5249554093040029E7,298.1965542908027,0.022631224783485636,-0.3641103844557234,0.4213235516547584,0.4769696205736195,"{""type"":""MultiPoint"",""coordinates"":[]}"
20221105,2022-11-05,296.2067506214449,-0.00599722824842974,0.00833679689447071,100341.13705524674,0.0012878930411784181,1.243326973818969E7,297.60498610458814,0.013565971724656178,-0.46551556166784025,0.14876905912274796,0.4713683405207935,"{""type"":""MultiPoint"",""coordinates"":[]}"
20221106,2022-11-06,296.11104793069404,-0.008651124225480008,0.007285556527915261,100329.84647519517,0.0013591184610285314,1.651294706455103E7,297.92299611586515,0.01699786569889308,-0.09102734655037942,-0.05196768199470357,0.47130580394940685,"{""type"":""MultiPoint"",""coordinates"":[]}"
20221107,2022-11-07,296.146915113658,-0.009882250966640574,0.005400857343071427,100263.38648960588,5.9431744554693684E-5,1.8009381045077533E7,298.42402934443425,0.0034798625908007965,-0.2398990565645164,0.11645743774957906,0.47112061424544255,"{""type"":""MultiPoint"",""coordinates"":[]}"
20221108,2022-11-08,296.2908646317253,-0.0076264435035138635,0.007273964145920399,100193.33936069257,0.0013264654358070423,1.714795492967905E7,298.75432272836673,0.014991486082110555,-0.26655272344712355,0.12778989152992012,0.4737763260975381,"{""type"":""MultiPoint"",""coordinates"":[]}"
20221109,2022-11-09,296.3394830501743,-0.01027098230633373,0.006683608410249238,100139.506798549,3.5915278997225233E-4,1.6409702300036058E7,298.9542901543187,0.0052115586015194434,-0.32483907553536023,0.02895186328303285,0.4693062904147893,"{""type"":""MultiPoint"",""coordinates"":[]}"
20221110,2022-11-10,295.9526216385671,-0.013377991175494645,0.004522032944402925,100088.62351120883,1.779050870875439E-5,2.0948919216011535E7,299.1973330578791,0.001276441950188447,-0.1438786838759395,0.23810181703428793,0.4647637695228125,"{""type"":""MultiPoint"",""coordinates"":[]}"
20221111,2022-11-11,294.61521898529423,-0.00702244674755355,0.004709836618160025,100096.64480171523,4.4140919339042084E-4,8127067.997115039,297.2489184922847,0.008955558475627057,-0.12968178749199114,-1.3504595793644845,0.47536351334261967,"{""type"":""MultiPoint"",""coordinates"":[]}"
20221112,2022-11-12,295.2174864630385,-0.005176873465887786,0.004341344430027049,100076.14870397397,2.4114192617614468E-4,9222306.170934007,296.60572349075113,0.005800991023544811,-0.07331444733073211,-0.8883567325397388,0.4732507322109409,"{""type"":""MultiPoint"",""coordinates"":[]}"
20221113,2022-11-13,296.2554014512934,-0.0072921624026314,0.005021311772609075,100107.06430227963,0.0012171492061157586,1.4564512232239453E7,298.03770387486526,0.009702619951515041,-0.5315048588283764,0.48664583619905655,0.4684129051899078,"{""type"":""MultiPoint"",""coordinates"":[]}"
20221114,2022-11-14,296.31912777512423,-0.005558322780600017,0.008210909557909991,100259.16367840186,0.0025868657083017842,1.222068868662099E7,297.67757789147765,0.022707345028393885,-0.40141495650656334,0.2842317833351909,0.4806171147378251,"{""type"":""MultiPoint"",""coordinates"":[]}"
20221115,2022-11-15,296.1756358389128,-0.005316643152497455,0.00786384067464898,100260.06400622352,7.515328802273156E-4,1.4435691095564371E7,297.82614696758094,0.010835139704898427,-0.42419611947698965,0.11275337404149532,0.4656750635109725,"{""type"":""MultiPoint"",""coordinates"":[]}"
20221116,2022-11-16,296.0233361890417,-0.009846795072226246,0.0043955399291076,100158.09838283174,2.4202892679709032E-5,1.7514051322033904E7,298.26200841983257,0.001676367009283492,-0.26097450644397613,-0.10714710958159625,0.4636152349766208,"{""type"":""MultiPoint"",""coordinates"":[]}"
20221117,2022-11-17,295.743080080924,-0.011664156347588432,0.00404542330699495,100101.28250906011,2.114491431755234E-5,1.8942065515326362E7,298.5484055925955,0.0016082167448096445,0.08372416761664048,0.13659720877097029,0.4578068289909818,"{""type"":""MultiPoint"",""coordinates"":[]}"
20221118,2022-11-18,295.60947114811705,-0.011366181669362478,0.0037283426102988353,100103.9559458088,1.6424459668216922E-5,1.9498635860079337E7,298.4147819365888,0.001331738898175669,-0.14398593175495772,0.3432132305040256,0.45363255271631914,"{""type"":""MultiPoint"",""coordinates"":[]}"
20221119,2022-11-19,294.23823985372525,-0.013130427116183572,0.0034483479939769243,100059.42560246594,1.0171960911680293E-5,1.956754152614497E7,298.4582248455717,9.116349894649906E-4,-0.2591764913440424,0.015698397040639384,0.4423161550329947,"{""type"":""MultiPoint"",""coordinates"":[]}"
20221120,2022-11-20,293.96794504958257,-0.013325684714297981,0.003200308418084773,99994.83055971506,1.9167740337263157E-6,2.018284777208799E7,297.88052148104777,1.6232980015559018E-4,-0.17334919867714468,-0.07392641612150475,0.43110423209016946,"{""type"":""MultiPoint"",""coordinates"":[]}"
20221121,2022-11-21,293.81114301075087,-0.01394859679363026,0.002982921240091582,100013.98597730677,2.289501889019377E-7,2.1854223045077536E7,297.80231290850054,2.161444641904607E-5,0.3192883805739134,-0.7499908709672225,0.4175361605099809,"{""type"":""MultiPoint"",""coordinates"":[]}"
20221122,2022-11-22,294.11900062689426,-0.013488227295297348,0.002800569478308214,100096.99035182311,3.765805013507358E-6,1.898644930688785E7,297.74346647206403,3.640772019144521E-4,0.22372447597477532,-0.4118824019313419,0.40746797989704153,"{""type"":""MultiPoint"",""coordinates"":[]}"
20221123,2022-11-23,293.8617676469996,-0.01400864050275919,0.0026329838752402667,100159.6627812533,1.3183981040475864E-6,2.0553766946267582E7,297.7513580677644,1.2668064246829027E-4,-0.0417116563872429,0.1462001348289823,0.3995751896677204,"{""type"":""MultiPoint"",""coordinates"":[]}"
20221124,2022-11-24,294.4383342113328,-0.013538430039520691,0.0024828817540886515,100129.9692568288,1.8557588030102873E-6,1.976616352037505E7,298.32215669381816,1.9368011030186142E-4,-0.1537873697103195,0.35500985327384865,0.39018134403607074,"{""type"":""MultiPoint"",""coordinates"":[]}"
20221125,2022-11-25,295.36388972677105,-0.012452798193267568,0.00235770929039191,100136.61572013241,9.550745580499885E-6,1.806256723837E7,298.6627157089558,0.0010194894485901942,-0.1442010592978682,0.4727870498171849,0.38653524581995397,"{""type"":""MultiPoint"",""coordinates"":[]}"
20221126,2022-11-26,295.8236815157612,-0.010433611448946905,0.0022505528934694914,100066.71101527047,1.674197315954793E-5,1.6331491693472775E7,298.3974725065474,0.0018494967386591937,-0.14089999873558767,0.39823425536918616,0.38913837661678974,"{""type"":""MultiPoint"",""coordinates"":[]}"
20221127,2022-11-27,296.2043125486415,-0.00794554435944583,0.0031736736940512194,99965.68585613742,0.001035129134884132,1.504916922538767E7,297.7762840835934,0.016188697241684438,-0.20507397555949555,-0.02057182575335425,0.44060786719906286,"{""type"":""MultiPoint"",""coordinates"":[]}"
20221128,2022-11-28,296.23742327006306,-0.007592474218905296,0.0023933562493436054,100031.81325199659,3.1301241906764836E-4,1.5085242550306527E7,298.11069816596694,0.005897676394464834,-0.35403609850441325,-0.22330061078773752,0.4693724805022794,"{""type"":""MultiPoint"",""coordinates"":[]}"
20221129,2022-11-29,296.1671724066108,-0.009324142296274261,0.002135204510636335,100077.30405124943,1.4548632660541473E-4,1.5459593914172381E7,298.33361066168703,0.004733346542059594,-0.4449073080403801,-0.13328697226027175,0.4633364282500961,"{""type"":""MultiPoint"",""coordinates"":[]}"
20221130,2022-11-30,295.953286183455,-0.012407196296753114,0.0019088562482580402,100085.62389113965,9.117823321166732E-6,1.825589802163722E7,298.935965034649,8.460099047811427E-4,-0.08721307212736962,0.11208435491467199,0.45085375118977844,"{""type"":""MultiPoint"",""coordinates"":[]}"
20221201,2022-12-01,295.3612253081557,-0.01358221332266191,0.0018244308499794687,100027.27823696606,4.257505717279247E-6,1.9438726160115395E7,299.12364199895507,4.227726036105983E-4,-0.07173762096208308,0.23911463570918645,0.43634864329317335,"{""type"":""MultiPoint"",""coordinates"":[]}"
20221202,2022-12-02,296.2188098539253,-0.01067300814983435,0.001900721503924773,100029.79207119059,1.5157619689373263E-4,1.6192498419761993E7,298.78323462823647,0.0070297057990587174,-0.09443058734301808,0.22985227356766375,0.4416214745410691,"{""type"":""MultiPoint"",""coordinates"":[]}"
20221203,2022-12-03,296.21251255085394,-0.008909330934049681,0.0018099127716851328,100059.73411263469,1.0519720858458015E-4,1.5284199886044E7,298.37003358377115,0.005127676441228393,0.09022668035919669,0.2135236827724469,0.46321403603382394,"{""type"":""MultiPoint"",""coordinates"":[]}"
20221204,2022-12-04,296.25621862098546,-0.009614902676452253,0.0019152051263065315,100108.1363989226,1.703268041302915E-4,1.6238561480706815E7,298.33057238027044,0.006233641097917912,-0.2852018947769837,-0.07842542520723228,0.464239911027705,"{""type"":""MultiPoint"",""coordinates"":[]}"
20221205,2022-12-05,296.1498905172255,-0.009968169677023249,0.001896374642290108,100115.4291378828,3.1134664335278375E-4,1.5601287311215293E7,298.966543743997,0.0031968164208946268,-0.26745502685666567,0.21117084687511886,0.45263340341627856,"{""type"":""MultiPoint"",""coordinates"":[]}"
20221206,2022-12-06,295.93952087863653,-0.010643450388119965,0.001540837298273997,100060.56650385933,8.173569032013567E-6,1.7263934632527955E7,299.089277964685,7.584940210313746E-4,-0.09371698260923492,0.14128251255726437,0.44364386823461366,"{""type"":""MultiPoint"",""coordinates"":[]}"
20221207,2022-12-07,295.4724780927701,-0.010106905867616665,0.0014874152772013048,100038.21413395494,4.772045822552814E-6,1.4609040891453302E7,298.69655870643294,4.609422580219115E-4,0.08856813028349099,-0.34342628596336006,0.4348555945593486,"{""type"":""MultiPoint"",""coordinates"":[]}"
20221208,2022-12-08,295.1648472718199,-0.0076502693895609255,0.001438758042135524,99940.26250790033,1.8509547503210345E-6,1.1240764559682654E7,298.25467483125243,1.8370482580780918E-4,0.3112290788691325,-0.7290314851808554,0.42560618891568697,"{""type"":""MultiPoint"",""coordinates"":[]}"
20221209,2022-12-09,293.2244598188285,-0.005954570787513122,0.001426136535597415,99851.19778049496,2.7208386497552588E-5,6027875.117922828,296.322311465106,0.0027716160196712895,-0.7414383836084294,-0.8603016501336248,0.4287914434782171,"{""type"":""MultiPoint"",""coordinates"":[]}"
20221210,2022-12-10,294.7133719376295,-0.008243348786665822,0.0017157344210031792,99852.76035157424,3.533706531127437E-4,1.3210572019473497E7,296.96214357713825,0.012481095350296229,0.2342326758873407,-0.06692991287952749,0.47111760178556933,"{""type"":""MultiPoint"",""coordinates"":[]}"
20221211,2022-12-11,295.6353426631905,-0.00172285882308085,0.005958013451469104,100001.56079010588,0.002168236104882327,4002386.7912008665,295.9408696561296,0.033966693578125144,0.2768608590332502,-0.28181509099509344,0.4820459712968878,"{""type"":""MultiPoint"",""coordinates"":[]}"
20221212,2022-12-12,295.1065337931627,-0.004288810719405104,0.0014170892388864497,100001.03929129198,1.0178477281359961E-4,8300161.325640102,296.6378304339012,0.005510427310114897,-0.8549312361302119,0.985683161287529,0.4885796843734066,"{""type"":""MultiPoint"",""coordinates"":[]}"
20221213,2022-12-13,294.9781327780114,-0.009421169842478174,0.0012951168035863325,100075.10401705385,1.45116782644102E-6,1.6077401073927157E7,298.0717304171042,1.0822163865378764E-4,-0.9373226169497224,0.5220648110923123,0.4733590442324104,"{""type"":""MultiPoint"",""coordinates"":[]}"
20221214,2022-12-14,295.5028147297935,-0.009513150512355352,0.0018470404724050767,100137.25477534252,5.686607170182363E-4,1.661696004038947E7,297.69179879858143,0.007519667892198867,-0.3977166357085115,0.0632036722455837,0.4727410389721028,"{""type"":""MultiPoint"",""coordinates"":[]}"
20221215,2022-12-15,294.8634237277277,-0.01117491381282502,0.001245779976426072,99990.808609715,5.971373008813318E-7,2.0191223719437435E7,298.1142366681912,4.766821249841566E-5,-0.23163980703426104,-0.10856441046300594,0.46580726932140926,"{""type"":""MultiPoint"",""coordinates"":[]}"
20221216,2022-12-16,294.5588452749232,-0.012564079449779069,0.0012197012301390672,99982.82673205725,1.7173144948899514E-6,2.0637320840966467E7,298.19926369845086,1.5114259719351545E-4,-0.10223785990318267,-0.2675363039337023,0.45116052984087957,"{""type"":""MultiPoint"",""coordinates"":[]}"
20221217,2022-12-17,294.8551786067123,-0.012696249339980764,0.0011916255159924879,99984.34007483104,1.446452439153749E-6,2.0289986626758028E7,298.5266472369035,1.3398771729846294E-4,-0.5367782314116888,-0.2058464739955751,0.4387774594143357,"{""type"":""MultiPoint"",""coordinates"":[]}"
20221218,2022-12-18,294.59533767067404,-0.012555133063699467,0.0011644160144603343,99919.04204818225,1.6102496785804592E-6,1.884874234763794E7,298.7405427670677,1.5460387227355936E-4,-0.5579099855768036,-0.5596332952571844,0.42789163473693054,"{""type"":""MultiPoint"",""coordinates"":[]}"
20221219,2022-12-19,294.4554120877827,-0.013372983783483509,0.0011493249346622696,99848.7902373332,1.3624547332192088E-5,1.914748452939056E7,298.9252372071754,0.0013472218575558551,-0.7532008797636053,-0.1242322706519905,0.41946240322050227,"{""type"":""MultiPoint"",""coordinates"":[]}"
20221220,2022-12-20,296.04462274935895,-0.01143215504114567,0.0011283574908638621,99802.6825608993,1.800670182709225E-5,1.8232590020915985E7,299.18413347211487,0.0017170332094649232,-0.14544391610585436,-0.038477555162732685,0.42085288868943216,"{""type"":""MultiPoint"",""coordinates"":[]}"
20221221,2022-12-21,295.5009361798554,-0.012901964663567203,0.0010892551914905325,99856.78689026766,4.125853716316871E-6,1.9607755928597186E7,299.28456659978474,3.941530256714738E-4,-0.411447994352777,-0.459826993016558,0.4150178087117337,"{""type"":""MultiPoint"",""coordinates"":[]}"
20221222,2022-12-22,294.0520279161316,-0.014398413867811585,0.0010639100708000249,99919.56346306273,5.445119666571744E-6,2.034285062964299E7,298.54377872683943,5.830842215137765E-4,-0.4995125521689543,0.0460909594135626,0.4040118309293376,"{""type"":""MultiPoint"",""coordinates"":[]}"
20221223,2022-12-23,293.76406742847513,-0.014357164964278683,0.0010344775476225268,99963.07931262872,2.7019585614766704E-6,2.045227922250271E7,298.2699554215001,2.9212726745275877E-4,0.05492222058341714,-0.10413521530393484,0.3941365526421511,"{""type"":""MultiPoint"",""coordinates"":[]}"
20221224,2022-12-24,294.4940455753452,-0.01489230256636479,0.001004842109642345,100000.84604308475,5.73524092235077E-7,2.0846565833393443E7,298.6347044527367,6.599883829920879E-5,0.0935835523636299,-0.37413032812372343,0.3824179592377895,"{""type"":""MultiPoint"",""coordinates"":[]}"
20221225,2022-12-25,295.44086790537665,-0.01227382743268335,9.934461927138811E-4,100011.81930952489,1.5181763009650158E-5,1.6990558087270107E7,299.31802999659465,0.001602601163724116,0.022278612028851744,-0.17160538615967189,0.376486065898152,"{""type"":""MultiPoint"",""coordinates"":[]}"
20221226,2022-12-26,296.17730854285253,-0.011311934837044426,9.698028996280501E-4,100127.29410871855,1.4436210573170966E-5,1.5349656984493328E7,299.598240442754,0.0015488282990181435,-0.4378814279982958,-0.03806730237541932,0.38211698379635817,"{""type"":""MultiPoint"",""coordinates"":[]}"
20221227,2022-12-27,296.16625461287185,-0.012060316954596655,9.428688035817772E-4,100273.1148986413,9.789246107927526E-6,1.688953625315543E7,299.45973229227707,0.001160603733090254,-0.19824686152442955,0.22104517532836532,0.38456026621342926,"{""type"":""MultiPoint"",""coordinates"":[]}"
20221228,2022-12-28,296.123881219313,-0.01257811315301262,9.20553898235284E-4,100404.39466630651,1.0536671265169813E-5,1.7334304281283814E7,299.7057067127323,0.0012614829496542155,0.014320042231060265,0.1410929221404202,0.38064477489263726,"{""type"":""MultiPoint"",""coordinates"":[]}"
20221229,2022-12-29,295.33009280394964,-0.014582667702636347,8.9148567701306E-4,100514.29031451677,5.720296771871111E-6,2.043159343887487E7,299.5886758627092,7.019776822727078E-4,0.08234817916662851,0.051185960479618944,0.37430598395047593,"{""type"":""MultiPoint"",""coordinates"":[]}"
20221230,2022-12-30,293.9738677598376,-0.015127677138622083,8.63367089114377E-4,100603.21856141393,2.0744694813983866E-6,1.985849446520015E7,298.93149025421013,2.4403005430511456E-4,-0.32740964042924037,0.09297755719205625,0.36705276091692896,"{""type"":""MultiPoint"",""coordinates"":[]}"
