system:index,date,dewpoint_temperature_2m,potential_evaporation_sum,runoff_sum,surface_pressure,surface_runoff_sum,surface_solar_radiation_downwards_sum,temperature_2m,total_precipitation_sum,u_component_of_wind_10m,v_component_of_wind_10m,volumetric_soil_water_layer_1,.geo
20250101,2025-01-01,291.6141040149482,-0.0210409469988494,0.0010081088923393413,100063.05827838335,0.0,2.1652329177064553E7,299.6477679866971,0.0,-0.9612924410526191,-0.7705132497132205,0.33410222376463355,"{""type"":""MultiPoint"",""coordinates"":[]}"
20250102,2025-01-02,291.82812521735394,-0.01890792211889146,9.692156149341103E-4,100143.31740769907,0.0,2.224788767976921E7,298.681670154627,0.0,-0.09142137677183178,-0.08099294231837578,0.32414547825879897,"{""type"":""MultiPoint"",""coordinates"":[]}"
20250103,2025-01-03,290.9896095201135,-0.019774971741429316,9.318529119398719E-4,100085.6218574268,7.450580596923828E-9,2.187612822430581E7,298.9633600125163,8.52346317969932E-7,-0.44513012431736587,-0.45449490368917955,0.31536635935256396,"{""type"":""MultiPoint"",""coordinates"":[]}"
20250104,2025-01-04,291.3094915870807,-0.019438259372083967,8.960051648117254E-4,100131.64000101661,-7.450580596923828E-9,2.2261747599711508E7,298.5246504049832,6.985758944104564E-11,-0.11747015151629041,-0.22403068226652517,0.30768892228825473,"{""type"":""MultiPoint"",""coordinates"":[]}"
20250105,2025-01-05,292.37139691204857,-0.018034597483302044,8.62580060077582E-4,100153.95037885087,2.510117530134925E-7,2.1691290205553554E7,298.47641308896027,3.809621037019963E-5,-0.06181354857448318,-0.057878246400803114,0.3013787294239476,"{""type"":""MultiPoint"",""coordinates"":[]}"
20250106,2025-01-06,291.83715206265015,-0.019556057553105605,8.30037391039597E-4,100131.20289145382,5.848154968360768E-8,2.166179546916697E7,299.05972988804115,8.556818786618875E-6,0.15153319549927385,-0.13743314653910876,0.2960372322496134,"{""type"":""MultiPoint"",""coordinates"":[]}"
20250107,2025-01-07,292.720284908032,-0.01800766063594148,7.991615482671485E-4,100102.0948974228,1.437064653865018E-7,2.1257769089794446E7,299.1034621162934,2.2586594501360294E-5,0.1064831022603507,0.19186436950852348,0.2911427028191493,"{""type"":""MultiPoint"",""coordinates"":[]}"
20250108,2025-01-08,293.46635290641797,-0.0155498417966898,7.714037425759637E-4,100085.09011486087,8.497436877153344E-7,1.8144469285250634E7,299.0753662603694,1.3291223768460182E-4,-0.059633663575055174,0.1226889614102244,0.28807825342309723,"{""type"":""MultiPoint"",""coordinates"":[]}"
20250109,2025-01-09,292.96687507125,-0.018472977376214186,7.443985906139077E-4,100159.92753088048,1.3399894728455955E-6,2.01386757064551E7,299.4529039731664,2.1006470009432E-4,0.16841536943034666,-0.18827784037071293,0.28604628263377907,"{""type"":""MultiPoint"",""coordinates"":[]}"
20250110,2025-01-10,292.55917783316005,-0.020974235664925508,7.157714958875308E-4,100216.42756985374,2.6731275282652424E-8,2.0598404369275153E7,300.3588689970761,4.17945131630896E-6,0.024795667356217563,-0.4327128871528415,0.2823178957024221,"{""type"":""MultiPoint"",""coordinates"":[]}"
20250111,2025-01-11,294.0042143158077,-0.019355337538854163,6.90860494439283E-4,100249.55101626363,1.2457059085734521E-6,2.021248583772088E7,300.3448327439725,2.0856346093227994E-4,0.5736059781693685,-0.10333858388650158,0.27913547912058406,"{""type"":""MultiPoint"",""coordinates"":[]}"
20250112,2025-01-12,294.7470751185874,-0.01635909529206042,6.944004659871096E-4,100169.84726710414,2.773671138600412E-5,1.7215473695636496E7,300.2355815549499,0.0034009866897396963,-0.2801428844269859,0.047378919261882396,0.29648622461688795,"{""type"":""MultiPoint"",""coordinates"":[]}"
20250113,2025-01-13,295.65483057104865,-0.013541499090310776,7.491367971514521E-4,100076.07008341458,1.013847010857011E-4,1.492423718716192E7,299.7681238495656,0.00682217636306732,-0.2756395414480583,-0.12778065158478533,0.33327029120794566,"{""type"":""MultiPoint"",""coordinates"":[]}"
20250114,2025-01-14,295.85983657745214,-0.012498058373322782,7.707617728236434E-4,100192.9712057278,1.3553739142168573E-4,1.6062181876667872E7,299.45210151406405,0.007741143064022961,-0.19721455762615314,0.018140433785834874,0.36010175542857786,"{""type"":""MultiPoint"",""coordinates"":[]}"
20250115,2025-01-15,295.0127926317599,-0.013038316992132664,7.223029548065181E-4,100174.03004898895,1.068847798673504E-4,1.6119780848178865E7,299.62035002228686,0.0035818769296930286,-0.677893325075649,-0.4054905415899637,0.38068368776240935,"{""type"":""MultiPoint"",""coordinates"":[]}"
20250116,2025-01-16,293.4321074703018,-0.01746846549145762,5.969563616641883E-4,100163.27910564766,2.756795425772709E-7,2.0473916914532997E7,300.10114834901594,3.572064815033668E-5,-0.5160362125804382,-0.3850207847963663,0.36097827096987933,"{""type"":""MultiPoint"",""coordinates"":[]}"
20250117,2025-01-17,292.7597213260886,-0.018632609403890006,5.763892475293941E-4,100001.5841305835,3.007906591509639E-8,2.2246757535521097E7,299.74338226212905,4.149905142021551E-6,-0.2443094316590992,-0.13581515325779442,0.34462287761597893,"{""type"":""MultiPoint"",""coordinates"":[]}"
20250118,2025-01-18,293.2916289516504,-0.017725885786274646,6.137138297744403E-4,100019.01241938869,5.670231180933895E-5,2.0329301588171657E7,299.5491280095454,0.005842940422163685,-0.0843963522165351,-0.3068389510976565,0.3504544901352031,"{""type"":""MultiPoint"",""coordinates"":[]}"
20250119,2025-01-19,295.67301716640003,-0.0029633393288840894,7.004722565939139E-4,100097.15575843184,1.557191630326322E-4,5198327.279480707,296.91815468290275,0.012847550603070267,-0.7198118275641135,-1.1102422855553513,0.437936366242075,"{""type"":""MultiPoint"",""coordinates"":[]}"
20250120,2025-01-20,295.89321015302147,-0.01414251700446703,5.444619889255901E-4,100006.8721648697,1.0983313823752227E-5,1.783460534799856E7,299.38905169531375,0.0011588929229766252,-0.03392216491217738,-0.14683735437985868,0.4363256916000745,"{""type"":""MultiPoint"",""coordinates"":[]}"
20250121,2025-01-21,292.9235837803192,-0.017573011006650797,5.247644728114793E-4,99944.73465262595,6.115900300875754E-6,2.0948341151099894E7,299.29167120060345,6.991948191619088E-4,-0.46846141235116795,-0.03811129577630761,0.4117152577109142,"{""type"":""MultiPoint"",""coordinates"":[]}"
20250122,2025-01-22,294.35372594555264,-0.015196797465841731,5.367206905965466E-4,100016.88257455171,3.2807769186007524E-5,1.8029487112152904E7,299.2498606291941,0.0022530789334023037,-0.17431214629837152,0.3217663896930721,0.4001290286614754,"{""type"":""MultiPoint"",""coordinates"":[]}"
20250123,2025-01-23,294.93765771106706,-0.01479821343860212,4.912213383063143E-4,99954.30895419417,1.3985623747615495E-6,1.9206472507753342E7,299.6636865363411,1.829369730946646E-4,-0.19524281494089274,-0.0645410529637741,0.38706091043825613,"{""type"":""MultiPoint"",""coordinates"":[]}"
20250124,2025-01-24,293.5209374481103,-0.016724002158979283,4.759079206088714E-4,99923.69404686608,6.567768744514429E-7,2.0650494900108192E7,299.4224003806597,9.346698367277357E-5,-0.2341098182404008,-0.28848984198782907,0.3704713148944065,"{""type"":""MultiPoint"",""coordinates"":[]}"
20250125,2025-01-25,293.67711366932474,-0.017716605647501004,4.6062986428583734E-4,99973.94742228117,6.691819702379549E-8,2.1310397569419406E7,299.6553758251394,8.780131733808716E-6,-0.09265189000886428,-0.06324437091894801,0.35487541646277604,"{""type"":""MultiPoint"",""coordinates"":[]}"
20250126,2025-01-26,293.37194703688255,-0.019465436080851536,4.472952729693571E-4,99933.17226215027,1.2532451545723586E-6,2.2307462703930765E7,299.94561081996466,1.7348326118269978E-4,-0.012093242665783877,-0.1038058566737597,0.3415464016519669,"{""type"":""MultiPoint"",""coordinates"":[]}"
20250127,2025-01-27,291.71612573704584,-0.01971112379352195,4.3207480616832617E-4,99947.75285743432,1.9894635423700863E-7,2.275326744752975E7,299.3526699615509,2.8481657033869183E-5,-0.20247390988440825,0.07624817284300776,0.3301890851614754,"{""type"":""MultiPoint"",""coordinates"":[]}"
20250128,2025-01-28,293.1386187253399,-0.01716222274300212,4.187244136024802E-4,100100.18900751485,9.125550645291054E-8,2.071994749224667E7,298.7219037829662,1.565422912990041E-5,0.12394280529091002,-0.042746545202615435,0.320727455514256,"{""type"":""MultiPoint"",""coordinates"":[]}"
20250129,2025-01-29,293.5646735953803,-0.014169402343946116,4.066278143046009E-4,100113.29618316553,5.964763406120051E-10,1.5673162238730617E7,299.229908987312,9.469409471001245E-7,-0.2476411730728123,0.09718361415603959,0.3133491491351453,"{""type"":""MultiPoint"",""coordinates"":[]}"
20250130,2025-01-30,294.88160149388216,-0.016287695511697307,3.9848130165434393E-4,100025.36269618118,3.551969588813136E-6,1.8187440174540214E7,300.35470983594894,5.414338025735474E-4,0.2558136719008853,-0.18327211218823722,0.30836437671054723,"{""type"":""MultiPoint"",""coordinates"":[]}"
20250131,2025-01-31,295.4701824009398,-0.015649790835647093,4.059844823292866E-4,100039.10611949822,2.135220462348201E-5,1.7050592783988465E7,300.10054017076243,0.003266959587594808,0.12238480327134808,0.28394302380086434,0.3180556888261629,"{""type"":""MultiPoint"",""coordinates"":[]}"
20250201,2025-02-01,295.9596094520552,-0.01595229093553657,3.776078109400737E-4,100098.50464932497,3.137315089118812E-6,1.9932761218175266E7,300.0939329926649,5.010462832495706E-4,0.10055457965329456,0.23968830514461437,0.32349087169127677,"{""type"":""MultiPoint"",""coordinates"":[]}"
20250202,2025-02-02,295.24228198242565,-0.01899141556050345,3.6523023367014077E-4,100077.992974596,1.9161184471177146E-6,2.247697217021277E7,300.48496538366976,3.033542699158653E-4,0.3575855383063068,-0.013151739720957747,0.3157786869031189,"{""type"":""MultiPoint"",""coordinates"":[]}"
20250203,2025-02-03,295.0061989850846,-0.01859090713534895,3.5328667085608376E-4,100174.36174086618,1.0290963315293115E-6,2.170579279552831E7,300.0886485258796,1.838888156745153E-4,0.17921809964432772,0.2704576044533169,0.3095760620590414,"{""type"":""MultiPoint"",""coordinates"":[]}"
20250204,2025-02-04,293.8493721105972,-0.021463640091965618,3.4146219642421116E-4,100119.31271106617,2.772835803040519E-7,2.350475171655247E7,300.4237173213196,4.795797249711027E-5,0.28409351496072277,0.25558494721944697,0.30142645509731086,"{""type"":""MultiPoint"",""coordinates"":[]}"
20250205,2025-02-05,293.36272530498985,-0.021393237411814654,3.3330276549356833E-4,100036.42962851182,2.717702043989356E-6,2.2450024642625317E7,300.0223199571751,4.4172305054067563E-4,0.19503160647323373,0.3013648793507917,0.2971594979347755,"{""type"":""MultiPoint"",""coordinates"":[]}"
20250206,2025-02-06,293.2440340780613,-0.018758286747193452,3.2115824120250197E-4,100025.81511479043,6.723470564057069E-7,2.0821495760908768E7,299.71724499531535,1.1739439365329415E-4,0.2311359177359108,-0.10897108072385665,0.2920292522890348,"{""type"":""MultiPoint"",""coordinates"":[]}"
20250207,2025-02-07,291.2607875342037,-0.022900523208793735,3.102859794513181E-4,100144.2085874227,2.950945787811555E-8,2.3916354623873062E7,299.77123156521293,4.838920121923537E-6,0.03390331881051167,-0.1023823664242551,0.2862848190608428,"{""type"":""MultiPoint"",""coordinates"":[]}"
20250208,2025-02-08,290.1577227097576,-0.024944896667690605,3.000218602581829E-4,100125.95833374423,0.0,2.4699653194374327E7,299.78198158180703,0.0,0.09855231079205198,0.06066786863150713,0.28089217059757593,"{""type"":""MultiPoint"",""coordinates"":[]}"
20250209,2025-02-09,292.362040324715,-0.023258832472403734,2.902266574473404E-4,100079.37082780432,3.1102748283444015E-8,2.4208572842408948E7,300.275226731959,6.319199320301013E-6,0.2197991353500519,0.2141077963688838,0.27652464223633105,"{""type"":""MultiPoint"",""coordinates"":[]}"
20250210,2025-02-10,292.4454888775883,-0.023218180801554196,2.8113753216128215E-4,100213.11466621027,3.6310362893237654E-7,2.3703127455463402E7,300.1125666960772,6.697507606826974E-5,0.07745745481815973,0.35715209510639057,0.2733661059161651,"{""type"":""MultiPoint"",""coordinates"":[]}"
20250211,2025-02-11,293.1610713774861,-0.02200878312790433,2.719298316776387E-4,100235.55120854745,2.0428508616852237E-7,2.377350565957447E7,299.7873462698095,4.0219083535637496E-5,0.34302803839266144,-0.013021777120114004,0.2708062096160253,"{""type"":""MultiPoint"",""coordinates"":[]}"
20250212,2025-02-12,293.111059299354,-0.022463931930793823,2.6300456005444483E-4,100209.89385749349,0.0,2.449256808077894E7,299.95331455936434,8.526257483276962E-7,0.2967343768874016,0.09548427485720386,0.2682805937748573,"{""type"":""MultiPoint"",""coordinates"":[]}"
20250213,2025-02-13,293.91362304173924,-0.020920548850003457,2.547018458341977E-4,100210.23896246076,4.584269965550463E-8,2.4001966980887126E7,299.8655504828993,8.254573412892722E-6,0.3186705163184633,0.05086413549250573,0.2662493515106359,"{""type"":""MultiPoint"",""coordinates"":[]}"
20250214,2025-02-14,294.03870957745215,-0.020709892191473775,2.4707628809670615E-4,100223.85724209315,3.244482004982102E-7,2.349751009376127E7,300.02456682051354,6.350309744961215E-5,0.538938843784087,-0.24459187057904147,0.2648297370748317,"{""type"":""MultiPoint"",""coordinates"":[]}"
20250215,2025-02-15,293.5891332338601,-0.024476100844819753,2.3931389008882115E-4,100079.46061409214,4.613583284812071E-7,2.4565985821853593E7,300.93570105934066,9.163135347503587E-5,0.34541461301231086,-0.0750866518640822,0.2636516636159361,"{""type"":""MultiPoint"",""coordinates"":[]}"
20250216,2025-02-16,294.0228252990957,-0.024053517549026324,2.3191760764670557E-4,100136.67531139888,7.107821647500976E-7,2.4041425406058423E7,300.9757811198629,1.4217526278623955E-4,0.30177381551957844,0.24314834309506986,0.26298408127702305,"{""type"":""MultiPoint"",""coordinates"":[]}"
20250217,2025-02-17,294.05527772615704,-0.02336904160702568,2.2467906901520851E-4,100242.72679152679,7.872493568844112E-7,2.429657028849622E7,300.7020771289361,1.5657601785195146E-4,0.34852053709565517,0.5097315488261148,0.2628164279918027,"{""type"":""MultiPoint"",""coordinates"":[]}"
20250218,2025-02-18,294.475448932595,-0.021248632933832962,2.1992235021646217E-4,100255.09474951215,2.74255522484819E-6,2.2782743789758388E7,300.25608956944217,5.40015838161686E-4,0.3573452667456892,0.28408304162431847,0.2651893603341741,"{""type"":""MultiPoint"",""coordinates"":[]}"
20250219,2025-02-19,294.13241470397435,-0.021426903408355246,2.1105987787934538E-4,100136.12775307512,4.213675453565717E-7,2.2870101871979803E7,300.3641783157956,8.469731894547099E-5,0.4323343553713901,0.03681150533385197,0.2642039590077355,"{""type"":""MultiPoint"",""coordinates"":[]}"
20250220,2025-02-20,294.75793426652154,-0.023052351261105216,2.0447751695912883E-4,100177.71919742973,3.876155823350941E-7,2.3958250966462314E7,301.3003156991917,8.064963850172559E-5,0.4551108012134632,0.12460054569138919,0.26299835360527385,"{""type"":""MultiPoint"",""coordinates"":[]}"
20250221,2025-02-21,295.12808311293657,-0.022656996879193318,2.0175756335129516E-4,100273.87908456453,3.9022234515339045E-6,2.339320154453661E7,301.3051982207402,7.933083451795835E-4,0.45626520110317287,0.5790962677962621,0.26407715299551077,"{""type"":""MultiPoint"",""coordinates"":[]}"
20250222,2025-02-22,295.21943325611784,-0.020972627239604746,1.9831447621953218E-4,100369.99336415279,5.9397140866447095E-6,2.1783387924630363E7,300.80394045511883,0.0011833799909565191,0.470788403820685,0.10293779845764495,0.2725713639065028,"{""type"":""MultiPoint"",""coordinates"":[]}"
20250223,2025-02-23,294.57712021360095,-0.024267244005284926,1.8944896239044432E-4,100282.33830747478,2.660233429352643E-6,2.3187017155787963E7,301.49704342115416,5.3482738646109E-4,0.24880606326536428,-0.08290266410306268,0.27310617882294896,"{""type"":""MultiPoint"",""coordinates"":[]}"
20250224,2025-02-24,293.43894907826063,-0.026981368433889655,1.8462203402747933E-4,100256.40377689862,3.5685406150776605E-6,2.506281170357014E7,301.86048051912303,7.36383788345756E-4,0.39479727778874385,0.30432468568896115,0.2723682722029083,"{""type"":""MultiPoint"",""coordinates"":[]}"
20250225,2025-02-25,292.73825019981336,-0.026946949909900954,1.755764380801339E-4,100309.39116041313,7.113383386352628E-8,2.399310549909845E7,301.77623796698015,1.5333569634735317E-5,0.3191899346508563,-0.05708979173181777,0.2727654711932771,"{""type"":""MultiPoint"",""coordinates"":[]}"
20250226,2025-02-26,293.77212842076233,-0.0237566005926226,1.7036704478863986E-4,100222.28366299803,1.935377647160538E-7,2.0670276989542015E7,302.1501629759821,4.082337735825891E-5,0.14942882605248994,-0.011705835789266516,0.2691897984837265,"{""type"":""MultiPoint"",""coordinates"":[]}"
20250227,2025-02-27,292.8663019296542,-0.02628404354113041,1.6513282249776027E-4,100120.1925825506,9.417206081207421E-8,2.26421982614497E7,302.16954519072607,2.0402786223699164E-5,0.15011728582280176,-0.21185997785147975,0.2663186611299804,"{""type"":""MultiPoint"",""coordinates"":[]}"
20250228,2025-02-28,293.9274050023267,-0.024522062956620502,1.623953507559591E-4,100034.97368370085,2.2967482705087042E-6,2.1736707995311935E7,302.55975066390306,4.6593282021841517E-4,0.15007145213656653,0.13756723583912475,0.2659260574076695,"{""type"":""MultiPoint"",""coordinates"":[]}"
20250301,2025-03-01,295.39470195002184,-0.020794943763628965,1.565519622246625E-4,99962.26142181347,9.962955064563772E-7,1.9184957448250994E7,302.45575947262284,2.1603849931095125E-4,0.055433447565334824,0.3112498016394107,0.2662292238123817,"{""type"":""MultiPoint"",""coordinates"":[]}"
20250302,2025-03-02,296.02582054537135,-0.015371075654358711,1.6645392623998348E-4,100031.17891877546,1.4823648824702095E-5,1.5790658834835924E7,300.6599042101224,0.0029411825720943897,0.10638219429790609,0.7338740429865053,0.2768868372867078,"{""type"":""MultiPoint"",""coordinates"":[]}"
20250303,2025-03-03,295.6989820390699,-0.022809426957493523,1.537420401021199E-4,100034.4303523936,5.7492097534086155E-6,2.087117895503948E7,301.6926029653328,0.001173408024262918,0.27370669061080927,0.061758388792584336,0.2903440216152495,"{""type"":""MultiPoint"",""coordinates"":[]}"
20250304,2025-03-04,295.8341822339332,-0.023017306758035105,1.4807101173861727E-4,100016.59503371193,4.048121027081528E-6,2.0554442842784476E7,301.99583381660165,8.512024812013938E-4,0.6439407624681347,-0.1001013400305606,0.29043375309420144,"{""type"":""MultiPoint"",""coordinates"":[]}"
20250305,2025-03-05,295.7163286155227,-0.022282946083709475,1.4387038353329485E-4,100101.07015995248,3.7887236765047467E-6,2.117261542625216E7,301.66900631188923,7.985787725096062E-4,0.5660536583261804,0.3090438169847818,0.2906476165371627,"{""type"":""MultiPoint"",""coordinates"":[]}"
20250306,2025-03-06,296.2442509102871,-0.021415398637181445,1.3913922723862314E-4,100107.80479866778,2.777244891666395E-6,2.0299171511654872E7,301.5427415471537,5.906351418474544E-4,0.7603781319879714,-0.1546341322522737,0.28986537432151854,"{""type"":""MultiPoint"",""coordinates"":[]}"
20250307,2025-03-07,295.75099177337046,-0.022802905743458713,1.4058430670746134E-4,100030.79438728362,7.851697501833585E-6,1.9947491170607828E7,301.41950014322805,0.0016283144078829037,0.7604810733006458,0.3650985166478836,0.289885348519363,"{""type"":""MultiPoint"",""coordinates"":[]}"
20250308,2025-03-08,296.661635106423,-0.01655078391429323,1.4172440943544283E-4,99921.01651123136,1.2085368346961621E-5,1.9054246887013156E7,300.8526490877879,0.0024071624638494827,0.5872459828330573,-0.2206471956668959,0.3040235315124094,"{""type"":""MultiPoint"",""coordinates"":[]}"
20250309,2025-03-09,296.02849512390253,-0.023374790902757667,1.3257498361554513E-4,99929.69891694184,6.1972199086458545E-6,2.210522706685214E7,302.16504166226275,0.0012849725034041386,0.5997487845537196,0.2871458155702751,0.3064692933222096,"{""type"":""MultiPoint"",""coordinates"":[]}"
20250310,2025-03-10,293.96498294884896,-0.02724488952096043,1.313839896336558E-4,99982.69798839162,8.315871628535342E-6,2.318563342343197E7,302.1458878600265,0.001343466850722065,0.3612625930498162,0.13749288830537612,0.31157124938121106,"{""type"":""MultiPoint"",""coordinates"":[]}"
20250311,2025-03-11,295.18730910212133,-0.01846485805025696,1.7513059888383007E-4,100022.77897763452,5.5173494585403857E-5,1.57843905089361E7,301.25851779941866,0.0076304184557545555,-0.45561386779719143,-0.37455156763982184,0.3385337074583347,"{""type"":""MultiPoint"",""coordinates"":[]}"
20250312,2025-03-12,295.9246973156257,-0.01352813421304244,8.15529917664705E-4,100045.96685856313,6.977699715825482E-4,1.1528162794849101E7,299.886926870189,0.014388059745438653,-0.28424174545733794,-0.060455172634250855,0.39760667438876207,"{""type"":""MultiPoint"",""coordinates"":[]}"
20250313,2025-03-13,295.91296357325547,-0.018970874340696282,1.169480369961997E-4,100024.51601279595,1.5135667747940525E-6,2.1724815875042155E7,300.73626037892967,2.598201103353137E-4,0.303702524439448,0.13682600964375283,0.39447788344450996,"{""type"":""MultiPoint"",""coordinates"":[]}"
20250314,2025-03-14,295.7398154871697,-0.021092603780434014,1.1425876699111284E-4,100069.29527551061,1.6482092179505785E-6,2.2450166318959706E7,301.3670523235727,2.8872135157844336E-4,0.5020902007513715,-0.17029649120266155,0.3686105685962595,"{""type"":""MultiPoint"",""coordinates"":[]}"
20250315,2025-03-15,295.77179998445285,-0.022167464631572337,1.1230721999882705E-4,100128.55093274104,2.4934887370175933E-6,2.1924126816704612E7,301.6770693511542,4.3029230058270345E-4,0.537780844487455,0.015242838977062152,0.35199221127135555,"{""type"":""MultiPoint"",""coordinates"":[]}"
20250316,2025-03-16,296.39344614517074,-0.015939849383492275,1.342980291195996E-4,100165.0548294825,2.6983230113123373E-5,1.732699088041646E7,300.7816687642503,0.004011906271262462,0.32470234392755143,0.3003193235896014,0.3498628814427638,"{""type"":""MultiPoint"",""coordinates"":[]}"
20250317,2025-03-17,297.02721930209344,-0.013588514931303823,1.9365409909711606E-4,100133.69729661582,8.83188599762915E-5,1.7577945306482885E7,300.3195431453991,0.004713881759492233,-0.19482054964311565,-0.529986944145875,0.38814084784086683,"{""type"":""MultiPoint"",""coordinates"":[]}"
20250318,2025-03-18,296.541691898053,-0.018239268888657248,1.263325658465309E-4,100156.52435847862,2.310279148217362E-5,2.0271811177267753E7,300.84431824384365,0.0034325336661618524,0.10748355829138244,0.3364899589230427,0.3885552611169312,"{""type"":""MultiPoint"",""coordinates"":[]}"
20250319,2025-03-19,296.5352151682491,-0.019540224952460026,1.0836796665122868E-4,100251.81616882994,7.291633086302546E-6,2.0941037114061713E7,301.22886480965826,0.0012935109186636767,0.10680449395845223,0.23199399702106763,0.38455829535529146,"{""type"":""MultiPoint"",""coordinates"":[]}"
20250320,2025-03-20,296.79294445360216,-0.019644907400619246,1.0301717891187564E-4,100343.42028942128,4.114628139059767E-6,1.9713533885128196E7,301.6059792951145,7.274367760554365E-4,0.34733603185208206,0.04195440526277432,0.3707578220910817,"{""type"":""MultiPoint"",""coordinates"":[]}"
20250321,2025-03-21,296.5935472368493,-0.019262484676821585,1.1680764473606613E-4,100333.26199514339,2.0129069433373923E-5,2.0403006687236555E7,301.7270181245251,0.0031085246012625693,0.29987016075547895,-0.12763300708945463,0.36447266492581115,"{""type"":""MultiPoint"",""coordinates"":[]}"
20250322,2025-03-22,296.87900456844557,-0.015817712508800267,1.705572696915182E-4,100290.8875258609,7.572029628265302E-5,2.0158876417598266E7,300.5322883794881,0.007756660784516916,-0.024915769705191767,-0.1868802969494983,0.3967524611157485,"{""type"":""MultiPoint"",""coordinates"":[]}"
20250323,2025-03-23,296.308759181255,-0.01858396613496845,1.2027038871876566E-4,100255.99731859114,2.7120328319231788E-5,2.140714445618464E7,300.8802290782431,0.003309127211086237,-0.07900054891288014,-0.4811985184616417,0.4080893478366042,"{""type"":""MultiPoint"",""coordinates"":[]}"
20250324,2025-03-24,296.7664088386658,-0.01769470490630766,1.0772590017301533E-4,100144.17506587895,1.6374248182390986E-5,2.229532878543095E7,301.126390876958,0.002523307655956442,0.021976433990809577,-0.025633576312078295,0.3986985301409709,"{""type"":""MultiPoint"",""coordinates"":[]}"
20250325,2025-03-25,296.49073255043476,-0.019224606036570287,9.899834433575208E-5,99990.70009453369,9.498154906387413E-6,2.2352711856473137E7,301.1120787591999,0.0016455909156877638,0.30851456697406443,0.18323529997558635,0.3859988642592947,"{""type"":""MultiPoint"",""coordinates"":[]}"
20250326,2025-03-26,296.62806351371984,-0.01637396330985832,1.0985069130028451E-4,99949.57211407527,2.2161138044811954E-5,2.1470919489361707E7,300.61027668708664,0.003276780277678477,0.07115159563210624,-0.1117347365804756,0.38332923293500626,"{""type"":""MultiPoint"",""coordinates"":[]}"
20250327,2025-03-27,296.7782006805397,-0.017171844294623182,1.0164657569387265E-4,99910.24965364258,1.5674076310744842E-5,2.260210748539488E7,300.95437900067697,0.002370521332653695,0.2422281878687238,-0.39709022425160795,0.3856289926981293,"{""type"":""MultiPoint"",""coordinates"":[]}"
20250328,2025-03-28,297.0007007803851,-0.018462542026665425,9.733582774611788E-5,99844.09248372045,1.3085377052979826E-5,2.2758129328525066E7,301.5283116309571,0.002067759801565506,0.2798617019692297,-0.37654986957873804,0.3798199902504793,"{""type"":""MultiPoint"",""coordinates"":[]}"
20250329,2025-03-29,296.5971805039673,-0.020632939096815614,8.699441113026618E-5,99823.53553260045,4.487224339665036E-6,2.381057454922467E7,301.74247290873444,7.794404037993525E-4,0.5571403916115114,-0.34962558747770855,0.37101754295036393,"{""type"":""MultiPoint"",""coordinates"":[]}"
20250330,2025-03-30,296.617809870679,-0.021095456444653975,8.44005585318647E-5,99913.15369149786,3.6623808523398896E-6,2.355809285070321E7,301.9255763282139,6.505047715008712E-4,0.5434095029834373,-0.21159595919566773,0.3584508209191832,"{""type"":""MultiPoint"",""coordinates"":[]}"
20250331,2025-03-31,296.51168752923184,-0.02048354597377339,8.87155597320843E-5,99903.14008706303,9.74849763864049E-6,2.2730717855030652E7,301.66490006472645,0.00166726819314296,0.4744162627718945,-0.030618184059052273,0.3478921937718961,"{""type"":""MultiPoint"",""coordinates"":[]}"
20250401,2025-04-01,296.4390275553738,-0.016337230645746176,9.669821603264654E-5,99870.53594381554,1.9289475247355268E-5,2.0535255268301483E7,300.78531667455087,0.0032610759514989855,0.16261207214813564,0.44381376027287106,0.3553617697292859,"{""type"":""MultiPoint"",""coordinates"":[]}"
20250402,2025-04-02,296.54384711671736,-0.016615298468843936,1.997959299978262E-4,99999.18296131455,1.2374489833162527E-4,2.018808268662099E7,300.420649325938,0.005378263170764592,0.04067070740090926,0.3363361362511615,0.3807847253088912,"{""type"":""MultiPoint"",""coordinates"":[]}"
20250403,2025-04-03,296.91037149930287,-0.014325531627452209,0.002620948895709936,100164.10785680277,0.0023638760053720283,1.985493144464479E7,300.1166220508039,0.019996169009020008,0.02784778023155883,-0.14630682758735283,0.4065097934251968,"{""type"":""MultiPoint"",""coordinates"":[]}"
20250404,2025-04-04,297.1130628442518,-0.011280751818360468,4.662204328272861E-4,100159.02019714145,3.5397330647636056E-4,1.5986031080057703E7,299.89901762562374,0.009799698162844065,-0.0859750485617978,-0.03972466545962476,0.44361736872173574,"{""type"":""MultiPoint"",""coordinates"":[]}"
20250405,2025-04-05,297.0512142316671,-0.010414972448613386,7.650512104381776E-4,100093.37953234643,5.745486424496318E-4,1.7060164851063825E7,299.33537109013656,0.010944385581055071,-0.21272383740435782,0.015686319458726825,0.4567935731293763,"{""type"":""MultiPoint"",""coordinates"":[]}"
20250406,2025-04-06,297.43491140623087,-0.010032117030936975,2.812343977695332E-4,100008.8354311408,2.056777455769762E-4,1.5978140327443207E7,299.826398385203,0.006412274394386988,-0.14836650990081354,-0.028967935042479305,0.45872551702166253,"{""type"":""MultiPoint"",""coordinates"":[]}"
20250407,2025-04-07,297.3265382796759,-0.015678775642877278,8.91576212448976E-5,99989.240133244,1.7992711501391495E-5,2.229633064334656E7,300.914955202899,0.0023179515297826396,-0.03492170687635469,-0.1333269265454926,0.44380068432211467,"{""type"":""MultiPoint"",""coordinates"":[]}"
20250408,2025-04-08,296.81036711811015,-0.018237944421003408,9.969792510471835E-5,100074.92126040775,2.972276534064342E-5,2.3502081301117923E7,301.1094270495931,0.0033066538946748083,0.057708212440583356,-0.22422348643340861,0.4363808805573688,"{""type"":""MultiPoint"",""coordinates"":[]}"
20250409,2025-04-09,296.9177480783153,-0.015736769015635133,1.0379153954350813E-4,100059.6860836381,3.493108658682255E-5,2.1998182004327446E7,300.28383366272624,0.0045719464289915145,0.2512428645030684,0.004868802965253374,0.43692462211303496,"{""type"":""MultiPoint"",""coordinates"":[]}"
20250410,2025-04-10,296.8608877074478,-0.011536010249164877,9.269363509159936E-5,99964.93814399834,2.4747429902571612E-5,1.8812340258204106E7,299.7743947074626,0.0032793912023970045,0.0490899765229251,0.08199965853518572,0.44348431527722093,"{""type"":""MultiPoint"",""coordinates"":[]}"
20250411,2025-04-11,296.69267637200295,-0.01410144486750372,1.448617702006778E-4,99953.0689037097,7.786855687314407E-5,2.087665524702488E7,299.8429834393587,0.007731106197598679,0.13597284187017006,0.3031153208591257,0.45333623295722214,"{""type"":""MultiPoint"",""coordinates"":[]}"
20250412,2025-04-12,296.72570915763265,-0.01170923822689392,1.7334041217583165E-4,100028.96362272404,1.0723777026679599E-4,2.027940627803823E7,299.43789210057577,0.005840411972773947,-0.02513496347567916,0.30567815885877436,0.4636558718887112,"{""type"":""MultiPoint"",""coordinates"":[]}"
20250413,2025-04-13,297.4590135304484,-0.013231041114757178,9.201634964098623E-5,99998.95259504551,2.678309080620513E-5,1.98722171565092E7,300.4987250517332,0.0030453373120495663,0.2720810839413077,-0.4648109606100771,0.4516619919498232,"{""type"":""MultiPoint"",""coordinates"":[]}"
20250414,2025-04-14,297.35254568514284,-0.013263534359550631,2.699571688855293E-4,99965.84195628985,2.0557816358322798E-4,2.0635467083303284E7,300.1926669989632,0.008737057281450834,0.017188301824695135,-0.3540260483115493,0.4598100801860646,"{""type"":""MultiPoint"",""coordinates"":[]}"
20250415,2025-04-15,296.75376871179856,-0.017467482040343717,7.253559087958957E-5,99957.13852419914,9.056499104958944E-6,2.350208673314101E7,301.18205323983375,0.0011223522635632544,0.2308981982915644,-0.44844369319987315,0.44370983351679844,"{""type"":""MultiPoint"",""coordinates"":[]}"
20250416,2025-04-16,297.0917116998122,-0.0157802868950165,7.458910039732527E-5,100003.20009917059,1.213327721916636E-5,2.275584832672197E7,300.9433402368579,0.001454839361324407,-0.10232045751077108,-0.30680880327037874,0.429576552104801,"{""type"":""MultiPoint"",""coordinates"":[]}"
20250417,2025-04-17,297.7344490126473,-0.012702444939730703,1.4821923073559865E-4,99953.59092437821,8.639759624902841E-5,1.9786712682293545E7,300.500018929501,0.007792569697719617,0.11831276438846394,-0.07475612776570918,0.4451118866573921,"{""type"":""MultiPoint"",""coordinates"":[]}"
20250418,2025-04-18,297.4639805123015,-0.01125075536979221,1.6085317461145857E-4,99974.10432484893,9.996174497807283E-5,1.9025949567616306E7,299.89650348585843,0.006115232409019136,-0.021176294060134028,0.07835954126077628,0.4621515836920901,"{""type"":""MultiPoint"",""coordinates"":[]}"
20250419,2025-04-19,297.56758238366774,-0.009751371304469982,1.747784333413059E-4,99924.35952003463,1.1144432561989948E-4,1.6965197669671837E7,299.82608846271677,0.006713778834205388,-0.15203146298841042,-0.17959594028703096,0.46847599729750516,"{""type"":""MultiPoint"",""coordinates"":[]}"
20250420,2025-04-20,296.83763979982774,-0.01608178344495753,6.999747120341024E-5,99946.42702851248,1.0452140895115784E-5,2.24476001085467E7,300.981531462341,0.0011252804655044176,0.06325424392430566,-0.44474270185006765,0.44995607253894426,"{""type"":""MultiPoint"",""coordinates"":[]}"
20250421,2025-04-21,296.65971660006426,-0.016103280141944284,7.16890189951179E-5,100055.94974518279,1.3048247744191913E-5,2.2161203947710063E7,301.16796364058007,0.0015981140922824457,-0.012355604743797039,-0.22673206123570325,0.43167421923533184,"{""type"":""MultiPoint"",""coordinates"":[]}"
20250422,2025-04-22,297.34452075868836,-0.013087196776014009,9.725731856290764E-5,100135.96893752959,3.9388350081108474E-5,2.028764845113596E7,300.3833660733772,0.003763274447289878,0.044611755794796155,0.031769676268107915,0.43223348978205156,"{""type"":""MultiPoint"",""coordinates"":[]}"
20250423,2025-04-23,297.5681771327562,-0.009836394846267403,9.681833078402972E-5,100027.67739330011,3.9552722302232894E-5,1.6998398294626765E7,299.7768014338545,0.0042495808745482335,-0.03233223085234925,0.22907302041139185,0.44386004484506564,"{""type"":""MultiPoint"",""coordinates"":[]}"
20250424,2025-04-24,297.9390142986244,-0.008923228159734928,2.590917504912802E-4,99938.16856367952,2.0213667242870062E-4,1.6211841213847822E7,299.95747911031617,0.007705908992963207,0.2452541458619617,0.11410809418719214,0.4577098482574232,"{""type"":""MultiPoint"",""coordinates"":[]}"
20250425,2025-04-25,297.78618937310216,-0.01074690915028885,1.119416606069428E-4,99934.01224893931,5.5671229910171294E-5,1.8395837923187885E7,300.073611243755,0.005631082406226253,0.17692469438547587,0.03381463955164901,0.4697693728357428,"{""type"":""MultiPoint"",""coordinates"":[]}"
20250426,2025-04-26,297.54493571548653,-0.01206219455195686,1.2385102813096847E-4,99924.04617001791,5.920112584413625E-5,2.0135784023079704E7,300.395574872576,0.004854821700440216,0.04510368895596616,0.5144948972533969,0.4615246003200578,"{""type"":""MultiPoint"",""coordinates"":[]}"
20250427,2025-04-27,297.7504256324479,-0.009719311284204276,1.0046836833768146E-4,99962.99581412843,4.524095712738092E-5,1.7793181137396324E7,299.8696237633558,0.004257667720888343,-0.002686102869763137,0.26072453539708823,0.46826893613521614,"{""type"":""MultiPoint"",""coordinates"":[]}"
20250428,2025-04-28,297.6523800792711,-0.008727350903307538,1.1754671653770947E-4,99857.12652788186,6.2749888700911E-5,1.5748640811395608E7,299.54377949995865,0.004135947136428121,-0.24479999283154233,0.4964421606218605,0.46457498660238344,"{""type"":""MultiPoint"",""coordinates"":[]}"
20250429,2025-04-29,297.7242502253106,-0.012135412850310731,9.703141255280709E-5,99843.17947320566,4.200001099115669E-5,1.998779644608727E7,300.4922380634249,0.0027217945138384115,-0.15992445887847506,0.48657485552885354,0.45643853057905354,"{""type"":""MultiPoint"",""coordinates"":[]}"
20250430,2025-04-30,297.5646114021501,-0.011649267458492266,1.0796766922957969E-4,99961.96448817749,5.415992275971262E-5,1.9859193172015868E7,300.28595666831495,0.004898930193498338,-0.03420168471631558,0.5580894495377905,0.45751301155223306,"{""type"":""MultiPoint"",""coordinates"":[]}"
20250501,2025-05-01,297.77018810702805,-0.011264402677264406,2.1539289696398002E-4,99989.6708599925,1.6033483667146674E-4,1.8301406124053374E7,300.43806979810694,0.005993437692202031,-0.3027389561675722,0.20665412849639964,0.46606677534890045,"{""type"":""MultiPoint"",""coordinates"":[]}"
20250502,2025-05-02,297.64972201344034,-0.01220414826624281,0.0015125656832953977,100028.24929666132,0.0014166621833212145,1.9555493228993867E7,300.26157483264717,0.014838759925536876,-0.21487917454716443,0.3664520892519149,0.46508152763750965,"{""type"":""MultiPoint"",""coordinates"":[]}"
20250503,2025-05-03,297.40917972899905,-0.012200778044607077,1.0650916769966253E-4,99990.0966692399,5.395328535356121E-5,1.8795563218175262E7,300.2014282300849,0.004785544778029927,0.17839182608258572,0.10219912477977755,0.4804394399049349,"{""type"":""MultiPoint"",""coordinates"":[]}"
20250504,2025-05-04,297.764682897253,-0.013642720081479036,6.465232446440454E-5,99878.0894124026,1.2478362963683675E-5,2.0705039555355214E7,300.91330209083884,0.0010830268623091594,-0.02197137895234002,-0.7278316109523506,0.4660032276695114,"{""type"":""MultiPoint"",""coordinates"":[]}"
20250505,2025-05-05,297.7282694807304,-0.013689532870641048,2.264989451987195E-4,99868.5617940788,1.3404511777751938E-4,2.2136945689866576E7,300.7877097225545,0.005501679461330023,-0.009088657010932834,-0.1181766761726364,0.46299473507671723,"{""type"":""MultiPoint"",""coordinates"":[]}"
20250506,2025-05-06,297.77292518280984,-0.012749231858746563,1.0743217050405865E-4,99924.3320412868,5.588436810238629E-5,2.086598002452218E7,300.6241577669811,0.0049854937340985915,0.26831712182832895,-0.4984559424723954,0.46981606367101797,"{""type"":""MultiPoint"",""coordinates"":[]}"
20250507,2025-05-07,296.8379198767444,-0.017481751539809933,6.218808321930468E-5,99897.90758125459,1.0914101073598332E-5,2.2919865041471332E7,301.10014192994106,0.001283761845355408,0.3914778528627346,-0.40946923673317726,0.45621264309017034,"{""type"":""MultiPoint"",""coordinates"":[]}"
20250508,2025-05-08,296.8027112002212,-0.014378918352977834,5.853972762146024E-5,99958.61518383886,7.675355451441483E-6,2.1114824732059147E7,300.5069246460633,9.015630002934398E-4,0.3767649566544007,-0.6812181058075012,0.44145975996774767,"{""type"":""MultiPoint"",""coordinates"":[]}"
20250509,2025-05-09,295.9072500385477,-0.020117779310391007,5.0773124724056946E-5,99961.11969587694,4.590275031412032E-7,2.5793110049765598E7,301.14877454264973,5.948634406955049E-5,0.5560875684112464,-0.9574165413021141,0.4201465655525283,"{""type"":""MultiPoint"",""coordinates"":[]}"
20250510,2025-05-10,295.66738506899054,-0.018285589639918283,5.414793143580205E-5,100007.38901688252,4.425380221781986E-6,2.3347345502344035E7,300.6640857298051,5.79049735131478E-4,0.5706629365062841,-0.6187180814182462,0.40462646112947576,"{""type"":""MultiPoint"",""coordinates"":[]}"
20250511,2025-05-11,296.48188312730906,-0.01686537497516707,6.219443354286787E-5,99942.90690151123,1.3065202987198362E-5,2.2792624752975125E7,300.7739160113329,0.001763160286007498,0.5773862267159573,-0.09239438547654168,0.3957629686995959,"{""type"":""MultiPoint"",""coordinates"":[]}"
20250512,2025-05-12,297.43319835013995,-0.01290698301112914,9.086342804534231E-5,99813.09754179532,4.2204583568174054E-5,2.0446634293544903E7,300.31276235615985,0.0046717959848190434,0.1354253527951622,0.16098702689004732,0.41129729501013734,"{""type"":""MultiPoint"",""coordinates"":[]}"
20250513,2025-05-13,297.5594502318463,-0.010397248678084019,2.1152214973015E-4,99824.58074712727,1.6317820983203018E-4,1.689982772556798E7,299.6297966768742,0.009779890638754696,0.2613871334005769,-0.1260662110526196,0.45584172591493605,"{""type"":""MultiPoint"",""coordinates"":[]}"
20250514,2025-05-14,297.43807722871907,-0.011649987433647105,6.54615139406681E-4,99859.96522960902,6.0660075806041E-4,1.8513733350162283E7,300.0131722354075,0.007526213162821467,0.16582774577167747,-0.3836230565355524,0.46024626908300603,"{""type"":""MultiPoint"",""coordinates"":[]}"
20250515,2025-05-15,297.45969483909425,-0.01093144858712072,9.300739239408272E-5,99906.1254464319,4.5356207372391656E-5,1.7226319437432386E7,300.10171072568187,0.0041451971302807755,0.03984008745041473,0.034040265508047146,0.458100038733186,"{""type"":""MultiPoint"",""coordinates"":[]}"
20250516,2025-05-16,297.1062591402329,-0.012981832387470577,6.670416680389993E-5,99871.72730933144,1.943274241597739E-5,1.7918862289217457E7,300.5662409588328,0.002213278067727572,0.6149291283724071,0.07365532532694363,0.45312196828092677,"{""type"":""MultiPoint"",""coordinates"":[]}"
20250517,2025-05-17,297.4704132093835,-0.005611091528425053,1.650841075764466E-4,99855.13689982318,1.1807675025027195E-4,1.0198106923909126E7,299.03770416994365,0.009054033479201527,-0.05318010121329585,-0.06458666456735883,0.46967646611082203,"{""type"":""MultiPoint"",""coordinates"":[]}"
20250518,2025-05-18,297.5018224343613,-0.004666803948100277,0.001586200711725423,99734.62556898648,0.0012640369618751497,1.2174873428056259E7,298.6582067984631,0.016889277006515657,-0.29037793339810586,-0.026272681000456523,0.4822767060283628,"{""type"":""MultiPoint"",""coordinates"":[]}"
20250519,2025-05-19,296.9499407673216,-0.0046774010448368975,0.0062634930836780395,99667.38587460277,0.0032274976071793825,9082387.421925714,297.8999297798561,0.03516290205227317,-0.062098239502492436,1.040253237414667,0.48042144309959955,"{""type"":""MultiPoint"",""coordinates"":[]}"
20250520,2025-05-20,296.2151347851722,-0.00912761094980278,6.301869506273639E-4,99742.27596818088,3.935550707279884E-4,1.3121727058420485E7,298.8339879097511,0.006955590931196648,0.48921463245639923,-0.7134813388561254,0.47408241886891406,"{""type"":""MultiPoint"",""coordinates"":[]}"
20250521,2025-05-21,296.5321057440355,-0.008856957777662912,1.1970464703067735E-4,99853.5300705299,7.171826514362043E-5,1.566948087414353E7,298.8595503476795,0.005385977417847711,0.03348794082621425,-0.3125563721370778,0.4817362604325803,"{""type"":""MultiPoint"",""coordinates"":[]}"
20250522,2025-05-22,297.5087278203074,-0.010372953453822296,1.4398553839582763E-4,99806.71385844199,9.559773061836923E-5,1.823281916047602E7,299.57229104622695,0.006505955611159128,0.14305066437600314,0.1504675565910592,0.4864746416570876,"{""type"":""MultiPoint"",""coordinates"":[]}"
20250523,2025-05-23,297.63462197223174,-0.006270946908622626,0.0064607956995828214,99719.81111703538,0.0038478558744027484,1.3386390938333936E7,298.64810782972614,0.03469338170240986,1.2186015122554985,0.8498333788989958,0.48061728279727317,"{""type"":""MultiPoint"",""coordinates"":[]}"
20250524,2025-05-24,297.76265826605305,-0.0031161939384724063,0.013263053990553919,99758.42254382618,0.006104082997594119,6950281.830508473,298.2059857047139,0.05524422812014268,1.6395189402438457,1.0553350213600305,0.47192149822034724,"{""type"":""MultiPoint"",""coordinates"":[]}"
20250525,2025-05-25,297.7680715003085,-0.004027177263662525,0.04447134576127971,99913.67315190329,0.02193308547219773,9418327.17417959,298.219755323364,0.10222894124205778,2.564304095017307,1.0458806207481237,0.4837933926789259,"{""type"":""MultiPoint"",""coordinates"":[]}"
20250526,2025-05-26,297.4546960302665,-0.0028150446841938596,0.016554097962366565,99899.70250048835,0.004150049276636518,5544758.481788677,297.82607162925893,0.048061379807501824,2.405929841936774,0.03190716655083268,0.47592910950481077,"{""type"":""MultiPoint"",""coordinates"":[]}"
20250527,2025-05-27,297.5495369749899,-0.0034305249867115136,0.009256157192498652,99821.30465557006,0.0016158405977532706,6410128.432023082,298.1681464922402,0.029620178062101404,2.852488029976135,-0.5625941660243998,0.48358137880699736,"{""type"":""MultiPoint"",""coordinates"":[]}"
20250528,2025-05-28,297.6189265090094,-0.00640856841659013,0.009394192976122767,99766.30785906839,0.0015923944804004675,1.293571140281284E7,298.5799903076334,0.03148425491899521,3.3111357995560726,-1.006014622952993,0.48282530239273513,"{""type"":""MultiPoint"",""coordinates"":[]}"
20250529,2025-05-29,297.36968640046473,-0.005871407142237469,0.03276169449735798,99792.36469279898,0.00983814074057687,9845889.870176706,297.8977117594625,0.07025398779358197,4.4324335977999345,0.3860620096736065,0.4818451086164224,"{""type"":""MultiPoint"",""coordinates"":[]}"
20250530,2025-05-30,296.95031355000253,-0.0031068830032491366,0.05162707381178831,99917.07702658733,0.012239297672574204,3822666.63397043,297.29772877799223,0.07265898735244654,2.50498579258901,-0.7801534658384548,0.4783452537601737,"{""type"":""MultiPoint"",""coordinates"":[]}"
20250531,2025-05-31,297.06255284426436,-0.0024288637134365085,0.01921582716092967,100093.32772376302,3.843970551114198E-4,6721858.950234404,297.7147421134695,0.011669069323323273,0.5103764816579487,-0.48005098874701646,0.4841505717394343,"{""type"":""MultiPoint"",""coordinates"":[]}"
20250601,2025-06-01,297.4057536285104,-0.010211821969261334,0.00863157911041434,100092.22686014087,7.395725193498286E-5,1.9213166236927524E7,299.27549611039007,0.004358778522051893,0.7360894331236787,-0.9880795807545545,0.48500574762853593,"{""type"":""MultiPoint"",""coordinates"":[]}"
20250602,2025-06-02,297.01444003805256,-0.01019036465583405,0.0072619148187159305,100089.54547759649,1.4335831934220088E-4,1.832879453660296E7,298.90056437439523,0.007205880028415663,0.7529333696756273,-0.30393148279631427,0.48623065888874517,"{""type"":""MultiPoint"",""coordinates"":[]}"
20250603,2025-06-03,297.02335811311883,-0.010627147050764516,0.006327136778741206,100085.04373448112,1.5790827956562475E-4,1.836810901045799E7,298.91804637970836,0.007751675517039067,0.8111978350443427,-0.19129129630583014,0.494935433614396,"{""type"":""MultiPoint"",""coordinates"":[]}"
20250604,2025-06-04,296.9560702441189,-0.004629876319516492,0.007017813526225616,100109.38263488984,3.98201051813319E-4,1.130985033754057E7,298.60436797230875,0.008584238902089413,0.5464607829843552,-0.20321969711403673,0.4744980886931431,"{""type"":""MultiPoint"",""coordinates"":[]}"
20250605,2025-06-05,296.70914489080286,-0.013378543820228126,0.005194786496747929,100073.05572087898,2.3100556039311507E-5,2.0258839653083313E7,299.7457909807016,0.001527820117005879,0.8145382434849787,-0.8713029533040713,0.4633017516018667,"{""type"":""MultiPoint"",""coordinates"":[]}"
20250606,2025-06-06,296.5146429928783,-0.015045627426346677,0.004791801140448525,100104.04567774545,3.3089127344557237E-5,2.1632051883880276E7,300.0020276205029,0.002382400268645137,0.9091492450528167,-0.7629772903741816,0.4570340860318445,"{""type"":""MultiPoint"",""coordinates"":[]}"
20250607,2025-06-07,296.7230965114153,-0.013122848896366831,0.004441873738364197,100125.43921230067,4.070038039719548E-5,1.982688761053012E7,299.7552866900765,0.0030108411895418143,0.6947845606179691,-0.6860413808979686,0.45936934256413214,"{""type"":""MultiPoint"",""coordinates"":[]}"
20250608,2025-06-08,296.7976022704975,-0.013890920481632818,0.004300508791902545,100079.31730838762,2.1140935121784565E-4,2.152999570573386E7,299.1974713176128,0.009877644771059556,0.48626972239297506,-0.7366284102054582,0.47961120500001714,"{""type"":""MultiPoint"",""coordinates"":[]}"
20250609,2025-06-09,296.7161538362188,-0.01144443033347051,0.0038494766510826913,99905.3838590853,3.0746232762562005E-5,1.73613612989542E7,299.5931788331142,0.0023352436884880516,0.6124548138814385,-0.904549258061077,0.47847334268732516,"{""type"":""MultiPoint"",""coordinates"":[]}"
20250610,2025-06-10,297.3520575792891,-0.007274766467052208,0.008414275140870665,99746.54830591823,0.002947459915593089,1.4639741327082586E7,298.57043834603286,0.02366405530190064,0.983725152403736,-0.4718126429289433,0.47307634405224847,"{""type"":""MultiPoint"",""coordinates"":[]}"
20250611,2025-06-11,296.8531174220092,-0.003670781410174641,0.008244261854914954,99708.2589508838,0.0020479551596070647,9328049.093400648,297.7523827661128,0.02471742994231607,0.8248420311347385,-0.5159857078790235,0.47465572123316024,"{""type"":""MultiPoint"",""coordinates"":[]}"
20250612,2025-06-12,296.84305405711336,-0.00455290310318574,0.01324262651905358,99672.70462958008,0.0033024891920782713,9971086.783988463,297.5673340241315,0.03847939158512909,1.224352564572686,0.11724776223755069,0.47829009793328914,"{""type"":""MultiPoint"",""coordinates"":[]}"
20250613,2025-06-13,297.10082056797796,-0.0021780952623163025,0.029727015871349075,99786.2718202261,0.0030091738565450445,4125814.346916697,297.3893818376672,0.041884339538164214,2.1663151782412187,0.4313513976562652,0.47722524105750214,"{""type"":""MultiPoint"",""coordinates"":[]}"
20250614,2025-06-14,296.94989969616034,-0.0026162572304479414,0.06823557632207183,99889.44041260736,0.00686539710911439,5082323.537684819,297.24743294145566,0.06480549116332242,2.261478553154761,0.40324857014563104,0.47692237959012407,"{""type"":""MultiPoint"",""coordinates"":[]}"
20250615,2025-06-15,296.9114934749538,-0.003308262126543786,0.0899542554127495,99923.68685230393,0.015148935455988772,4757253.70212766,297.4040840420389,0.09343126242583494,2.9668265091769617,1.1792714817189498,0.4801686593353901,"{""type"":""MultiPoint"",""coordinates"":[]}"
20250616,2025-06-16,296.6598545750369,-0.0029492664825623975,0.024575408941737334,100002.14307620829,0.0016019086259777605,6484445.298954202,297.21003995249526,0.030094815865563902,1.5629188167545889,0.09877261544867401,0.47436573190433423,"{""type"":""MultiPoint"",""coordinates"":[]}"
20250617,2025-06-17,296.8969611878549,-0.00488498720571834,0.021613153519180767,100078.57771149585,8.848006872334636E-4,1.2063276574107466E7,297.831642019733,0.02234096990900267,0.752891762695973,-0.3217781813819042,0.47521371723353434,"{""type"":""MultiPoint"",""coordinates"":[]}"
20250618,2025-06-18,296.96983865448334,-0.007913733398950878,0.012050764325548071,100061.90349821615,2.3128033313044486E-4,1.563881147710061E7,298.3552601205886,0.009544163819783466,0.5914268764198249,-0.091425266370763,0.48869123560890215,"{""type"":""MultiPoint"",""coordinates"":[]}"
20250619,2025-06-19,296.9551412490916,-0.0076595460327682705,0.010115763963107122,100075.00326964723,1.178834099675876E-4,1.4243577736025969E7,298.6753394682543,0.006256179845788787,0.8083900509437758,-0.4306557747962053,0.49529346649943967,"{""type"":""MultiPoint"",""coordinates"":[]}"
20250620,2025-06-20,296.95505544201865,-0.008752613656526433,0.00869771146866719,100118.48085742637,7.527514760175252E-5,1.6295555050847461E7,298.89564892442957,0.004638863904847305,1.0568297065526684,-0.8924259254172637,0.49176535988702325,"{""type"":""MultiPoint"",""coordinates"":[]}"
20250621,2025-06-21,296.8862472460353,-0.009100561841295983,0.007578247367497432,100110.8352825845,5.917136651103435E-5,1.6230669765596826E7,298.8951510156429,0.003797127223135487,0.5682319763088216,-0.8332645868879627,0.4879612992024506,"{""type"":""MultiPoint"",""coordinates"":[]}"
20250622,2025-06-22,296.6378321445308,-0.006655499316265641,0.008827944884994943,100118.23478603903,0.0012612132186972191,1.3492413162639743E7,297.892686599005,0.01628707495893352,0.8602060638292001,-0.5657616942271919,0.4817523367059016,"{""type"":""MultiPoint"",""coordinates"":[]}"
20250623,2025-06-23,296.38026368496213,-0.0064016877879444715,0.006227391992628123,100027.9640735581,1.2119987350141277E-4,1.1538682300757306E7,297.90658770571656,0.00655411695150214,0.643121892463876,-0.9849085706488877,0.481427162308893,"{""type"":""MultiPoint"",""coordinates"":[]}"
20250624,2025-06-24,296.6934580236033,-0.005020016725747713,0.005980264335021706,99960.50507756151,2.1390894443344823E-4,1.0013112473133791E7,297.7388466356867,0.009822806347847933,1.1301962660688492,-0.8697995869410357,0.4976622936516115,"{""type"":""MultiPoint"",""coordinates"":[]}"
20250625,2025-06-25,296.8861337997174,-0.003408425296477106,0.009081181360417396,99952.43780462553,8.307341479498516E-4,8829370.913090516,297.51077848902867,0.021334000115008644,1.1346916802185407,-0.31211517917263004,0.4862041257869053,"{""type"":""MultiPoint"",""coordinates"":[]}"
20250626,2025-06-26,296.65494030744856,-0.0023666683220386164,0.01222468201666157,100003.49088576886,0.0022138982764057335,6437259.724486117,297.1578005047742,0.027987092093917552,0.6309226405550362,-0.29131683980577455,0.47207008226084896,"{""type"":""MultiPoint"",""coordinates"":[]}"
20250627,2025-06-27,296.8436621830919,-0.005284946094802086,0.0093322672511411,100052.41822530459,7.510005546484534E-4,1.0851928807789398E7,297.94118469812395,0.011412127118784731,0.4151816184108885,-0.4178402409242284,0.48014030681233655,"{""type"":""MultiPoint"",""coordinates"":[]}"
20250628,2025-06-28,296.7179290046056,-0.004658984681984342,0.013148134279414457,100079.9339581267,0.0015872428391842134,1.0576208282726292E7,297.57914169729725,0.02118298927348394,0.36981634137034064,-0.13064278673847676,0.48619352038741503,"{""type"":""MultiPoint"",""coordinates"":[]}"
20250629,2025-06-29,296.16391091152445,-0.011785363635398232,0.008383018689769465,99955.56682034115,2.7428013385094508E-5,1.646784792282726E7,299.0088795541441,0.0017062852581583273,0.5658470841178616,-0.7816597439231373,0.47282007987545954,"{""type"":""MultiPoint"",""coordinates"":[]}"
20250630,2025-06-30,296.55510474093927,-0.009097077542216692,0.007626936686004582,99971.21585429675,6.192222941536532E-5,1.681376665200144E7,298.5703144997469,0.0038823673361174133,0.7767949960082465,-1.0710351631924833,0.4725385237834908,"{""type"":""MultiPoint"",""coordinates"":[]}"
20250701,2025-07-01,296.5425271764372,-0.007686415859832258,0.007003313027862346,100018.73442183838,9.661578139027578E-5,1.2614681547782186E7,298.2238970193773,0.0055663164475314095,0.772341087956686,-0.7905531766136934,0.48334688578019974,"{""type"":""MultiPoint"",""coordinates"":[]}"
20250702,2025-07-02,296.4390207731547,-0.003915424828457566,0.008629658937540202,100039.65329037818,0.0011232421043931122,9186202.729174182,297.25616244510877,0.01687923278279911,0.48666055958522375,-0.7889686837364295,0.4758651531406114,"{""type"":""MultiPoint"",""coordinates"":[]}"
20250703,2025-07-03,296.30681218985166,-0.006805746840616021,0.006109174866238701,100094.68570617246,7.801685378820597E-5,1.2537634157951675E7,298.0496613392106,0.004517520730289101,0.5060612301167882,-0.8048646471967259,0.48224393730195675,"{""type"":""MultiPoint"",""coordinates"":[]}"
20250704,2025-07-04,296.4020520561175,-0.009196371468790937,0.0057512685479216745,100152.83059639926,7.752540027282747E-5,1.5627822201226115E7,298.5444883098253,0.004233392116468044,0.43071461744156,-0.7428112054103296,0.4871964037941401,"{""type"":""MultiPoint"",""coordinates"":[]}"
20250705,2025-07-05,296.5872719805177,-0.009728791696626358,0.005438488185018829,100116.94560679526,1.0807613925816911E-4,1.5762229056617387E7,298.62564213359883,0.006117122682901837,0.8904381387579656,-0.9158716740724574,0.4886253920723747,"{""type"":""MultiPoint"",""coordinates"":[]}"
20250706,2025-07-06,296.7398635191562,-0.009096765332528501,0.005149330002088818,100078.4724745899,1.349889448606448E-4,1.6337191319148937E7,298.5047872925997,0.007037284868081635,1.109098284960166,-0.6112230731856583,0.49582348553116096,"{""type"":""MultiPoint"",""coordinates"":[]}"
20250707,2025-07-07,296.63597076806695,-0.010781865464869367,0.004796552547383644,100068.4435715564,7.329833096990163E-5,1.7132732809231885E7,298.8418957852074,0.004216560749340435,0.7064126924133485,-0.8785805656067641,0.49108292217050586,"{""type"":""MultiPoint"",""coordinates"":[]}"
20250708,2025-07-08,296.6487493802756,-0.010562411891320017,0.00454334807211081,100106.54237763563,8.530516863901009E-5,1.7212799882437795E7,298.8667416699246,0.004974497533902081,0.8453386911822565,-1.3826817867632373,0.49125090034008895,"{""type"":""MultiPoint"",""coordinates"":[]}"
20250709,2025-07-09,296.6179025296709,-0.011303981570637788,0.004282430937433777,100072.73537345564,6.66549601926298E-5,1.8285477978002165E7,298.92191557156843,0.004517351690590221,1.0909851279191665,-1.823329163537689,0.48746401335932577,"{""type"":""MultiPoint"",""coordinates"":[]}"
20250710,2025-07-10,296.36031442411337,-0.011996343838009989,0.004028885882230946,99972.15986882208,3.935611617724215E-5,1.913342686152182E7,298.92481071769316,0.0028941440127955016,0.7915050175516979,-1.7858845934814556,0.4833621230173003,"{""type"":""MultiPoint"",""coordinates"":[]}"
20250711,2025-07-11,296.2629652051975,-0.010850496344292504,0.004858961646581788,100000.38996744325,5.961804789431553E-4,1.814716340497656E7,298.1895537744965,0.012469804912405425,1.4467306252869436,-0.9664706271032059,0.4848581824914269,"{""type"":""MultiPoint"",""coordinates"":[]}"
20250712,2025-07-12,296.2948368311874,-0.009850135369288807,0.0038424280955393405,100045.87689912593,1.8388491555150992E-4,1.529372978434908E7,298.45404259518574,0.008462671122477975,1.4601815436118242,-1.0970181904098195,0.4704559563243457,"{""type"":""MultiPoint"",""coordinates"":[]}"
20250713,2025-07-13,296.7017342725301,-0.006433549728358735,0.004377342671897496,100095.90167815206,5.312354565526534E-4,1.2621834719798055E7,297.9782491384296,0.012747592109997798,1.0165122468134207,-0.8916041670488701,0.48806215241087497,"{""type"":""MultiPoint"",""coordinates"":[]}"
20250714,2025-07-14,296.40228012333495,-0.004761214723042792,0.0054103986202617286,100121.25765895464,7.789545795610569E-4,1.0792032205553554E7,297.42948889821207,0.011827329433634962,0.6415094033300999,-0.9185049107103685,0.47429508858538694,"{""type"":""MultiPoint"",""coordinates"":[]}"
20250715,2025-07-15,296.45303318336875,-0.004495130151273798,0.005143592907253517,99983.81179930262,5.769469018580895E-4,8560946.781103497,297.2956179485741,0.013904722376153663,0.676139159305177,-1.0087025475080722,0.4834186911855214,"{""type"":""MultiPoint"",""coordinates"":[]}"
20250716,2025-07-16,296.40833801070517,-0.0021346385365374203,0.03451502001537041,99934.45090909881,0.013465029775580476,3445877.570140642,296.7025054024166,0.06657667968226903,1.5449676602516402,-0.6992811552534482,0.4809897619165585,"{""type"":""MultiPoint"",""coordinates"":[]}"
20250717,2025-07-17,296.33342121283385,-0.0017172857431182356,0.03378487493892547,99965.45647998934,0.0012498091284307903,3755235.6047601886,296.6488989511209,0.028404598597694966,1.0321275448910907,-0.9318625368970505,0.4828423169788682,"{""type"":""MultiPoint"",""coordinates"":[]}"
20250718,2025-07-18,296.3571988005008,-0.003619657222851923,0.04521402631195453,99927.93949679387,0.0035053015539803496,8048083.302921026,296.82369826278205,0.04076460113720513,2.140778933741867,-1.4384464607285774,0.4830820026528393,"{""type"":""MultiPoint"",""coordinates"":[]}"
20250719,2025-07-19,296.022979163367,-0.0019139122772724078,0.05476875502174184,99843.70704381065,0.00676638279425896,2328734.456905878,296.30444345956863,0.06496552777851164,2.197132723909514,-1.377146760106789,0.4751602736412439,"{""type"":""MultiPoint"",""coordinates"":[]}"
20250720,2025-07-20,296.1041338547218,-0.0013843403260629617,0.06648587012039468,99804.65312585696,0.008046191125259129,2429777.6000721245,296.37994537738695,0.06533548198169654,1.6359598742380845,-0.7279768141864484,0.4747107898204541,"{""type"":""MultiPoint"",""coordinates"":[]}"
20250721,2025-07-21,296.0775960048012,-0.0019566346990301255,0.06029502218579113,99909.68322596898,0.006954130283706333,2888584.4944103863,296.4305236730198,0.06292759630596687,2.0987676495986425,-0.14557759313861945,0.4769934048832057,"{""type"":""MultiPoint"",""coordinates"":[]}"
20250722,2025-07-22,296.08270076857633,-0.0018794493252002416,0.037798660031153425,99988.82760543446,0.001172437113929732,3996537.056978003,296.39342299194374,0.028519339193151697,1.9477501043922016,-0.24700700306723306,0.47919575837616013,"{""type"":""MultiPoint"",""coordinates"":[]}"
20250723,2025-07-23,295.927299561187,-0.00201643685807917,0.021753182828834764,99946.4778293665,0.0016728050058342856,4142331.2354850345,296.31955002460194,0.02939527329185433,1.5669493970425037,-0.8444152801766797,0.47393365335630705,"{""type"":""MultiPoint"",""coordinates"":[]}"
20250724,2025-07-24,296.3353599869785,-0.0019102457707920444,0.018944381920602667,99879.16164891502,0.0011466031029600124,4819374.883519653,296.7104890646593,0.023861243391112456,1.5103202003142426,-0.4373933294527604,0.47863078573057033,"{""type"":""MultiPoint"",""coordinates"":[]}"
20250725,2025-07-25,296.60415632241273,-0.0037323777660259985,0.036471312439080576,99944.58353665181,0.0020206156342931487,9219170.421565091,297.1917343208432,0.035919578323457116,2.515581812619561,-0.040749990878476035,0.47291000543670714,"{""type"":""MultiPoint"",""coordinates"":[]}"
20250726,2025-07-26,295.58868553059824,-0.003363783811506192,0.04113131372229183,100114.20179239543,0.005168250094584683,4501483.712225027,296.45063002451434,0.043138449131002336,1.790575401415288,0.26190766165901064,0.46884668680148167,"{""type"":""MultiPoint"",""coordinates"":[]}"
20250727,2025-07-27,295.32845852692867,-0.0038807267276788518,0.012772264498431376,100114.46325652783,1.7078429342304985E-4,8033906.721961774,296.76223335422014,0.007130879448008718,-0.33944980741937175,-0.7218514846084583,0.48096343504865235,"{""type"":""MultiPoint"",""coordinates"":[]}"
20250728,2025-07-28,295.8303959265626,-0.015159197026723307,0.00979578251867487,100049.48651753283,4.4512417700761E-5,2.0913426822574824E7,298.9613773400056,0.0029445403089946335,1.42527451958274,-1.678686337010163,0.47403223489623103,"{""type"":""MultiPoint"",""coordinates"":[]}"
20250729,2025-07-29,295.9078184928671,-0.014027793923634036,0.008150898508547534,100105.17535712209,7.299664559623976E-5,1.91617801868013E7,298.7080114939878,0.0044716075895669186,1.2670323853023295,-2.001652308160374,0.4831563947521478,"{""type"":""MultiPoint"",""coordinates"":[]}"
20250730,2025-07-30,296.5193298560866,-0.01022746015489209,0.0070334929412682904,100068.16084509106,1.1022774226563184E-4,1.7384480194013704E7,298.527220244877,0.006824131070320846,1.428881622389656,-1.5792675694961904,0.4858887458394992,"{""type"":""MultiPoint"",""coordinates"":[]}"
20250731,2025-07-31,296.4843197902932,-0.007902676144898948,0.0063561316360603625,100020.92665392287,1.621473778080863E-4,1.5267416857915618E7,298.37739574635515,0.006176991172298234,1.046947777077819,-1.407388764915737,0.48982563504864357,"{""type"":""MultiPoint"",""coordinates"":[]}"
20250801,2025-08-01,296.3261236174059,-0.00875705039666699,0.0077104157638214505,99995.00250197918,0.0013271005057789898,1.4614894864767402E7,298.1948557144204,0.016577988146099523,1.7056616315304023,-1.2718682438726248,0.48664689777648035,"{""type"":""MultiPoint"",""coordinates"":[]}"
20250802,2025-08-02,296.40754638352723,-0.0033781790385124196,0.00834437500278399,99961.67388282849,0.0014654403942675096,7403501.398124775,297.2238200068803,0.02483866932236557,1.1615820681909799,-1.6250525386391645,0.47609639720914443,"{""type"":""MultiPoint"",""coordinates"":[]}"
20250803,2025-08-03,296.3164158915224,-0.002935923618495228,0.021531191331747846,100057.9312304664,0.00559651271970402,7640761.763072486,296.9361899843983,0.052398091025245196,1.1220766788119954,-0.45999618645026163,0.48002277341710353,"{""type"":""MultiPoint"",""coordinates"":[]}"
20250804,2025-08-04,295.73601456481776,-0.012807310940049596,0.013271447997896242,99974.51978633717,1.1834471052921595E-4,1.7657828642625313E7,298.55700270988325,0.004985923789478378,1.236658183438429,-0.8343362017797872,0.4628688436472183,"{""type"":""MultiPoint"",""coordinates"":[]}"
20250805,2025-08-05,296.37395106486537,-0.003018362338131101,0.027510032562886262,100006.00808278914,0.0028350401657649947,5580761.535160476,296.9929930985812,0.030297006160742355,0.8960056412691452,-0.38724921686544145,0.47427659768986,"{""type"":""MultiPoint"",""coordinates"":[]}"
20250806,2025-08-06,295.8452069726983,-0.01223748024140632,0.013072338614853293,99934.81502164193,2.2462226942133227E-5,1.8381099227190774E7,298.48790654896516,0.0015806568792894097,1.1897601067898063,-1.1731742290453724,0.45050449465341125,"{""type"":""MultiPoint"",""coordinates"":[]}"
20250807,2025-08-07,295.84592137208915,-0.0104298255303213,0.00919589739369435,99907.54741669341,3.015908509697074E-5,1.5412173277677609E7,298.46432970681866,0.002418507547978302,0.8658289007734173,-0.706290512220234,0.4529581672942671,"{""type"":""MultiPoint"",""coordinates"":[]}"
20250808,2025-08-08,295.899557866132,-0.011272177474994418,0.007804382851718783,100025.26579468639,1.590270945366393E-5,1.6425492035340784E7,298.72894895287413,0.0013442569547640133,0.692749472360282,-0.1867488521640584,0.4502950636924124,"{""type"":""MultiPoint"",""coordinates"":[]}"
20250809,2025-08-09,296.26628741009745,-0.007655982900742714,0.00692781735865854,100146.48549953189,1.3277706012715515E-4,1.3190290777857918E7,297.97059099266403,0.005927671713997845,0.2883210558776085,-0.08202856132109759,0.46312915982213043,"{""type"":""MultiPoint"",""coordinates"":[]}"
20250810,2025-08-10,295.9963351828732,-0.007401986200103165,0.0061002866889954994,100138.99179876498,6.720526335345164E-5,1.1036587460872704E7,298.05832553101885,0.004123760776487402,0.4816197937448263,0.13370200943984098,0.4664589561712772,"{""type"":""MultiPoint"",""coordinates"":[]}"
20250811,2025-08-11,296.05885531722043,-0.0066424162136145635,0.005509927390587275,100168.13460086897,8.792122520353234E-5,1.2144734440677967E7,297.59491374243595,0.005367799244587319,0.4218707207891716,0.21753187487082123,0.4858052428775517,"{""type"":""MultiPoint"",""coordinates"":[]}"
20250812,2025-08-12,295.87213134628064,-0.006454879694087302,0.006254714757494235,100061.92115117688,6.569655463663714E-4,1.251037956256762E7,297.21750984577085,0.014336163793503331,0.9296705945493339,-0.3886900801314144,0.4794264602065014,"{""type"":""MultiPoint"",""coordinates"":[]}"
20250813,2025-08-13,295.87924663320393,-0.0025854114009140634,0.0058927706839416675,100007.15825923714,4.0541332667801643E-4,6381590.475297512,296.4806192739464,0.015079095101571705,1.3805816928731918,-0.6771084310659095,0.4817061904015802,"{""type"":""MultiPoint"",""coordinates"":[]}"
20250814,2025-08-14,295.9757368576357,-0.006631971899456296,0.00590590899423963,100002.66482594199,3.625085645211203E-4,1.4004758513883883E7,297.2009898585932,0.013903129666103691,1.375930032501973,-0.2753044680371739,0.4889916552848465,"{""type"":""MultiPoint"",""coordinates"":[]}"
20250815,2025-08-15,296.0754681887686,-0.005847557571780757,0.005938072258648872,99946.51988805513,4.460749952233402E-4,1.2694747485755503E7,297.2482159143746,0.014490914864603821,1.572892396406194,-0.6484939848693149,0.4719942222207279,"{""type"":""MultiPoint"",""coordinates"":[]}"
20250816,2025-08-16,296.3063548063198,-0.0058838214874375044,0.010406297929464074,99801.97273871605,0.0022854506432085837,1.3384183292463038E7,297.32452366027945,0.027749370873446626,1.7360546480278114,-0.8019359286179091,0.47554488754685165,"{""type"":""MultiPoint"",""coordinates"":[]}"
20250817,2025-08-17,296.266308099293,-0.005272151014992274,0.012919646950779174,99893.61444440299,0.0016470583840221262,1.280806366390191E7,297.30261540220886,0.0226351162892277,1.2971087654188056,-0.6430427841819786,0.47937087700879694,"{""type"":""MultiPoint"",""coordinates"":[]}"
20250818,2025-08-18,295.7977640489243,-0.006495839088961747,0.00781247896480509,100082.18877954458,1.0535509479720806E-4,1.3060419961413633E7,297.4551825293527,0.005275942054320634,0.07596167756869454,-0.7073662268712783,0.4886095537877396,"{""type"":""MultiPoint"",""coordinates"":[]}"
20250819,2025-08-19,295.59945138696725,-0.013860204334653249,0.006148832380298756,100068.69466897125,4.901477829927665E-5,2.083970349224667E7,298.3420933059581,0.002753703572288383,0.7733010834176774,-1.0204670539712202,0.48043186037797525,"{""type"":""MultiPoint"",""coordinates"":[]}"
20250820,2025-08-20,295.2944098031353,-0.014453715187008097,0.005467627263331388,100096.5699204194,1.963453815381449E-5,2.128915030219979E7,298.4498331652537,0.001396996205656954,0.4952027109583807,-1.230625501202339,0.47088258864573235,"{""type"":""MultiPoint"",""coordinates"":[]}"
20250821,2025-08-21,295.7906439102876,-0.016641694513675843,0.0049480533007676105,100126.15599726062,1.0305276060637439E-5,2.2902603900468808E7,299.17755809072725,8.283755835385481E-4,0.7814915355889183,-1.338179896465072,0.45739879853479826,"{""type"":""MultiPoint"",""coordinates"":[]}"
20250822,2025-08-22,296.2058744894827,-0.011050800449294473,0.004549942190600697,100095.90241993572,1.5859121004683082E-5,1.6295263485755501E7,298.8514228354912,0.0012466393241889206,0.8552005195548893,-1.2027298048262214,0.4537044591178027,"{""type"":""MultiPoint"",""coordinates"":[]}"
20250823,2025-08-23,296.02235627291884,-0.011351657154766012,0.004213176842334252,100107.07849278103,1.45087496193144E-5,1.6413854735665342E7,298.8370101223458,0.001220531908345788,0.6714229365927854,-0.9140078511027736,0.4486637609568709,"{""type"":""MultiPoint"",""coordinates"":[]}"
20250824,2025-08-24,295.40360947700776,-0.016218857254646248,0.003903488497247433,100150.89136167725,6.121676986156455E-6,2.2765875501622792E7,298.79199291201286,5.399294753733241E-4,0.7801965417046863,-1.1990440164080662,0.43961910777889296,"{""type"":""MultiPoint"",""coordinates"":[]}"
20250825,2025-08-25,295.4320030409581,-0.017713328095987912,0.0036291885130937643,100005.95399327078,9.32425249796502E-6,2.401151408582763E7,299.2378447808131,8.813314464949462E-4,0.9937047581214693,-1.1187405043431298,0.4261118236220303,"{""type"":""MultiPoint"",""coordinates"":[]}"
20250826,2025-08-26,295.7019207969654,-0.012009168853140293,0.0034704435249979307,100123.24160941583,8.149695738188165E-5,1.9073119631446086E7,298.1419144921728,0.006129598313302198,1.0769384622373235,-0.6342633428847594,0.44160005028595484,"{""type"":""MultiPoint"",""coordinates"":[]}"
20250827,2025-08-27,296.2678010944909,-0.003092172429680266,0.005484342322511189,100103.89071932241,0.0015109035831644701,6904018.073205913,296.8936007555065,0.026160830666109244,1.4033140165757954,0.1585699650856979,0.4836841142583115,"{""type"":""MultiPoint"",""coordinates"":[]}"
20250828,2025-08-28,296.40172241656654,-0.003214493986344107,0.01689857882345106,100059.48451187603,0.005337495548906545,6633885.006851789,296.7721020053938,0.05644922265016653,2.614515078728382,-0.22140270264507822,0.4746535959575079,"{""type"":""MultiPoint"",""coordinates"":[]}"
20250829,2025-08-29,296.4159647034458,-0.003440411408756599,0.008487265757219567,100100.44349994881,0.0010453125591575563,8920004.290299317,297.11437962189626,0.01729696605878581,1.6041385759770241,-0.5281929486588026,0.478190587136963,"{""type"":""MultiPoint"",""coordinates"":[]}"
20250830,2025-08-30,296.3815883586493,-0.005043175700196196,0.01534618149799343,100216.62565303728,0.0028904424412689875,1.2402577288856834E7,297.4411666375797,0.023030782377656656,1.3295390810842111,-0.6049345942955922,0.47706170775079576,"{""type"":""MultiPoint"",""coordinates"":[]}"
20250831,2025-08-31,296.24006249672783,-0.005938461714710006,0.0094765348046255,100092.76141576796,4.471943529340881E-4,1.1957716469166966E7,297.5675476756087,0.011201234658034746,1.4719359384934083,-1.3885403767072289,0.4809503677960615,"{""type"":""MultiPoint"",""coordinates"":[]}"
20250901,2025-09-01,296.20816161830584,-0.005924455564921831,0.00967810609002772,99985.34520574607,6.055289276919555E-4,1.2560362052650562E7,297.8084947072711,0.009803152053456714,1.3320112823365267,-1.416293782230065,0.4724975490329331,"{""type"":""MultiPoint"",""coordinates"":[]}"
20250902,2025-09-02,295.87109086020297,-0.012829950773195804,0.007965726466910574,99954.821672515,4.1319974226251736E-5,1.9779625997115046E7,298.59043447254004,0.002895917224600777,1.4014415832677274,-1.4067466684310024,0.4672118474806941,"{""type"":""MultiPoint"",""coordinates"":[]}"
20250903,2025-09-03,296.094584375036,-0.008565912232087743,0.007378360681743601,99983.75814594462,1.340573750976359E-4,1.6444495882798417E7,297.8677886330548,0.006485134867218842,0.8665498294341966,-0.9272636274030998,0.47936215992801573,"{""type"":""MultiPoint"",""coordinates"":[]}"
20250904,2025-09-04,295.9770537180487,-0.009839228462203508,0.006662812093363486,100049.44229030967,5.727830912892329E-5,1.740585643635052E7,298.1886556090923,0.00386651627829065,1.0479216893743275,-0.7928423725193056,0.48342560328948886,"{""type"":""MultiPoint"",""coordinates"":[]}"
20250905,2025-09-05,296.16297902807565,-0.010632294132429646,0.006044338035789845,100092.66123177175,3.3366083131556996E-5,1.851869461774252E7,298.3771122254809,0.0024938840772372223,0.6593985749574962,-0.5922038840307527,0.4775572367651071,"{""type"":""MultiPoint"",""coordinates"":[]}"
20250906,2025-09-06,295.9600695577833,-0.010499976954217685,0.0054959635650943936,100116.95833210077,1.9128394393425664E-5,1.6677330133429501E7,298.5588379341875,0.0015195288422296118,0.5913938650045707,-0.6292273946816653,0.4680934054932639,"{""type"":""MultiPoint"",""coordinates"":[]}"
20250907,2025-09-07,295.8433622533792,-0.012700578757369302,0.005022808554754591,100057.00790271378,2.1029101181580544E-5,1.8926477748287056E7,298.7715002913532,0.001742568616930015,0.853757806459948,-1.1157250731792974,0.46283834211842667,"{""type"":""MultiPoint"",""coordinates"":[]}"
20250908,2025-09-08,295.8224499286661,-0.01403111410171084,0.004587435349956387,99993.9589347193,8.946379362526588E-6,1.9752873512441397E7,298.92443376172696,7.767621962773905E-4,0.7503833828071,-1.1886215413013668,0.45318046729859,"{""type"":""MultiPoint"",""coordinates"":[]}"
20250909,2025-09-09,296.0775272056652,-0.013667043197726757,0.004206635990256315,100010.44287614149,8.795167236520718E-6,2.0736928520735666E7,299.3770100852305,7.776947108209046E-4,0.7686832678806668,-0.7485872473420396,0.44003116650311397,"{""type"":""MultiPoint"",""coordinates"":[]}"
20250910,2025-09-10,296.4624279765988,-0.012468834462371755,0.0039036447444935375,100038.57531945183,3.1838599918897175E-5,1.9131781757302564E7,299.26785359346525,0.002745200448488821,0.7577082288567586,-0.7806385329371822,0.4391189738669237,"{""type"":""MultiPoint"",""coordinates"":[]}"
20250911,2025-09-11,296.12406523638384,-0.009154028052667657,0.0036194429441002186,100038.13331610056,1.9927293846764552E-5,1.4142458253876673E7,298.6790952371826,0.001800945727910284,0.7742247651984362,-1.116615226627299,0.44899139571668506,"{""type"":""MultiPoint"",""coordinates"":[]}"
20250912,2025-09-12,295.85840918665565,-0.012961197688804823,0.0033605948971833647,99989.48997652916,1.0208399705064887E-5,1.683499906707537E7,299.13763536869857,0.0010119655368356433,0.939973884139558,-1.0708291126653142,0.43884516880050534,"{""type"":""MultiPoint"",""coordinates"":[]}"
20250913,2025-09-13,295.57029321030615,-0.013085335108871027,0.0031389449392248913,100057.1777145362,1.6085099559203413E-5,2.023610020194735E7,298.6768401829522,0.0016339120539705777,0.5003707350153006,-0.6216847485884952,0.43535722243497826,"{""type"":""MultiPoint"",""coordinates"":[]}"
20250914,2025-09-14,295.4239877796414,-0.015079278356486009,0.0029263672762470825,100095.83120177645,1.0076554252316367E-5,2.160644768301479E7,298.96046258394705,0.0010489863660232772,0.5369666482783494,-0.05570700914043836,0.4275080264366967,"{""type"":""MultiPoint"",""coordinates"":[]}"
20250915,2025-09-15,296.0811542211093,-0.010917748453876754,0.002803797014474095,100056.78870411012,6.904023683677287E-5,1.8044931593580958E7,298.6357864751769,0.005507081146475328,0.6849249234378932,-0.3044968373587189,0.4362285516342015,"{""type"":""MultiPoint"",""coordinates"":[]}"
20250916,2025-09-16,296.507141343016,-0.008744873645189133,0.00334583479189675,100032.85785245938,7.638778232556579E-4,1.6928201823296074E7,298.45324231420716,0.011521485859506018,0.5462334040538497,-0.3483212516204371,0.45776525388071787,"{""type"":""MultiPoint"",""coordinates"":[]}"
20250917,2025-09-17,296.77323626176525,-0.005637021216080586,0.004030980656089397,100056.9214186487,9.420622950248501E-4,1.3851720212044718E7,298.0171372589834,0.018516359483775276,0.6929598635299689,-0.3697907939268457,0.4777518358493114,"{""type"":""MultiPoint"",""coordinates"":[]}"
20250918,2025-09-18,296.8687317171038,-0.005090298493158675,0.0037642705539396603,100089.6328004676,7.108852638047911E-4,1.2627121856112517E7,297.93648193094333,0.015462630015609501,0.6042249390448153,-0.4541433159871403,0.48356186774705867,"{""type"":""MultiPoint"",""coordinates"":[]}"
20250919,2025-09-19,296.1985286392118,-0.008374497524149961,0.002530303869357489,100137.09582644262,1.4879164651030892E-4,1.4289998122610891E7,298.20880489759776,0.005908879609232826,0.2775558577605288,-0.3788245452942077,0.4853038636519511,"{""type"":""MultiPoint"",""coordinates"":[]}"
20250920,2025-09-20,295.9958830756743,-0.009396020144363883,0.002401318018224925,100076.70549996383,1.4559790798356466E-4,1.3299630713306887E7,298.23225610074786,0.0047545595645919845,0.09427391145790784,-0.44319867256642376,0.46906884752051836,"{""type"":""MultiPoint"",""coordinates"":[]}"
20250921,2025-09-21,295.7637304697405,-0.010348964512100989,0.0021588062250222965,100037.17459849302,3.337869242645111E-5,1.6658373565813197E7,298.38933773524553,0.0027193415348778257,0.4285634081299769,-0.36906945096398946,0.4683657525923837,"{""type"":""MultiPoint"",""coordinates"":[]}"
20250922,2025-09-22,296.17228425845946,-0.00908282897853267,0.0021065324383696795,100177.35219563979,4.667545854507953E-5,1.6002981503886618E7,298.2630628780013,0.0035253944730949723,0.6909219936935328,-0.2934960065975343,0.47137833065762524,"{""type"":""MultiPoint"",""coordinates"":[]}"
20250923,2025-09-23,296.449251203357,-0.0038936855792032015,0.002160717558224538,100228.33021470757,1.5499671196361503E-4,8512606.36712946,297.46515310502775,0.008829671643698555,0.6280556896698993,-0.05047063009858432,0.4924112583155358,"{""type"":""MultiPoint"",""coordinates"":[]}"
20250924,2025-09-24,296.36427847578744,-0.006784493199677578,0.002127667037945468,100060.28505541253,1.7198758502751107E-4,1.1912545024595348E7,297.8229053250613,0.007223172076355452,0.4292837439398452,0.05715750633402076,0.49615194809266283,"{""type"":""MultiPoint"",""coordinates"":[]}"
20250925,2025-09-25,296.51597138313264,-0.004053626921507499,0.005619369912052946,99998.23691495469,0.0018444275849569685,9017980.65870005,297.34362110780376,0.01959933156770272,0.9380253409949585,-0.04882131122685865,0.48300926455197274,"{""type"":""MultiPoint"",""coordinates"":[]}"
20250926,2025-09-26,296.0603296332871,-0.006609605687740603,0.002182860581659042,100055.85572371978,1.9453103753835167E-4,1.2275887769747937E7,297.3893211954903,0.007942779276755513,0.7838263923781666,-0.06323494110446752,0.49117460433129073,"{""type"":""MultiPoint"",""coordinates"":[]}"
20250927,2025-09-27,296.2153583663719,-0.005632248322563055,0.0022096053931930635,100137.68687202534,2.4242889911226532E-4,1.0732973991063902E7,297.27853301706654,0.010751713614063147,1.2983752093731837,-0.4883706027720036,0.50183059602048,"{""type"":""MultiPoint"",""coordinates"":[]}"
20250928,2025-09-28,296.64170538334486,-0.007263691415435952,0.002595183192028538,100095.56891392257,2.48427933039667E-4,1.4372433239925815E7,298.06441678105523,0.010110129658703134,1.0208508821329916,0.052764211097636585,0.4998539618423229,"{""type"":""MultiPoint"",""coordinates"":[]}"
20250929,2025-09-29,296.561775672721,-0.009793803991875493,0.0019585946987907333,100026.58658044183,1.0875914228379489E-4,1.6700225236701233E7,298.60086255028267,0.005603713799588123,0.8657794158638402,-0.5145345375018848,0.4902177470881631,"{""type"":""MultiPoint"",""coordinates"":[]}"
20250930,2025-09-30,296.51779893333344,-0.010255392421852411,0.0019015568636661403,99933.59821214758,5.723673580271477E-5,1.7755998006976057E7,298.7576375260407,0.003170555891159246,0.5364164970774882,-0.7065665995161872,0.4872177897601306,"{""type"":""MultiPoint"",""coordinates"":[]}"
20251001,2025-10-01,296.2355659909942,-0.009847383001759472,0.0018807373782421676,99929.96766056759,5.292511194826163E-5,1.6036548476310914E7,298.423825089154,0.0033409914093846414,0.21208556154940997,-0.44618504672744613,0.4843797151795058,"{""type"":""MultiPoint"",""coordinates"":[]}"
20251002,2025-10-02,296.3523180457546,-0.012160681124966021,0.0018395699300019698,100084.08522101375,3.488638579007138E-5,1.8635323030644074E7,299.01816369547475,0.002390715926859761,0.7063507896759919,-0.7226172746954552,0.4764015481139277,"{""type"":""MultiPoint"",""coordinates"":[]}"
20251003,2025-10-03,296.5466867974924,-0.012501780356133066,0.0017891854015533312,100194.01282931253,1.3705314796322574E-5,1.9074578807620976E7,299.5811302303365,8.966297942527737E-4,0.5489042233727217,-0.7901690407059546,0.4650817757143484,"{""type"":""MultiPoint"",""coordinates"":[]}"
20251004,2025-10-04,296.6097396871679,-0.00954177211251364,0.0017573453708972654,100240.77648516386,1.1556788209625587E-5,1.4468507295291692E7,299.4960025682345,7.921985149693032E-4,0.5458371267394388,-0.6235450477264208,0.45634871266297755,"{""type"":""MultiPoint"",""coordinates"":[]}"
20251005,2025-10-05,296.4955814243267,-0.010032947238681122,0.0017944637657802457,100226.46874465879,7.761152393328685E-5,1.7659221668163046E7,298.8024958108305,0.004721167589042715,0.034291092342647704,-0.458365409760281,0.4674332967557102,"{""type"":""MultiPoint"",""coordinates"":[]}"
20251006,2025-10-06,295.8568531927803,-0.014205416413934236,0.001690290572730978,100235.92887798266,4.980727906610577E-6,2.0043359647740684E7,299.1304351221069,3.9878661583835686E-4,0.592630854835446,-1.2181970456684281,0.45802767274757755,"{""type"":""MultiPoint"",""coordinates"":[]}"
20251007,2025-10-07,295.18713281922425,-0.013443988066447414,0.0016509107587099334,100215.59125271639,1.5505106922869128E-6,1.7194817946540162E7,298.96475824694727,1.2857977702563478E-4,0.7581549642292091,-1.2975012306296378,0.4415597779230081,"{""type"":""MultiPoint"",""coordinates"":[]}"
20251008,2025-10-08,296.31990630673397,-0.0100751525570974,0.0016348231389038497,100179.98905349625,2.0878528521201097E-5,1.6221606272739373E7,299.07860419893234,0.00177500475361823,-0.08854501180629318,-0.1726194146533815,0.4347318883612259,"{""type"":""MultiPoint"",""coordinates"":[]}"
20251009,2025-10-09,296.38503000543943,-0.01052379330470379,0.0016199476288794785,100161.45559980354,3.796392965093229E-5,1.688070523054441E7,299.0825735312957,0.0027249709262444437,-0.0025550428670907737,0.18907283124535085,0.4438911900667634,"{""type"":""MultiPoint"",""coordinates"":[]}"
20251010,2025-10-10,296.2585079054632,-0.011825841849853191,0.0016057704744294283,100033.45508105974,5.801827161483201E-5,2.004597128092319E7,299.1726856541213,0.004131217266500448,-0.18588247756600337,0.46394798976037505,0.4459955479350998,"{""type"":""MultiPoint"",""coordinates"":[]}"
20251011,2025-10-11,296.6731904842974,-0.011934919429897961,0.0015204927678835595,99968.20226846819,7.498693668236168E-6,2.061432476848179E7,299.68227933137837,5.98443968719062E-4,0.2379463541348661,-0.24191934249337763,0.44666874284053,"{""type"":""MultiPoint"",""coordinates"":[]}"
20251012,2025-10-12,296.84857213318054,-0.010669073224970462,0.0030889067217154146,99928.78120920723,0.0014035731911379813,1.8717056248467363E7,299.27469354788406,0.016663097103904293,-0.2413963772296505,0.36607292913906225,0.4591003198551436,"{""type"":""MultiPoint"",""coordinates"":[]}"
20251013,2025-10-13,296.9103833725997,-0.009114956225980892,0.001541402561706281,99886.1176982026,6.718245485049914E-5,1.5808897018391632E7,299.0437911902932,0.003198325978352021,-0.07179644131032818,-0.6645993709506891,0.4741410020309396,"{""type"":""MultiPoint"",""coordinates"":[]}"
20251014,2025-10-14,296.99396780463195,-0.008915959950435733,0.02631524746201119,99743.02746313505,0.012656766280472768,1.634997606527227E7,298.83907130498534,0.0722571894421127,-0.09611964808990354,0.6344994028423652,0.47706669737390206,"{""type"":""MultiPoint"",""coordinates"":[]}"
20251015,2025-10-15,296.9877171475722,-0.005965045658993111,0.00683627867640634,99704.24726024855,0.0018479576971807768,1.1612551816804908E7,298.3692561877664,0.017255661544970036,-0.17419608554411345,-0.16748146865212843,0.46811838983443366,"{""type"":""MultiPoint"",""coordinates"":[]}"
20251016,2025-10-16,297.0260843934313,-0.00214654667617997,0.005978765835991587,99748.6644694891,0.0018604825020072874,6103613.664983775,297.6735137644147,0.01510396844100851,-0.42049696938695497,0.4907331635909292,0.46741338652592324,"{""type"":""MultiPoint"",""coordinates"":[]}"
20251017,2025-10-17,297.0711104746894,-0.005967983476927769,0.006697195397036367,99846.49930493729,0.0012049793933773143,1.268254836855391E7,298.22721830808945,0.017556740217822074,-0.5061132869177074,0.21525095130749836,0.467662392391696,"{""type"":""MultiPoint"",""coordinates"":[]}"
20251018,2025-10-18,297.03616024379136,-0.0072617137927549905,0.007320588844866258,99850.53281462475,0.0010837104495277571,1.3722574083663901E7,298.60400028345686,0.018135074568152467,-0.421595438954807,0.3963888028390505,0.4692382995920955,"{""type"":""MultiPoint"",""coordinates"":[]}"
20251019,2025-10-19,296.7342448839275,-0.008065126832269653,0.0072580685619408605,99819.53158121422,3.596463378718989E-4,1.393571150162279E7,298.6052240508582,0.009649065647944623,-0.6559660249295781,0.5124322989193604,0.486233778535238,"{""type"":""MultiPoint"",""coordinates"":[]}"
20251020,2025-10-20,296.86009566917744,-0.0051196097046018645,0.013726066557500412,99751.6689754816,7.279041497620529E-4,9394705.20375045,298.21467022460763,0.017022002702412775,-0.5985567652558692,0.4668623016407634,0.47670381071189516,"{""type"":""MultiPoint"",""coordinates"":[]}"
20251021,2025-10-21,296.45043453744347,-0.0016497794472909,0.01950888471927103,99795.09769880364,0.0018467708207664186,4794933.353768482,296.87941136424945,0.028939419499575948,-0.8553316666825141,0.5288962419251724,0.48201033696200885,"{""type"":""MultiPoint"",""coordinates"":[]}"
20251022,2025-10-22,296.22769256978825,-0.0059814257241632375,0.020022880222837804,99901.61288441512,7.82438372172821E-4,1.2253616956364948E7,297.41632413354006,0.016136286569244734,-0.4178795936603733,1.3709033003563005,0.4777094531136644,"{""type"":""MultiPoint"",""coordinates"":[]}"
20251023,2025-10-23,296.14025847839315,-0.007264017129133552,0.012144818807976625,100035.84846852603,7.830239910319356E-4,1.3903816168049045E7,297.58218348686876,0.016073969367546077,-0.6264034192827778,1.5444052170669675,0.48830167713295963,"{""type"":""MultiPoint"",""coordinates"":[]}"
20251024,2025-10-24,296.6079239621159,-0.0016184937352636342,0.0134880935301043,100080.9715354746,3.8457534242699486E-4,4379158.857915616,296.9940251564662,0.01363080549094589,-0.7122966844254008,0.8937455361129316,0.49311249771145693,"{""type"":""MultiPoint"",""coordinates"":[]}"
20251025,2025-10-25,296.25444691031294,-0.007568691703673955,0.00923990420634421,100039.19713432493,5.935607535117721E-5,1.5527121607645156E7,298.16541271001086,0.003235427354416434,-0.6599090524355455,0.7270639822852485,0.4901662879959439,"{""type"":""MultiPoint"",""coordinates"":[]}"
20251026,2025-10-26,295.659066219401,-0.011889625469668014,0.008021371656060866,100022.13194822047,3.134022647191849E-5,1.937574162062748E7,299.0640001756696,0.002060338054018363,-0.3458613748661614,0.7181413517589824,0.47353933304315404,"{""type"":""MultiPoint"",""coordinates"":[]}"
20251027,2025-10-27,296.20422536316,-0.0028750904380007,0.00743562607527897,100110.3538594586,2.402934493289457E-4,6183719.159754777,297.01946626005883,0.01004410436539637,-0.24689549989375897,-0.35459523462363635,0.4908142770794037,"{""type"":""MultiPoint"",""coordinates"":[]}"
20251028,2025-10-28,296.6308854056431,-0.005191475691678848,0.007321318440217212,100009.34103290472,2.904304374094006E-4,1.007896806707537E7,297.8359787213371,0.011221195573237745,0.639273962416834,0.1368946186523768,0.4963385053144681,"{""type"":""MultiPoint"",""coordinates"":[]}"
20251029,2025-10-29,295.9651146407368,-0.00529523813687977,0.009033091264191495,100051.46794036527,8.612887801523896E-4,1.416239938333935E7,297.77171784923803,0.014611876724951973,0.1911055061275218,0.3960154100254845,0.47789476123878155,"{""type"":""MultiPoint"",""coordinates"":[]}"
20251030,2025-10-30,295.3802142266486,-0.013074077096197777,0.00562455725452765,100184.35998501405,6.848096503619894E-6,2.1631378326000724E7,298.5859431135982,5.002970433097566E-4,-0.1504280538796261,-0.04866245098448757,0.4707470656673644,"{""type"":""MultiPoint"",""coordinates"":[]}"
20251031,2025-10-31,294.78322035533506,-0.015933506724112652,0.005192197657774985,100269.44186465567,1.9459637587912193E-7,2.312825907753336E7,298.8502890539508,1.4399997473536869E-5,0.17267694506511655,-0.5796966800066066,0.45355052789797473,"{""type"":""MultiPoint"",""coordinates"":[]}"
20251101,2025-11-01,294.8619210066338,-0.014681651308364144,0.004786143433389964,100299.56723325839,2.638333075062876E-7,2.2005221127298955E7,298.60770588423253,2.1401740806519536E-5,0.4126095176244645,-1.0114506678249364,0.43968579963732685,"{""type"":""MultiPoint"",""coordinates"":[]}"
20251102,2025-11-02,294.0645829299449,-0.013739648631418218,0.004417666455403675,100388.16201663735,2.5761786282728865E-6,1.9751919519653805E7,298.104579530265,2.227573274671887E-4,0.37134161475817024,-1.1935532816701073,0.42907520899020046,"{""type"":""MultiPoint"",""coordinates"":[]}"
20251103,2025-11-03,295.5393289842777,-0.013811838784578513,0.004087123779389904,100322.58066953282,5.62282662678831E-6,1.9215463945906967E7,298.8758932180825,5.368944237346561E-4,0.6230934070615131,-1.1716506548663836,0.4205610649218024,"{""type"":""MultiPoint"",""coordinates"":[]}"
20251104,2025-11-04,295.4657375781865,-0.012543994833954051,0.0038035704052022676,100224.40666602808,2.0356423645040167E-5,1.875949976415435E7,298.7018958138852,0.001978352241817035,0.802056360365121,-1.241309026583325,0.41932805860711786,"{""type"":""MultiPoint"",""coordinates"":[]}"
20251105,2025-11-05,296.27251856652924,-0.008250009820665904,0.003571979857355173,100146.30313578811,4.014488090645137E-5,1.62786214323837E7,298.17486381851757,0.0038941364995198273,0.5835565440226869,-0.6140048332205184,0.4351075301162898,"{""type"":""MultiPoint"",""coordinates"":[]}"
20251106,2025-11-06,294.43338701326354,-0.01410960038237911,0.0032961730288762806,100175.8143276944,3.540973735552079E-7,2.0612653445366036E7,298.3450645091859,3.2630980213407876E-5,0.21460923599443094,-1.1445546294078333,0.42864780595689767,"{""type"":""MultiPoint"",""coordinates"":[]}"
20251107,2025-11-07,294.3525930130221,-0.016399268873688807,0.003065413786343535,100237.03688915247,7.338539770781847E-8,2.1906538255319156E7,298.67653481068123,8.225505462932621E-6,0.4596031536088997,-1.161086858902317,0.41086412407569795,"{""type"":""MultiPoint"",""coordinates"":[]}"
20251108,2025-11-08,294.9898161965504,-0.014805704141636861,0.002865198108959061,100273.62622049771,7.318966211586535E-6,1.9515993748287056E7,298.7683479230212,8.18748756011967E-4,0.3096453403821859,-0.9702368801725444,0.39926115304951726,"{""type"":""MultiPoint"",""coordinates"":[]}"
20251109,2025-11-09,296.17067466302046,-0.00860994124467348,0.004499117583520052,100172.76014209284,0.0012658113527074433,1.6223160470970068E7,297.9083634860414,0.023765463154363314,0.07456300430307025,0.21557394973015698,0.4458711064482325,"{""type"":""MultiPoint"",""coordinates"":[]}"
20251110,2025-11-10,296.120296677054,-0.006147178027643182,0.0028739948641123263,100198.22648384911,2.2188497232350463E-4,1.0622743460512083E7,297.7841419197502,0.007940109168601233,-0.39100791829353726,-0.162682449363404,0.4737437590195421,"{""type"":""MultiPoint"",""coordinates"":[]}"
20251111,2025-11-11,296.1823686500455,-0.009334482756378501,0.002577202326762217,100220.48645114912,1.3520019958477528E-4,1.5461049068157233E7,298.3696027479001,0.004921888781091877,0.022873356761031326,-0.5965958068055278,0.47117491876983003,"{""type"":""MultiPoint"",""coordinates"":[]}"
20251112,2025-11-12,296.4916249534405,-0.007524678180665261,0.003824657498930407,100238.71372737673,9.999240547407845E-4,1.500323725063109E7,298.16709405261895,0.01104596760233611,-0.181296232901939,-0.3272300152870909,0.47495099251223577,"{""type"":""MultiPoint"",""coordinates"":[]}"
20251113,2025-11-13,296.372488511126,-0.011253709656653578,0.0024713340043763677,100262.43144159125,2.1714404940046308E-4,1.8818110242336817E7,299.00148557444476,0.004031326279199989,-0.09776312205235192,0.18345595662848058,0.4657034566159118,"{""type"":""MultiPoint"",""coordinates"":[]}"
20251114,2025-11-14,296.39228932389506,-0.007076292757174619,0.004200663778956428,100237.43347342584,0.001384689815522444,1.3938446896501983E7,298.04098356783237,0.014706650281740898,-0.2106548276768953,0.17141866864514962,0.46906190045193163,"{""type"":""MultiPoint"",""coordinates"":[]}"
20251115,2025-11-15,296.0372381488898,-0.009894828084054251,0.002144371328309173,100286.93517433974,4.382534144030468E-5,1.7505816792643346E7,298.38267730706485,0.0029353892200267417,-0.2509029036259505,0.39808093618782037,0.46849007978506974,"{""type"":""MultiPoint"",""coordinates"":[]}"
20251116,2025-11-16,295.98221439678434,-0.012211166992595467,0.002110289871219776,100279.63242399975,6.878490197370513E-5,1.9506790859718718E7,299.18976428374344,0.002468622562006019,0.09327756425683525,0.20749006735359987,0.46361087139215384,"{""type"":""MultiPoint"",""coordinates"":[]}"
20251117,2025-11-17,296.5244479745121,-0.006409685909640605,0.0022592143250681034,100222.52770272679,2.4394608236072822E-4,1.0780465356653444E7,298.1679353889387,0.008473578893322398,-0.2875358588793828,0.3795922264798873,0.4729638479695698,"{""type"":""MultiPoint"",""coordinates"":[]}"
20251118,2025-11-18,296.0121250019607,-0.004933158023732258,0.0044773370779854615,100127.41855405361,8.837045531409595E-4,7864837.205192934,297.2425292593196,0.013019615445577424,-0.565043107894969,0.4852367843740734,0.48163984658440395,"{""type"":""MultiPoint"",""coordinates"":[]}"
20251119,2025-11-19,296.0156928054529,-0.010821087044733252,0.002072634521349217,100148.1670444258,2.651132328863657E-5,1.7861150345474213E7,298.6025028423645,0.0019255637080018678,-0.3469444015361696,0.3030253516350935,0.47492655258738153,"{""type"":""MultiPoint"",""coordinates"":[]}"
20251120,2025-11-20,296.1431733429583,-0.012471955645731374,0.0020151842174614284,100193.99790594903,2.9466791011949242E-5,1.9393123435268667E7,299.1874396425842,0.0016860584419315396,0.013422174627985261,-0.053502606821111756,0.4616665673350498,"{""type"":""MultiPoint"",""coordinates"":[]}"
20251121,2025-11-21,296.6002840871406,-0.012306401290448191,0.003041410299466055,100239.2892309538,7.272881267305491E-4,1.7987790760908764E7,299.5549186668025,0.010844554952043823,0.11983537152346867,-0.14472340052912258,0.4635582120390749,"{""type"":""MultiPoint"",""coordinates"":[]}"
20251122,2025-11-22,296.9261570540826,-0.005488450736011619,0.002994341265948894,100222.83888638069,2.5054853539840016E-4,1.0588460188965024E7,298.310416249705,0.008164546904980708,-0.42488632014141975,-0.18806521993429132,0.47634197780326204,"{""type"":""MultiPoint"",""coordinates"":[]}"
20251123,2025-11-23,296.59868617928487,-0.005465383606828855,0.01320699001858908,100203.39479396751,0.004512410577328851,9691594.71619185,297.87261475197243,0.03372895922626007,-0.32313803466327323,-1.2410402857694134,0.4759622177892557,"{""type"":""MultiPoint"",""coordinates"":[]}"
20251124,2025-11-24,296.55745802626103,-0.0017927376089266309,0.006003846551079721,100215.61782697879,2.8383062821280605E-4,5700179.3407861525,297.34501608261513,0.010633210791627552,-0.4189595977823556,-0.5347473442389683,0.4870485283317067,"{""type"":""MultiPoint"",""coordinates"":[]}"
20251125,2025-11-25,295.60157872564685,-0.011374998528723935,0.0030002883580717166,100140.76154595282,2.0688580361850163E-5,1.811723434258925E7,298.92884846011066,0.0010182268979307939,-0.7924562113289937,-0.1651617522594491,0.47397416003952103,"{""type"":""MultiPoint"",""coordinates"":[]}"
20251126,2025-11-26,295.3983735401967,-0.01119453991567491,0.002750418352126387,100181.85185386053,1.6055788926772165E-5,1.7411593913451143E7,298.6053892402268,0.0012368548767600215,-0.4947845989988034,0.12867575996353992,0.46146609660223264,"{""type"":""MultiPoint"",""coordinates"":[]}"
20251127,2025-11-27,294.213939169448,-0.010031363628925594,0.0025695425979161664,100144.49728308083,4.2952744916935846E-6,1.5280504599350888E7,297.885773300967,3.4613411162052847E-4,-0.7348487838871677,-0.2837840794284609,0.4511174411638409,"{""type"":""MultiPoint"",""coordinates"":[]}"
20251128,2025-11-28,293.3437642408027,-0.0071650111810678705,0.0024394177483429,100068.32953144249,3.4670106693161907E-6,1.030892007933646E7,296.9826070127729,2.9924011961880167E-4,-0.8493462074317386,-0.554933258197187,0.44219806827967495,"{""type"":""MultiPoint"",""coordinates"":[]}"
20251129,2025-11-29,293.8431076153437,-0.004226227845422981,0.00235680239513554,99985.28218248278,2.1110899045155278E-5,6356338.21492968,296.45094214575926,0.0016423396029266778,-0.2924371169785322,-0.5677066191212319,0.44240884394553426,"{""type"":""MultiPoint"",""coordinates"":[]}"
20251130,2025-11-30,294.0384739170655,-0.0116813355070071,0.002239607078393702,100050.31972549426,3.237466690904003E-6,1.7654031956004325E7,297.77128485083404,2.4965450871605504E-4,-0.04696041277529946,-0.1696114142305907,0.43848194900019294,"{""type"":""MultiPoint"",""coordinates"":[]}"
20251201,2025-12-01,295.6284331869573,-0.01085284374200219,0.002157461823773995,100072.91547111423,2.29567407572953E-5,1.6677778546700325E7,298.6558401105724,0.002099274371855103,0.062439401041703355,0.12709176845598683,0.4306511486331808,"{""type"":""MultiPoint"",""coordinates"":[]}"
20251202,2025-12-02,296.70490800550544,-0.005965728432294739,0.0021672791257645744,100066.28236443638,1.1286564544783663E-4,1.3354113309051573E7,298.11810584652375,0.007054497254187989,-0.2336307493077548,0.020676943355633214,0.4576460259051575,"{""type"":""MultiPoint"",""coordinates"":[]}"
20251203,2025-12-03,296.5402841644801,-0.003711254447107491,0.006674309048547755,100139.61203181579,0.002522472742228916,9900342.735665346,297.35322260452534,0.0270697202845476,-0.5528091013839947,-0.023983486169575928,0.47549997830221846,"{""type"":""MultiPoint"",""coordinates"":[]}"
20251204,2025-12-04,296.21145688073113,-0.009572615200137132,0.002662588121806763,100234.02417329683,5.554290796676097E-4,1.7540678691669676E7,298.14148876663876,0.007308658041809597,-0.31029018588845075,0.11550001107037162,0.4684426466681262,"{""type"":""MultiPoint"",""coordinates"":[]}"
20251205,2025-12-05,296.37032922762404,-0.010450516476437284,0.002563441719683851,100232.57163817859,5.608133533737783E-4,1.7793104572664987E7,298.8411103576576,0.006624668100402109,-0.4656236884341475,-0.014308574151241961,0.466495053300148,"{""type"":""MultiPoint"",""coordinates"":[]}"
20251206,2025-12-06,295.7112404618904,-0.010223264123853519,0.0020212454327039244,100303.25069776262,6.199121378493836E-5,1.6226856775333572E7,298.6417255667572,0.0028165867998846766,-0.5110159163607443,-0.08630110039878938,0.46939412910414663,"{""type"":""MultiPoint"",""coordinates"":[]}"
20251207,2025-12-07,295.9712505322234,-0.011407777931698384,0.0019126059215420475,100295.35295585362,1.4335226053973201E-5,1.7598636455824025E7,299.1171007627535,0.0010915239165554022,-0.2922997119865504,0.15163918724569053,0.46028463593152924,"{""type"":""MultiPoint"",""coordinates"":[]}"
20251208,2025-12-08,295.3874104957568,-0.01247221625484244,0.0018648441479260252,100235.39456634944,1.326097485136135E-5,1.9096063126577716E7,298.82423335397635,0.0010315102148563304,-0.20259456402952533,-0.010633105912995548,0.45212893274515664,"{""type"":""MultiPoint"",""coordinates"":[]}"
20251209,2025-12-09,294.8041788989184,-0.012569275544603685,0.0018098464177224854,100213.59928901933,9.830765697528773E-6,1.9931826692390915E7,298.80211485858047,8.226323925197835E-4,-0.04700337861761879,-0.03716186010317385,0.44099685053568016,"{""type"":""MultiPoint"",""coordinates"":[]}"
20251210,2025-12-10,294.5951589079256,-0.013734526756252141,0.0017573097999500874,100190.70838956286,1.1407384320454092E-5,1.9572369009015508E7,299.03702923586377,9.730404688535559E-4,-0.5171318881886269,-0.2223810896820167,0.4317627521729954,"{""type"":""MultiPoint"",""coordinates"":[]}"
20251211,2025-12-11,293.6279002530227,-0.012283948823417346,0.0016945360333877394,100140.99792901604,3.254705394513763E-6,1.9170154545979086E7,298.24123684020685,2.8843116156254445E-4,-0.658292718569323,-0.2500601251447182,0.42219069199230197,"{""type"":""MultiPoint"",""coordinates"":[]}"
20251212,2025-12-12,293.61930656135047,-0.013592365383564505,0.0016344165381781688,100155.53465018427,3.78963988565857E-7,2.0409994540930398E7,298.2182308414375,3.559367013673661E-5,-0.21071178657473502,-0.08375554730190311,0.4089622531950022,"{""type"":""MultiPoint"",""coordinates"":[]}"
20251213,2025-12-13,293.9728589647736,-0.013689497831686286,0.0015789508252658875,100168.81321901016,2.550261462590259E-6,2.040443425099171E7,298.39643785898784,2.5331264273021687E-4,-0.19292832100129156,-0.2021456093781842,0.3976019342181516,"{""type"":""MultiPoint"",""coordinates"":[]}"
20251214,2025-12-14,292.5995999494559,-0.01423464831148852,0.0015212721542313863,100200.1822195309,1.8491424832411116E-6,2.0955579084024522E7,297.74215000692317,1.9137934416922782E-4,-0.47246381688797207,-0.2944776670536409,0.3875167710031077,"{""type"":""MultiPoint"",""coordinates"":[]}"
20251215,2025-12-15,291.4638649903463,-0.014525570430793876,0.0014636863091556857,100172.90040072051,5.840282555396832E-7,2.0919150673638664E7,297.0642821681888,6.277397297139984E-5,-0.6711527433142036,-0.19902053156184496,0.3773798214040821,"{""type"":""MultiPoint"",""coordinates"":[]}"
20251216,2025-12-16,293.8383184756951,-0.012216362065081126,0.0014120623351132188,100102.22964884368,1.1931703144834228E-6,1.6586790772448612E7,298.0661071477451,1.4032082268790224E-4,-0.02326409268485253,-0.3355221515063527,0.3691621323677336,"{""type"":""MultiPoint"",""coordinates"":[]}"
20251217,2025-12-17,295.1664151561879,-0.01289479014807301,0.001366027185859295,100181.80754381913,4.4822993796094426E-6,1.7463078830147855E7,299.2986700911121,5.252267800261265E-4,-0.5458023356967198,-0.3358281288371663,0.364610140878774,"{""type"":""MultiPoint"",""coordinates"":[]}"
20251218,2025-12-18,290.7915443290182,-0.01734308050082257,0.001309328503957777,100152.94266002759,1.4901161193847656E-8,2.147603238658493E7,298.1723397708109,2.1422926579361956E-6,-0.7305347242382859,-0.39570459039584704,0.35554402928352924,"{""type"":""MultiPoint"",""coordinates"":[]}"
20251219,2025-12-19,290.97224696953003,-0.016063184647666734,0.0012581664605386584,100067.84595703834,6.703104389904642E-8,2.0009015353047244E7,297.25973853395453,8.020915005041961E-6,-0.5524425264562118,0.03577853564617653,0.34620947734082114,"{""type"":""MultiPoint"",""coordinates"":[]}"
20251220,2025-12-20,290.9958125035455,-0.017649576546180306,0.001208983170956083,100041.62402754612,5.580546664194299E-9,2.1767880858276233E7,296.9111245386102,1.0235404013863037E-6,-0.34679860116656214,-0.04856960301159066,0.337880470128225,"{""type"":""MultiPoint"",""coordinates"":[]}"
20251221,2025-12-21,291.1799999314557,-0.016481593236450768,0.0011614004880179149,100107.3575040476,0.0,2.215049138910927E7,296.861122300095,8.584116484124192E-7,-0.06347733607786839,-0.3402803108115827,0.3301134150766786,"{""type"":""MultiPoint"",""coordinates"":[]}"
20251222,2025-12-22,291.53432150812216,-0.015344958933754777,0.0011160885313981884,100073.02530058735,2.0530070804578066E-8,2.0984406566173825E7,297.0863944258967,2.130969682791445E-6,-0.26649604294789875,-0.05611001721567972,0.3230917091796082,"{""type"":""MultiPoint"",""coordinates"":[]}"
20251223,2025-12-23,291.9862608707271,-0.015477017346021292,0.0010728829235021188,100091.58091704847,1.477756699714427E-10,2.1164931912008658E7,297.05659885981976,8.650147231320295E-7,-0.12998017944930224,0.0045647215335927116,0.31688934376154093,"{""type"":""MultiPoint"",""coordinates"":[]}"
20251224,2025-12-24,292.785826456405,-0.016791276425510124,0.001033408062856979,100093.3792563639,2.471983346791204E-6,2.161096245077534E7,298.1841027204457,3.501761112237209E-4,0.0833832470323765,-0.08096393412273513,0.3110825997990103,"{""type"":""MultiPoint"",""coordinates"":[]}"
20251225,2025-12-25,293.1347927751987,-0.015610455096391319,9.926645427114735E-4,100172.09111243604,8.28274569698847E-7,2.016249573746845E7,297.9160033312106,1.1781215755355553E-4,0.17671646513264258,-0.2428427710529131,0.30866237282251446,"{""type"":""MultiPoint"",""coordinates"":[]}"
20251226,2025-12-26,292.9652354465911,-0.01683907142715724,9.541583112805403E-4,100123.18621705117,2.8502165174982925E-7,2.0851231203029208E7,298.4741563149292,4.264930125874697E-5,0.02662533129733232,0.09266706572829685,0.30352148027829307,"{""type"":""MultiPoint"",""coordinates"":[]}"
20251227,2025-12-27,293.81619995966435,-0.016968506250330313,9.200460684888425E-4,100135.31344621735,2.9281292243679648E-6,2.0611876432023086E7,299.0687206292156,4.429202564069846E-4,0.20999141701827734,0.13178948087035386,0.29901324167949744,"{""type"":""MultiPoint"",""coordinates"":[]}"
20251228,2025-12-28,293.7527098490049,-0.01564438106795102,8.834703246738092E-4,100185.4123418647,7.356084773052998E-7,1.9531653428777497E7,298.77362972745135,1.1292092478761873E-4,-0.015579581303670443,-0.009537664625074067,0.2980149432234014,"{""type"":""MultiPoint"",""coordinates"":[]}"
20251229,2025-12-29,293.7274483303452,-0.016707264221438936,8.514787944008891E-4,100173.67452518332,2.047321747409451E-6,2.068676234908042E7,299.0566643842039,3.170592374170516E-4,0.39382866956763785,-0.18292405946651094,0.2937334993593768,"{""type"":""MultiPoint"",""coordinates"":[]}"
20251230,2025-12-30,293.92251010353226,-0.016299008327649474,8.198765549490354E-4,100180.16156885549,1.5004442953005882E-6,1.9080638103858635E7,298.9094714458093,2.3923320824362982E-4,0.3571405081755268,-0.3121304904659403,0.29237660961607387,"{""type"":""MultiPoint"",""coordinates"":[]}"
