system:index,date,dewpoint_temperature_2m,potential_evaporation_sum,runoff_sum,surface_pressure,surface_runoff_sum,surface_solar_radiation_downwards_sum,temperature_2m,total_precipitation_sum,u_component_of_wind_10m,v_component_of_wind_10m,volumetric_soil_water_layer_1,.geo
20180101,2018-01-01,293.14192014933354,-0.017977741553310108,6.162713429921807E-4,99815.8442032992,8.423481871408546E-8,1.9665137248467375E7,298.6480412635112,1.3498253134683006E-5,0.1784142788993523,-0.3553175735765961,0.2883908872149258,"{""type"":""MultiPoint"",""coordinates"":[]}"
20180102,2018-01-02,293.2852421329635,-0.017237125403219897,5.961403256067938E-4,99814.76030385544,1.0539629465399605E-7,1.97950273292463E7,298.709334603782,1.770589548200702E-5,0.21658484542265233,-0.18956451026819293,0.28482638415357125,"{""type"":""MultiPoint"",""coordinates"":[]}"
20180103,2018-01-03,293.96323271401883,-0.016839272794345637,5.776441746397738E-4,99948.28503997576,8.25474892460479E-7,1.927835581752615E7,298.9859055061585,1.3921240198385673E-4,0.4454842205302104,-0.44287080309943877,0.2822735906005522,"{""type"":""MultiPoint"",""coordinates"":[]}"
20180104,2018-01-04,293.8528364736138,-0.018999695321131906,5.596434590707307E-4,99950.52667774119,1.575310136538484E-6,2.022263501550667E7,299.5642403768711,2.6918785839750986E-4,0.40450636694846576,-0.2689604508732071,0.28008980435209646,"{""type"":""MultiPoint"",""coordinates"":[]}"
20180105,2018-01-05,293.1481396142845,-0.018801300362252263,5.420660401912447E-4,99858.97603553897,2.2341827386731587E-6,2.0379118121889655E7,298.9712185947379,3.8262909032033715E-4,0.2577373081853376,0.04695620173114842,0.2793540560234795,"{""type"":""MultiPoint"",""coordinates"":[]}"
20180106,2018-01-06,292.51187826317806,-0.01843596934960545,5.261957231644384E-4,99894.25786890564,3.511534135263404E-6,1.9449741203750458E7,298.50148025454916,5.978285253737715E-4,-0.010858763896411586,0.5528497176612278,0.2818053469432635,"{""type"":""MultiPoint"",""coordinates"":[]}"
20180107,2018-01-07,293.09582135539483,-0.01718626146362957,5.094306405769375E-4,99928.74429229213,3.20769123681994E-6,1.914972601370357E7,298.3732402784089,5.578596951356004E-4,0.15764911897853956,0.18761016293949975,0.28099709701217107,"{""type"":""MultiPoint"",""coordinates"":[]}"
20180108,2018-01-08,292.1981357542823,-0.01862378782242419,4.921404277422864E-4,99986.93380839656,1.6719393037176294E-6,1.9851336173097733E7,298.24806962836925,2.928310099637266E-4,0.031130588374210684,0.14745124623901296,0.2819900081656074,"{""type"":""MultiPoint"",""coordinates"":[]}"
20180109,2018-01-09,291.6766231122793,-0.019277786984475482,4.7828327747531375E-4,100109.29191471048,3.507812875210486E-6,2.0266320956364952E7,298.51206355387814,6.302895664876398E-4,0.13340130533245212,-0.1793165918811753,0.2800133499134502,"{""type"":""MultiPoint"",""coordinates"":[]}"
20180110,2018-01-10,293.2060550525078,-0.019089221900609098,4.632002044317313E-4,100139.77676337677,3.4533884393751864E-6,1.783556978218536E7,299.7771149114972,6.264714882056354E-4,-0.09632558198714002,0.31186478549807334,0.2811551268878272,"{""type"":""MultiPoint"",""coordinates"":[]}"
20180111,2018-01-11,294.19543904463745,-0.019544753154992975,4.45281155071575E-4,100114.51516600746,4.607376706673272E-8,1.995680217454021E7,299.9619567947672,8.864047254757507E-6,0.04091559072314067,0.006959568595840373,0.28055538943731273,"{""type"":""MultiPoint"",""coordinates"":[]}"
20180112,2018-01-12,294.93165221926785,-0.017585114050311303,4.350113586058826E-4,100085.98576524283,3.7359677623249422E-6,1.8701416181031376E7,300.27416529141306,6.821445461442364E-4,0.20171285644290055,0.23912336835208914,0.27887901696380424,"{""type"":""MultiPoint"",""coordinates"":[]}"
20180113,2018-01-13,294.6780490036094,-0.017771604232116597,4.187502958393681E-4,99998.95221828423,7.170693477997914E-7,1.928969562783989E7,299.9481509236537,1.313328274449292E-4,0.24908124926228098,-0.050324330752336395,0.2791530103806135,"{""type"":""MultiPoint"",""coordinates"":[]}"
20180114,2018-01-14,290.96706212966956,-0.023214951673441314,4.0440189625612463E-4,100016.89997160352,1.0586111630681532E-9,2.2839387164803468E7,299.7108862787818,1.1141210783701531E-7,-0.23003851801375522,-0.20822089514289288,0.27575591310083136,"{""type"":""MultiPoint"",""coordinates"":[]}"
20180115,2018-01-15,291.32763220682386,-0.022959677003434195,3.907751981162268E-4,99985.66986335638,0.0,2.2724889311936535E7,299.685185848685,1.716613667213096E-6,-0.11541626119229614,-0.08691293239765462,0.27211213596223394,"{""type"":""MultiPoint"",""coordinates"":[]}"
20180116,2018-01-16,293.019962062485,-0.02008944583651696,3.8085663486292254E-4,99975.21244454525,2.849294934683744E-6,2.165046097223225E7,299.3999065624319,5.424666927095496E-4,0.19039383535273935,0.5202998986595568,0.2700059586726842,"{""type"":""MultiPoint"",""coordinates"":[]}"
20180117,2018-01-17,293.7262356106171,-0.01851942195542616,3.6904152672169574E-4,99987.48688754423,2.5986203788808224E-6,1.863151219906239E7,299.4142644503667,4.934956945325767E-4,0.19291266725533054,-0.08395544859864046,0.2728385910390017,"{""type"":""MultiPoint"",""coordinates"":[]}"
20180118,2018-01-18,292.4741033319528,-0.021787005396384524,3.568030385991704E-4,99927.62198579215,1.7573993170772958E-6,2.1449041961053018E7,299.49986601580883,3.3605142886761457E-4,0.12157151916591949,0.23532640903897983,0.27281730102509727,"{""type"":""MultiPoint"",""coordinates"":[]}"
20180119,2018-01-19,290.5081181029229,-0.024388693422186563,3.489026987204431E-4,99973.34541692966,4.953846168827589E-6,2.205917917057339E7,299.0971359223583,8.948937109311127E-4,-0.29725745538490755,0.051479757011244826,0.27705374003631705,"{""type"":""MultiPoint"",""coordinates"":[]}"
20180120,2018-01-20,291.13789697627146,-0.022697697717695087,3.337075338009416E-4,99960.81871078024,8.824007673638417E-7,2.235074191777858E7,298.761512382169,1.701030448976511E-4,0.09054713404541165,0.026001520505933358,0.27428463391206453,"{""type"":""MultiPoint"",""coordinates"":[]}"
20180121,2018-01-21,291.485662099905,-0.02108866763574915,3.241367538698391E-4,99895.34039313247,1.7595487813677896E-6,2.14025606209881E7,298.4378309528449,3.4246113039808416E-4,0.0905633826197906,0.07008931933149778,0.2735706305959532,"{""type"":""MultiPoint"",""coordinates"":[]}"
20180122,2018-01-22,292.32749691461197,-0.019416529211033307,3.1688126402558127E-4,99872.00071695582,4.421963916975284E-6,2.0748002966462318E7,298.607013429554,8.739983318697156E-4,0.38117459044173896,0.3025628404127805,0.272550505734304,"{""type"":""MultiPoint"",""coordinates"":[]}"
20180123,2018-01-23,293.84055608040245,-0.0187144646756257,3.0797385982430205E-4,99860.1816453793,4.607594339932684E-6,2.0113640770284895E7,299.1497267486815,9.143215117090359E-4,0.5000323770080339,0.10714614517428811,0.27914095091152,"{""type"":""MultiPoint"",""coordinates"":[]}"
20180124,2018-01-24,293.98726025010575,-0.016539264478399315,2.9695627816609863E-4,99816.34145327621,2.0590309541319147E-6,1.6295049221060228E7,299.4901241254802,4.089713622782656E-4,0.3778487862639594,-0.27626098883182104,0.2790790956343349,"{""type"":""MultiPoint"",""coordinates"":[]}"
20180125,2018-01-25,293.73839629506085,-0.019685246195446662,2.8847823751733663E-4,99753.60740033408,2.1004350100275506E-6,1.9310000942661382E7,299.68425935345607,4.1634654956919094E-4,0.49701001781986826,-0.13310457058344946,0.2778369661907348,"{""type"":""MultiPoint"",""coordinates"":[]}"
20180126,2018-01-26,293.58659742497275,-0.019909901789624984,2.800499811483727E-4,99818.38790232874,2.0933310305474688E-6,1.9988783529751174E7,299.4902402887208,4.170123115584947E-4,0.23635358622131736,0.26495132625124485,0.2779768590586649,"{""type"":""MultiPoint"",""coordinates"":[]}"
20180127,2018-01-27,293.5961235829136,-0.020151778674065493,2.746037652550129E-4,99886.45060007121,4.9932915253885134E-6,2.083214241687703E7,299.569869950867,9.945993910530527E-4,0.5864991617827539,0.5012753637869609,0.2769445563067695,"{""type"":""MultiPoint"",""coordinates"":[]}"
20180128,2018-01-28,294.541460153016,-0.014468714194503277,2.6999653363717925E-4,99924.45259017385,7.2483563096438185E-6,1.5982790134871976E7,298.6588357567056,0.0014031298637684343,0.17817345472579543,0.20810035244033434,0.2882068058320688,"{""type"":""MultiPoint"",""coordinates"":[]}"
20180129,2018-01-29,293.5260152785821,-0.019441757676266526,2.6003123296970844E-4,99970.38675561029,4.192992233430441E-6,2.08122222170934E7,299.2323498222057,8.316803346756142E-4,0.3624330524040367,0.21097146016013263,0.29038795494577574,"{""type"":""MultiPoint"",""coordinates"":[]}"
20180130,2018-01-30,292.1077622822779,-0.021576832466732927,2.5014104801869937E-4,99972.62636007371,1.8760685537250904E-6,2.217673814352687E7,299.18376940192906,3.689980018334557E-4,0.1513640122683608,-0.12088595329103081,0.2879588533757556,"{""type"":""MultiPoint"",""coordinates"":[]}"
20180131,2018-01-31,290.46483425521444,-0.023934886799880067,2.4047979713561003E-4,99989.60866356152,1.34341518155857E-11,2.3219668152902994E7,299.3692522107416,8.955398028874033E-7,-0.17729092036922584,-0.27747419276250673,0.281932504435889,"{""type"":""MultiPoint"",""coordinates"":[]}"
20180201,2018-02-01,290.1577579898607,-0.02398774957602049,2.3278605570399376E-4,99982.12258899763,1.2977390653855786E-9,2.329142975694194E7,299.343804832089,1.2872037586930674E-6,0.1566887940476614,-0.09554436979478392,0.2766101660386261,"{""type"":""MultiPoint"",""coordinates"":[]}"
20180202,2018-02-02,290.4262377006071,-0.02328098815618291,2.255023514540928E-4,99936.7788159893,1.0303994442554231E-7,2.4041961794446442E7,299.0854008570644,2.063138887868232E-5,0.0355318314554256,0.004969399341354438,0.27246888822511295,"{""type"":""MultiPoint"",""coordinates"":[]}"
20180203,2018-02-03,290.21362609028716,-0.022932414798381057,2.1838716789139678E-4,99943.81765580158,5.4505040746194294E-8,2.3672749404255323E7,299.01887325667917,1.2088976760139286E-5,-0.027392445511651146,0.00286436945017263,0.26934507681581465,"{""type"":""MultiPoint"",""coordinates"":[]}"
20180204,2018-02-04,291.43447885262253,-0.0224056730911356,2.1160257999706993E-4,99981.07204434599,9.366559328862661E-8,2.385391405373243E7,298.99868713357813,2.0173627828115852E-5,2.779311207513203E-4,0.05746115964971379,0.26689481156307115,"{""type"":""MultiPoint"",""coordinates"":[]}"
20180205,2018-02-05,291.9722829120122,-0.024002779964350907,2.049574708405532E-4,100115.05971434934,5.984377267770807E-8,2.295455472304363E7,300.00556784527913,1.2696537433509908E-5,0.17510760880846404,0.06296550013838745,0.26477993026148294,"{""type"":""MultiPoint"",""coordinates"":[]}"
20180206,2018-02-06,293.56784462266745,-0.022366196282538445,2.0253481501239843E-4,100115.33732345811,3.925367808281796E-6,2.130123690191129E7,300.7447099650131,8.104794347032552E-4,0.4725824293859274,0.016307487856354455,0.2650907751258312,"{""type"":""MultiPoint"",""coordinates"":[]}"
20180207,2018-02-07,294.91028088384957,-0.01652681590029362,2.120310058457904E-4,100101.06360733429,1.883413004522672E-5,1.8393960038946994E7,299.73073887724706,0.0032521846505695422,0.03001795860849502,-0.17405662669601288,0.28262360592647334,"{""type"":""MultiPoint"",""coordinates"":[]}"
20180208,2018-02-08,295.28731249880235,-0.01729560046017794,2.3668281548598426E-4,100002.39183962824,4.818841272255079E-5,1.963123765164082E7,299.9698614064769,0.007018476021715706,0.12855750188358647,0.05697973319896355,0.31602965651946757,"{""type"":""MultiPoint"",""coordinates"":[]}"
20180209,2018-02-09,295.77400347676064,-0.015385926441513499,2.9316541980287043E-4,99991.31259537894,1.091140940694056E-4,2.1169041058059867E7,299.3798093187049,0.007478688179565345,0.037060409171719697,-0.3140331156653043,0.37259908770838535,"{""type"":""MultiPoint"",""coordinates"":[]}"
20180210,2018-02-10,295.5272419655863,-0.01832508833946582,1.8291736912993888E-4,100028.06335207107,3.3170371721077167E-6,2.1686740789037142E7,300.45245653173794,6.276016528968387E-4,-0.0035974138816799593,0.18406324788403208,0.37312633880329094,"{""type"":""MultiPoint"",""coordinates"":[]}"
20180211,2018-02-11,295.4520173100902,-0.019099247105502933,2.04292208955815E-4,100105.69608140066,2.947459088049338E-5,2.2361247865849264E7,300.4115622871583,0.0022626712214282264,0.536866321703006,0.22587920811503304,0.35684976326701373,"{""type"":""MultiPoint"",""coordinates"":[]}"
20180212,2018-02-12,295.9043882706802,-0.012018887314702303,7.78190576660474E-4,100274.09927821947,5.616038873807816E-4,1.6545070046880636E7,299.4182733695572,0.009821349662791919,0.31374630204099985,-0.0539222072560507,0.396913478001621,"{""type"":""MultiPoint"",""coordinates"":[]}"
20180213,2018-02-13,294.8348058580651,-0.017410710709236003,1.7421992728738547E-4,100330.60933403112,6.766013836026666E-6,2.070171682221421E7,299.8433188397031,0.0011051840904635283,-0.1635207176093858,0.16572925380709538,0.381312677645027,"{""type"":""MultiPoint"",""coordinates"":[]}"
20180214,2018-02-14,293.71574424783086,-0.01993615142907041,1.631955989981403E-4,100305.70202447432,1.940428888243199E-7,2.2964310934367117E7,299.9340661430978,3.4742911751315926E-5,-0.05975891142628602,0.034573965740971914,0.3595869440573285,"{""type"":""MultiPoint"",""coordinates"":[]}"
20180215,2018-02-15,293.36856699889785,-0.02198368658066828,1.5834950010053443E-4,100286.50969073057,1.4581428380636719E-8,2.425141526253156E7,300.3958237110702,3.06163953779342E-6,-0.20312334462590112,-0.33947538271992383,0.3408650823447091,"{""type"":""MultiPoint"",""coordinates"":[]}"
20180216,2018-02-16,293.3952370822566,-0.022353843864748035,1.54391119207581E-4,100198.45507436854,6.905234638121944E-7,2.4011267579877388E7,300.58601361900764,1.2501776932557468E-4,-0.1508869642190513,-0.09443532840207386,0.32575229005553374,"{""type"":""MultiPoint"",""coordinates"":[]}"
20180217,2018-02-17,293.76478543048273,-0.021451520751335548,1.4982505654798618E-4,99981.34354357077,5.005188810236395E-7,2.332144121565092E7,300.1216747913529,9.643684908076999E-5,-0.003665688619947247,0.34707548754735995,0.31509551710772377,"{""type"":""MultiPoint"",""coordinates"":[]}"
20180218,2018-02-18,294.420986784724,-0.02078084824448925,1.465602674791197E-4,99917.32613149309,1.4106450509044874E-6,2.3646561339704297E7,300.17095041349546,2.793333475021398E-4,0.26989271212604304,0.5317345570451812,0.3064428160491221,"{""type"":""MultiPoint"",""coordinates"":[]}"
20180219,2018-02-19,292.9358294528614,-0.02436880669410462,1.4133396865098093E-4,99901.49144190116,2.9343008737120446E-7,2.4049199381896865E7,300.52269789696544,5.927294048670773E-5,0.12644941598438475,0.0433244240772611,0.2994617695332089,"{""type"":""MultiPoint"",""coordinates"":[]}"
20180220,2018-02-20,292.78842510393514,-0.023049026292409874,1.3709172547357934E-4,99869.83762726185,9.347482833284531E-8,2.3948731308330335E7,300.2085190644731,1.8577868396213945E-5,0.04943656141847669,0.05653577430386688,0.29206825446188345,"{""type"":""MultiPoint"",""coordinates"":[]}"
20180221,2018-02-21,293.1829904447827,-0.02366888772842689,1.3481737730780796E-4,99820.48385343888,1.743623937805594E-6,2.3830792803461954E7,300.58584024241554,3.575539501860708E-4,0.07376198161607007,0.5669957454537871,0.28664351535654503,"{""type"":""MultiPoint"",""coordinates"":[]}"
20180222,2018-02-22,293.2450674276883,-0.024488250787104253,1.2965848030615831E-4,99794.38148394537,3.414880786610991E-7,2.4179546940497663E7,300.5582434373029,7.047929542625578E-5,0.3198487870695214,0.0930265095790199,0.2832390024822799,"{""type"":""MultiPoint"",""coordinates"":[]}"
20180223,2018-02-23,292.5135007806231,-0.025318123265869817,1.2597733463056245E-4,99810.51220615083,3.601185603989534E-7,2.4868932241615586E7,300.5894969456872,7.677561119675699E-5,0.11656607600240874,0.36958512417011097,0.2786048888472329,"{""type"":""MultiPoint"",""coordinates"":[]}"
20180224,2018-02-24,292.22965228556154,-0.026039958252745167,1.2224904314258494E-4,99917.08443110039,2.592898773622565E-7,2.4671093558961418E7,300.8464778730941,5.5227411210300536E-5,0.16458304545414792,0.041037771016563536,0.2751966049528162,"{""type"":""MultiPoint"",""coordinates"":[]}"
20180225,2018-02-25,292.9745784084991,-0.025208590516610316,1.1847469132169246E-4,99919.11785585663,3.2698725519135597E-8,2.472320787919222E7,301.0365297762531,7.211511804874391E-6,0.3254903439561799,-0.008976083819805145,0.27151217106973796,"{""type"":""MultiPoint"",""coordinates"":[]}"
20180226,2018-02-26,293.3146144510649,-0.024411338310604096,1.1519411175078195E-4,99906.70398264706,1.2506120608165042E-7,2.284500695528309E7,301.08941341119976,2.513747004652034E-5,0.12412551647626036,-0.07596746448542524,0.2688162272073054,"{""type"":""MultiPoint"",""coordinates"":[]}"
20180227,2018-02-27,294.013813165077,-0.025299369185905023,1.1204997211254078E-4,99788.7610766299,2.078800651943731E-7,2.3401541682654172E7,302.0164459582519,4.573636366001117E-5,0.4813653375254415,0.3620252030760441,0.2664684646905423,"{""type"":""MultiPoint"",""coordinates"":[]}"
20180228,2018-02-28,293.52827788838016,-0.025474766408369685,1.0962605616094574E-4,99824.9697662401,9.32937359663712E-7,2.334132811359539E7,301.7647183355567,1.9693318528223613E-4,0.3415774524118741,-0.11545925688350962,0.26548492864055523,"{""type"":""MultiPoint"",""coordinates"":[]}"
20180301,2018-03-01,293.99012139502986,-0.02599268506848335,1.0623480739079356E-4,99793.67387965896,5.899916755306217E-7,2.343467365921385E7,301.9780409769711,1.270339955898349E-4,0.5608832328017764,-0.0533979147411135,0.264273383723728,"{""type"":""MultiPoint"",""coordinates"":[]}"
20180302,2018-03-02,294.08622253157506,-0.02715583605335114,1.0387296528107759E-4,99763.49943799821,1.1823880642362335E-6,2.4264220681572303E7,302.1768498549684,2.6017995007093304E-4,0.35023372249830254,0.21669041444109183,0.26418724890038414,"{""type"":""MultiPoint"",""coordinates"":[]}"
20180303,2018-03-03,292.5181970361305,-0.02869753111818831,1.0009430781452827E-4,99841.95993164883,2.636035835102411E-7,2.5176871315542735E7,301.53496293692604,5.78090499697626E-5,0.6778577721051577,-0.34172162557969465,0.2636851111145056,"{""type"":""MultiPoint"",""coordinates"":[]}"
20180304,2018-03-04,293.671921424531,-0.026419723275451085,9.720361688444E-5,99776.75232096472,1.580769775836338E-7,2.34016886704076E7,301.57474496683005,3.431090702874713E-5,0.4561429799269393,-0.019721833526665435,0.26193838294903127,"{""type"":""MultiPoint"",""coordinates"":[]}"
20180305,2018-03-05,293.9141519968148,-0.0266575796917226,9.49462709812064E-5,99854.66143415113,5.648993667694708E-7,2.3132277178372905E7,301.61270138208283,1.259533294083924E-4,0.5642039540553698,-0.29865108222424924,0.2614894887119665,"{""type"":""MultiPoint"",""coordinates"":[]}"
20180306,2018-03-06,294.0171490483651,-0.02651854994879103,9.184622222922402E-5,99855.86833316194,5.099201004641865E-8,2.3270320316641383E7,301.7056004668332,1.1967206921252457E-5,0.6199278823887163,-0.12816354951573072,0.26022197827938626,"{""type"":""MultiPoint"",""coordinates"":[]}"
20180307,2018-03-07,294.16689979240493,-0.02514208096633352,9.048432702842793E-5,99851.5968814212,1.1389124621306353E-6,2.2441665419764798E7,301.5103067700029,2.487837849134492E-4,0.7081191130219808,-0.13611599182133954,0.2603339164184541,"{""type"":""MultiPoint"",""coordinates"":[]}"
20180308,2018-03-08,294.3144900464914,-0.02445419312995821,9.096341575047532E-5,99903.51207766816,3.938063081747524E-6,2.2352359902040135E7,301.69872216413705,8.683137597430872E-4,0.44232497964430945,0.585227167596323,0.2632757969409289,"{""type"":""MultiPoint"",""coordinates"":[]}"
20180309,2018-03-09,294.2209124128927,-0.027947429950448778,8.723575029397242E-5,99842.82208255625,2.5328185598729016E-6,2.371485155256281E7,302.2964415428143,5.625229393333874E-4,0.5620020400848736,-0.22935578627918243,0.2645753882713424,"{""type"":""MultiPoint"",""coordinates"":[]}"
20180310,2018-03-10,292.501770465932,-0.029504662722865043,8.254970050743672E-5,99794.47665541372,7.980692227566841E-8,2.2967407043900695E7,302.13292261195414,1.8654292428532193E-5,0.07566357106024121,-0.07453420950624426,0.2655033587778915,"{""type"":""MultiPoint"",""coordinates"":[]}"
20180311,2018-03-11,291.8743047011503,-0.03053547976101258,8.020019632274822E-5,99834.30157891104,1.6902849814369925E-8,2.44493060260285E7,302.17321377577787,2.8495601122460664E-6,0.24386613990039924,0.30829959787533173,0.2629714925238426,"{""type"":""MultiPoint"",""coordinates"":[]}"
20180312,2018-03-12,292.891262552202,-0.03056815815662977,8.00624640246741E-5,99840.66072382784,2.0523622411706587E-6,2.1906002029653523E7,303.05420287364177,4.613151376831201E-4,0.20056757128486588,-0.15306272216106295,0.26243758588502697,"{""type"":""MultiPoint"",""coordinates"":[]}"
20180313,2018-03-13,295.7845363350983,-0.011916414452693199,1.3560289365910816E-4,99883.29953257882,5.917614369541998E-5,1.040837729706205E7,299.87322345274634,0.00914136324963482,-0.28558962327067794,-0.02438836093991547,0.3111246667067038,"{""type"":""MultiPoint"",""coordinates"":[]}"
20180314,2018-03-14,296.4822198065561,-0.013595123199985815,1.600927747503928E-4,99875.03452616237,8.471711551158644E-5,1.215123191982803E7,299.9382626496481,0.005288403595435333,-0.05320764232790946,0.042343171331541155,0.3714261737662535,"{""type"":""MultiPoint"",""coordinates"":[]}"
20180315,2018-03-15,296.27791791948687,-0.017338247283933142,8.862113645263327E-5,99874.50131452664,1.4474180859862537E-5,1.801849508476649E7,300.52297988008434,0.0026869753042876726,0.03157055677452229,0.613768864973389,0.37535906726457935,"{""type"":""MultiPoint"",""coordinates"":[]}"
20180316,2018-03-16,296.1438840656761,-0.01669226536440626,1.215128919255463E-4,99826.55519761569,4.877283594215386E-5,1.893037711305008E7,300.21196586309907,0.006946981945279139,-0.026791277148428706,0.48730100023730727,0.38469413083710774,"{""type"":""MultiPoint"",""coordinates"":[]}"
20180317,2018-03-17,296.4352691350956,-0.016538591725631522,9.33352313744992E-5,99817.24559525585,2.1897839416547926E-5,1.926132920772214E7,300.62953892480954,0.003470701460712789,-0.0250421375706156,-0.37987367125826543,0.4125722999082102,"{""type"":""MultiPoint"",""coordinates"":[]}"
20180318,2018-03-18,296.8466787144519,-0.015483338560464365,1.3151535683059967E-4,99920.71276865741,6.127601447107129E-5,1.884539784336537E7,300.23212228599175,0.006940157683460536,-0.014165762740698183,0.08907158299698426,0.41785519878829047,"{""type"":""MultiPoint"",""coordinates"":[]}"
20180319,2018-03-19,296.83483565617445,-0.013727168347370828,1.9894893628098762E-4,100035.60808594691,1.2970432031898349E-4,1.854190909153178E7,299.83204163644075,0.006970567815912888,0.06055197891728753,-0.1131791786758326,0.43043330472626795,"{""type"":""MultiPoint"",""coordinates"":[]}"
20180320,2018-03-20,295.5971908768807,-0.022154389017117485,7.15371888981285E-5,99974.80444180395,3.5312715911108626E-6,2.3116717943917554E7,300.9491681120605,6.467542502581751E-4,0.3173380279529552,0.4872388419286464,0.4031017231015521,"{""type"":""MultiPoint"",""coordinates"":[]}"
20180321,2018-03-21,295.8626048111804,-0.021099632701964497,7.673291965722609E-5,99971.65453253423,1.0110875823374826E-5,2.1604166874726016E7,300.89697769642856,0.0018418838905996766,0.5517429989653004,-0.2884655039905714,0.38412519698676656,"{""type"":""MultiPoint"",""coordinates"":[]}"
20180322,2018-03-22,296.7653751134845,-0.013336465927428647,2.5307300866316516E-4,99847.5717258098,1.8764125217481768E-4,2.0625284542372882E7,300.13371551413707,0.010024890193642147,0.2369254052975757,-0.5568626883912939,0.4090402207418709,"{""type"":""MultiPoint"",""coordinates"":[]}"
20180323,2018-03-23,296.6278179123764,-0.01757248809169528,1.152951097041315E-4,99806.3887373783,5.089974966540993E-5,2.1809195275874514E7,301.1042997539294,0.002562981164717649,0.7558952452600797,-1.0512661537824306,0.4190278652267742,"{""type"":""MultiPoint"",""coordinates"":[]}"
20180324,2018-03-24,295.84490484812477,-0.021065557259344853,6.763925094102379E-5,99843.02742105094,4.499073261566383E-6,2.1951027453299675E7,301.9341740264875,6.383388159355955E-4,0.29472877331859926,-0.4800982698538453,0.39371318704793357,"{""type"":""MultiPoint"",""coordinates"":[]}"
20180325,2018-03-25,295.8089435314643,-0.022786065928028072,6.985549371336242E-5,99992.7714168174,8.06434400409213E-6,2.4459042174900834E7,301.89657744577204,0.0011694413105800192,0.3301042840377344,0.5374248497531109,0.3737524245590355,"{""type"":""MultiPoint"",""coordinates"":[]}"
20180326,2018-03-26,295.8822360622839,-0.021784756304424165,6.502676248722373E-5,100025.86003766324,4.540704354627702E-6,2.4602567935088355E7,301.74421236597874,8.208790077623165E-4,0.6975560897330078,0.26563969706239465,0.35989328777149543,"{""type"":""MultiPoint"",""coordinates"":[]}"
20180327,2018-03-27,296.0832967218234,-0.019854038728087383,6.878777150853293E-5,99983.43516612245,9.532307207132994E-6,2.15175555427335E7,301.6615681249887,0.0016852093188557003,0.5785659093497993,0.12965063940434088,0.35291153588738067,"{""type"":""MultiPoint"",""coordinates"":[]}"
20180328,2018-03-28,296.35588342396306,-0.01931693965520104,6.788847863867616E-5,99958.831775752,9.725682418612078E-6,2.110843457663181E7,301.5195305016425,0.0016548715381585854,0.7921490133317391,-0.30816185424241593,0.3534874863916328,"{""type"":""MultiPoint"",""coordinates"":[]}"
20180329,2018-03-29,296.93061730895766,-0.015578440569537328,8.177276857914671E-5,99946.97024031726,2.464658912879829E-5,2.0040130746844575E7,301.0536054722864,0.0040772237174488525,0.45455957447799017,-0.645897780018997,0.35861222459398967,"{""type"":""MultiPoint"",""coordinates"":[]}"
20180330,2018-03-30,297.142800643046,-0.016423123970955578,6.74757358187852E-5,99874.36553084197,1.1288279817287477E-5,2.037465610277678E7,301.3058634915165,0.0019104100067795008,0.8990039073413547,-0.7871610210956125,0.3697888528746128,"{""type"":""MultiPoint"",""coordinates"":[]}"
20180331,2018-03-31,295.6905234972293,-0.021879510234623586,5.663684181388088E-5,99809.85026517096,1.505690331584575E-6,2.2620276285971876E7,301.73998886811825,2.9103833156748953E-4,1.0554058113440914,-0.3829185113208715,0.35730838615141436,"{""type"":""MultiPoint"",""coordinates"":[]}"
20180401,2018-04-01,296.93315244262675,-0.016174669771462286,3.7425182547502214E-4,99760.72611735936,3.1987477323659015E-4,1.963385738694555E7,301.25442358146046,0.009309739370993091,0.10374758762011578,-0.02107451817266843,0.3777059365213026,"{""type"":""MultiPoint"",""coordinates"":[]}"
20180402,2018-04-02,296.62503020278194,-0.017686365258917244,1.0015170388474516E-4,99870.43973333352,4.690469622483033E-5,2.073498032852507E7,300.9989200451724,0.005465710368882187,0.27001835414603553,0.22683307735919098,0.40056288123403067,"{""type"":""MultiPoint"",""coordinates"":[]}"
20180403,2018-04-03,296.91465773836376,-0.015815892650081154,3.512282874280694E-4,99801.82205244583,2.835133887781722E-4,2.11400901388388E7,300.8161605413552,0.005358502121015529,0.0853211177858485,-0.38543108320964153,0.41555537161796724,"{""type"":""MultiPoint"",""coordinates"":[]}"
20180404,2018-04-04,296.99762051322455,-0.018113869171504978,0.0012238529284766468,99651.10125722886,0.001042906569738144,2.275013749837721E7,301.24309547269337,0.010675670272540495,0.4374424621941078,0.13589440384855747,0.41403043400511924,"{""type"":""MultiPoint"",""coordinates"":[]}"
20180405,2018-04-05,296.35188474608157,-0.018906855036152262,6.681685515615945E-5,99642.52304113466,1.6102953546966324E-5,2.1473310174900834E7,301.09488312718616,0.002303440053030507,0.4273469615031327,0.12227260205218078,0.41401934070589463,"{""type"":""MultiPoint"",""coordinates"":[]}"
20180406,2018-04-06,296.3027713762796,-0.01935127223957716,5.614815304694604E-5,99729.16526820668,6.2992684126674105E-6,2.253900384998197E7,301.32686252848487,0.001031155695593565,0.45578119814689666,0.04898115201184978,0.39894118310740573,"{""type"":""MultiPoint"",""coordinates"":[]}"
20180407,2018-04-07,296.04765093666185,-0.02074075588842957,1.6509289082490363E-4,99792.9134887006,1.161274387008483E-4,2.2254564122250274E7,301.25820207601566,0.0059590904620464985,0.5257321761367785,0.05644352108773912,0.3997088247859317,"{""type"":""MultiPoint"",""coordinates"":[]}"
20180408,2018-04-08,296.2190198124509,-0.021454299455176094,5.29563436644025E-5,99802.71636382546,4.836077020351439E-6,2.3296963679769207E7,301.78154407033037,7.880878575477733E-4,0.2676212901406484,0.17117749304851101,0.4093333753431513,"{""type"":""MultiPoint"",""coordinates"":[]}"
20180409,2018-04-09,296.4392470648577,-0.020545864061966644,6.012400371092045E-5,99828.03288717142,1.281205386063101E-5,2.2302639218896516E7,301.48294714400237,0.0020217789503852966,0.18417174885774237,0.2578363382754698,0.39647451669697814,"{""type"":""MultiPoint"",""coordinates"":[]}"
20180410,2018-04-10,296.21528925473245,-0.02224882511274934,7.538991018705233E-5,99719.19971043554,2.890169953680881E-5,2.3400224938333936E7,301.702336919954,0.0040197142018302,0.320790877206378,0.14755432311123506,0.39152652888590933,"{""type"":""MultiPoint"",""coordinates"":[]}"
20180411,2018-04-11,296.4690026382885,-0.0178178467294433,1.1456329771812928E-4,99798.41975107342,6.882782946241664E-5,2.224771944428417E7,300.62804729609786,0.00812051823863646,0.3382683721983256,0.2950540780161333,0.42022013111116796,"{""type"":""MultiPoint"",""coordinates"":[]}"
20180412,2018-04-12,296.7889292648541,-0.016286554804432495,2.540193371853587E-4,99742.29705037981,1.9748990947573443E-4,2.245313694013704E7,300.30780525588125,0.011471257163215847,0.21780513814327057,-0.03862853819166957,0.452591101500489,"{""type"":""MultiPoint"",""coordinates"":[]}"
20180413,2018-04-13,296.7053364323716,-0.014434986692385432,1.1596774425138603E-4,99813.45609119559,6.427550859671401E-5,2.0907737301117923E7,300.19829588788167,0.006701993802734512,0.004205345605941238,0.4718372385323314,0.4569264182764719,"{""type"":""MultiPoint"",""coordinates"":[]}"
20180414,2018-04-14,297.1020528518434,-0.014066990503884807,8.260799639714224E-4,99788.30374468696,6.003252251071702E-4,1.899360786548864E7,300.23745939160995,0.01246846538457551,0.09018948634436878,0.08204092951058224,0.45700945408818033,"{""type"":""MultiPoint"",""coordinates"":[]}"
20180415,2018-04-15,297.14859068171603,-0.011631713198747097,0.004548558529387129,99848.50096153664,0.002993570825402762,1.6710075632167334E7,299.6263233544321,0.026159857291782072,0.014462062323490349,-0.11718554951878372,0.4630100162202084,"{""type"":""MultiPoint"",""coordinates"":[]}"
20180416,2018-04-16,297.0768666591248,-0.016626131807827068,1.8147422417896217E-4,99877.15321207949,1.259234395003087E-4,2.106818762747927E7,301.0854361644515,0.006618967165452783,0.17555146183527953,0.01544284644300569,0.4586573574516921,"{""type"":""MultiPoint"",""coordinates"":[]}"
20180417,2018-04-17,297.48376174511316,-0.013623397176688305,6.24909373641745E-5,99976.16538735689,1.9969315873643703E-5,2.012179247169131E7,300.71952014399886,0.0021386243663530724,0.29119573887301,0.06928239831386787,0.46111074854138534,"{""type"":""MultiPoint"",""coordinates"":[]}"
20180418,2018-04-18,297.43814633898273,-0.011821018809333762,8.815530052135193E-5,99954.23110341586,4.6058247934555345E-5,1.865651701045799E7,300.37510826673946,0.004726902480659355,0.36235824618893814,0.02652231055478779,0.46113733999401585,"{""type"":""MultiPoint"",""coordinates"":[]}"
20180419,2018-04-19,297.29570981404123,-0.01400030103672983,9.667266830613889E-5,99809.81922500452,5.5003962306567055E-5,2.0039787233681936E7,300.6598122712869,0.005201824050212835,0.09480008862313495,0.33898141765583023,0.4577320333655772,"{""type"":""MultiPoint"",""coordinates"":[]}"
20180420,2018-04-20,297.5592947731885,-0.009904425701390437,3.6245543916776576E-4,99809.16654728165,2.2191175733539468E-4,1.5515091116119727E7,300.06750387147525,0.006706321394187389,-0.06754564548258114,-0.23433400927175765,0.4690526334522061,"{""type"":""MultiPoint"",""coordinates"":[]}"
20180421,2018-04-21,297.5685351220787,-0.014217764577128767,5.407177591598986E-4,99746.0413150854,4.467788184974497E-4,2.0580964359177783E7,301.06234200142063,0.007093689028254699,0.07280003080174303,0.14844238950105976,0.4603831915632438,"{""type"":""MultiPoint"",""coordinates"":[]}"
20180422,2018-04-22,297.29008729900073,-0.014183833587913357,5.762424391183534E-5,99814.19264787779,1.659474560297056E-5,1.9316607509195816E7,301.0639051847094,0.0014293463413697308,0.05611736239371269,-0.11362019240361795,0.450811829757828,"{""type"":""MultiPoint"",""coordinates"":[]}"
20180423,2018-04-23,297.2418564265559,-0.017306849842752058,7.987557079144605E-5,99800.86082170713,3.9147768603564606E-5,2.2841915391272984E7,301.4659588212276,0.003560588669248149,0.40330466417068905,-0.13233418928371743,0.4409031458149765,"{""type"":""MultiPoint"",""coordinates"":[]}"
20180424,2018-04-24,297.3828733932344,-0.01567502366697965,7.125606046357484E-5,99818.21864346912,3.006319749497181E-5,2.0944090301839165E7,301.3230597400539,0.002565456969229108,0.5528558854200417,-0.6650038752536932,0.4434156054443917,"{""type"":""MultiPoint"",""coordinates"":[]}"
20180425,2018-04-25,297.7985483780118,-0.01132703476591829,3.1376147244409076E-4,99757.19455351878,2.2280199021326694E-4,1.755580446231518E7,300.7630869726362,0.006269491090629453,0.44999768192599876,-0.5718723700186684,0.4500666008587139,"{""type"":""MultiPoint"",""coordinates"":[]}"
20180426,2018-04-26,297.9959970433662,-0.014883844267202124,6.073992195603998E-5,99649.10173735155,1.4024620403505773E-5,2.0283708000000004E7,302.1126475601848,0.0013696487347944256,0.48357509228311657,-0.7115063846562686,0.43866448081991316,"{""type"":""MultiPoint"",""coordinates"":[]}"
20180427,2018-04-27,297.3792061439457,-0.016865427573901668,1.0885758506146918E-4,99745.9540684587,6.904875677585431E-5,2.22875813451136E7,301.7259519067805,0.004524595923058976,0.15869512052429396,-0.30961737883235696,0.4338719883508474,"{""type"":""MultiPoint"",""coordinates"":[]}"
20180428,2018-04-28,297.3585672886387,-0.016810102069201648,8.352036096539862E-5,99862.90446086801,4.222527216197007E-5,2.2377163973674722E7,301.3982915402548,0.003969665597214764,0.463598332277269,0.3114553562851677,0.4405111891100765,"{""type"":""MultiPoint"",""coordinates"":[]}"
20180429,2018-04-29,297.57470829020565,-0.015644604492673277,1.6105526455722046E-4,99776.42225293524,7.836821059479081E-5,2.107620253660296E7,301.3096952013048,0.003855836898050098,0.2948283658518873,-0.4854315205940993,0.4375410797590533,"{""type"":""MultiPoint"",""coordinates"":[]}"
20180430,2018-04-30,297.84246796228416,-0.014238114733741987,3.146877088488289E-4,99750.756472676,2.640406448317486E-4,2.0006433199423004E7,301.1104586688727,0.007304522064608363,0.46733478055950084,-0.5637798007541387,0.4445197242629515,"{""type"":""MultiPoint"",""coordinates"":[]}"
20180501,2018-05-01,296.97754587131504,-0.013642013375235946,4.731147965497588E-5,99803.8299327969,7.561998078421569E-6,1.6169962635412917E7,301.41247156214035,7.754312990953375E-4,0.51265018155962,-0.20713201808963838,0.4428128578267657,"{""type"":""MultiPoint"",""coordinates"":[]}"
20180502,2018-05-02,297.23496086005053,-0.014488293942812333,3.148025681600217E-4,99793.63819028497,2.61438481867034E-4,1.865728968085107E7,301.2207279751001,0.00649893707600647,0.5185928672591517,-0.7725493310520692,0.43979965062765625,"{""type"":""MultiPoint"",""coordinates"":[]}"
20180503,2018-05-03,297.42223564823854,-0.012552305994225547,8.7661357657642E-5,99775.33134786756,4.600395246657747E-5,1.652855139487919E7,301.0109028924557,0.004253358678340565,0.2655335160484823,-0.6496659030649493,0.44534108821897794,"{""type"":""MultiPoint"",""coordinates"":[]}"
20180504,2018-05-04,297.0845763425097,-0.015501389925472581,4.515496995790403E-4,99770.43379342942,3.12932311220372E-4,2.03862102188965E7,301.0588142031846,0.0071158244124750235,0.2754453353432455,0.14336332877620306,0.44891359107055007,"{""type"":""MultiPoint"",""coordinates"":[]}"
20180505,2018-05-05,297.2507292204916,-0.013264410998410284,4.3721412423711973E-4,99894.68517657011,3.57170288007353E-4,1.8327711087630726E7,300.1029087790705,0.010346161883220663,-0.07773115921800047,0.33958683639840015,0.4633195098453251,"{""type"":""MultiPoint"",""coordinates"":[]}"
20180506,2018-05-06,297.42171153020286,-0.008043443440875124,2.9685993648976834E-4,99965.3412061128,1.1307928876415987E-4,1.2109185571222505E7,299.36835247685895,0.005114883346077854,-0.44987791446356107,0.562961519903712,0.47123847046155243,"{""type"":""MultiPoint"",""coordinates"":[]}"
20180507,2018-05-07,297.08954607269663,-0.014283715317739807,9.11555912921973E-5,99844.31816838244,4.29473282669238E-5,2.2250606423368193E7,300.475467456277,0.004127320829211877,0.06696389234184948,0.2427640365341962,0.4622308356441805,"{""type"":""MultiPoint"",""coordinates"":[]}"
20180508,2018-05-08,297.32160414759824,-0.010947316353002097,0.00113296157082968,99764.17024123289,0.0010808416616387892,1.892140628164443E7,299.7924265886159,0.008388985532782287,0.0017997727025542548,-0.008288024594999017,0.4591220089242585,"{""type"":""MultiPoint"",""coordinates"":[]}"
20180509,2018-05-09,297.16070019469436,-0.007431779861493185,0.0026682438164293836,99819.90297424851,0.002076859266543879,1.1609056758745044E7,298.84761464279114,0.016162305581324636,-0.3650282985789514,0.6991852024080436,0.4669345554673251,"{""type"":""MultiPoint"",""coordinates"":[]}"
20180510,2018-05-10,297.1346044539259,-0.009960456192762123,0.0025588499373406055,99923.62566665445,0.0020043956880916813,1.6503644692390915E7,299.12819168071564,0.014613855262330881,-0.5786700500348881,0.5308685287831424,0.4709081634877321,"{""type"":""MultiPoint"",""coordinates"":[]}"
20180511,2018-05-11,297.187737746112,-0.011063364778739043,0.001091102626493078,99851.203603714,7.167667811457707E-4,1.823773856833754E7,299.59497522170017,0.01206421328360397,-0.43460782781675006,0.8566535624593395,0.47279704071349415,"{""type"":""MultiPoint"",""coordinates"":[]}"
20180512,2018-05-12,297.2098077704577,-0.010036226666945222,0.0029578164617507165,99823.02022343667,0.0022955920763536777,1.8072986088712588E7,299.3263343219961,0.01512364184452316,-0.22729693331502354,0.3795448806025344,0.4687587403523148,"{""type"":""MultiPoint"",""coordinates"":[]}"
20180513,2018-05-13,297.3754015804584,-0.00861957199465829,4.792005801690945E-4,99790.50815245975,3.5631910283514807E-4,1.4937785289578076E7,299.2457624087613,0.00852398800314698,-0.23261925291163896,0.2592897764234133,0.4744837494162445,"{""type"":""MultiPoint"",""coordinates"":[]}"
20180514,2018-05-14,297.16015080010493,-0.009849514621466108,1.6424191253863643E-4,99783.54606536524,4.52868535636437E-5,1.579018752830869E7,299.7611974818673,0.0034681410300323227,-0.020912161697660997,-0.1065323946065865,0.47669692680889897,"{""type"":""MultiPoint"",""coordinates"":[]}"
20180515,2018-05-15,297.4488086517019,-0.01357076515225654,6.34834430964037E-4,99617.45497135936,5.13619231782233E-4,2.133180824594303E7,300.38409650307153,0.010235731446631242,0.06904555668207814,0.21085737135307425,0.47450311018564,"{""type"":""MultiPoint"",""coordinates"":[]}"
20180516,2018-05-16,297.27577619647775,-0.007883186797684297,0.0019739354523002914,99624.83903558263,8.676724069779678E-4,1.5148904478182478E7,299.1854890767652,0.010523595099867342,-0.38528817617659644,0.48078794824144183,0.469538865202335,"{""type"":""MultiPoint"",""coordinates"":[]}"
20180517,2018-05-17,297.0891552558383,-0.008824229350577528,0.0021537696056704724,99683.8203104457,0.0014808352699444865,1.6102018619545622E7,298.96115615634716,0.01693004574142951,-0.4752158435409296,0.6536044647006091,0.4742711884913242,"{""type"":""MultiPoint"",""coordinates"":[]}"
20180518,2018-05-18,297.0171747502262,-0.006718596798867215,0.002085789549105699,99690.85065948199,0.0012599639070622981,1.3966760401009738E7,298.7050819027838,0.010137101303276668,-0.6326596521101745,0.8503686907715862,0.4603355044082805,"{""type"":""MultiPoint"",""coordinates"":[]}"
20180519,2018-05-19,297.4402325971007,-0.011202544301716036,2.2175088605423326E-4,99615.67101600302,3.5730421306680276E-5,1.9571334394518577E7,300.0992235437525,0.002852663395102172,-0.04141662584816783,0.44959315053974463,0.4524001935336836,"{""type"":""MultiPoint"",""coordinates"":[]}"
20180520,2018-05-20,296.89027771053884,-0.009561691395575675,0.0019728898615171625,99706.87304100556,0.0017742644599143499,1.69772190018031E7,299.02464073548913,0.014773147471789561,-0.29931593508742765,0.43767437881568777,0.47345599940167354,"{""type"":""MultiPoint"",""coordinates"":[]}"
20180521,2018-05-21,296.9063787729727,-0.009133764105693469,7.394527565732227E-4,99703.51081221031,4.0030373032669974E-4,1.740137789758385E7,299.0708514531225,0.007309984571599939,-0.22012671342132786,0.02532286791005291,0.47080087518445557,"{""type"":""MultiPoint"",""coordinates"":[]}"
20180522,2018-05-22,297.5687507810982,-0.00871426817412588,5.428274395532056E-4,99643.28589662498,2.8151079200898705E-4,1.6067573042913811E7,299.6666657332833,0.007797975863259755,0.17559845336627927,-0.06703280108610389,0.47178279988137206,"{""type"":""MultiPoint"",""coordinates"":[]}"
20180523,2018-05-23,297.37718870651554,-0.005943786900986243,0.002610280833066349,99637.99293761834,0.0015305396245998723,1.1887964750811398E7,298.7070139375841,0.016045438432889032,0.17408095267060028,-0.43649817195158197,0.47584540833359595,"{""type"":""MultiPoint"",""coordinates"":[]}"
20180524,2018-05-24,297.3322216255875,-0.007367061227398833,0.008553025376869805,99529.97416000837,0.004126489245736812,1.3109832753696363E7,299.098540727845,0.029875416478175466,0.5513610250603941,-0.5965613939108965,0.46335125221686235,"{""type"":""MultiPoint"",""coordinates"":[]}"
20180525,2018-05-25,297.22872476225825,-0.0024135893085159383,0.017766982182629308,99467.43830816739,0.008224995830323007,8156608.520014427,298.09748188637394,0.05313305872202521,0.14713724858343266,-0.24047696693597873,0.47301631920153403,"{""type"":""MultiPoint"",""coordinates"":[]}"
20180526,2018-05-26,297.32290503250493,-0.006799376854828193,0.008020887782093939,99366.58793470474,0.0020284753116811614,1.2531945212405339E7,298.7542763772042,0.02610575731695222,-0.34740092895082286,0.5494581110876674,0.46712136581004526,"{""type"":""MultiPoint"",""coordinates"":[]}"
20180527,2018-05-27,297.04066203846804,-0.005191178670642698,0.005646219778654167,99395.27461597229,0.002278814223261461,1.0281801829065995E7,298.03611703302477,0.023792286693335708,-1.3785813647202683,1.9810955255618246,0.4757664477915442,"{""type"":""MultiPoint"",""coordinates"":[]}"
20180528,2018-05-28,297.33768162714176,-0.006045148866113411,0.014739274814741047,99506.77913211896,0.004752278704098146,1.2717509560764514E7,298.2937796065722,0.04611556133637565,1.7947833421984345,1.147316013209048,0.47813650879353814,"{""type"":""MultiPoint"",""coordinates"":[]}"
20180529,2018-05-29,296.3917796644744,-0.012588614489771678,0.002346274593097399,99586.27143002374,2.7308884969137656E-4,1.862486607284529E7,299.1672990924823,0.008338523415545813,1.5594764397198482,-0.9232658434120533,0.46854699473352956,"{""type"":""MultiPoint"",""coordinates"":[]}"
20180530,2018-05-30,297.2776133196474,-0.007094110658118926,0.002064775937501163,99597.72087827003,4.0292798709749004E-4,1.4629419552830866E7,298.7335361483465,0.010496690660742375,0.6735462789882878,-0.3144777543356477,0.4796224003271469,"{""type"":""MultiPoint"",""coordinates"":[]}"
20180531,2018-05-31,297.1580973080767,-0.012784448824084025,0.0013415277369650876,99600.26417265822,3.51421666669794E-5,2.0304229457627125E7,299.98582439305676,0.002284872533569149,0.11421499196146669,0.874974518530729,0.46710480461758,"{""type"":""MultiPoint"",""coordinates"":[]}"
20180601,2018-06-01,297.23147310581845,-0.00906177236420817,0.0016717177288780734,99637.20042721528,4.21004009147951E-4,1.6621736369275158E7,299.4251823443635,0.008986279951442765,-0.18328436539571202,1.2762524289341985,0.47831892345312454,"{""type"":""MultiPoint"",""coordinates"":[]}"
20180602,2018-06-02,297.29657444940744,-0.005694385165240506,0.004416786819384754,99677.60142902825,0.0025884829303051563,1.2150874082942663E7,298.65581266048054,0.016044436141870323,-0.09478422454492821,1.0172225839172593,0.475921484351889,"{""type"":""MultiPoint"",""coordinates"":[]}"
20180603,2018-06-03,297.274288464544,-0.002255498074610398,0.009531891207874704,99660.71168122061,0.0023493069659661953,6463369.338622431,297.7217359878737,0.03143505940070101,0.002766818406418782,0.47279288095556105,0.47552321338068915,"{""type"":""MultiPoint"",""coordinates"":[]}"
20180604,2018-06-04,297.2406204057177,-0.002655570862463482,0.00632237422414691,99575.8085000733,0.001020305355748157,7672336.447890373,297.8000496521437,0.021006640620194018,0.17657110166314677,0.37385946782338303,0.47938261560586115,"{""type"":""MultiPoint"",""coordinates"":[]}"
20180605,2018-06-05,297.35099008952017,-0.005216129460018377,0.006451434468238568,99660.06582317682,0.002042976613406709,1.0982917573025605E7,298.3116785772347,0.018298232845875055,0.29867945864934564,0.40173124003143806,0.48056150116102525,"{""type"":""MultiPoint"",""coordinates"":[]}"
20180606,2018-06-06,297.4898559610666,-0.0035530453970339425,0.006983204415955356,99841.18802508285,0.0016999469926930748,1.3464257981247747E7,298.67564069016765,0.019839772545179938,0.8936422996644806,0.41409222428250425,0.4779979826409824,"{""type"":""MultiPoint"",""coordinates"":[]}"
20180607,2018-06-07,297.1537884442706,-0.0045204931299823135,0.012655920151915313,99834.99875614184,0.0015963708536529471,1.0879927785070322E7,297.8913357733879,0.027558328688489665,1.5719162603599095,0.617726099578531,0.4818478899658952,"{""type"":""MultiPoint"",""coordinates"":[]}"
20180608,2018-06-08,297.2603979868476,-0.0052055462098620315,0.020373157100947465,99730.16784496287,0.0021968290123791636,1.2026849676884243E7,298.00295529787985,0.030893613359479093,2.8436206499391603,0.26351079999261345,0.48250306880679017,"{""type"":""MultiPoint"",""coordinates"":[]}"
20180609,2018-06-09,297.18181821408365,-0.005891199375838955,0.03850367676306837,99741.27686802941,0.004810828281639717,1.219285291597548E7,297.87567664425114,0.04588264169415283,3.660935540743237,-0.22909525928481264,0.48127374753368524,"{""type"":""MultiPoint"",""coordinates"":[]}"
20180610,2018-06-10,297.1900186539844,-0.005616754468085748,0.025188996482424217,99828.95950171015,0.0014306715586492403,1.2599423883159038E7,298.00128376898056,0.02884392197883142,2.7657003965583007,-0.38295354498078993,0.4788433614438049,"{""type"":""MultiPoint"",""coordinates"":[]}"
20180611,2018-06-11,297.13269007820713,-0.005132023367346988,0.023037136036310225,99884.23543801982,0.002028820499525232,1.2071744577713668E7,297.94609123268503,0.033591080294341324,2.379506898135545,-0.2718215903233903,0.4751854154951571,"{""type"":""MultiPoint"",""coordinates"":[]}"
20180612,2018-06-12,296.95441237136805,-0.005451420654555844,0.026266801950521432,99876.47781269722,9.146517594712675E-4,1.4267557448972233E7,297.8884226893818,0.02019322391840901,1.4408288309817447,-0.1440089096715207,0.4787824244177647,"{""type"":""MultiPoint"",""coordinates"":[]}"
20180613,2018-06-13,296.8790272225381,-0.0046444446778108285,0.014486789853831642,99888.80360558054,0.0015599294809112044,1.1286281478543097E7,297.67857580646927,0.02263473503380788,1.8569122082425618,-0.26854907722624466,0.48395002431373124,"{""type"":""MultiPoint"",""coordinates"":[]}"
20180614,2018-06-14,296.88616958468685,-0.0033820843195769058,0.025231571972176698,99917.25618020027,0.002644896603989077,8895830.103858639,297.55166019518117,0.026528670281708546,1.5479371010906093,-0.31125041307602275,0.4751681867650616,"{""type"":""MultiPoint"",""coordinates"":[]}"
20180615,2018-06-15,296.78988364534126,-0.003935384790131302,0.013257670622309582,99946.19547355827,0.0012232166870466603,1.0553206897223227E7,297.8274362561566,0.014115569937756117,1.055499037293119,-0.11309874792886564,0.4738772529036196,"{""type"":""MultiPoint"",""coordinates"":[]}"
20180616,2018-06-16,296.83806139197065,-0.005419114833644613,0.010938485966793176,100025.03143565137,0.0012599615426515786,1.3094851367472056E7,297.93916496632704,0.016284245495493746,1.301913459393565,-0.14416111795242223,0.4807033805925122,"{""type"":""MultiPoint"",""coordinates"":[]}"
20180617,2018-06-17,297.00021056977596,-0.003748931881380219,0.0102577784723037,99979.3631494217,5.752590457713008E-4,9473400.366390193,298.0465045635023,0.010145946851269325,0.8402949765491177,-0.48891706020446024,0.463741804949007,"{""type"":""MultiPoint"",""coordinates"":[]}"
20180618,2018-06-18,296.44948128430747,-0.007912346035285072,0.007987059346506667,99961.03975116498,2.1410880968366947E-4,1.5451627792282728E7,297.9168416805202,0.009315400936846007,0.6615073862865661,0.2924752972535552,0.49556988107282574,"{""type"":""MultiPoint"",""coordinates"":[]}"
20180619,2018-06-19,296.4398121758714,-0.006641092089875013,0.012413313561963811,99904.61631494453,0.0025025034666577278,1.4805379208077896E7,297.549288178224,0.027208324196940806,0.8692114857874153,0.7972606422523135,0.4818860709860657,"{""type"":""MultiPoint"",""coordinates"":[]}"
20180620,2018-06-20,296.6554451257022,-0.004068721819291509,0.021296058568849575,99860.53741135928,0.002804203964487724,1.0472830339704292E7,297.2710437788415,0.03418571274569791,1.462452178076492,0.9515355289061207,0.47818853110272036,"{""type"":""MultiPoint"",""coordinates"":[]}"
20180621,2018-06-21,296.82577678580924,-0.002977315126893067,0.05801082987928063,99828.25661154764,0.004051010734631703,8240426.759466282,297.288710973744,0.03901542409894443,1.4943764477140673,-0.042058481965475986,0.47592605187752773,"{""type"":""MultiPoint"",""coordinates"":[]}"
20180622,2018-06-22,296.57371272896324,-0.0038748441396359713,0.02027809642204257,99790.72369855057,0.0026184199220043126,1.010474324341868E7,297.4235505341251,0.025968867091121464,1.257808083452733,-0.12198910045142297,0.4737730722098357,"{""type"":""MultiPoint"",""coordinates"":[]}"
20180623,2018-06-23,296.4727984560354,-0.004337531961487212,0.014196433470840708,99798.17948946406,0.0017109200750668042,1.1265850482509919E7,297.38305137185813,0.020781946700701947,0.8225498841436225,-0.2599359568473109,0.4829118783434705,"{""type"":""MultiPoint"",""coordinates"":[]}"
20180624,2018-06-24,296.3863981040371,-0.007095809676642459,0.009529792702008877,99868.45014612636,1.3605016896624106E-4,1.3234511234042553E7,297.86525332330154,0.006821148475007925,0.9941123357571752,-0.04150985666931443,0.49165654380184814,"{""type"":""MultiPoint"",""coordinates"":[]}"
20180625,2018-06-25,296.2284033369856,-0.004883929639732283,0.01191115739368765,99851.28494858812,0.001041527478823024,1.1393163994230079E7,297.2037837302144,0.020830556272753036,1.160031268796979,-0.2019969467962572,0.48899040240510067,"{""type"":""MultiPoint"",""coordinates"":[]}"
20180626,2018-06-26,296.41646483712856,-0.007368080702190834,0.007748800134061264,99769.6274200414,1.1962423825840036E-4,1.343097513667508E7,297.90846666766413,0.005764075786668417,1.0325765468736354,-0.7797546763591491,0.4956104558510682,"{""type"":""MultiPoint"",""coordinates"":[]}"
20180627,2018-06-27,296.2138987721295,-0.00666447708318047,0.010242349448356223,99743.57056735245,0.0010907592092702161,1.2613225967544181E7,297.37491795443225,0.022256088229089577,1.027726173744793,-0.5174132840165384,0.4815076424935387,"{""type"":""MultiPoint"",""coordinates"":[]}"
20180628,2018-06-28,295.8910622556045,-0.003643230524006795,0.011774683053468567,99763.86847913568,7.582878458168893E-4,7638786.579156149,296.5936901236056,0.017648777878778162,0.1485444190539711,-0.086340721058493,0.4732446218858131,"{""type"":""MultiPoint"",""coordinates"":[]}"
20180629,2018-06-29,296.2018804136328,-0.002729444539196604,0.03603783433902921,99745.3970851153,0.004204091634446863,7392425.042192575,296.79779428219996,0.042093021657500014,0.514490655127992,-0.2996014905729637,0.4782925572643516,"{""type"":""MultiPoint"",""coordinates"":[]}"
20180630,2018-06-30,296.1538596125174,-0.006123532104150421,0.02453310304585666,99780.44703025925,2.857582194255743E-4,1.2054020314460874E7,297.5355930899267,0.008330373402967377,0.35970815710615034,-0.6034285812828458,0.47336479803306136,"{""type"":""MultiPoint"",""coordinates"":[]}"
20180701,2018-07-01,296.40634544309273,-0.005699722803632061,0.01245771842584514,99802.78622977616,0.0010105105989511548,1.1951320063469166E7,297.61351353498253,0.014365040961130372,0.3804660429818684,-0.3001562577483889,0.47876592341029944,"{""type"":""MultiPoint"",""coordinates"":[]}"
20180702,2018-07-02,296.3165497450261,-0.0077300701066018735,0.01142533153854378,99824.9984866157,0.0016803679147482005,1.4164260357735306E7,297.7340032609843,0.012103459845041289,0.5427565989062713,-0.47514440974932415,0.47597467665747384,"{""type"":""MultiPoint"",""coordinates"":[]}"
20180703,2018-07-03,296.3161077855914,-0.009018059560657625,0.008740862208800415,99867.816201875,1.1745595809487376E-4,1.4950044582762357E7,298.2670177262998,0.005381517290831433,0.56822970532815,-0.8217870448841931,0.4866709854184672,"{""type"":""MultiPoint"",""coordinates"":[]}"
20180704,2018-07-04,296.1708912022313,-0.013505715862040137,0.007418089278587744,99900.01386521537,2.5194647442851735E-5,2.0800070786873426E7,299.06059759845954,0.0019034848946517594,0.6442348188126741,-1.1260752745840554,0.4762233320745887,"{""type"":""MultiPoint"",""coordinates"":[]}"
20180705,2018-07-05,296.1242555787264,-0.012514960113476213,0.006529034221168036,99914.46111839711,6.206789054984098E-5,2.0027013730977282E7,298.65336165970984,0.0044148862909111864,1.1752968632353802,-1.0617406046695759,0.4755952827975446,"{""type"":""MultiPoint"",""coordinates"":[]}"
20180706,2018-07-06,295.4506144213525,-0.015729815647774474,0.005786470383717358,99859.53254128354,5.2263654615317625E-5,2.0113991794085827E7,298.86418789587196,0.0036935617932861734,1.191353105699118,-1.7086199074499973,0.47971628548821266,"{""type"":""MultiPoint"",""coordinates"":[]}"
20180707,2018-07-07,296.08088026930614,-0.0064171495925657955,0.008486284306450867,99806.5529245459,0.0013360071227389728,1.2481939815362427E7,297.233002392686,0.023141281940393443,1.9436462488093047,-0.6634489676889026,0.47959474170848526,"{""type"":""MultiPoint"",""coordinates"":[]}"
20180708,2018-07-08,296.16012226599514,-0.004470622170349773,0.007182878922715411,99741.84399328956,5.891092640159365E-4,9337526.205914173,297.0303622423593,0.01813299148425788,2.3414949455403384,-1.1184190757458912,0.48206507413056865,"{""type"":""MultiPoint"",""coordinates"":[]}"
20180709,2018-07-09,296.2760907118245,-0.002573557900653778,0.010813086722523051,99812.1339749486,0.0011235220103198512,4957278.571943744,296.6390402445729,0.026569306263930153,2.2224553857575904,-0.5421271768093741,0.47918668500017797,"{""type"":""MultiPoint"",""coordinates"":[]}"
20180710,2018-07-10,296.24408400960084,-0.0037364383378249845,0.01754712225822951,99910.83719603186,0.002363930354576613,9174323.924269745,296.8366142162439,0.033872658920834055,2.312459441500367,-0.3510184159630236,0.4783874573164769,"{""type"":""MultiPoint"",""coordinates"":[]}"
20180711,2018-07-11,296.21853532801464,-0.0038876568907290823,0.026969036117620603,99923.19005192841,0.0018154638760622085,9446737.789397765,296.8445624869552,0.029189148083125407,2.1288231249998533,-0.707994447532275,0.4811388776485474,"{""type"":""MultiPoint"",""coordinates"":[]}"
20180712,2018-07-12,296.46906829358926,-0.006747980850281546,0.01521411229944642,99824.96696327449,7.174099075785623E-4,1.4821733611972595E7,297.75152246016904,0.017840591446228318,1.5073482854132152,-0.5849797567190325,0.48584991963612717,"{""type"":""MultiPoint"",""coordinates"":[]}"
20180713,2018-07-13,296.1575058690487,-0.003051153607491848,0.013209111958989333,99819.87767113734,8.927778126937239E-4,6742631.57951677,296.818027224187,0.019988462210393486,1.6168051477893786,-0.41898717761598603,0.48853575872363253,"{""type"":""MultiPoint"",""coordinates"":[]}"
20180714,2018-07-14,296.4071412719863,-0.0047184403124609624,0.022460774052048525,99733.55553487544,0.0011186176555663125,1.0399930760187523E7,297.274662779707,0.02086686830711466,1.7725781013020134,-1.0510601212104533,0.47192636414894856,"{""type"":""MultiPoint"",""coordinates"":[]}"
20180715,2018-07-15,296.6805841540155,-0.003094246517631752,0.037448972399123856,99740.05990927445,0.003464953043574338,6794456.670032456,297.0573787482861,0.04274511011528462,2.49931768162174,-0.8118273132279284,0.4770576544916535,"{""type"":""MultiPoint"",""coordinates"":[]}"
20180716,2018-07-16,296.65084095874766,-0.002566558180939106,0.04274739443535759,99834.86818601433,0.003810278945049997,6484245.839523981,296.93567365579185,0.044830456807554195,1.8317612947101052,-0.6177274051774708,0.47654587862253456,"{""type"":""MultiPoint"",""coordinates"":[]}"
20180717,2018-07-17,296.3634481667355,-0.006373228702064118,0.02442270845679914,99834.55124640554,7.950471914979554E-4,1.3705407561125137E7,297.5525664776503,0.020825209970232943,1.555837913006025,-0.8727598579933847,0.4775739710610969,"{""type"":""MultiPoint"",""coordinates"":[]}"
20180718,2018-07-18,296.3540437060747,-0.004025140421896948,0.015653105674991962,99878.66307936369,0.0024787632488533773,1.0189043726649838E7,297.1314763907044,0.023471528539965394,1.3897331697262456,-0.919019656795223,0.47726726772722433,"{""type"":""MultiPoint"",""coordinates"":[]}"
20180719,2018-07-19,296.21783915332963,-0.003473410383538568,0.017717673428816094,99924.09251553302,8.240369411525944E-4,8016364.00108186,296.99579293872034,0.021840281080036553,0.9818875734329454,-0.5729281218210398,0.48124691201654946,"{""type"":""MultiPoint"",""coordinates"":[]}"
20180720,2018-07-20,296.2940418675823,-0.0027908633076516986,0.02523931122314101,99946.28526166572,0.0010298996588790886,7580276.784709703,296.8818782245129,0.02316002786643661,1.0571355240779765,-0.6413389298330922,0.48259644577717875,"{""type"":""MultiPoint"",""coordinates"":[]}"
20180721,2018-07-21,296.1907414134728,-0.0071271067364977615,0.010296008476078661,99988.36246081544,3.512813281462677E-4,1.3938966609087633E7,297.6592458265735,0.012014744885650418,1.3011937343754694,-1.2383387219892958,0.4932261191963191,"{""type"":""MultiPoint"",""coordinates"":[]}"
20180722,2018-07-22,296.3220866985484,-0.010193054729201415,0.009166636679884418,99920.21129283775,5.401342790177529E-4,1.8850893301478542E7,298.1329757833957,0.008308087878212642,0.9308932616541857,-1.5566268042025475,0.4824537438173568,"{""type"":""MultiPoint"",""coordinates"":[]}"
20180723,2018-07-23,296.21100931388867,-0.00743904178763958,0.008411095655978997,99907.3044861185,4.22480994727351E-4,1.4676217280562568E7,297.7893627059906,0.012504053545499891,1.013391622457815,-1.4825718091620121,0.4833882029547487,"{""type"":""MultiPoint"",""coordinates"":[]}"
20180724,2018-07-24,296.2326191683088,-0.007695882731972729,0.010104446603724814,100004.16601216205,6.431791887058062E-4,1.5986460454020916E7,297.6695937566967,0.012074773306957403,0.8933777529999303,-1.2936018774437497,0.47176613253403044,"{""type"":""MultiPoint"",""coordinates"":[]}"
20180725,2018-07-25,296.15712243396666,-0.006929844628590949,0.007116227603177926,99995.54531888598,3.147334467621001E-4,1.3611207341146773E7,297.5673344439362,0.010157533185578285,0.9879417093861403,-1.1822270057224027,0.489938986790067,"{""type"":""MultiPoint"",""coordinates"":[]}"
20180726,2018-07-26,295.84679470848675,-0.00925067304527764,0.006252864514753959,100035.1211839051,1.1209236492201003E-4,1.4259653142084388E7,297.9371845654848,0.005738669330276317,1.2610346258424596,-1.2014290827772827,0.49515120452062816,"{""type"":""MultiPoint"",""coordinates"":[]}"
20180727,2018-07-27,296.39828222957806,-0.009915449218256914,0.005809955486978729,99976.90657534475,7.484255716596919E-5,1.7827393009376127E7,298.43702494729837,0.004355324188859031,0.8849926013215144,-0.914016911367024,0.49121004022762654,"{""type"":""MultiPoint"",""coordinates"":[]}"
20180728,2018-07-28,295.99991397442676,-0.011162799848542505,0.005473407183555847,99900.02921035903,1.0876643165457009E-4,1.752305468229355E7,298.2348226821685,0.005849594137967019,1.268513573005604,-0.7555565732877292,0.4919037866483501,"{""type"":""MultiPoint"",""coordinates"":[]}"
20180729,2018-07-29,296.3884118473692,-0.007610094172996258,0.006745700850368104,99811.90546513442,7.638974021885139E-4,1.3994584609448252E7,298.07341924924833,0.010899980959477185,1.0990539653496985,-0.5783731521558756,0.49100518160706624,"{""type"":""MultiPoint"",""coordinates"":[]}"
20180730,2018-07-30,296.36544612417265,-0.0052008537627324025,0.005896170518478247,99846.0961443918,5.232470155063194E-4,1.091172876956365E7,297.5728018575311,0.014676137791400437,1.0368992596495707,-0.18863544251744263,0.4703729299129611,"{""type"":""MultiPoint"",""coordinates"":[]}"
20180731,2018-07-31,295.96463858449334,-0.003522263743786704,0.006345319954273377,99980.12036464438,5.202076273234451E-4,9670088.885322755,296.85668449800795,0.011455436864459139,0.09933120245141959,-0.2547341045930361,0.4675936855394575,"{""type"":""MultiPoint"",""coordinates"":[]}"
20180801,2018-08-01,295.6137542233958,-0.009478776783202473,0.004653207648759106,100009.62160075488,6.432648045553269E-5,1.635743753840606E7,297.6919196172753,0.003734983070159119,0.6295840165580405,-0.517845286100956,0.48082499361364944,"{""type"":""MultiPoint"",""coordinates"":[]}"
20180802,2018-08-02,296.03940375307786,-0.012149387818089129,0.004551939325043753,100043.39885675628,1.1786503876497976E-4,1.974901687270105E7,298.5886308248406,0.005911063854542371,0.8124455067813076,-0.8363962170022772,0.4813363398191864,"{""type"":""MultiPoint"",""coordinates"":[]}"
20180803,2018-08-03,296.0465821058565,-0.0054223047367210125,0.004358268726121378,100092.47647111234,7.41820052948576E-5,9764067.109628564,297.60268964491183,0.004025531397627914,0.2351693541889854,-0.7952503983196926,0.4907435441134656,"{""type"":""MultiPoint"",""coordinates"":[]}"
20180804,2018-08-04,295.93436136324834,-0.00596048276544993,0.004197112823646077,100095.17283729972,5.743648014556964E-5,1.0065396565813199E7,297.80288861849397,0.003374681948777188,0.6634435595221095,-0.8591242398847712,0.48792577457622854,"{""type"":""MultiPoint"",""coordinates"":[]}"
20180805,2018-08-05,295.79367907217227,-0.011432884464539479,0.004066707232541829,100092.17172098509,8.809260736507414E-5,1.7677436401370358E7,298.21811256702165,0.00508747386701097,1.5201001465929607,-1.2500089137567638,0.48397979479538794,"{""type"":""MultiPoint"",""coordinates"":[]}"
20180806,2018-08-06,295.76555470093945,-0.009366070023468157,0.0040207940761337125,100003.05412373737,1.3757400615009813E-4,1.61886913469167E7,297.7989386498806,0.007110240350396087,1.306269655435156,-0.9866443415045784,0.4934652478437839,"{""type"":""MultiPoint"",""coordinates"":[]}"
20180807,2018-08-07,295.7744015747431,-0.005339244973711104,0.005436189859578895,99884.51805724988,5.013983786707959E-4,1.0834734531554274E7,296.7797155544182,0.016411336519572734,1.0280581335706742,-0.6655583134464438,0.4867166533380164,"{""type"":""MultiPoint"",""coordinates"":[]}"
20180808,2018-08-08,295.9943007290228,-0.0020646695914119753,0.009935062436411797,99864.15567655273,0.0017051286793898649,4679130.937252074,296.3382987320345,0.0288667546380787,1.2238227201347842,-0.4128343337773561,0.47921976508365144,"{""type"":""MultiPoint"",""coordinates"":[]}"
20180809,2018-08-09,295.93394577974647,-0.005994335898381898,0.0077153949145586384,100048.10825733539,4.214438217837501E-4,1.229946132239452E7,297.2469468502517,0.012060592904165682,0.7682791064602061,-0.7919807821415497,0.4825184793766912,"{""type"":""MultiPoint"",""coordinates"":[]}"
20180810,2018-08-10,296.00684034029075,-0.004972727842336093,0.009691967665504298,100133.21956902593,0.0011609727446241066,1.0669492527226832E7,297.0356604221535,0.014462744600176169,0.8135513551448138,-0.9927283890589252,0.47650634384109414,"{""type"":""MultiPoint"",""coordinates"":[]}"
20180811,2018-08-11,295.98703817295797,-0.002475352069175592,0.009062114147838168,100028.5092057949,7.638684354703693E-4,6396011.883159033,296.5487615583264,0.011238758813546749,0.6797766891261222,-1.2292801846476586,0.47717981811956317,"{""type"":""MultiPoint"",""coordinates"":[]}"
20180812,2018-08-12,295.6671690082792,-0.003699600738209592,0.008711754955993509,99921.01148643636,7.341677075123643E-4,8715843.232960692,296.40301815330565,0.018345110340008953,0.9209020653371698,-0.9579628445606622,0.4888078493773329,"{""type"":""MultiPoint"",""coordinates"":[]}"
20180813,2018-08-13,296.05017898432106,-0.004351893941654525,0.015948278601746503,99907.7153737632,0.001683179282385479,1.1250480727371078E7,296.81407565316243,0.02398267444527293,0.38184460849626695,-0.47378072209592653,0.48599700971296855,"{""type"":""MultiPoint"",""coordinates"":[]}"
20180814,2018-08-14,296.2157745526407,-0.0035145653796634486,0.06760862448178516,99863.06671081686,0.009631128320077504,7213524.720879914,296.548019735669,0.07264424378728766,3.021935911301251,-0.13953803956673433,0.48026336736870523,"{""type"":""MultiPoint"",""coordinates"":[]}"
20180815,2018-08-15,295.93351476779134,-0.0032322625342448867,0.13186672075997183,99893.9882467375,0.038689462455265625,3188229.454381536,296.2822142721499,0.14094766883502294,3.383326622052381,0.3841115287009706,0.4869475904057298,"{""type"":""MultiPoint"",""coordinates"":[]}"
20180816,2018-08-16,295.94059319375214,-0.0028654407821340428,0.07327409282063391,99905.52504544146,0.006513329297357889,4796321.642985936,296.3153078762697,0.062367403394393874,2.645885742431449,-0.18945712341914342,0.47554676967510334,"{""type"":""MultiPoint"",""coordinates"":[]}"
20180817,2018-08-17,296.0994304769787,-0.003939552219860657,0.025395413697453732,99790.51838599895,0.0015106391372596408,8836605.8629643,296.76084684222246,0.029423467727885302,2.571805296644653,-1.1093488367636453,0.4760380898663768,"{""type"":""MultiPoint"",""coordinates"":[]}"
20180818,2018-08-18,296.1383054350156,-0.0043357340837272985,0.022907740043209557,99843.26604008896,6.478864751995321E-4,1.0116131827984132E7,296.96849628205,0.020173583292736053,2.3176138584739046,-1.1598732065647208,0.47827204587239186,"{""type"":""MultiPoint"",""coordinates"":[]}"
20180819,2018-08-19,295.8500555219352,-0.006405426713907028,0.015421300884665376,99844.02905792886,4.51163341433315E-4,1.3980419706455106E7,297.1443401551731,0.015066128136812457,1.9739175373035671,-1.436115215927782,0.4808634804882586,"{""type"":""MultiPoint"",""coordinates"":[]}"
20180820,2018-08-20,295.6721340995208,-0.0052902696407683865,0.011398922962335058,99930.06349540353,2.830650615769519E-4,1.258540926902272E7,296.90238168558005,0.010065343302163758,1.1432724184737153,-1.0167664888888432,0.4878977782337378,"{""type"":""MultiPoint"",""coordinates"":[]}"
20180821,2018-08-21,295.5809970220161,-0.011393345432981362,0.008323803232372173,99943.40358936905,5.7997965894362757E-5,1.9894979675802387E7,297.96901925508047,0.0036658196956343694,0.9911154052187781,-1.0090413933147648,0.4853846198851307,"{""type"":""MultiPoint"",""coordinates"":[]}"
20180822,2018-08-22,295.59579402154594,-0.012877510059215173,0.007471829830117059,99947.72371240251,2.8200307038128697E-4,2.1009228608366393E7,298.28376818717794,0.003511678365849813,0.8219753874796976,-1.298058807613443,0.479109401384187,"{""type"":""MultiPoint"",""coordinates"":[]}"
20180823,2018-08-23,295.4060738081256,-0.015659327261765166,0.0063544833784794676,99940.40415002088,1.2213855261756247E-5,2.068241048467364E7,298.6846379888704,9.705645112496097E-4,1.32437149471554,-1.515222553665756,0.4663637722752274,"{""type"":""MultiPoint"",""coordinates"":[]}"
20180824,2018-08-24,295.3790677271578,-0.011790507905295386,0.005667018758188807,99891.97055638826,6.569039615276183E-6,1.5465951656689506E7,298.39233762023684,5.587519526352663E-4,0.882680945448584,-1.3251940604227213,0.45731861686775344,"{""type"":""MultiPoint"",""coordinates"":[]}"
20180825,2018-08-25,295.51145569431856,-0.012360297175701286,0.005106425278890964,99839.48942509246,8.687806868871284E-6,1.5789672207356654E7,298.41650580786677,7.807355504409096E-4,1.0352658022910248,-1.3011540900286693,0.45018412244622275,"{""type"":""MultiPoint"",""coordinates"":[]}"
20180826,2018-08-26,295.8132027707316,-0.009519814012865706,0.00470275889707308,99790.37501197371,7.040183111256827E-5,1.699879349657411E7,297.9496575341888,0.005150628571876679,0.9905834278244714,-0.9655247041419345,0.46189055079980496,"{""type"":""MultiPoint"",""coordinates"":[]}"
20180827,2018-08-27,295.6897826689426,-0.007343708927445235,0.0043259898554621045,99847.63420068848,7.127393594598066E-5,1.2604050404976564E7,297.84387628807735,0.00514351686726741,0.5313316658864675,-1.0691352841630268,0.47810555857124065,"{""type"":""MultiPoint"",""coordinates"":[]}"
20180828,2018-08-28,295.9361692571428,-0.005138167322187101,0.0050766739606040515,99930.3428767989,8.007058658154487E-4,1.0119772134150742E7,296.9389567319585,0.015802565676363803,0.865692348688866,-1.2050081264200312,0.48354828015215223,"{""type"":""MultiPoint"",""coordinates"":[]}"
20180829,2018-08-29,295.7639045653428,-0.006205364744713967,0.004053776264942987,99954.94160082296,2.1589010835682663E-4,1.2062128258564735E7,297.5424000283448,0.00452149390604211,0.5624197386594787,-1.3578157702780842,0.47699430559472217,"{""type"":""MultiPoint"",""coordinates"":[]}"
20180830,2018-08-30,295.4613058347229,-0.011108172743749499,0.0034956270140342844,99897.2874432305,2.573966560834933E-5,1.537487589830509E7,298.26655444991115,0.002142117856815323,1.086090989404608,-1.3902973542492583,0.4677627558661763,"{""type"":""MultiPoint"",""coordinates"":[]}"
20180831,2018-08-31,296.0187791906193,-0.006075417247439308,0.0038598867296484717,99948.36301759342,5.291684000362268E-4,1.1652098090876311E7,297.36748266099727,0.01343346355535999,0.36830165847904883,-0.8508930855150452,0.48490514662392165,"{""type"":""MultiPoint"",""coordinates"":[]}"
20180901,2018-09-01,295.8510761020247,-0.007174856424750812,0.004269934347012909,99999.89535426717,7.722289004224412E-5,1.1739478650558963E7,297.5215546756657,0.003831698421973229,0.4123821625386828,-0.6412891661236674,0.45746969050377495,"{""type"":""MultiPoint"",""coordinates"":[]}"
20180902,2018-09-02,295.45415590370857,-0.01221941789800924,0.0030089863587749854,99997.49136565677,2.2672130190591027E-5,1.898508123981248E7,298.16470866175234,0.0019133289986425388,0.8063565823217614,-0.8742309108722209,0.45949118050521254,"{""type"":""MultiPoint"",""coordinates"":[]}"
20180903,2018-09-03,295.1886758830688,-0.015617609155702542,0.002842737658011798,99983.547380831,4.243956031758047E-7,2.1533595080057707E7,298.55549931586364,3.639632583576656E-5,0.8374203203790305,-0.9039063000280652,0.4498492908214116,"{""type"":""MultiPoint"",""coordinates"":[]}"
20180904,2018-09-04,294.9743928169887,-0.01742427066247944,0.00270237195988317,100034.27475196791,3.9333879969157E-6,2.5183861251712948E7,298.58304978884365,3.6162714633898905E-4,0.975029481662439,-0.9936320843469034,0.4358491103141007,"{""type"":""MultiPoint"",""coordinates"":[]}"
20180905,2018-09-05,295.0791720995495,-0.013875063495314859,0.0025790504764616378,100010.58898451825,1.1838865095297438E-5,1.9715697835917786E7,298.37327439837463,0.001123780001378442,0.8351835791258473,-0.9776838555446625,0.432216355628385,"{""type"":""MultiPoint"",""coordinates"":[]}"
20180906,2018-09-06,294.93249781439266,-0.01306296859220009,0.0024879585952910115,99976.44441681885,4.1467422102918876E-5,1.8670175304002885E7,298.1363682646579,0.003647120989490162,1.157491818315809,-0.7381388523040132,0.4331359049350772,"{""type"":""MultiPoint"",""coordinates"":[]}"
20180907,2018-09-07,294.8936300274272,-0.014540472297280699,0.0023554603529242976,100010.2800886666,2.081831127910291E-5,2.205938118283448E7,298.1843443688384,0.0017637122791291774,0.7035110914760205,-0.7817406988241364,0.44509033435152495,"{""type"":""MultiPoint"",""coordinates"":[]}"
20180908,2018-09-08,295.06586889057644,-0.014766956005464424,0.002231362606595236,99913.99158799232,6.590389169341514E-6,2.1417440196538042E7,298.5539108963738,6.715040177031626E-4,0.7641255534287044,-1.0993527334346007,0.43285217954642735,"{""type"":""MultiPoint"",""coordinates"":[]}"
20180909,2018-09-09,295.2156651755167,-0.018509151493969957,0.002116979001404962,99926.35129103699,3.848723285343516E-7,2.5355968895420123E7,299.1390494247916,4.1763780808511834E-5,0.9658501628844094,-0.9203473416239129,0.4161855435339874,"{""type"":""MultiPoint"",""coordinates"":[]}"
20180910,2018-09-10,294.9037674703138,-0.016345062175899303,0.0020140688255122973,100083.63278978514,1.1507963128267019E-7,2.1543565954561852E7,298.91076852106283,1.2595202355167349E-5,0.8893494810647068,-1.0165106663696466,0.40172545092225376,"{""type"":""MultiPoint"",""coordinates"":[]}"
20180911,2018-09-11,295.4731764013284,-0.014842703578448925,0.001919959717135631,100078.28657906837,1.1401322831154902E-6,2.065869639956726E7,299.11438900983916,1.3299568374726568E-4,0.9112077470667759,-0.8264319415791188,0.3903813003877534,"{""type"":""MultiPoint"",""coordinates"":[]}"
20180912,2018-09-12,295.5863984588649,-0.015504443383242649,0.0018309303947274022,99925.54159153749,6.643752307183384E-7,2.0513960525063105E7,299.29097602143577,7.788638606270416E-5,0.9810940391356194,-0.7935247845712196,0.38060534408794955,"{""type"":""MultiPoint"",""coordinates"":[]}"
20180913,2018-09-13,294.8407368321218,-0.016356476415667433,0.0017483387796663006,99879.88631135006,2.781799069131879E-6,2.097195224305807E7,299.1066011833965,3.308145917420569E-4,0.9841999742242205,-0.9553524781941422,0.37288862708268633,"{""type"":""MultiPoint"",""coordinates"":[]}"
20180914,2018-09-14,294.82567647472433,-0.016944560068170824,0.001666365517118628,99960.86793233582,5.369979768636809E-7,2.0394864865128025E7,299.11761754647324,6.879724527239327E-5,0.7660306074653974,-0.488931701696038,0.3636874562201699,"{""type"":""MultiPoint"",""coordinates"":[]}"
20180915,2018-09-15,294.8069874134928,-0.017893582727562595,0.0015916246564819025,99941.76110844243,8.123121105115681E-7,2.0615086286693115E7,299.2269581715523,1.0690138608611888E-4,0.6245415753248666,-0.5065910692670079,0.3550140413187318,"{""type"":""MultiPoint"",""coordinates"":[]}"
20180916,2018-09-16,295.67205250127085,-0.011960450755993123,0.0016762170036519182,99875.41767245914,1.517578078184668E-4,1.5512138456184635E7,298.5794618686584,0.011948216084513127,0.5689149137327973,-0.10160916542860733,0.3851348911573829,"{""type"":""MultiPoint"",""coordinates"":[]}"
20180917,2018-09-17,296.0804269169083,-0.008034802885948432,0.001521428660756623,99882.72723784133,5.0864957899037915E-5,1.3162025707536967E7,298.10870274661727,0.004643733965503668,0.471077220745708,-0.1941859664101916,0.4594295992130757,"{""type"":""MultiPoint"",""coordinates"":[]}"
20180918,2018-09-18,295.99842055139953,-0.010784235474943385,0.0014672515261616042,99913.9082023033,4.758333583794645E-5,1.747357959177786E7,298.52472283700035,0.004721816293014789,0.9558852773859658,-0.026780662835826505,0.45430088845679584,"{""type"":""MultiPoint"",""coordinates"":[]}"
20180919,2018-09-19,295.9802308514192,-0.008587427118916052,0.0014958145050550258,99817.7815830338,1.255843238928582E-4,1.617105138874865E7,298.1882803841614,0.005714482749315977,0.6229849124215576,-0.731966866310836,0.4592273236180831,"{""type"":""MultiPoint"",""coordinates"":[]}"
20180920,2018-09-20,295.6034170793418,-0.009220413913365267,0.0013833318484676388,99685.40770504173,5.834714636835345E-5,1.5684235244861163E7,297.81907870428756,0.004919191264220623,0.18123043201078315,-0.016898508412374554,0.46266667053868293,"{""type"":""MultiPoint"",""coordinates"":[]}"
20180921,2018-09-21,294.8909180954481,-0.013806466146191234,0.001291468981324315,99789.5687750509,1.242420989771505E-5,2.0657188012982335E7,298.54591927366175,0.0013436974115935724,0.31333558217509605,-0.19915483416036742,0.44990785025335117,"{""type"":""MultiPoint"",""coordinates"":[]}"
20180922,2018-09-22,295.42102369337596,-0.014682171289300902,0.0012361474773146988,99973.7518469463,5.939319122581331E-6,2.25675404590696E7,299.15267228558605,6.635382132026379E-4,0.1688760837005127,0.07396305693587313,0.4320809538224839,"{""type"":""MultiPoint"",""coordinates"":[]}"
20180923,2018-09-23,296.26956758844216,-0.011818845858115651,0.0012284127536595535,100072.04582084308,4.35851898556189E-5,1.8182148107465018E7,299.08983188381086,0.00398659862872989,0.019643304611372963,0.20821150969335533,0.4302566270155323,"{""type"":""MultiPoint"",""coordinates"":[]}"
20180924,2018-09-24,296.56013100329807,-0.010999567135013145,0.0013508680083456775,100053.58975224498,1.3237078719477858E-4,1.4421039746269604E7,299.0311512360708,0.0050728196245653995,-0.013346297076895112,-0.06101172352112289,0.44554241094212094,"{""type"":""MultiPoint"",""coordinates"":[]}"
20180925,2018-09-25,295.87398527333164,-0.013598771642905644,0.0011138466159617306,99912.70989003436,4.69658753521985E-6,1.802643342191452E7,299.5319403671191,5.320244859763661E-4,0.462388826084332,-0.5497998635719309,0.43192460121680276,"{""type"":""MultiPoint"",""coordinates"":[]}"
20180926,2018-09-26,296.42425633703436,-0.01479571567108775,0.001882245829291951,99789.26441072396,8.118386265176581E-4,1.9632184154000174E7,299.65244491330446,0.012588606736071144,0.24745053611046453,-0.33519913918382493,0.4349738005362876,"{""type"":""MultiPoint"",""coordinates"":[]}"
20180927,2018-09-27,296.96601119662205,-0.010604273699817786,0.0022614269110643173,99755.4139903642,8.812380710793367E-4,1.7478455001264546E7,299.0962993581933,0.012932096194132728,-0.06675293852838993,-0.10104991822506978,0.4649656258862901,"{""type"":""MultiPoint"",""coordinates"":[]}"
20180928,2018-09-28,296.6711872005451,-0.011439762098712695,0.003488129757820293,99803.41005758422,0.001769157119157123,1.7914789883135226E7,299.0642743326751,0.017744413660344977,0.08954678666263492,-0.07061755013789733,0.4718483904116226,"{""type"":""MultiPoint"",""coordinates"":[]}"
20180929,2018-09-29,297.0201953269353,-0.007738341873909995,0.002575807259953757,99831.19567810929,7.013629274251356E-4,1.2211517474540554E7,298.5542131115116,0.011087365733366437,-0.08612609915556219,-0.16327264971251038,0.4734159197453652,"{""type"":""MultiPoint"",""coordinates"":[]}"
20180930,2018-09-30,297.0330626649028,-0.008249673832528996,0.002017174290914292,99809.41405434148,7.65044209901667E-4,1.5102481103608163E7,298.7480807244198,0.011933197229875694,-0.2802881710173091,-0.21192985607577797,0.4769316290502208,"{""type"":""MultiPoint"",""coordinates"":[]}"
20181001,2018-10-01,296.91992154507165,-0.009433151637544884,0.0015028877337616017,99808.65022903848,2.7284034206426157E-4,1.6694052496712193E7,298.6811085529146,0.008376917999615277,-0.23447382259517927,0.17824708022582936,0.48066867987028267,"{""type"":""MultiPoint"",""coordinates"":[]}"
20181002,2018-10-02,296.9693403559274,-0.008451072623421905,0.0011579944200348948,99863.27771963089,1.1916116304531711E-4,1.4356414594398083E7,298.74195471221486,0.0049832669361946965,-0.20624305577443783,-0.002426973084501243,0.48016792347345494,"{""type"":""MultiPoint"",""coordinates"":[]}"
20181003,2018-10-03,296.9599360238906,-0.008048225500514438,0.005451242939535136,99841.96264422464,0.0019843643870415604,1.4231959148436187E7,298.413242402451,0.023503269391595426,-0.1869287732731109,-0.10767487117427088,0.4737998410076001,"{""type"":""MultiPoint"",""coordinates"":[]}"
20181004,2018-10-04,297.1825720712191,-0.0026642360260694673,0.00675762566985355,99752.57494157532,0.0028964908779462754,8763517.266122915,298.0397399797336,0.027508021215110576,-0.31971649631225574,-0.0032264474980431986,0.4772124142009974,"{""type"":""MultiPoint"",""coordinates"":[]}"
20181005,2018-10-05,296.755071843612,-0.004177808678304939,0.014191849354024491,99719.13118237196,0.003888719383018609,7160579.242033386,297.7385429930753,0.03109569028522136,-0.36210021165604067,0.0359440200216195,0.46894737779700063,"{""type"":""MultiPoint"",""coordinates"":[]}"
20181006,2018-10-06,296.83817335418354,-0.006610227842118994,0.003926474648049881,99755.55045484877,9.195473605314834E-4,1.1492367486511553E7,298.43773007063305,0.009318596602144288,-0.47471511305231145,0.15468427061332446,0.47234867954357324,"{""type"":""MultiPoint"",""coordinates"":[]}"
20181007,2018-10-07,296.5767914067812,-0.008932621392572225,0.005403381605420009,99810.18973691393,0.0022271304994853796,1.6276414366829216E7,298.45117106932355,0.013050413931806474,-0.6525180354429592,0.6274885284684286,0.470099905531973,"{""type"":""MultiPoint"",""coordinates"":[]}"
20181008,2018-10-08,296.6786889450985,-0.0070048370853662955,0.005092879959469104,99862.43811582487,9.087607979215616E-4,1.4057348265904253E7,297.992063905918,0.017942593002997893,-0.16735436638640538,0.27144090348904154,0.4780986306472157,"{""type"":""MultiPoint"",""coordinates"":[]}"
20181009,2018-10-09,296.50026011567286,-0.004382604780800713,0.005566117431319583,99823.73409396978,4.802769862096576E-4,8524104.061788779,297.7574685561369,0.012655751229810674,0.04612087438220888,0.0206966832475402,0.48054125790757074,"{""type"":""MultiPoint"",""coordinates"":[]}"
20181010,2018-10-10,296.41760256749274,-0.008209364369828649,0.005641714891091694,99794.30626996796,0.0015851781255838636,1.56552463736026E7,298.16105268551536,0.010552590268278537,-0.0021544372910762117,-0.21552716408917677,0.4583677899910577,"{""type"":""MultiPoint"",""coordinates"":[]}"
20181011,2018-10-11,296.9951365565234,-0.00963957940778748,0.004067085968149814,99833.68679589832,1.556369460235208E-4,1.8668069372520737E7,298.84047063833714,0.007303520084884092,0.269676101882665,-0.1749612907045577,0.47086383958521444,"{""type"":""MultiPoint"",""coordinates"":[]}"
20181012,2018-10-12,297.1446621105324,-0.007577773321955976,0.0040133477057999675,99904.45815977312,1.985303791601908E-4,1.629240336170213E7,298.79576340024323,0.00587621690218946,-0.1616745352788046,0.04505589541685038,0.4801710497689572,"{""type"":""MultiPoint"",""coordinates"":[]}"
20181013,2018-10-13,296.5799845562401,-0.008189952744555916,0.004286832306796019,100077.63171625898,6.003736202956708E-4,1.7172776362423368E7,298.39351871200216,0.00810294360287818,-0.28001066084764437,0.8464733047659603,0.47295158570568513,"{""type"":""MultiPoint"",""coordinates"":[]}"
20181014,2018-10-14,296.3117991528957,-0.004928050868366327,0.005095933660397322,100156.24786562574,0.0011140728336441529,1.1792473616300039E7,297.49631856952044,0.012337227676734144,-0.455320697834406,0.7511611704156296,0.4703635576754641,"{""type"":""MultiPoint"",""coordinates"":[]}"
20181015,2018-10-15,296.58253976166395,-0.007399437229662565,0.003878282111042724,100102.07114977996,2.3170379774689983E-4,1.525712339704292E7,298.1803554854065,0.004867513329484267,-0.3560419677613318,0.30758145027743017,0.47348842730902174,"{""type"":""MultiPoint"",""coordinates"":[]}"
20181016,2018-10-16,296.5187886693555,-0.004639740757915546,0.0053017450811585235,100213.2852793915,0.001229937680353123,1.1254284423368197E7,297.65041166682244,0.014539874480703622,-0.438149478920149,0.6272637460907862,0.4758724957106276,"{""type"":""MultiPoint"",""coordinates"":[]}"
20181017,2018-10-17,295.58593720217027,-0.010840188613812331,0.0036640835128619797,100131.58723682471,2.1894682390871268E-5,1.849250526036784E7,298.4179445732843,0.0012756763624929975,-0.26494427233995316,0.23140297670865345,0.47297335800205753,"{""type"":""MultiPoint"",""coordinates"":[]}"
20181018,2018-10-18,295.57709037972444,-0.013655517880361177,0.0036234493520859133,100023.5192541523,1.305073574910816E-4,2.1760401087630726E7,299.2561526050332,0.006073092137898784,0.031124721884311916,0.14185058991773472,0.46688239673880927,"{""type"":""MultiPoint"",""coordinates"":[]}"
20181019,2018-10-19,296.4992290379438,-0.009490293894988124,0.0054710024542598745,100030.83844869425,0.001345145876468668,1.5840465829065995E7,298.43964629684,0.014005995370659897,-0.3742674068556855,-0.14835897542662543,0.483753498048504,"{""type"":""MultiPoint"",""coordinates"":[]}"
20181020,2018-10-20,296.28126088488716,-0.004686408423309158,0.005964609826896493,100147.09896848751,0.0011341625329522162,1.2783962366390198E7,297.45667600213284,0.01587201253928336,-0.3724036402162959,0.11005512550912064,0.4710071785889333,"{""type"":""MultiPoint"",""coordinates"":[]}"
20181021,2018-10-21,296.4471668638222,-0.009088204691997302,0.006123917907465678,100123.67786256425,0.001015909781879008,1.674638782545979E7,298.40804851902044,0.013713135482863402,-0.2229577142439406,0.09504226458045438,0.4713726756750126,"{""type"":""MultiPoint"",""coordinates"":[]}"
20181022,2018-10-22,296.28812854389463,-0.006745965782589231,0.01613186012041341,100129.68347565629,0.0012677929975734561,1.2619637667508118E7,297.6568031388989,0.01827573882912283,-0.18981682219633134,0.26968978852488584,0.4711354223921516,"{""type"":""MultiPoint"",""coordinates"":[]}"
20181023,2018-10-23,296.032758200107,-0.013035337619679607,0.006145142314346353,100090.71054964543,1.5151396452886207E-5,2.103799503425893E7,298.9363629659476,0.0011467407702254228,0.0034484562929439832,0.13088769129741537,0.45605905246012396,"{""type"":""MultiPoint"",""coordinates"":[]}"
20181024,2018-10-24,295.6819581477627,-0.014101470827658684,0.005288677985299335,100049.4620484147,4.7251111950377386E-5,2.2341705139560048E7,299.1214835928931,0.0030453402553008912,-0.24513134690972668,0.2421923299895585,0.4513739570858875,"{""type"":""MultiPoint"",""coordinates"":[]}"
20181025,2018-10-25,296.16969839674533,-0.013338789132917743,0.004731246545303612,100066.99286630427,2.0577872203568284E-5,2.112498447457627E7,299.31816999034436,0.0014778359863025826,-0.14168329785715317,0.20916264529181788,0.45074707150015075,"{""type"":""MultiPoint"",""coordinates"":[]}"
20181026,2018-10-26,296.2220543133322,-0.012871544972045994,0.004307803831889747,100061.68376719287,1.2302286909497518E-5,2.01393357259286E7,299.98203741711694,0.0010893229640996118,-0.36081921921024007,0.39564259301041277,0.4399702425458165,"{""type"":""MultiPoint"",""coordinates"":[]}"
20181027,2018-10-27,295.8703504414037,-0.014329082717104074,0.003945504731320321,100051.4380865362,8.122607920516327E-6,2.239948290948432E7,299.7493342649394,7.812717583759597E-4,-0.2574552659132057,0.2408083360174239,0.42796806510157676,"{""type"":""MultiPoint"",""coordinates"":[]}"
20181028,2018-10-28,294.9689053722208,-0.016931292486403602,0.0036283798873145106,99942.09000492567,2.1963118647050223E-6,2.272309287197981E7,299.9497436370282,2.0934095172128544E-4,-0.33595502312072467,0.0196495770204381,0.41526224819824875,"{""type"":""MultiPoint"",""coordinates"":[]}"
20181029,2018-10-29,296.08328361731344,-0.0117761750409653,0.003381781481553018,99895.33282133943,1.3875624912549477E-5,1.9399642942661382E7,298.99871836718586,0.0013947451201567758,-0.06958285718171096,0.002483414233712451,0.4113199632032258,"{""type"":""MultiPoint"",""coordinates"":[]}"
20181030,2018-10-30,295.7311585432407,-0.013857410450221137,0.003144452014512806,99864.4068509751,2.257106775331274E-6,2.0699056520735666E7,299.33176981874044,2.3253183210899037E-4,0.14701776588202412,-0.19321869815079445,0.40352121266712293,"{""type"":""MultiPoint"",""coordinates"":[]}"
20181031,2018-10-31,296.1080612868612,-0.013227429486786983,0.0029930919516271436,99859.72956778629,5.4303036779004055E-5,2.0284058538045444E7,299.1857300542957,0.00427370154695916,0.037397026112911035,0.048970140062683645,0.40640019504965796,"{""type"":""MultiPoint"",""coordinates"":[]}"
20181101,2018-11-01,296.82848525480057,-0.007409929181323172,0.002970280538837358,99848.67266591112,1.5684806436482983E-4,1.320980271619185E7,298.76779816067267,0.0077236376806548695,-0.24625101168577831,-0.2985737506322154,0.4347307275358711,"{""type"":""MultiPoint"",""coordinates"":[]}"
20181102,2018-11-02,297.0598536451387,-0.009106016771923624,0.003575206909891591,99840.04935995773,7.511362207739784E-4,1.6160668728452941E7,298.8494159750304,0.020011752416650787,-0.09964304105609863,0.3192149716109121,0.4715885412723116,"{""type"":""MultiPoint"",""coordinates"":[]}"
20181103,2018-11-03,296.66121187656023,-0.0035207890272355457,0.006169690894620581,99954.81768597067,0.0019451003216725588,8850135.205914173,297.53084149242005,0.01676749003422319,-0.3864273239119234,0.05538760608370911,0.48139949830224105,"{""type"":""MultiPoint"",""coordinates"":[]}"
20181104,2018-11-04,296.6786327735781,-0.011858228063415716,0.0024869399184876306,99926.39323885133,4.422516060614905E-5,2.0425361372520737E7,299.8099261023761,0.002320120223718042,0.08006872234041838,0.11061404430317413,0.4668830688619631,"{""type"":""MultiPoint"",""coordinates"":[]}"
20181105,2018-11-05,296.5659262043508,-0.011188125904828173,0.002356912716390251,99966.90786968039,1.3522398072031918E-5,1.924204123837E7,299.60801313633897,0.001042817550109601,-0.11139437756525207,0.1989632292512604,0.46393114890827564,"{""type"":""MultiPoint"",""coordinates"":[]}"
20181106,2018-11-06,296.2032739529459,-0.010407834490133116,0.0022863341697578693,100014.92998226483,3.336728951839003E-5,1.5940048372881362E7,299.05705730467116,0.002625301534464929,-0.5457618574437537,0.6122369485085423,0.4603354343644042,"{""type"":""MultiPoint"",""coordinates"":[]}"
20181107,2018-11-07,296.14652705338733,-0.009636750125708755,0.002194095345189156,100042.93731323346,2.0122357731126854E-5,1.5533372644789044E7,298.7523580719207,0.0016625601328989332,-0.18943463960710183,0.2111960348135464,0.4613148220056295,"{""type"":""MultiPoint"",""coordinates"":[]}"
20181108,2018-11-08,296.1258792042633,-0.010019954615042523,0.0025600742910082837,99966.05158513272,2.8095013649077617E-4,1.563913618824378E7,298.72220141166304,0.01101171800071576,-0.409872924239751,0.3419948719573546,0.4689359043578516,"{""type"":""MultiPoint"",""coordinates"":[]}"
20181109,2018-11-09,296.3137959634932,-0.0028722854139699083,0.0025352286547691096,99907.43341907454,1.5057909533816732E-4,5884464.4875586005,297.5321836179232,0.006754675871342301,-0.6244628200996437,0.07925169114554097,0.4877331421085528,"{""type"":""MultiPoint"",""coordinates"":[]}"
20181110,2018-11-10,295.8675380252363,-0.013146910186369327,0.0019961642904097626,99965.3991480581,1.5160843348442934E-5,2.0895163791561488E7,299.00011226233556,0.0012496848791748966,-0.24847658165717218,0.23489579771527713,0.4655527585342908,"{""type"":""MultiPoint"",""coordinates"":[]}"
20181111,2018-11-11,295.66205147863485,-0.012197173723472057,0.0019313623565136633,100084.6758819114,1.7680872595787395E-5,2.010341209159755E7,298.64853636503994,0.0014998852765539595,0.03401185870385539,0.25471907920713605,0.46055979028833155,"{""type"":""MultiPoint"",""coordinates"":[]}"
20181112,2018-11-12,295.9104833606345,-0.010986470454464829,0.0018764599872933714,99997.77370990212,2.5621737936881757E-5,1.889883196393797E7,298.490808594469,0.002274309215967807,0.061120861524400105,0.2009688669822153,0.4569543141959909,"{""type"":""MultiPoint"",""coordinates"":[]}"
20181113,2018-11-13,296.1627775674429,-0.009945579825638864,0.0018125617419216034,99843.4926510121,1.920400583008933E-5,1.7465786646952767E7,298.43274338776456,0.0017275126389635195,-0.015961343242738353,-0.27351486138360886,0.4556244608157673,"{""type"":""MultiPoint"",""coordinates"":[]}"
20181114,2018-11-14,296.25118545007643,-0.01168667186109374,0.0017393873759309953,99813.50371062053,5.268831352786902E-6,1.9416875384060584E7,299.19739455204626,4.94751971920264E-4,-0.03297010945763664,-0.1603126328414787,0.44445155506338085,"{""type"":""MultiPoint"",""coordinates"":[]}"
20181115,2018-11-15,296.383117326135,-0.013214805282671186,0.0016799994777609974,99831.23501665055,7.852296665004564E-6,2.112623308618825E7,299.81558435744773,7.614911986192391E-4,0.39874003029225,-0.23332796454759216,0.43088371700099337,"{""type"":""MultiPoint"",""coordinates"":[]}"
20181116,2018-11-16,296.4790190536109,-0.002116552729050778,0.031118045545230483,99841.7749995422,0.015664923432347922,3585186.467363866,297.0661316413207,0.08791142705907729,-0.017176885360679264,0.6184949844212242,0.4745275685672278,"{""type"":""MultiPoint"",""coordinates"":[]}"
20181117,2018-11-17,295.7778458919128,-0.011591198341299644,0.0017138651152014772,99947.43049754562,8.600350540551822E-6,1.8474905296790484E7,298.9873702744765,6.158712696925299E-4,-0.8402040816081345,0.6771340244936105,0.44741367092928164,"{""type"":""MultiPoint"",""coordinates"":[]}"
20181118,2018-11-18,295.99558213164363,-0.011201751146706013,0.001778627474773158,100018.95559252538,4.102030934902292E-5,1.8120030618103143E7,298.9354666725836,0.0026476086990923813,-0.5056871867463599,0.33881199824178093,0.4521160886929378,"{""type"":""MultiPoint"",""coordinates"":[]}"
20181119,2018-11-19,296.6990789577844,-0.008383874361948379,0.0019020990230441313,100104.11979923832,1.5627177149390558E-4,1.4776131586729174E7,298.6262691677556,0.005969819734356371,-0.03272353492257171,-0.1530885995473264,0.4677188803132502,"{""type"":""MultiPoint"",""coordinates"":[]}"
20181120,2018-11-20,296.4242149806535,-0.007273808102873401,0.0017955149989071367,100120.24469851819,5.747079096930663E-5,1.5460263538406063E7,298.26041381951507,0.0037408544247355875,-0.13719714669485422,-0.31752180313745915,0.47368984552569837,"{""type"":""MultiPoint"",""coordinates"":[]}"
20181121,2018-11-21,296.5126022962957,-0.011585173230340154,0.001744765195870632,99996.13881491403,2.2684460055127367E-5,1.845779116768843E7,299.14439036895163,0.0016540633242481933,0.5355080908229539,-0.5125846747008492,0.4660290712232071,"{""type"":""MultiPoint"",""coordinates"":[]}"
20181122,2018-11-22,296.8222045621013,-0.008561695697846672,0.0017798113567150764,100005.95369680382,7.831533914690538E-5,1.6024771254237292E7,298.8906089300318,0.004394062465707445,-0.49365315882685923,0.17854379809437246,0.47018953521229606,"{""type"":""MultiPoint"",""coordinates"":[]}"
20181123,2018-11-23,296.5717203851244,-0.006482814259630999,0.0037926250025549406,100207.2932499563,0.0014740384569720073,1.3035555871619191E7,298.0802920770582,0.015367478906055073,-0.3087163011046725,-0.17049532238143697,0.47672402908888306,"{""type"":""MultiPoint"",""coordinates"":[]}"
20181124,2018-11-24,296.80349665413775,-0.004978598850140106,0.006109728552118949,100304.3802863973,0.002906722029730855,1.144536413126578E7,298.04573165901803,0.014729029731741032,-0.3617105116020503,0.030428563850633018,0.47521084245401357,"{""type"":""MultiPoint"",""coordinates"":[]}"
20181125,2018-11-25,296.2293173646337,-0.010375671917582695,0.001962587699492916,100204.40172628172,2.549618772767401E-5,1.7741155072484672E7,298.5225945381121,0.0016998561321506852,-0.18716895544467346,0.0010599521851794675,0.47055154546606304,"{""type"":""MultiPoint"",""coordinates"":[]}"
20181126,2018-11-26,296.2106933162712,-0.012637189634109383,0.0019686611693686983,100011.15587535173,3.435498716768443E-5,2.0500761751172017E7,299.3396163788649,0.002198005471043836,-0.2674837269480949,0.11082172984185024,0.461748401280965,"{""type"":""MultiPoint"",""coordinates"":[]}"
20181127,2018-11-27,294.72936422685297,-0.010851924751978938,0.0019113625316812472,100026.08561080528,9.567296455536687E-6,1.8375829195095565E7,298.23757531617406,4.712915537678031E-4,-0.6468878151175639,-0.20033995149972156,0.45764642541892026,"{""type"":""MultiPoint"",""coordinates"":[]}"
20181128,2018-11-28,294.61264140687047,-0.013051593359835176,0.0018574541795352629,100060.93692485057,2.280381443351776E-6,2.075976090804183E7,298.8281218605211,1.902196801297271E-4,-0.3486840135418663,-0.18609433242056378,0.44080023118431927,"{""type"":""MultiPoint"",""coordinates"":[]}"
20181129,2018-11-29,295.9671051148282,-0.009110052039154246,0.00540107863982404,100182.0334560405,0.0020869198180345524,1.2693833086909484E7,298.2523528173691,0.023108856047231157,-0.6562209467802473,-0.40630181733626763,0.4603497326008647,"{""type"":""MultiPoint"",""coordinates"":[]}"
20181130,2018-11-30,296.4276305837318,-0.009241677530504849,0.0021423472154024404,100151.57497996166,1.1885416580802735E-4,1.6821164299314827E7,298.89223407887977,0.004468255855159393,-0.3192188289535492,-0.10527226018968693,0.4615166615173069,"{""type"":""MultiPoint"",""coordinates"":[]}"
20181201,2018-12-01,296.12762719172815,-0.011633479237567206,0.0020205847679859376,99899.41714896109,9.959999551164346E-6,1.911410642553192E7,299.1235643298111,7.482767642468613E-4,-0.46784682261827754,-0.11477729326716582,0.4632671727399326,"{""type"":""MultiPoint"",""coordinates"":[]}"
20181202,2018-12-02,295.43738887625,-0.012243167936178564,0.001984060839694457,99821.2852347835,9.78823585971099E-6,1.963628559826903E7,299.03159782000637,7.903382660377082E-4,-0.21889264807991726,-0.1232866481428379,0.44991653615257077,"{""type"":""MultiPoint"",""coordinates"":[]}"
20181203,2018-12-03,295.8404963255245,-0.012171512123719908,0.0019315931552418553,99878.24561568163,4.440211525386393E-6,1.9771606819329254E7,299.0960300831659,3.728471828031488E-4,-0.30745309521793995,0.045025784803964394,0.43917742978066326,"{""type"":""MultiPoint"",""coordinates"":[]}"
20181204,2018-12-04,296.4052813252889,-0.006814092838329999,0.001933657713006044,99979.51394973574,4.79938364978994E-5,1.285696186512802E7,298.3618616573454,0.003453159101203007,-0.4539068781250529,-0.2816150563026022,0.4459354344691375,"{""type"":""MultiPoint"",""coordinates"":[]}"
20181205,2018-12-05,296.576641251511,-0.008181094236636996,0.004447080503935596,99970.02417153597,0.002400001538517756,1.5832132837360261E7,298.27338868182557,0.01864236256586616,-0.3011447614396274,-0.12011037318232771,0.4671515452057888,"{""type"":""MultiPoint"",""coordinates"":[]}"
20181206,2018-12-06,296.6515544116862,-0.009025333745467549,0.002148810506748285,99887.52055564872,2.1141202998771765E-4,1.5368201313379008E7,298.86876081225256,0.0037913400686385395,-0.3532422906376018,0.023145137777235637,0.46969442004150946,"{""type"":""MultiPoint"",""coordinates"":[]}"
20181207,2018-12-07,296.31498487495236,-0.011685150639539245,0.0018258268867336887,99918.58253954614,1.922953206195412E-5,1.8774332967904795E7,299.1496425309511,0.0014246095147086805,-0.18802968785659321,0.2307940576064757,0.4611776135033435,"{""type"":""MultiPoint"",""coordinates"":[]}"
20181208,2018-12-08,296.14819015088403,-0.012773046930301419,0.0017696880892300669,99962.30944840366,4.566579874439701E-6,1.986216928669312E7,299.41034794759406,3.67116203193754E-4,-0.20093311683420004,-0.05021903508843563,0.44980976177187615,"{""type"":""MultiPoint"",""coordinates"":[]}"
20181209,2018-12-09,295.5481695697233,-0.01320178879326189,0.0017257452849399476,99970.21000372597,8.695342084624647E-6,2.051512321456906E7,299.0336664142281,7.515160342359867E-4,-0.3522770239306924,0.1600595417182052,0.4389550690181499,"{""type"":""MultiPoint"",""coordinates"":[]}"
20181210,2018-12-10,295.8037091367647,-0.012165794329730521,0.0016769313969166757,100028.34619281493,6.658871101636642E-6,1.957791933429499E7,298.7148080959474,5.926820068337021E-4,-0.12682345532814981,0.0735447683046609,0.4319983288737097,"{""type"":""MultiPoint"",""coordinates"":[]}"
20181211,2018-12-11,295.55654378171755,-0.013062659254733554,0.0016302983473020477,100054.85310881205,6.46224885566373E-6,1.957879864262532E7,298.92417248018467,6.02866802734027E-4,-0.1784112852114671,-0.09177422933329728,0.4240181617172798,"{""type"":""MultiPoint"",""coordinates"":[]}"
20181212,2018-12-12,295.94928244155017,-0.012108827092417136,0.0015893349100913206,100146.4480628165,1.0535945820971773E-5,1.8843927249909848E7,298.85927792789994,0.001016687844962881,-0.23504342584601967,-0.3029024560286142,0.41919186052500534,"{""type"":""MultiPoint"",""coordinates"":[]}"
20181213,2018-12-13,295.65570137554926,-0.013021477477627027,0.0015625193570006685,100156.85878406171,2.877207474935541E-5,1.84723341565092E7,299.1485968501626,0.0025252423806976336,0.25796728848350603,-0.4149964215707028,0.41395154751927715,"{""type"":""MultiPoint"",""coordinates"":[]}"
20181214,2018-12-14,295.6980226197801,-0.0108057431946517,0.0015173240921104426,100126.71730681464,2.5483508575190465E-5,1.7956661746844575E7,298.47073549512976,0.0018982673690841993,-0.13434596541180382,0.17020540283855184,0.4320239503734141,"{""type"":""MultiPoint"",""coordinates"":[]}"
20181215,2018-12-15,295.16729232906397,-0.012546964261104517,0.001450978219509125,100061.67064434812,2.6291817308460984E-6,1.8486189345834833E7,298.7064246140875,2.68014870947136E-4,-0.23487874847977966,0.10376496472056633,0.41846942030361806,"{""type"":""MultiPoint"",""coordinates"":[]}"
20181216,2018-12-16,294.32819853116723,-0.012022992262191563,0.001405778690619113,100067.61876116374,1.4196808614156501E-6,1.742164145979084E7,298.3158370335668,1.4480056132626506E-4,-0.08428519665442605,-0.24884184529709982,0.4058441783906406,"{""type"":""MultiPoint"",""coordinates"":[]}"
20181217,2018-12-17,295.1126452123966,-0.011963554112233285,0.0013650870880967136,100113.95542242817,3.5352292922357344E-6,1.7946417134511363E7,297.99358296867234,3.748987077370289E-4,0.12467659911164759,-0.3749461841348244,0.39681200815488105,"{""type"":""MultiPoint"",""coordinates"":[]}"
20181218,2018-12-18,294.3706978704941,-0.013078604031890212,0.0013178551278731645,100085.6601857734,6.863508162582735E-8,2.0891664089433827E7,297.9226449628707,8.335488612064379E-6,0.033121496714828016,-0.4240297066906006,0.38541995288231207,"{""type"":""MultiPoint"",""coordinates"":[]}"
20181219,2018-12-19,295.10935224066975,-0.012575675960088784,0.0012837092970150973,100086.57193071302,7.726206402893837E-6,1.7849135471330695E7,298.6783892373251,8.99562890934592E-4,0.017977109134791915,0.24931481303267647,0.3778678772755864,"{""type"":""MultiPoint"",""coordinates"":[]}"
20181220,2018-12-20,295.08954501298206,-0.014159287233678092,0.0012354344032836488,100077.04520595739,3.3929025142406935E-7,1.9954944254597913E7,298.8445380827974,4.0554257562945274E-5,0.25563446904249043,-0.3948438128738367,0.3718417286084728,"{""type"":""MultiPoint"",""coordinates"":[]}"
20181221,2018-12-21,295.02384397871504,-0.013511103083199217,0.0011978671250255626,100045.22391090803,2.8166123301467873E-6,1.83228712152903E7,299.07348606697946,3.434922216443352E-4,-0.07503508260465327,-0.13280375324228175,0.36369541084297813,"{""type"":""MultiPoint"",""coordinates"":[]}"
20181222,2018-12-22,295.6231815126284,-0.00905686133671142,0.0013412844162639884,100052.88052745647,1.8169312696572122E-4,1.2566227381896865E7,298.41158687404925,0.012571323139328081,-0.49217353753852144,0.05267377379193073,0.4019045766148806,"{""type"":""MultiPoint"",""coordinates"":[]}"
20181223,2018-12-23,296.2741703492458,-0.008299154652302076,0.0012454575890244622,100040.67246699485,1.1470302364433282E-4,1.3994613191489361E7,298.6368973112147,0.0042057915737016855,-0.45555636088626583,-0.1304489486935993,0.45992152733016956,"{""type"":""MultiPoint"",""coordinates"":[]}"
20181224,2018-12-24,296.29810468226844,-0.010201192884465827,0.001167206091653815,100107.42694140955,6.487009072192001E-5,1.5985584553912729E7,298.85754508481523,0.00310026477089179,-0.061293798637069165,-0.02596959074409927,0.4467258001695045,"{""type"":""MultiPoint"",""coordinates"":[]}"
20181225,2018-12-25,296.23585387935066,-0.011684441034206189,0.001143281170382983,100070.81757186813,7.097337232399538E-5,1.7959050512802023E7,299.21137075083715,0.0024423257166328494,-0.10705914013316134,0.018082241410747116,0.43796244113544736,"{""type"":""MultiPoint"",""coordinates"":[]}"
20181226,2018-12-26,295.8718945473086,-0.012045293537247625,0.0010647066891343853,100130.77533509987,2.252971743402436E-5,1.853106445582402E7,299.11864150517664,0.0023792559156711446,0.26861863675663744,0.2679696496625777,0.4314715641882433,"{""type"":""MultiPoint"",""coordinates"":[]}"
20181227,2018-12-27,295.69395448840834,-0.012721636480011324,0.0010299046913123588,100054.42224019849,1.7150438545500814E-5,1.8471411398485396E7,299.13348948059934,0.0018676738875037483,0.10079841045451177,-0.378797538994969,0.4271649346785528,"{""type"":""MultiPoint"",""coordinates"":[]}"
20181228,2018-12-28,295.6078020534431,-0.010977550173629032,0.0010236863878458535,100010.99892864557,3.9280205158993015E-5,1.702721553696358E7,298.6846141579032,0.003490545637284505,-0.21861825311451905,0.15838661371823304,0.4245691258168763,"{""type"":""MultiPoint"",""coordinates"":[]}"
20181229,2018-12-29,295.59097500881455,-0.008679855417418562,9.890286056435675E-4,100156.90597002626,2.9427678822353354E-5,1.4697089318427699E7,298.149445819316,0.0027467047362158305,-0.5093008351592522,0.0860114544110597,0.4445003086965465,"{""type"":""MultiPoint"",""coordinates"":[]}"
20181230,2018-12-30,294.34134015889106,-0.013758462752637729,9.343743410258358E-4,100259.7186468147,1.3851685254014103E-6,1.9542952131987024E7,298.7999084035656,1.5666050076322392E-4,-0.22694139478298067,-0.07755814167237765,0.4272034223556289,"{""type"":""MultiPoint"",""coordinates"":[]}"
