system:index,date,dewpoint_temperature_2m,potential_evaporation_sum,runoff_sum,surface_pressure,surface_runoff_sum,surface_solar_radiation_downwards_sum,temperature_2m,total_precipitation_sum,u_component_of_wind_10m,v_component_of_wind_10m,volumetric_soil_water_layer_1,.geo
20150101,2015-01-01,294.96720797821575,-0.008728107846561342,0.0010905371266197222,99904.9728248799,2.485377196151343E-5,1.5499940459430225E7,297.0880884965433,0.0023840839358551555,-0.1808719733885123,0.17298272567695827,0.44674786559548696,"{""type"":""MultiPoint"",""coordinates"":[]}"
20150102,2015-01-02,292.21652992483325,-0.014830838639008371,0.0010335605136117822,100094.71074991176,2.302344938155077E-8,2.177650763072485E7,297.2685693969433,2.3654759157077177E-6,-0.4189025478188787,0.2693075141678609,0.4269018418543297,"{""type"":""MultiPoint"",""coordinates"":[]}"
20150103,2015-01-03,292.6686675778689,-0.016259331558419618,9.988669267080774E-4,100120.11360571436,2.9802322387695312E-8,2.1543732685899753E7,297.6321804589099,2.992287515646619E-6,0.15827808901443696,-0.38976107218013606,0.40749722831681134,"{""type"":""MultiPoint"",""coordinates"":[]}"
20150104,2015-01-04,294.4499441418085,-0.014321526773797874,9.66299468973162E-4,100067.90733990201,1.0792460202568929E-6,2.0751284824377935E7,298.8029773676392,1.2389873926195354E-4,0.4107639517029228,-0.13107763137478057,0.3920327240579015,"{""type"":""MultiPoint"",""coordinates"":[]}"
20150105,2015-01-05,294.6951341047813,-0.014322151928022369,9.354741950349778E-4,100016.29973513426,2.3875604499516998E-6,1.9824114271186445E7,298.8956177719856,2.791005268249021E-4,0.39510420912345856,-0.045512824967612796,0.3802115778207121,"{""type"":""MultiPoint"",""coordinates"":[]}"
20150106,2015-01-06,294.00754484091124,-0.014731303588216843,9.046702813981804E-4,100088.59999587962,2.287776943926256E-6,1.9259591948070683E7,298.81728356686165,2.9416384483623397E-4,0.2312637841648488,-0.07453454101095695,0.3704037735676849,"{""type"":""MultiPoint"",""coordinates"":[]}"
20150107,2015-01-07,294.4945885811535,-0.01576743180753735,8.762420954104155E-4,100084.69752534908,4.032244546465869E-6,2.0498887068157233E7,299.1114840589473,5.232871540960879E-4,0.3953073765598449,-0.20322704418359838,0.3617159633313196,"{""type"":""MultiPoint"",""coordinates"":[]}"
20150108,2015-01-08,294.9872167211038,-0.012382257986361056,8.544874130024449E-4,100142.01801452014,9.325284240824453E-6,1.7187097774972957E7,298.7274362876132,0.001214233649853029,0.12076780775702765,0.0638610389545311,0.36067442693938473,"{""type"":""MultiPoint"",""coordinates"":[]}"
20150109,2015-01-09,294.790599662734,-0.012290047120949098,8.353599670601372E-4,100200.83909615557,1.4463403983276067E-5,1.6853602271907683E7,298.1652537179776,0.001878038664520246,-0.2099975260393968,0.599485701445075,0.36523570950206974,"{""type"":""MultiPoint"",""coordinates"":[]}"
20150110,2015-01-10,293.7706181867462,-0.016243417732205327,7.969279109550392E-4,100121.47736826092,1.9451120335661117E-6,2.141673097295348E7,298.8985440418948,2.518211861423043E-4,0.16706204447326128,-0.00783811585377842,0.358501826847011,"{""type"":""MultiPoint"",""coordinates"":[]}"
20150111,2015-01-11,291.77468014600294,-0.016936908121728912,7.761146509170191E-4,100080.06340436803,7.5589216576558016E-6,2.073010833177065E7,298.4525919697695,9.420829513766815E-4,-0.302819634188911,0.09919800036428413,0.3514361414202619,"{""type"":""MultiPoint"",""coordinates"":[]}"
20150112,2015-01-12,291.340053971276,-0.01649986751030982,7.45293818309425E-4,100099.2467325832,2.04227856681788E-6,2.080358855968266E7,297.41970996739764,2.5071303066498646E-4,-0.24967867142449987,0.23451141502037834,0.3444690821276561,"{""type"":""MultiPoint"",""coordinates"":[]}"
20150113,2015-01-13,290.3122360943917,-0.01828369772846932,7.18808382631337E-4,100025.01400602396,7.722998327440274E-7,2.1252830548142806E7,297.68679442544993,1.0162314702965088E-4,-0.0019180791167946938,-0.047823011294797255,0.33426982626517754,"{""type"":""MultiPoint"",""coordinates"":[]}"
20150114,2015-01-14,292.39112904513456,-0.015685770035950748,6.968066622924598E-4,100079.38808070193,2.726052712757924E-6,1.903857536530833E7,297.94817676766587,4.0246453528888554E-4,0.11828079457494524,0.12850289769521742,0.32660171661487014,"{""type"":""MultiPoint"",""coordinates"":[]}"
20150115,2015-01-15,293.190299613385,-0.01729743112667218,6.717453676141903E-4,100057.5264227127,8.656537537105325E-7,2.0392367433826182E7,298.9037574988631,1.312040664734376E-4,0.36861298714481966,0.1315348774556544,0.32022364630494543,"{""type"":""MultiPoint"",""coordinates"":[]}"
20150116,2015-01-16,293.3644701337166,-0.01825857440159504,6.480995999575951E-4,100064.08875801535,2.2388282683709886E-7,2.1010430858276244E7,299.2556607340059,3.429723374902923E-5,0.4631782260733823,0.13509724618494692,0.31282882355686453,"{""type"":""MultiPoint"",""coordinates"":[]}"
20150117,2015-01-17,294.0200250056776,-0.016504338072270985,6.293381513605211E-4,100136.81329290681,3.2107058604873575E-6,1.859490489217454E7,299.60354445762744,4.868475905439879E-4,0.407959627294099,0.16717402392503292,0.30684394036251883,"{""type"":""MultiPoint"",""coordinates"":[]}"
20150118,2015-01-18,294.0520147898404,-0.018416629837516237,6.058495390986949E-4,100100.99785905196,5.263124525095641E-7,2.0498917889650203E7,300.05810003926047,8.100779359470727E-5,0.30642406377873754,0.1260800656683099,0.3033147172896904,"{""type"":""MultiPoint"",""coordinates"":[]}"
20150119,2015-01-19,294.03435094397526,-0.018076874280809885,5.937184301516317E-4,100117.28941871818,8.773097611918073E-6,2.0228969492246665E7,299.7165618976273,0.0013965191071430706,0.3058196270834126,0.34916182611263474,0.30118501981672646,"{""type"":""MultiPoint"",""coordinates"":[]}"
20150120,2015-01-20,294.156813181196,-0.017754852429188162,5.685440064809231E-4,100254.12287988859,2.5812218088644575E-6,2.0149686772448614E7,299.4591769945136,4.0628256044317385E-4,0.39915820220755144,-0.023538076815976014,0.30327485257981135,"{""type"":""MultiPoint"",""coordinates"":[]}"
20150121,2015-01-21,293.2724888601303,-0.0192129225696827,5.524250743537874E-4,100384.08133900467,5.127412723454594E-6,2.1021178151460513E7,299.59647449883647,8.144939676639675E-4,0.2065150079883081,0.24384044101998018,0.30065346451988734,"{""type"":""MultiPoint"",""coordinates"":[]}"
20150122,2015-01-22,292.8311219518611,-0.01912625473606599,5.297706933645751E-4,100342.3899322851,5.252189125517754E-7,2.0478400294266142E7,299.10548130631054,8.873103631002376E-5,0.12064064292756396,0.19493125919138446,0.29900774787804707,"{""type"":""MultiPoint"",""coordinates"":[]}"
20150123,2015-01-23,292.4848698853214,-0.020210120217049116,5.113490079010691E-4,100117.89524603414,9.805050044123378E-8,2.183072226830148E7,299.27510268115867,1.7857174343724054E-5,0.16155178837226503,0.264304204978168,0.2928461596890989,"{""type"":""MultiPoint"",""coordinates"":[]}"
20150124,2015-01-24,293.2614240076611,-0.01998821734103149,4.943918196294352E-4,100130.78235152354,5.030256937524279E-7,2.070379151568698E7,299.75999738608635,8.668401773939742E-5,0.3114279421895639,0.2589455861457196,0.2878976687314291,"{""type"":""MultiPoint"",""coordinates"":[]}"
20150125,2015-01-25,293.3478428952639,-0.019861797278554187,4.7849199986182706E-4,100187.64070406179,1.26236560023996E-6,2.0085894507392712E7,300.06214029844284,2.1437837712221856E-4,0.25324636813123763,0.20519348325200892,0.28396481856630323,"{""type"":""MultiPoint"",""coordinates"":[]}"
20150126,2015-01-26,291.99940498518055,-0.022576594798467325,4.620267876940774E-4,100099.2275046087,1.0759156940218093E-6,2.2706384074287783E7,299.9463315920871,1.9321612156645467E-4,0.1782403822801537,0.16253134375768355,0.28168645279383714,"{""type"":""MultiPoint"",""coordinates"":[]}"
20150127,2015-01-27,292.42114304653626,-0.02134436241989526,4.455877519711406E-4,99987.8570692372,5.191601100829462E-7,2.2117798093040027E7,299.804699707123,9.365390987325766E-5,0.36113831320266365,0.25275582944219077,0.2787174114113115,"{""type"":""MultiPoint"",""coordinates"":[]}"
20150128,2015-01-28,292.9775099478629,-0.02148195552940924,4.305232180570636E-4,99871.91894484298,6.681838127580569E-7,2.1594096434186805E7,300.2647673449474,1.225470798006137E-4,0.41772222699475897,0.28548236924419185,0.27541792296721307,"{""type"":""MultiPoint"",""coordinates"":[]}"
20150129,2015-01-29,293.8615322495928,-0.019468334380885216,4.164774711064126E-4,100022.99941563551,7.644287631952761E-7,1.9266769682654165E7,300.47606451807434,1.3696236353544496E-4,0.35726128147261427,0.18694595328201566,0.27387385420507504,"{""type"":""MultiPoint"",""coordinates"":[]}"
20150130,2015-01-30,294.2015224642043,-0.018477407020435755,4.0502982194613686E-4,100093.27147363388,2.532326869916452E-6,1.8763964408222146E7,300.4507884937978,4.552590617851119E-4,0.40285345023176194,0.16402524511234334,0.2732304349400158,"{""type"":""MultiPoint"",""coordinates"":[]}"
20150131,2015-01-31,293.73181174675256,-0.021253415088854758,3.905025493182992E-4,100110.3196454347,1.0994563582482595E-6,2.1762600866931126E7,300.60313485066825,1.9890173565229277E-4,-0.019927201040061366,0.2521208740080301,0.27283322620540884,"{""type"":""MultiPoint"",""coordinates"":[]}"
20150201,2015-02-01,293.09818296413005,-0.021143497616385797,3.783469391651546E-4,100114.23704414173,1.7766961327452029E-6,2.1905175886043992E7,300.1078531166899,3.249215891165709E-4,0.1472237506069262,0.27632341340178845,0.27226612622068114,"{""type"":""MultiPoint"",""coordinates"":[]}"
20150202,2015-02-02,291.5855797073965,-0.024545139939753626,3.644607576961085E-4,100151.18541651411,7.59738900796455E-7,2.3704555334294993E7,300.4057405836122,1.4506650124384318E-4,-0.09913034614769799,0.004451049665287601,0.2703314549734651,"{""type"":""MultiPoint"",""coordinates"":[]}"
20150203,2015-02-03,289.43731423928375,-0.02710774092200514,3.509081918927595E-4,100253.88984242352,3.774996660179581E-9,2.396771009159755E7,300.6238210471523,1.488832306362533E-6,-0.3943175913579964,-0.314059991391752,0.2683442178032177,"{""type"":""MultiPoint"",""coordinates"":[]}"
20150204,2015-02-04,291.3344091382619,-0.02310912851533046,3.3894839524964854E-4,100190.64953233233,9.109160980076039E-8,1.9971145652362067E7,301.0776680724985,1.6423622437838137E-5,-0.46932406207090505,-0.34427933894122004,0.2660389289301109,"{""type"":""MultiPoint"",""coordinates"":[]}"
20150205,2015-02-05,293.19905164319454,-0.020181178932440574,3.2910424645008103E-4,100094.53979272081,1.2323792299723913E-6,1.8720135892535165E7,301.1274068405714,2.4179767255097395E-4,0.12916146543883178,0.3416521823639795,0.2648167335610219,"{""type"":""MultiPoint"",""coordinates"":[]}"
20150206,2015-02-06,293.91082849627526,-0.022690798408861332,3.220277747392568E-4,100132.7373446586,4.736161859638202E-6,2.1578147310494058E7,300.99658507741356,9.189714438168102E-4,0.3850692081715084,0.3620122869881118,0.26801547116851526,"{""type"":""MultiPoint"",""coordinates"":[]}"
20150207,2015-02-07,293.10575154980063,-0.024240642041773997,3.0763587805926484E-4,100098.15970066172,7.178995783819948E-7,2.3116698214929685E7,300.59673465990596,1.3973773657951892E-4,0.3139441563742338,0.24727602990319325,0.26897946234032555,"{""type"":""MultiPoint"",""coordinates"":[]}"
20150208,2015-02-08,292.65720205104105,-0.024123926472027636,2.9717802227596665E-4,99999.55948678996,4.2930847249476437E-7,2.2118586286332496E7,300.61270170742574,8.468661369987383E-5,0.3456159711586253,0.1907064245503487,0.2676855514421817,"{""type"":""MultiPoint"",""coordinates"":[]}"
20150209,2015-02-09,292.83812038083676,-0.022962720851755467,2.896104275298987E-4,100044.080800246,2.6376519635658253E-6,2.2591609562207002E7,300.38937026953687,5.254585567605706E-4,0.3950022643597487,0.24454713512576107,0.26655973381026904,"{""type"":""MultiPoint"",""coordinates"":[]}"
20150210,2015-02-10,293.2951847825691,-0.02167870289166826,2.8401202150428077E-4,100064.99927752688,5.907688412131535E-6,2.1302934689505957E7,300.2142821347604,0.0010977301100424124,0.32873916946963233,-0.012571050077837992,0.2724348411693039,"{""type"":""MultiPoint"",""coordinates"":[]}"
20150211,2015-02-11,293.09161708830413,-0.022600444120392235,2.7156192130918673E-4,100008.25983318263,2.1857445608868824E-6,2.214914016300037E7,300.76747757042375,4.350038541223503E-4,0.3259185877739345,-0.019588792849968416,0.2734111544460842,"{""type"":""MultiPoint"",""coordinates"":[]}"
20150212,2015-02-12,294.06180860572374,-0.023006539171164624,2.634662703577036E-4,99983.03377563316,2.8250247960137073E-6,2.324829428128381E7,301.02356842839816,5.709867894985331E-4,0.5032212726341043,0.26347006045076804,0.2726727038682804,"{""type"":""MultiPoint"",""coordinates"":[]}"
20150213,2015-02-13,294.8364841788129,-0.01848937343742888,2.591191776556269E-4,100067.40604762067,6.264062874419483E-6,2.0382136317345835E7,300.2827811077791,0.0012596843449930025,0.2826328568195463,0.35726647745862233,0.2774998447846043,"{""type"":""MultiPoint"",""coordinates"":[]}"
20150214,2015-02-14,294.27925113462913,-0.022458485387107163,2.4681899722113406E-4,99944.9330120268,1.577325259310822E-6,2.244716326721962E7,300.88610903605456,3.189025466024723E-4,0.5392485879364317,0.18293467519775955,0.278885667463638,"{""type"":""MultiPoint"",""coordinates"":[]}"
20150215,2015-02-15,294.1650080421192,-0.022769831376216756,2.4001234776269563E-4,100008.19532928673,2.4654731568213708E-6,2.2429380299314827E7,300.79238509948425,5.04118991895484E-4,0.5216850338539322,0.12319625967296077,0.27676526106439947,"{""type"":""MultiPoint"",""coordinates"":[]}"
20150216,2015-02-16,293.07291956334205,-0.026084838067629776,2.3335328858293362E-4,100080.5094985054,3.4142198263416643E-6,2.4066439353047244E7,300.8864034881299,6.754820612557613E-4,0.4653835638252385,0.37369044547270713,0.2762265418036968,"{""type"":""MultiPoint"",""coordinates"":[]}"
20150217,2015-02-17,293.195921754476,-0.024541181683798288,2.2502503872691535E-4,100069.32058713255,2.3282459828555267E-6,2.359731293977641E7,300.44496882072167,4.7289126618959085E-4,0.38601681741617494,0.3544616323205797,0.27785927671296534,"{""type"":""MultiPoint"",""coordinates"":[]}"
20150218,2015-02-18,293.43893622480795,-0.022818574399089193,2.185800527563346E-4,100053.68976215263,2.752182138039238E-6,2.277535605265056E7,299.9586950245493,5.682054905256035E-4,0.36503155054646574,0.9984795996769933,0.2774432536887641,"{""type"":""MultiPoint"",""coordinates"":[]}"
20150219,2015-02-19,293.746645096647,-0.02196896881848477,2.1125420825901853E-4,99997.79354260814,1.8655348352864899E-6,2.240909312874144E7,300.00899432751265,3.825457112625875E-4,0.40112971432694233,0.3590640987337088,0.2777563427084699,"{""type"":""MultiPoint"",""coordinates"":[]}"
20150220,2015-02-20,292.3633060436981,-0.026863265250602262,2.0306021662941492E-4,99936.00963274017,2.229531835314603E-7,2.510152836639019E7,300.7181353284155,4.681149588824244E-5,0.2911000185853115,0.27295061389562214,0.2744831933985537,"{""type"":""MultiPoint"",""coordinates"":[]}"
20150221,2015-02-21,290.6104273806973,-0.0278464006619401,1.9725961855848138E-4,99951.49726259639,9.54319155693398E-7,2.4922889289578076E7,300.61360425957133,1.9839785815870822E-4,0.12593299543818887,0.42619831714797496,0.2708008586536421,"{""type"":""MultiPoint"",""coordinates"":[]}"
20150222,2015-02-22,290.7816855435991,-0.028180919407594526,1.9063076472566144E-4,100007.4408130813,6.361876933788764E-7,2.535673637612694E7,300.39313344179345,1.3383890129536766E-4,0.054206307052720504,0.34781605243854824,0.269341790370893,"{""type"":""MultiPoint"",""coordinates"":[]}"
20150223,2015-02-23,290.3441203649636,-0.027002384698739168,1.839578092592613E-4,100062.28604248137,7.378170518637823E-8,2.548756989974757E7,300.06758415688984,1.603264188319391E-5,0.12725774983056304,0.2364107577584945,0.26630631472173405,"{""type"":""MultiPoint"",""coordinates"":[]}"
20150224,2015-02-24,291.07825808267734,-0.026635946188050832,1.7808027917454058E-4,99913.31947105273,0.0,2.341482599747566E7,300.6400064616725,8.552028075098478E-7,0.33469484608711314,0.31123295022627673,0.26382536050691274,"{""type"":""MultiPoint"",""coordinates"":[]}"
20150225,2015-02-25,293.114895237683,-0.024712695642429873,1.7259740148087594E-4,99844.18801616125,7.52581184709111E-9,2.2546828030292105E7,300.95933188479574,2.09184619713934E-6,0.48175715975985545,-0.03489107145026752,0.26194846514025366,"{""type"":""MultiPoint"",""coordinates"":[]}"
20150226,2015-02-26,294.5000508264046,-0.018914382967908504,1.7204437924772661E-4,99850.56453923014,4.343564893809889E-6,1.992626889974757E7,300.43367840496023,9.331745442407387E-4,0.45737077032291695,0.1790593677822938,0.26449513552867826,"{""type"":""MultiPoint"",""coordinates"":[]}"
20150227,2015-02-27,294.6564969964892,-0.020657987715028234,1.682867395116928E-4,99887.68631307568,5.147772180531113E-6,2.120154542985936E7,300.57224745348634,0.0010824366491822219,0.37355612943286814,-0.09563077987852485,0.2707053773863726,"{""type"":""MultiPoint"",""coordinates"":[]}"
20150228,2015-02-28,294.8195990507299,-0.018512381064066424,1.7931430005786486E-4,99899.2921531871,2.0292374982844182E-5,1.9035981511359543E7,300.161643217756,0.0037543533959114063,0.08899149325536214,0.4774906457881972,0.28867316197311527,"{""type"":""MultiPoint"",""coordinates"":[]}"
20150301,2015-03-01,295.05758367213576,-0.019802778462210676,1.6218069987824967E-4,99940.97762821977,7.195989985866664E-6,2.2112551755860083E7,300.2288547013296,0.0015140942349790014,0.29259463430726346,0.4457310232810639,0.3017671548169542,"{""type"":""MultiPoint"",""coordinates"":[]}"
20150302,2015-03-02,295.7961112053467,-0.0149704688885261,1.77591310977248E-4,100087.33129240107,2.6258978867762974E-5,1.916106742949874E7,299.6621839074164,0.00438032015057019,0.4358783368379942,-0.2820852348216667,0.31952140313786004,"{""type"":""MultiPoint"",""coordinates"":[]}"
20150303,2015-03-03,295.84033610640506,-0.013651783675159568,1.8922390810556893E-4,100021.68014936865,4.068887807641097E-5,1.6075107315903354E7,299.4988895619857,0.005664854530200516,0.1219533722136138,-0.13998522175549172,0.36398103005296556,"{""type"":""MultiPoint"",""coordinates"":[]}"
20150304,2015-03-04,295.31627908585835,-0.015625470511016114,1.6803324781425417E-4,100008.75810838005,2.2460082851503458E-5,1.8340845913446918E7,299.58146824076107,0.0036609269320448446,0.08440932168283061,-0.2054053370318371,0.36989711651880597,"{""type"":""MultiPoint"",""coordinates"":[]}"
20150305,2015-03-05,295.1157164330063,-0.021249203060428205,1.4615141384617927E-4,100018.38594051694,4.11248404843E-6,2.1123284014413156E7,301.0814068444948,7.92842227433903E-4,0.3313224891986336,0.2893720127696788,0.3585517690479505,"{""type"":""MultiPoint"",""coordinates"":[]}"
20150306,2015-03-06,296.1605339036537,-0.016007413835762818,2.4083308577322595E-4,100151.99144043379,1.0210605324109971E-4,1.812636718445456E7,300.17334121849007,0.00898856145932558,0.19790461591006847,0.06011306299500088,0.37840403345775014,"{""type"":""MultiPoint"",""coordinates"":[]}"
20150307,2015-03-07,296.34886365739874,-0.01475108742547345,3.25449020626998E-4,100088.92661741476,1.8942463314150626E-4,1.860060816040719E7,299.8821579579737,0.009695872713944896,0.09929230757982835,-0.3532768309811357,0.4232925716995807,"{""type"":""MultiPoint"",""coordinates"":[]}"
20150308,2015-03-08,296.33273311990547,-0.013643887665107974,4.943824157231646E-4,100176.21181827274,3.5991749950922057E-4,1.8682336541793123E7,299.3829988809084,0.008500058849823614,0.1105768499730914,0.4463647625626588,0.43889018500248156,"{""type"":""MultiPoint"",""coordinates"":[]}"
20150309,2015-03-09,295.52562429847916,-0.017230000778135305,1.527814068950732E-4,100256.18360959757,2.1778679833358865E-5,1.9423559095283262E7,299.9718215780514,0.003055558597595874,0.316542991466685,-0.06425062895594975,0.4218238719826005,"{""type"":""MultiPoint"",""coordinates"":[]}"
20150310,2015-03-10,294.80081700653926,-0.020509594110345485,1.3045013069117755E-4,100164.17614327895,2.4023259262122106E-6,2.207376998916709E7,300.34031819420267,3.8822181499180257E-4,0.1917426467787289,0.05228814337600065,0.401605401106187,"{""type"":""MultiPoint"",""coordinates"":[]}"
20150311,2015-03-11,294.493826793584,-0.02237334799355993,1.25278248238383E-4,100076.05419446448,3.994080807988152E-7,2.322706017294723E7,300.6382675026455,6.905579401962325E-5,0.035371643517621794,0.3225983671305745,0.37758541336453927,"{""type"":""MultiPoint"",""coordinates"":[]}"
20150312,2015-03-12,294.78750348495225,-0.02157716551144717,1.281436399737722E-4,100077.15613689531,6.4158016191765264E-6,2.1851232732422866E7,301.0432474487375,0.0010562243204369562,0.20533258144866107,0.1351773630241489,0.36022123320054833,"{""type"":""MultiPoint"",""coordinates"":[]}"
20150313,2015-03-13,295.0060681454163,-0.02319386208499119,1.288172471536182E-4,100086.50719802517,1.0067306182206518E-5,2.1812112578654528E7,301.10610522231116,0.0016488065621373977,0.24354191264333538,0.5211852917749731,0.3526752680335886,"{""type"":""MultiPoint"",""coordinates"":[]}"
20150314,2015-03-14,295.2245911986715,-0.019679193294600723,1.5167267291158105E-4,100216.30279723706,3.561284964023581E-5,1.948947710554713E7,300.1789053398653,0.004692865737975858,0.042171821956494666,0.25021497305374707,0.36467140301845297,"{""type"":""MultiPoint"",""coordinates"":[]}"
20150315,2015-03-15,295.82599748248504,-0.017686456836843337,1.802265031476164E-4,100183.21506144866,6.648363445452564E-5,1.8090403625084303E7,300.3908725751824,0.006741471997444868,-0.05056476283494722,-0.2186287398349209,0.3948657887244772,"{""type"":""MultiPoint"",""coordinates"":[]}"
20150316,2015-03-16,296.42230506894225,-0.01690096181628939,0.00103813203725409,100178.482069472,8.428334501990766E-4,1.9946187821235888E7,300.068628571615,0.01363878144403974,-0.039495240540039604,-0.09287728815070709,0.4258985754417275,"{""type"":""MultiPoint"",""coordinates"":[]}"
20150317,2015-03-17,296.2299183855723,-0.018078610073980598,1.1650898742022347E-4,100059.47107971023,7.010669891816206E-6,2.0911247205488116E7,300.7693436314587,0.0010219672638172258,0.483698535272172,-0.18235725456024107,0.4154791184838166,"{""type"":""MultiPoint"",""coordinates"":[]}"
20150318,2015-03-18,296.26305075295915,-0.019873020381240523,1.118286901374952E-4,99984.9836889763,4.680998545453044E-6,2.1905257632207893E7,301.0389617585637,7.177069524933979E-4,0.5193208496592657,0.08119946472460526,0.39676954150414834,"{""type"":""MultiPoint"",""coordinates"":[]}"
20150319,2015-03-19,295.49124217477606,-0.021798502772057745,1.0547883676958137E-4,99977.28011249665,7.962878542259375E-7,2.2808260340751987E7,301.1136784210188,1.344890121436882E-4,0.27214099862481245,0.019879717568334357,0.3774132860983661,"{""type"":""MultiPoint"",""coordinates"":[]}"
20150320,2015-03-20,295.42704657623295,-0.022195419038014856,1.039684404546158E-4,100082.23212165158,1.7735391070685403E-6,2.2297663006765306E7,301.35726837688304,2.937685033230545E-4,0.3696673230807331,0.3232125032261913,0.3596667628948012,"{""type"":""MultiPoint"",""coordinates"":[]}"
20150321,2015-03-21,294.9021464328466,-0.024301075217711382,9.976575682406558E-5,100130.94236309106,5.1920309936875615E-8,2.4098752197605796E7,301.51466207140874,1.0017024838791144E-5,0.3513213318118483,-0.07895658220833833,0.3446493229050378,"{""type"":""MultiPoint"",""coordinates"":[]}"
20150322,2015-03-22,295.212169992736,-0.02480177569756902,9.779823125161036E-5,100060.95153184964,5.446393224163861E-7,2.542504119473495E7,301.8248489573393,9.601721677689342E-5,0.538711263176512,-0.3522601280666369,0.3303238811050417,"{""type"":""MultiPoint"",""coordinates"":[]}"
20150323,2015-03-23,295.9659275539163,-0.021228262720031085,9.734749933721528E-5,99971.91889518723,2.443105294048421E-6,2.3109953559322037E7,301.83967452147266,4.238771842507093E-4,0.8008259235487087,-0.7132063997610071,0.3206436896871555,"{""type"":""MultiPoint"",""coordinates"":[]}"
20150324,2015-03-24,296.34805062912255,-0.021117406438134704,9.544227598722001E-5,99837.91713340695,2.718983662072563E-6,2.2294207162639737E7,301.902298927651,4.895672991015236E-4,0.5395891668991712,-0.2699221960841098,0.31455909977997865,"{""type"":""MultiPoint"",""coordinates"":[]}"
20150325,2015-03-25,295.9881129147327,-0.021934177287210428,9.74644624365825E-5,99950.18333619765,6.8638950661550216E-6,2.2503220413992066E7,301.682419228144,0.0012495768680668806,0.4546733653979572,0.519037066292399,0.311644687920841,"{""type"":""MultiPoint"",""coordinates"":[]}"
20150326,2015-03-26,295.4471804768668,-0.023675521112255703,9.207729232728246E-5,100068.46702331919,3.527058641101495E-6,2.3104658009015508E7,301.81507772493137,6.418675732022213E-4,0.45570884981555476,0.1661028926913334,0.31152272777555073,"{""type"":""MultiPoint"",""coordinates"":[]}"
20150327,2015-03-27,294.5669916897873,-0.02617703998320979,9.125613517121552E-5,100076.23781644665,4.843269665233503E-6,2.4550248209520377E7,302.0641454881681,9.458575936653533E-4,0.4677505518384443,-0.09746913384583038,0.30587336071008453,"{""type"":""MultiPoint"",""coordinates"":[]}"
20150328,2015-03-28,295.06792615970073,-0.026990614025398495,8.620317183029255E-5,99941.91317386218,1.8470937750892356E-6,2.49268256119726E7,302.30645333868,3.437147714223608E-4,0.4747925487930549,-0.0413294318404704,0.3028482177363866,"{""type"":""MultiPoint"",""coordinates"":[]}"
20150329,2015-03-29,295.65019587872064,-0.023689975777323225,9.008213539137291E-5,99853.61794988555,7.683700746549326E-6,2.2046061078254603E7,301.969451672728,0.0015192930685712935,0.33867955038733516,0.38258937735270393,0.3008278357121417,"{""type"":""MultiPoint"",""coordinates"":[]}"
20150330,2015-03-30,295.3220518694315,-0.024840262308421224,1.0021615557149563E-4,99856.99497667242,1.970374553030766E-5,2.4063990596465927E7,301.62977036353357,0.002935907984567182,0.30862806691388583,0.18801638225707196,0.31146868004049727,"{""type"":""MultiPoint"",""coordinates"":[]}"
20150331,2015-03-31,295.8819875424836,-0.019001156818477676,8.995495696296516E-5,99923.0827472667,1.112909317876387E-5,2.1141647305084743E7,301.00161309740355,0.0021258603900116174,0.24936827072545245,-0.06619666290191492,0.32821059545110465,"{""type"":""MultiPoint"",""coordinates"":[]}"
20150401,2015-04-01,296.68685514443433,-0.016272886191738934,5.132105702576637E-4,99931.64733186786,4.3580008034580593E-4,1.891436519761991E7,300.1178901214728,0.02010246064133417,-0.05679693312609994,0.27120949401206623,0.39750151113186166,"{""type"":""MultiPoint"",""coordinates"":[]}"
20150402,2015-04-02,296.99931029113304,-0.013742358346858958,1.0107018072339462E-4,99858.6688741745,2.4788022535697586E-5,1.7528942218896504E7,300.5633093875996,0.0032632595487336775,0.17469484677952718,0.5067039609227648,0.43321028281926166,"{""type"":""MultiPoint"",""coordinates"":[]}"
20150403,2015-04-03,297.1175321635611,-0.015976568293719788,1.279627329985931E-4,99712.05159898463,5.2927848484986444E-5,2.2228135976920307E7,300.7085940790572,0.006183289208922643,0.18843964857469886,-0.3952812964217797,0.43214667469624907,"{""type"":""MultiPoint"",""coordinates"":[]}"
20150404,2015-04-04,297.34663970723494,-0.01628288694244621,9.362657245126307E-5,99517.84206452283,1.9867881310360127E-5,2.1363883388388027E7,301.40392049703917,0.0024965995845758534,0.3423784099844359,-0.7168802411986999,0.42961315960247287,"{""type"":""MultiPoint"",""coordinates"":[]}"
20150405,2015-04-05,297.4465218184158,-0.020212350129070928,8.535296466433956E-5,99557.24716093711,1.2967871213879267E-5,2.2841728932203393E7,302.52344456881434,0.0017264567043185418,0.4568312014792885,0.43374775305492463,0.40983708481731895,"{""type"":""MultiPoint"",""coordinates"":[]}"
20150406,2015-04-06,296.97241254454127,-0.01456969197781732,1.0027763831069484E-4,99721.16649222601,2.9177287727153737E-5,2.0559740399206642E7,300.7878472353063,0.003676038938032089,0.1012809926292217,0.7582190297432053,0.40472935283251404,"{""type"":""MultiPoint"",""coordinates"":[]}"
20150407,2015-04-07,296.82819815309085,-0.016733602123261793,2.457168298510494E-4,99738.26551999523,1.7507901980134933E-4,2.2110239603317708E7,300.87149204286715,0.006163535675244169,0.08751371685222505,0.23252123003181377,0.4160102605103214,"{""type"":""MultiPoint"",""coordinates"":[]}"
20150408,2015-04-08,296.9652138907315,-0.011802374196211614,1.5098455147411353E-4,99896.5123233055,8.204892100386788E-5,1.7422819893977646E7,300.12249075436426,0.00547404987794473,-0.14616840489567842,0.7903219693009995,0.4245221389860384,"{""type"":""MultiPoint"",""coordinates"":[]}"
20150409,2015-04-09,297.05638305521,-0.013375911173829524,6.210615934338589E-4,99904.32235484096,4.464233683048068E-4,1.827726579624955E7,300.3228082174234,0.008686787075081763,0.13750888298503305,0.20876174730268118,0.4415871348142022,"{""type"":""MultiPoint"",""coordinates"":[]}"
20150410,2015-04-10,296.9892471837144,-0.014113742881009528,1.344348774504842E-4,99958.48502298954,6.7404330615055E-5,2.0687760599711508E7,300.3130530902924,0.005707930127313926,0.1278402947766203,0.13074261678756893,0.44204704164527236,"{""type"":""MultiPoint"",""coordinates"":[]}"
20150411,2015-04-11,297.0142022316409,-0.013706067673058618,3.3196793204818946E-4,100020.52028442046,1.8723514045226286E-4,2.0466114811395608E7,299.92848487415637,0.007307613909065862,-0.001399577072369176,-0.09921047833407495,0.4543031918800484,"{""type"":""MultiPoint"",""coordinates"":[]}"
20150412,2015-04-12,296.8911953738195,-0.012051725850782796,2.9530146471911555E-4,100129.2117613976,2.1936129436052709E-4,1.9219966342949875E7,299.5744340343822,0.007647875793456691,0.003487421165422287,-0.007208816706238634,0.45782859933850645,"{""type"":""MultiPoint"",""coordinates"":[]}"
20150413,2015-04-13,296.5049514208782,-0.00772577570667346,0.0024778498501241146,100074.98517700445,0.001884299303880892,1.6266319321312657E7,298.1938892361751,0.02085616604514486,0.13629233342750902,-0.4413122588846744,0.46287230457132117,"{""type"":""MultiPoint"",""coordinates"":[]}"
20150414,2015-04-14,296.28414733708803,-0.013573719558681857,1.4073594603949494E-4,99922.09015618193,7.62729020570961E-5,2.2478937551027767E7,299.1579344873604,0.0067509004209008435,0.13709935673097967,0.037037929558298294,0.4646593219515424,"{""type"":""MultiPoint"",""coordinates"":[]}"
20150415,2015-04-15,296.1879547617587,-0.014206600467833294,9.526075910154857E-5,99975.0418854805,3.190426202272621E-5,2.1057854431301843E7,299.41125535787273,0.003301155447234237,0.06440756231822252,-6.863967001559944E-4,0.46746487003605663,"{""type"":""MultiPoint"",""coordinates"":[]}"
20150416,2015-04-16,296.7341007024484,-0.012602542902840377,2.0610558032301674E-4,100099.3400602161,1.4127063602907672E-4,2.0984237560043275E7,299.3678258471025,0.006209122685810049,0.19618562569281764,-0.14948856930905255,0.4705174447596254,"{""type"":""MultiPoint"",""coordinates"":[]}"
20150417,2015-04-17,296.5077978891455,-0.014546500199856933,1.2344452950484135E-4,99948.50934531222,6.143939525179168E-5,2.2483368472412553E7,299.6071541840418,0.0043074247098132375,0.1943052160953412,-0.4260106112381231,0.46887842286792375,"{""type"":""MultiPoint"",""coordinates"":[]}"
20150418,2015-04-18,296.34769560434125,-0.01571935466452063,1.013614358215869E-4,99742.97196781982,3.920719054387531E-5,2.25903565586008E7,300.03255161904906,0.0025291380729057936,0.019908974958535126,-0.6541675635292089,0.45429702916531084,"{""type"":""MultiPoint"",""coordinates"":[]}"
20150419,2015-04-19,296.7700856146094,-0.014028045287361823,2.2508400121923393E-4,99786.33561068788,1.591296186096351E-4,2.1730177898665704E7,300.05642262828053,0.007568996218273306,-0.0914432095971184,-0.10114062159146552,0.4548311029464698,"{""type"":""MultiPoint"",""coordinates"":[]}"
20150420,2015-04-20,297.28664799931096,-0.011836925871452615,0.001794002654640158,99907.25346850487,0.001475799378723691,1.9126665810313743E7,299.7191198873812,0.01646615772515138,-0.2416859539759704,-0.11504079913244698,0.47207014278976345,"{""type"":""MultiPoint"",""coordinates"":[]}"
20150421,2015-04-21,296.94195482744914,-0.007817424011604476,0.006889596739982036,99945.17555680146,0.004393764533400751,1.517938502560404E7,298.4673262739543,0.03189057113938767,-0.4740815812083503,0.35927285608125853,0.46471222640086957,"{""type"":""MultiPoint"",""coordinates"":[]}"
20150422,2015-04-22,296.94138392560654,-0.009079605062870701,1.0021743987640923E-4,99881.27517263286,3.669428408382346E-5,1.4445636015506674E7,299.40978408636477,0.0021269664887064144,-0.5734592517532255,0.6397383548216345,0.4709778547372967,"{""type"":""MultiPoint"",""coordinates"":[]}"
20150423,2015-04-23,297.21483182396963,-0.00925820564674506,0.002411614494916123,99924.38439033103,0.0022641917535470278,1.694502789866571E7,299.6757636129291,0.01003090020039432,-0.1457461033722632,-0.1775397889415495,0.4606827660125097,"{""type"":""MultiPoint"",""coordinates"":[]}"
20150424,2015-04-24,297.1389878058982,-0.010680840597540046,0.0012709332708628048,99917.51936220926,8.300251659614449E-4,1.7060708052289937E7,299.479873679237,0.016147200334361955,0.01610945096195339,-0.49646381022681096,0.47437309178470316,"{""type"":""MultiPoint"",""coordinates"":[]}"
20150425,2015-04-25,297.05603291767994,-0.012158555961712749,2.3297998574594285E-4,99826.6209656782,2.2009985029074077E-5,1.93362707205193E7,300.10821363538753,0.0017626235851535713,0.004368948154057401,-0.37480060461550796,0.458704225746739,"{""type"":""MultiPoint"",""coordinates"":[]}"
20150426,2015-04-26,297.07854284668707,-0.010634784662966431,5.018737931523219E-4,99848.69182556498,4.083479902738276E-4,1.787216787955283E7,299.48217990264004,0.007841988517214156,-0.292822104260417,-0.22522133036378578,0.47364311147186106,"{""type"":""MultiPoint"",""coordinates"":[]}"
20150427,2015-04-27,296.9591371288866,-0.013913958700520873,6.450336927590369E-4,99962.1185598996,3.4126010647844934E-4,2.1666953681572307E7,300.06624494181875,0.006934589782650494,-0.11712569997837684,0.1744220614476278,0.46939369519895513,"{""type"":""MultiPoint"",""coordinates"":[]}"
20150428,2015-04-28,297.5381656591244,-0.010088707768085244,4.067900101931312E-4,99965.49801811462,3.145784488921126E-4,1.8316911228993874E7,299.7366148247887,0.005834968214511355,-0.18185678017312829,-0.1948118555616023,0.47462001433236656,"{""type"":""MultiPoint"",""coordinates"":[]}"
20150429,2015-04-29,297.3351490123009,-0.012983820048149769,1.083476192848888E-4,99945.645004975,3.270234736646507E-5,2.091463174648395E7,300.28392182217306,0.002749987138331533,-0.08851702635442141,-0.1506101653501096,0.4676760222880596,"{""type"":""MultiPoint"",""coordinates"":[]}"
20150430,2015-04-30,297.1405312615757,-0.011706406687877688,4.017366465144841E-4,100003.35069264448,3.2399591022220457E-4,2.095891495708619E7,299.943500302133,0.007239548920451022,0.026960803276215174,-0.26945825823368774,0.46757552090395055,"{""type"":""MultiPoint"",""coordinates"":[]}"
20150501,2015-05-01,297.40715829482633,-0.013539113256149336,1.0583537647193665E-4,99906.44025712507,2.6493512290159463E-5,1.9919226361341506E7,300.97272068669776,0.002263162728683765,0.40281715191303363,-0.3433868294367497,0.4598165113832218,"{""type"":""MultiPoint"",""coordinates"":[]}"
20150502,2015-05-02,297.6634244381171,-0.01207746988920756,1.3154566159026532E-4,99890.4823610086,5.0896439490402575E-5,1.936729404868374E7,300.5056438656979,0.002054929104558062,0.5240846201266959,-0.3615863160998765,0.4584595102116901,"{""type"":""MultiPoint"",""coordinates"":[]}"
20150503,2015-05-03,296.6947275169309,-0.01647684918202694,8.657252502664951E-5,99810.5530394114,5.088593398368279E-6,2.4202236960692395E7,301.1110019131283,4.395230070049215E-4,0.36386414711428666,-0.3739839672168182,0.440388347627108,"{""type"":""MultiPoint"",""coordinates"":[]}"
20150504,2015-05-04,297.19650827965665,-0.011865159694818743,6.242992508897186E-4,99840.33293790712,5.412856825542416E-4,2.050045615867292E7,300.1126228332061,0.008736716186386589,-0.19202923261713759,-0.16714459967908418,0.4505187025550525,"{""type"":""MultiPoint"",""coordinates"":[]}"
20150505,2015-05-05,297.4145363545042,-0.010892471174309498,8.751370235767085E-4,99781.40284429841,5.2433087750114E-4,1.9095439134511363E7,299.6955943324846,0.009493829558203463,-0.07857460373223785,0.3247361369740005,0.468999817618127,"{""type"":""MultiPoint"",""coordinates"":[]}"
20150506,2015-05-06,297.1661133301317,-0.011406532083387804,8.734779998665461E-4,99733.51002611213,5.556821146038867E-4,2.0151067611972596E7,299.73254877020076,0.007574029647266704,-0.3166846809428477,0.3111627275861504,0.4695927324970262,"{""type"":""MultiPoint"",""coordinates"":[]}"
20150507,2015-05-07,297.3786969919133,-0.009640706452519894,0.0025591919063619024,99817.93217920761,0.0017842215469414007,1.7771760932564016E7,299.4046991054564,0.01859838149617305,-0.21732313768524641,0.31444846842922075,0.4761701183316801,"{""type"":""MultiPoint"",""coordinates"":[]}"
20150508,2015-05-08,297.492818792962,-0.010192611648036478,0.0013963609982216095,99746.95982687877,8.121808051117224E-4,1.775377572664984E7,299.4532679023472,0.013810676928912281,-0.15700707777802625,-0.18010127267838671,0.4603564981973462,"{""type"":""MultiPoint"",""coordinates"":[]}"
20150509,2015-05-09,297.6197116843553,-0.006385050102762053,0.0015783152756947195,99670.93068877298,7.469907048330643E-4,1.2781438880634693E7,299.09295428643253,0.012345648748518715,-0.2526794178638626,0.014086617788940058,0.4741290370236367,"{""type"":""MultiPoint"",""coordinates"":[]}"
20150510,2015-05-10,297.5246414765098,-0.007631123565698934,0.0011697711656121976,99643.5209501945,7.508262922047622E-4,1.3565124374323845E7,299.3064806713824,0.010706321004604629,-0.35374731661565806,-0.024643039628854377,0.46376180046953713,"{""type"":""MultiPoint"",""coordinates"":[]}"
20150511,2015-05-11,297.2446293203228,-0.0030988133957443624,0.008466654799386908,99780.69851341574,0.004838688968752336,1.087936971438875E7,298.0651288562733,0.03100974833312138,-0.3118284273382593,-0.06724025948372352,0.47688921891606945,"{""type"":""MultiPoint"",""coordinates"":[]}"
20150512,2015-05-12,297.34862077893916,-0.00602165459001318,0.008229254174331358,99701.17334765014,0.004644023527898731,1.3488085771727374E7,298.56060885339855,0.026726541619545026,-0.20581194729397462,-0.3630470880193627,0.4822023224122738,"{""type"":""MultiPoint"",""coordinates"":[]}"
20150513,2015-05-13,297.44036357914956,-0.007677330569996544,0.0073282007991816245,99589.13352822325,0.003361851801800892,1.6555617086909488E7,298.8314257125497,0.023623870744570213,-0.23952239218032165,-0.06293081569476751,0.47206118049809614,"{""type"":""MultiPoint"",""coordinates"":[]}"
20150514,2015-05-14,297.4252246040926,-0.004602110384820045,0.0024528916383795567,99645.9189254737,0.001163789074837065,1.1703639374684459E7,298.75142695104466,0.014531598415582145,-0.5758636039471825,0.49416882872280554,0.4734209947738529,"{""type"":""MultiPoint"",""coordinates"":[]}"
20150515,2015-05-15,297.32110377042426,-0.008460722062998716,0.0014660212722144483,99716.70912506622,6.581490790203424E-4,1.5223736336098094E7,299.4076727821156,0.0055176463564742305,-0.5058310421517098,0.7586504083396811,0.47037041807765073,"{""type"":""MultiPoint"",""coordinates"":[]}"
20150516,2015-05-16,297.17952376515956,-0.003598935155179843,0.004529657510700015,99649.54044329294,0.0020202955696563877,7752459.072484672,298.09925321438436,0.022712005945626047,-0.5862181508665778,1.0285377797204611,0.48096137076046686,"{""type"":""MultiPoint"",""coordinates"":[]}"
20150517,2015-05-17,297.19169464184705,-0.002363485547123169,0.00909486248836679,99625.09846846735,0.003774618420291798,5163538.951316264,297.6746403533317,0.027533538077997907,-0.3191988672512571,1.2866009277626222,0.4741110279520251,"{""type"":""MultiPoint"",""coordinates"":[]}"
20150518,2015-05-18,297.2272406352341,-0.003977865277592388,0.004711143449459359,99725.21064097436,0.0031254648694783995,9947820.357014062,298.5203111237926,0.01359230431191035,-0.5892928192600894,1.1768562775102998,0.47539404100889704,"{""type"":""MultiPoint"",""coordinates"":[]}"
20150519,2015-05-19,297.285680461122,-0.004665891356763538,0.002630881629306574,99815.43404206018,0.0013803040673919333,1.0774394478903715E7,298.64442628460847,0.01272150945038021,-0.3291142974167522,1.0744022884138476,0.4719281169654287,"{""type"":""MultiPoint"",""coordinates"":[]}"
20150520,2015-05-20,297.72416600482893,-0.00779283316077156,0.0018436640952409836,99873.19686133589,5.730957711727406E-4,1.553024268085107E7,299.6095682587356,0.007080848791674931,-0.12474971316814827,0.6403080139872059,0.4651127998782173,"{""type"":""MultiPoint"",""coordinates"":[]}"
20150521,2015-05-21,297.68535127650085,-0.006343419677378081,0.0011693332955547506,99958.20511721565,1.6727634083266044E-4,1.313631656328886E7,299.458339079224,0.0069804763046386505,0.1751447430681847,0.5197463485108129,0.48033070039800746,"{""type"":""MultiPoint"",""coordinates"":[]}"
20150522,2015-05-22,297.6262942845037,-0.01016129869692299,0.001058338562633172,99910.93658864731,7.456478458253909E-5,1.7366497555715833E7,300.2645709455868,0.004490866483311081,0.4805291406608772,0.7658833524816556,0.4785005380534427,"{""type"":""MultiPoint"",""coordinates"":[]}"
20150523,2015-05-23,297.84327307800964,-0.007980545796655466,0.0010723912442929901,99932.69593748121,1.0818225293653003E-4,1.5615082055535523E7,299.78417029634727,0.004389213136255959,0.09941869287024269,0.09385608748355617,0.4830351920207543,"{""type"":""MultiPoint"",""coordinates"":[]}"
20150524,2015-05-24,297.6739566778676,-0.009103513118907343,0.0015978266616354256,99969.67870500934,5.68965768990343E-4,1.6656419082582034E7,299.69664345768905,0.009661900100830286,0.4964441477586077,0.2564200800275385,0.47388584124581995,"{""type"":""MultiPoint"",""coordinates"":[]}"
20150525,2015-05-25,297.6038663980837,-0.01508653672795583,9.698697076650291E-4,99901.93447264453,3.565511213843246E-5,2.1871276051208083E7,300.9969835711265,0.0022177759895109896,1.0304463601252798,-0.19335237213132012,0.46476586682676985,"{""type"":""MultiPoint"",""coordinates"":[]}"
20150526,2015-05-26,297.73265084579515,-0.010443852665598025,9.972248568975064E-4,99922.87127740575,7.65988226406333E-5,1.686958903570141E7,300.3820106471039,0.0042063810718519536,0.906821567202033,-0.4531221590387176,0.4802285555621612,"{""type"":""MultiPoint"",""coordinates"":[]}"
20150527,2015-05-27,297.48805116033714,-0.01455662196271694,9.202040111249075E-4,99811.13563113713,1.7068495593086467E-5,2.23287457223224E7,300.8879165117493,0.0011944835162007042,0.6786038730419347,-0.3962026826176654,0.4665848106873095,"{""type"":""MultiPoint"",""coordinates"":[]}"
20150528,2015-05-28,297.8621208100583,-0.009371402225058474,0.0028085184739979866,99680.26911727627,0.0017369342138308975,1.4441448753696354E7,300.1891664751936,0.013304940492629844,0.2058764657144264,-0.0852984917939089,0.46803263549492874,"{""type"":""MultiPoint"",""coordinates"":[]}"
20150529,2015-05-29,297.0468919806533,-0.0077256364173571915,0.0037413778242289357,99757.5140488124,0.0017287546128647194,1.5537399210962858E7,298.6456582600975,0.016798715188575584,-0.263345354522474,-0.036919182804803295,0.4715548996914463,"{""type"":""MultiPoint"",""coordinates"":[]}"
20150530,2015-05-30,297.7079407210132,-0.008743601847470903,0.0033549339981703303,99698.13707760946,0.002201946534880052,1.7584900846015144E7,299.57230409502284,0.009929061702704559,0.13614620883270787,0.14307268734290088,0.4585815109388663,"{""type"":""MultiPoint"",""coordinates"":[]}"
20150531,2015-05-31,297.2904924369085,-0.006563472666660457,0.005096744728505376,99718.25468307442,0.003683149704445669,1.2404689319870178E7,298.6497699495892,0.01899339957515385,-0.005439079872532131,0.6950519474413351,0.4731100645041236,"{""type"":""MultiPoint"",""coordinates"":[]}"
20150601,2015-06-01,296.90056471074337,-0.00738546313779087,0.001680955879210222,99709.48526258134,2.2841703846615403E-4,1.349305047241255E7,298.9106114822335,0.005858717547654975,-0.2690315760160699,1.0789839417218796,0.4842302139196021,"{""type"":""MultiPoint"",""coordinates"":[]}"
20150602,2015-06-02,297.13263353984485,-0.00819760145336723,0.002447765456224408,99738.0927905177,0.0010494279557300998,1.4804685648755858E7,299.08312743070366,0.007261078101576495,-0.17059002984156185,0.4629379509446543,0.4694281515127651,"{""type"":""MultiPoint"",""coordinates"":[]}"
20150603,2015-06-03,297.04705736834586,-0.010678598238776576,0.001429658408655916,99620.34928361939,1.4372275832582373E-4,1.8497803204471696E7,299.5100085713254,0.0066573096920806984,-0.0983646888975943,0.5941686376039046,0.4756089467414226,"{""type"":""MultiPoint"",""coordinates"":[]}"
20150604,2015-06-04,296.70598817791614,-0.005750596814806008,0.008290021246708218,99684.98869399122,0.006047650728357255,1.322416954922467E7,298.5022586632669,0.01575551212392814,-0.7016342095220186,0.9769509506563767,0.4685137976045604,"{""type"":""MultiPoint"",""coordinates"":[]}"
20150605,2015-06-05,296.781679783264,-0.006917689291151087,0.0022771428562526107,99760.89847324508,6.372437466794389E-4,1.4943536638297876E7,298.73152061046966,0.0066466757720702405,-0.5740444895481458,0.9549286343154604,0.46616435896420316,"{""type"":""MultiPoint"",""coordinates"":[]}"
20150606,2015-06-06,296.63477331217223,-0.012249191306071983,0.0015442458233633845,99684.4489211679,1.1090115330686135E-5,1.8203133165524703E7,300.1399020944625,7.889896982446998E-4,-0.23838278564900675,1.2016072154603965,0.45651396290444046,"{""type"":""MultiPoint"",""coordinates"":[]}"
20150607,2015-06-07,296.97768774902704,-0.011895147237887762,0.0028881407680384228,99733.85156514127,0.0013329826545251053,2.02599413487198E7,299.23573924652845,0.015004382202451755,-0.18741859296635235,1.5209729338741202,0.47397899593294135,"{""type"":""MultiPoint"",""coordinates"":[]}"
20150608,2015-06-08,296.82961482866443,-0.004822020374273419,0.009038913786798192,99843.16065034202,0.0024722491952214824,1.1362731387666786E7,297.92737834117406,0.022150186513939615,-0.28266510709516574,1.3198913456886658,0.47052138418313877,"{""type"":""MultiPoint"",""coordinates"":[]}"
20150609,2015-06-09,296.7345347504789,-0.009811789264887023,0.002468855782209473,99882.49062305134,2.809618913736148E-4,1.7426297304724127E7,298.884934900529,0.009076510931919433,0.35744920013644177,0.1766460390098967,0.4640690196748393,"{""type"":""MultiPoint"",""coordinates"":[]}"
20150610,2015-06-10,296.8748692181093,-0.011508659788451385,0.002227654606050161,99731.30043694687,5.939880804468742E-5,1.700467711431663E7,299.8054517133117,0.002949525223417997,0.5264847639991568,-0.2694781981547416,0.4712155148707586,"{""type"":""MultiPoint"",""coordinates"":[]}"
20150611,2015-06-11,297.0214547699412,-0.003781368032371874,0.012412241105563881,99816.72348648657,0.005945256626750004,9664152.248827986,297.89308432464287,0.03553633670105157,0.44405849038128786,-0.16666688274514693,0.47984932976167993,"{""type"":""MultiPoint"",""coordinates"":[]}"
20150612,2015-06-12,296.73445422822215,-0.0032169898797942977,0.005004267893755777,99844.57936357564,2.122195944689776E-4,6944014.439956727,297.857439381613,0.0062730362994164466,-0.022540153341090427,-0.08011182238095826,0.4767646648545925,"{""type"":""MultiPoint"",""coordinates"":[]}"
20150613,2015-06-13,296.42448616394677,-0.010349767292680785,0.004721108403525713,99773.81169001313,5.799280180640485E-4,1.769284566101695E7,298.6167168883782,0.008075120545805229,0.3577824058491445,-0.14805762100598036,0.4801576120060416,"{""type"":""MultiPoint"",""coordinates"":[]}"
20150614,2015-06-14,296.7036621296889,-0.011177156860760476,0.005863449245078703,99731.84384813758,0.0018515058138548488,1.972050344320231E7,298.7918269245337,0.010836002838044173,0.6250564398165435,-0.6258502581727406,0.47858710861618764,"{""type"":""MultiPoint"",""coordinates"":[]}"
20150615,2015-06-15,296.851462077487,-0.004401094760118389,0.006746775778651968,99751.6172561141,0.001022895511267979,1.0413469668950597E7,298.0340956382876,0.015713819875807243,0.6755257796633629,-0.52991550671451,0.47186424829937224,"{""type"":""MultiPoint"",""coordinates"":[]}"
20150616,2015-06-16,296.6640765633431,-0.0071490082555284926,0.005293453571020891,99730.39243285562,2.6610625045977906E-4,1.343981595095565E7,297.9241854984868,0.010576971205800196,0.8301485281521375,-0.7156060334366235,0.49146843976822036,"{""type"":""MultiPoint"",""coordinates"":[]}"
20150617,2015-06-17,296.1933541786844,-0.005188394765098561,0.005659979378171145,99665.45803387296,3.3347161934773847E-4,7942331.024161559,297.46775476318345,0.009265015335275899,0.8864177935884927,-0.7913532725090104,0.48983337415183237,"{""type"":""MultiPoint"",""coordinates"":[]}"
20150618,2015-06-18,296.6400346520974,-0.0029528430030636528,0.012549158450373235,99680.4083739853,0.0020752622280101937,7932055.260728454,297.2772943866068,0.022590500036715772,0.9528886827371889,-0.8032552925694059,0.48630972902481623,"{""type"":""MultiPoint"",""coordinates"":[]}"
20150619,2015-06-19,296.7098366205101,-0.004142272125243109,0.01239613854698098,99725.68992368049,9.934937737927814E-4,9704773.427335018,297.42800555989817,0.01873923019993051,1.545984923001278,-0.8991961316114319,0.48354738780921686,"{""type"":""MultiPoint"",""coordinates"":[]}"
20150620,2015-06-20,297.26497997775044,-0.003931644984231803,0.011795250001019879,99685.74017039778,4.2371773199617244E-4,9483609.18716192,298.1221397561314,0.012680344958958988,1.1092546689766847,-0.5445949926816552,0.4881592384968431,"{""type"":""MultiPoint"",""coordinates"":[]}"
20150621,2015-06-21,297.3485700403473,-0.007105419086477106,0.01516258053473519,99751.88789323105,0.0016292291957034646,1.4266787066714752E7,298.6210190295772,0.027177976000364888,1.6933649812614227,0.7284244207511057,0.4823094511393216,"{""type"":""MultiPoint"",""coordinates"":[]}"
20150622,2015-06-22,297.04894331725603,-0.006799211243978271,0.02988647992510768,99817.44410180433,5.545989538717906E-4,1.3807563788676526E7,298.2496715377825,0.016587688535548612,0.9150761681001968,0.495761600333433,0.48012227389600104,"{""type"":""MultiPoint"",""coordinates"":[]}"
20150623,2015-06-23,296.88319426732704,-0.0052495860732121894,0.010651838798794644,99903.42474939712,1.6607522018713254E-4,1.0942517830508476E7,298.0341210597438,0.00789281053638527,-0.020697664649945966,0.6159728262083133,0.49884794102020025,"{""type"":""MultiPoint"",""coordinates"":[]}"
20150624,2015-06-24,296.9426957194745,-0.006474208735598581,0.009082733894292948,100032.9686635427,2.3608986292339348E-4,1.3944177792282725E7,298.06973510230443,0.010905268365967976,0.8516402890553539,0.44459292833901665,0.5006300705759439,"{""type"":""MultiPoint"",""coordinates"":[]}"
20150625,2015-06-25,296.82062545489316,-0.007465963669355019,0.010744059108415322,99999.119783332,8.279464432275815E-4,1.5439107329246303E7,298.1197714972402,0.019302193856377742,1.6165500431769257,-0.032070703038746325,0.48261805654847434,"{""type"":""MultiPoint"",""coordinates"":[]}"
20150626,2015-06-26,296.8668722096996,-0.004299889756934203,0.017206320355740688,99958.37745203002,0.0018937718721017318,1.018973397115038E7,297.53405774902143,0.02973417112098299,2.016528023308123,-0.31381315058105086,0.47882627807481454,"{""type"":""MultiPoint"",""coordinates"":[]}"
20150627,2015-06-27,296.7923411768149,-0.004790928186576719,0.013207508485496925,100012.56374197995,7.022973398546689E-4,1.164101380670754E7,297.7177226597021,0.01646609870086196,1.411808028360416,-0.6825067892944688,0.4789544258113091,"{""type"":""MultiPoint"",""coordinates"":[]}"
20150628,2015-06-28,296.92847457552836,-0.009005352997130709,0.008827785765527174,100054.82201347254,1.505187222599081E-4,1.578583472628922E7,298.5885537577759,0.007078995568804738,1.2762959053029463,-0.7402864285480635,0.49372023002275084,"{""type"":""MultiPoint"",""coordinates"":[]}"
20150629,2015-06-29,296.6551009291768,-0.005514082987515712,0.010059949525138596,100135.55177025577,9.370415575273022E-4,1.1055491539848538E7,297.8202868368868,0.012204157547898298,0.7500764763345225,-0.11947290286061742,0.4673080256329461,"{""type"":""MultiPoint"",""coordinates"":[]}"
20150630,2015-06-30,296.68598244083904,-0.007122299945928368,0.007312441528853723,100075.7348807136,5.4257137655910934E-5,1.3074744973674722E7,298.4459649659304,0.003062625097161646,0.5029491050439122,-0.13285971880102404,0.471707585597643,"{""type"":""MultiPoint"",""coordinates"":[]}"
20150701,2015-07-01,296.69472883779105,-0.009548292218230926,0.006776493882341933,100092.4090852477,6.0078722558810835E-5,1.6342187557158317E7,298.84208372060834,0.003679129628553917,0.8109207509128302,-0.34390004372737176,0.47774144734509777,"{""type"":""MultiPoint"",""coordinates"":[]}"
20150702,2015-07-02,296.782566185424,-0.011346525296681719,0.006224673946669847,100127.77625801535,3.86819662576628E-5,1.860130032455824E7,299.116837829047,0.002525510401703713,0.8026011011064275,-0.4793394176500581,0.4749972229609197,"{""type"":""MultiPoint"",""coordinates"":[]}"
20150703,2015-07-03,296.686018120112,-0.00798832055945668,0.0057888839365642444,100165.78326246535,8.405224053042053E-5,1.5255561904075013E7,298.4342151224105,0.005470757550107324,1.0254210219215294,-0.6172156859682306,0.4811653058565297,"{""type"":""MultiPoint"",""coordinates"":[]}"
20150704,2015-07-04,296.8612942909418,-0.010733163398695563,0.005327880798996549,100076.05934791827,6.112965744753156E-5,1.850711412549585E7,299.1240423814454,0.0042214131547207955,1.2485001576979986,-1.445161324909264,0.481998990197955,"{""type"":""MultiPoint"",""coordinates"":[]}"
20150705,2015-07-05,296.8518532916808,-0.01032712848993402,0.004949447757665577,99983.20951550339,7.677065618967605E-5,1.7819861630724847E7,298.9906862863971,0.005173923959274649,1.3877836560555297,-1.347227558233887,0.4842549937464095,"{""type"":""MultiPoint"",""coordinates"":[]}"
20150706,2015-07-06,296.2877892332447,-0.013186161142692982,0.004584107925498095,99928.50245179524,6.36877886362554E-5,2.002135403894699E7,299.15129695951487,0.004101912479818849,1.3135902429088433,-1.289767425813158,0.4850244589731204,"{""type"":""MultiPoint"",""coordinates"":[]}"
20150707,2015-07-07,296.3466224468647,-0.012518181009140848,0.004302615995038256,99861.86435307402,9.606812207053127E-5,1.894277485106383E7,298.8130426839046,0.0058329102533507555,1.0540549761544828,-0.8820252218617889,0.48176282792584885,"{""type"":""MultiPoint"",""coordinates"":[]}"
20150708,2015-07-08,296.6952575684053,-0.009790141230836656,0.0040475779514943825,99970.37053791113,1.1192744727432188E-4,1.7131946096646234E7,298.6468975160225,0.006634177209950935,1.1971544722751841,-0.9035052441966008,0.49289459499520083,"{""type"":""MultiPoint"",""coordinates"":[]}"
20150709,2015-07-09,296.6788523282293,-0.007544251031880768,0.006307114655903605,99996.15450600426,0.0015398214439859132,1.499592545474216E7,298.0701663540825,0.017777630818391902,1.5660916599090715,-1.0216173381383555,0.48030484022178793,"{""type"":""MultiPoint"",""coordinates"":[]}"
20150710,2015-07-10,296.75307047385724,-0.003958803316423104,0.008154609609694849,99875.7785197571,0.002197312134033586,8682453.94374324,297.46147913817595,0.027144125862169056,2.1422746311888874,-1.2556028009564393,0.477103327569917,"{""type"":""MultiPoint"",""coordinates"":[]}"
20150711,2015-07-11,296.32370857058106,-0.006655462024403617,0.004625683898234514,99920.22460145126,3.458460288446732E-4,1.3204810080778943E7,297.5231924807886,0.013351104703762502,1.3807625814704518,-1.1180186756443329,0.48994698314114177,"{""type"":""MultiPoint"",""coordinates"":[]}"
20150712,2015-07-12,296.3622891102463,-0.010017512916304169,0.0037955063325680423,99882.68306103689,7.826292177335134E-5,1.509162846844573E7,298.579486292534,0.00411649279713683,1.0219454780795967,-1.5421793965253559,0.49120846189032785,"{""type"":""MultiPoint"",""coordinates"":[]}"
20150713,2015-07-13,296.4061704636308,-0.012175065102213523,0.003694861224529075,99795.71322442176,5.418279574659383E-5,2.004603721565092E7,298.9376856506637,0.0035087198889333375,1.4387469488291345,-1.3436783729715551,0.48400875363932855,"{""type"":""MultiPoint"",""coordinates"":[]}"
20150714,2015-07-14,296.6130485477349,-0.008390534376296334,0.0036800397305423254,99708.45745790184,1.285315564811079E-4,1.4661682218535881E7,298.55177317308784,0.00682846997613712,1.5770015705088927,-1.2631078049431257,0.4912450556314282,"{""type"":""MultiPoint"",""coordinates"":[]}"
20150715,2015-07-15,296.6684957557694,-0.0033618796669185867,0.007078514730956122,99689.71857004204,7.517848162499741E-4,7547483.615939418,297.1846413145217,0.02164732752035772,1.7381910156037232,-1.1815826139537202,0.4840235562834092,"{""type"":""MultiPoint"",""coordinates"":[]}"
20150716,2015-07-16,296.52589358153125,-0.004270273609052613,0.0070819518452639885,99630.78312371108,4.4804168787838277E-4,9779090.49549225,297.5215166825373,0.014446811193571914,1.4500993590384157,-0.9823627251675388,0.47968521466663877,"{""type"":""MultiPoint"",""coordinates"":[]}"
20150717,2015-07-17,296.26412070538373,-0.003400748003820973,0.01691354690821559,99782.19300908501,0.002576611551875635,7954363.119365308,296.7871504126869,0.03426455906625196,1.9003271987223551,-0.7962045214729019,0.47993631760709254,"{""type"":""MultiPoint"",""coordinates"":[]}"
20150718,2015-07-18,296.29999194768266,-0.003743218856514726,0.03349317953103379,99873.64697236281,0.0028291949179470866,9128131.94013704,297.0573451109468,0.0332298586966087,1.0322288087188431,-0.6871504932086706,0.47667070747152623,"{""type"":""MultiPoint"",""coordinates"":[]}"
20150719,2015-07-19,295.6785674280295,-0.002372366576054188,0.04818716726920427,99856.68009941945,0.0059016045415354185,3464562.7374684466,296.5415464443203,0.034387883044755124,0.9657295970822745,-1.3415173033221237,0.46432043615048413,"{""type"":""MultiPoint"",""coordinates"":[]}"
20150720,2015-07-20,296.119935959574,-0.0026884574941508916,0.014723279965813739,99792.60753110587,4.7053988073175664E-4,6363269.00036062,296.7935965703448,0.016305707492294538,1.0502955504429,-1.1868488801501524,0.4900559401165367,"{""type"":""MultiPoint"",""coordinates"":[]}"
20150721,2015-07-21,296.5135889455724,-0.006637157850152871,0.01673030572497712,99804.67980318727,0.0030477092105302833,1.3993048153263615E7,297.61606743536623,0.024424061452138063,1.120836651931375,-0.7980000765539444,0.4818377388771775,"{""type"":""MultiPoint"",""coordinates"":[]}"
20150722,2015-07-22,296.45750360710144,-0.004656125363828987,0.03279517725878488,99883.67177439728,0.004501252393837748,1.0392744381896865E7,297.2824091174767,0.03431738899838893,0.8794666154551697,-0.7535780440272155,0.47869603842235353,"{""type"":""MultiPoint"",""coordinates"":[]}"
20150723,2015-07-23,296.35459701395024,-0.002313172935719444,0.020448294309365206,99980.17314890986,0.0035940630746326254,7736792.617381897,296.9900856710482,0.041253346013455365,0.8048847123742291,0.03953929190481499,0.4779350339456424,"{""type"":""MultiPoint"",""coordinates"":[]}"
20150724,2015-07-24,296.29668290140194,-0.002738027601327185,0.03093908101137562,100058.2022363035,0.0012915674832122575,6936893.70320952,296.98710828263654,0.019598198917693436,0.5489126987963977,-0.46855958311413626,0.4747619079789772,"{""type"":""MultiPoint"",""coordinates"":[]}"
20150725,2015-07-25,296.2058940522444,-0.005919176056105182,0.020745351069613224,100023.50119132645,0.0019925846558721157,1.2218213102776779E7,297.4031492804863,0.02311689055513838,1.0447425576324776,-0.5957083946409845,0.4760774709181312,"{""type"":""MultiPoint"",""coordinates"":[]}"
20150726,2015-07-26,296.2004640014975,-0.0057905408537994,0.014295191475513652,100044.23981605783,4.6857269101309695E-4,1.2018081914533E7,297.491171331643,0.011113137622106238,0.34415142019432116,-0.5060819765455034,0.47103715094827614,"{""type"":""MultiPoint"",""coordinates"":[]}"
20150727,2015-07-27,296.35898793662227,-0.009095767132059316,0.009673854154109785,100041.17364517364,3.105546033773619E-4,1.6992054153263617E7,298.32918700685815,0.005363599352573515,0.5597746500904165,-0.8882125233612261,0.47276171372334874,"{""type"":""MultiPoint"",""coordinates"":[]}"
20150728,2015-07-28,296.19065995714476,-0.01151838099461061,0.007979132936312928,100070.44050962965,1.695175818746975E-5,1.744667931482149E7,298.93276383965946,0.0012193193853438607,0.8375919349836407,-0.8349889392304816,0.47000870966598934,"{""type"":""MultiPoint"",""coordinates"":[]}"
20150729,2015-07-29,295.82331457893537,-0.016032174466062966,0.006922672188673216,100020.83969583933,1.2469697935762624E-5,2.1930494388027407E7,299.08176315184727,0.0010175815117880109,0.6512326120054914,-0.6312377893920416,0.46060694173947453,"{""type"":""MultiPoint"",""coordinates"":[]}"
20150730,2015-07-30,295.64085643643125,-0.013411403036841928,0.006122063975707317,100027.47178604234,4.0803519754344444E-5,1.9732577452578437E7,298.70271591900035,0.003347560101761266,0.9687123863237641,-0.6131691382988553,0.46136253094183094,"{""type"":""MultiPoint"",""coordinates"":[]}"
20150731,2015-07-31,296.04082571598957,-0.013221556551182177,0.005478410067065632,99998.73658356436,5.856922364518654E-5,1.995533275189326E7,298.88524075726053,0.004144730065019484,1.1184194092281108,-0.9241358285512558,0.4687795413201039,"{""type"":""MultiPoint"",""coordinates"":[]}"
20150801,2015-08-01,296.2507289384819,-0.007963831492474996,0.007178103535819305,100090.00513637363,0.002282463707328058,1.4862426773891103E7,298.0980659179467,0.011157034781254046,0.7430627873087464,-0.749518108304869,0.4722436274856255,"{""type"":""MultiPoint"",""coordinates"":[]}"
20150802,2015-08-02,296.3660612226693,-0.003893822807720583,0.00661632231629114,100088.60448373547,0.0011582644169312543,9477398.488279842,297.3563717512977,0.01872556919926236,0.799576741110922,-1.0176207738106664,0.47456406658551836,"{""type"":""MultiPoint"",""coordinates"":[]}"
20150803,2015-08-03,296.1893754918525,-0.0050654797480611915,0.006625633419441308,100072.58750136173,0.0013391250657811735,1.2393155747565813E7,297.25750270040595,0.014010816046546509,0.6442491529308585,-0.5897094927551741,0.47437497586180266,"{""type"":""MultiPoint"",""coordinates"":[]}"
20150804,2015-08-04,296.2304700460983,-0.006411222751083419,0.006582842523811786,100016.6989906037,0.0017548129365541343,1.2559236575910568E7,297.4551906448128,0.01629105258892803,0.922518695614518,-0.18652277386006524,0.47571434087944725,"{""type"":""MultiPoint"",""coordinates"":[]}"
20150805,2015-08-05,296.1822715923897,-0.006743793582340203,0.004516646274044073,100003.95484698529,3.4131048992141853E-4,1.2536258275153264E7,297.5184418804042,0.011127666273015613,1.164419526935756,-0.43088997245794997,0.4918393488041497,"{""type"":""MultiPoint"",""coordinates"":[]}"
20150806,2015-08-06,296.4266158818253,-0.009967854447337726,0.0038838017580099075,99855.98513767897,1.190516169411673E-4,1.764404063793725E7,298.4208084025741,0.006062947583278027,1.5021609549253576,-1.023798420160117,0.4945086896355041,"{""type"":""MultiPoint"",""coordinates"":[]}"
20150807,2015-08-07,296.51273486493574,-0.008761020621108184,0.004081617929296635,99862.07201793331,1.64851726305171E-4,1.6687788905156871E7,298.35404864009837,0.007299617483669184,1.2016124865200273,-0.4469721377189664,0.4890652251997336,"{""type"":""MultiPoint"",""coordinates"":[]}"
20150808,2015-08-08,296.5667578906649,-0.010646277523421229,0.004458424736995195,99832.01194284637,3.317408760746937E-4,1.9368453770645514E7,298.44409726969775,0.009597140198101262,1.4532873557441894,-0.7257525818553422,0.48703922166720043,"{""type"":""MultiPoint"",""coordinates"":[]}"
20150809,2015-08-09,296.6110061196586,-0.005685641324524409,0.006640093832982389,99697.17934742292,0.0011802379551064525,1.2705038059862966E7,297.66030390134506,0.02002679948079384,1.8753810632198762,-0.8914500095334417,0.47873233949239624,"{""type"":""MultiPoint"",""coordinates"":[]}"
20150810,2015-08-10,296.6347947190023,-0.005498694462162297,0.008845139194106611,99721.98577833173,0.0013128364619218267,1.2994033854670035E7,297.68591887172227,0.021841111912228817,1.6423344718161828,-0.9099661193368012,0.4772836441230799,"{""type"":""MultiPoint"",""coordinates"":[]}"
20150811,2015-08-11,296.4999209325007,-0.006532591920422598,0.005427616885152914,99873.27155210872,2.3591571601340805E-4,1.3359170633970428E7,297.8694340084189,0.010045071205124713,1.3949880527753589,-0.8599018176196072,0.49558030580267737,"{""type"":""MultiPoint"",""coordinates"":[]}"
20150812,2015-08-12,296.38472298352616,-0.007923737129353034,0.005491107876899222,99967.93969934933,2.278361323074963E-4,1.4882260943022002E7,297.92700115134613,0.00853642261376503,1.2522778828021701,-0.9093614444091837,0.4969998121347575,"{""type"":""MultiPoint"",""coordinates"":[]}"
20150813,2015-08-13,296.24552288209037,-0.008719112604501832,0.005018004273684755,99915.50956418479,8.352906226552957E-5,1.4164731639740357E7,298.324334744952,0.0040146252264668695,1.010755633631497,-1.4303227415565176,0.4935749928414473,"{""type"":""MultiPoint"",""coordinates"":[]}"
20150814,2015-08-14,296.2263302283157,-0.012370017587902137,0.004754743500173716,99862.41261062777,3.988530891190098E-5,1.9842150649116486E7,298.900185279053,0.0024755926664144856,0.9221607707615498,-1.5616583582844525,0.48255107683378257,"{""type"":""MultiPoint"",""coordinates"":[]}"
20150815,2015-08-15,296.250368204494,-0.01134280819718562,0.00465591523757361,99930.24980818576,1.5851323016920205E-4,1.7494202916336097E7,298.73045348272774,0.005289205490704526,0.605383436100058,-1.2438101863070083,0.4794006797037584,"{""type"":""MultiPoint"",""coordinates"":[]}"
20150816,2015-08-16,296.36894729931583,-0.00966428347224799,0.004559159915648426,99921.4845713925,2.5991309841230295E-4,1.3122066984853953E7,298.5926785763102,0.008429170563429903,0.7610481391518802,-1.5209373488336217,0.48413064397001876,"{""type"":""MultiPoint"",""coordinates"":[]}"
20150817,2015-08-17,296.6447687175415,-0.01078624811374105,0.0063633805619780475,99771.11208487586,9.15795991857517E-4,1.7483444948791925E7,298.9898745101982,0.011716036489846425,0.6639388513502015,-0.8909144330617973,0.48188124059527415,"{""type"":""MultiPoint"",""coordinates"":[]}"
20150818,2015-08-18,296.76287256042065,-0.011304250375924883,0.027617113975746906,99762.40649446343,0.009288156173352168,1.9117658284168776E7,298.7552859284211,0.04813632467642435,0.6135420060412846,0.239850895638964,0.464401428079588,"{""type"":""MultiPoint"",""coordinates"":[]}"
20150819,2015-08-19,296.52391370687803,-0.011510731395115029,0.00832719965463419,99921.10346966702,5.952579167789385E-5,1.855015928164443E7,299.1749664439163,0.0031842474838778556,0.3187226241476649,0.7448332889075178,0.4610598723838817,"{""type"":""MultiPoint"",""coordinates"":[]}"
20150820,2015-08-20,296.36864474920554,-0.013268419774836945,0.006325150329822502,100029.12914995042,7.413556074520076E-5,2.083394795059502E7,299.2406676531211,0.0045055923340837105,0.10375839363627316,1.3043772494625279,0.4649668067733117,"{""type"":""MultiPoint"",""coordinates"":[]}"
20150821,2015-08-21,296.4719578779321,-0.00877395217846629,0.005859922430939165,100046.39704532031,1.4604088033187102E-4,1.5413274938694559E7,298.52581528508773,0.007696185904506996,0.36302038046700097,0.8774354904657203,0.4824570372552021,"{""type"":""MultiPoint"",""coordinates"":[]}"
20150822,2015-08-22,296.6235345372043,-0.005231267172444223,0.006224576135297309,99979.96686496088,5.318743821261722E-4,1.1346086684817888E7,297.72184910976574,0.010857578830473094,0.1938363460554987,-0.32271510063849584,0.48076276346989194,"{""type"":""MultiPoint"",""coordinates"":[]}"
20150823,2015-08-23,296.66042089020925,-0.0043068700844507285,0.005207781795126156,100018.10484206665,1.1440552435237668E-4,9396759.800937613,297.9634530064807,0.005789019056183498,0.42242985434336705,-0.6140252677906245,0.489772099745877,"{""type"":""MultiPoint"",""coordinates"":[]}"
20150824,2015-08-24,296.4658236246239,-0.01060255576735191,0.004867101039131583,100029.59125653157,4.073367022539449E-5,1.75577243220339E7,298.6684294419874,0.002443280290488692,0.9033368309037965,-0.47793257381211324,0.4832121368382523,"{""type"":""MultiPoint"",""coordinates"":[]}"
20150825,2015-08-25,295.75894868664767,-0.01517263719032183,0.004582858431158709,99927.71541273652,1.8916564687597514E-5,2.1965655701767042E7,299.02923473885954,0.0013633920038642474,0.8068561926242297,-0.9328434562751889,0.47019177902373915,"{""type"":""MultiPoint"",""coordinates"":[]}"
20150826,2015-08-26,295.78074126937724,-0.0122641090651604,0.004363224348285077,99839.26502103152,5.111818628710098E-5,1.7682721937973317E7,298.82379824691895,0.0034906734663538237,0.949033406337074,-0.9710130321247274,0.46739768706802176,"{""type"":""MultiPoint"",""coordinates"":[]}"
20150827,2015-08-27,296.19546092973775,-0.007501182088267707,0.004138601251319991,99875.9394965004,3.8932252566478256E-5,1.2771625474936893E7,297.98581309432615,0.0028216449101164222,0.1558084262077991,-0.31169122296294444,0.47579861248982536,"{""type"":""MultiPoint"",""coordinates"":[]}"
20150828,2015-08-28,295.9199291586461,-0.01311193831369759,0.003915724698877317,99904.87519885767,2.7522573692894058E-5,2.0557067173097737E7,298.77350079765375,0.002129593468447519,0.27503537942561007,0.15537646757121965,0.4689635027915129,"{""type"":""MultiPoint"",""coordinates"":[]}"
20150829,2015-08-29,295.8495981959515,-0.013298394872507719,0.0037037427115646717,99878.84587363314,2.6133581807885925E-5,2.0167552722322397E7,298.84273048421056,0.0021622984950189048,0.48041709132285654,-0.15819543774189004,0.4635995684198527,"{""type"":""MultiPoint"",""coordinates"":[]}"
20150830,2015-08-30,296.13365761204,-0.014038828218720517,0.0035352097106160474,99944.65899251009,5.674110157929126E-5,2.14714688362784E7,298.9669498540359,0.004094983968882809,0.7395474351015585,-0.04007446442047039,0.463385243558557,"{""type"":""MultiPoint"",""coordinates"":[]}"
20150831,2015-08-31,296.3270648727482,-0.014035549475598158,0.003306766397635773,99947.75521373327,1.4940496390363692E-5,2.1629956318067074E7,299.4226581645938,0.0013043031726394907,0.5412477701239637,-0.6078722557205896,0.4624181083223399,"{""type"":""MultiPoint"",""coordinates"":[]}"
20150901,2015-09-01,296.54619956678573,-0.013041530340490817,0.0031365197309078923,99859.45055117851,2.275905990015932E-5,2.0815527467724487E7,299.2697587288949,0.0020551575580647907,0.6762467992034925,-0.8455229032095528,0.4539689787277625,"{""type"":""MultiPoint"",""coordinates"":[]}"
20150902,2015-09-02,296.45842499176405,-0.013950415890632967,0.0029682573018373244,99778.91131065751,1.9679860951794733E-5,2.1061024279841326E7,299.3727403950957,0.0018229557590505217,0.4431496021882002,-0.8254768401044023,0.4495071020675459,"{""type"":""MultiPoint"",""coordinates"":[]}"
20150903,2015-09-03,296.9183613233433,-0.011396871560635742,0.0028811846502068837,99859.97700852109,8.34040024028631E-5,1.8308377104940504E7,299.46289796046244,0.0034486247052623624,0.387937830995949,-0.5708282077981669,0.4509723759396803,"{""type"":""MultiPoint"",""coordinates"":[]}"
20150904,2015-09-04,296.7606614978716,-0.009937200782598249,0.002784928221630354,100051.6852600927,1.2015024441224852E-4,1.5479611950234408E7,299.2887845723185,0.004191883378974631,-0.005440144631163063,0.10614773908735026,0.45646985245805627,"{""type"":""MultiPoint"",""coordinates"":[]}"
20150905,2015-09-05,296.95392492216126,-0.005465957853678458,0.0028206667088017845,100105.56261169605,2.6508076522825777E-4,1.1874069923548507E7,298.3101419881497,0.011625086965728193,-0.12641671088212153,0.7450562267868633,0.48367622268645577,"{""type"":""MultiPoint"",""coordinates"":[]}"
20150906,2015-09-06,296.47534726213155,-0.007074697803621296,0.004972451802758246,100129.40842323017,0.002282103067522569,1.3784230053732423E7,297.9128509741132,0.014978293852065814,-0.4024582447978736,1.430523375405015,0.4809222857042755,"{""type"":""MultiPoint"",""coordinates"":[]}"
20150907,2015-09-07,296.15938528198257,-0.006075880031131299,0.00452160440033367,100171.44663301349,0.0015313857585309944,1.2260596566895058E7,297.32791499951696,0.015107176606830518,-0.3550712558738543,1.3814267009220844,0.4753055875154339,"{""type"":""MultiPoint"",""coordinates"":[]}"
20150908,2015-09-08,295.9650156003006,-0.003367722472407695,0.0037425784961737938,100137.87022735747,4.116445806668719E-4,7229376.79444645,297.00886352292366,0.010831216021478391,-0.3278911676325467,1.002361909946809,0.4872816842197585,"{""type"":""MultiPoint"",""coordinates"":[]}"
20150909,2015-09-09,296.3887194981869,-0.0038953687534880816,0.003033816032554972,100117.73658743822,3.6746750089007086E-4,1.0800492075009016E7,297.3735015168473,0.010103810410372407,-0.10277020110148541,0.9093720795429303,0.46756003157767795,"{""type"":""MultiPoint"",""coordinates"":[]}"
20150910,2015-09-10,296.2870378958547,-0.007413529128298363,0.002360271445109103,100078.95748173188,1.4195601421274347E-4,1.4964657031013343E7,298.17328595215207,0.0069138667473064705,0.48277548835718637,0.30737905085896455,0.4846091507174446,"{""type"":""MultiPoint"",""coordinates"":[]}"
20150911,2015-09-11,296.412980801527,-0.008420711344936202,0.0037824178790942975,100054.39891685966,8.413381122248809E-4,1.665768615614858E7,297.998189822056,0.015084939541115505,0.767788011762067,0.8063664483628549,0.48547815723421495,"{""type"":""MultiPoint"",""coordinates"":[]}"
20150912,2015-09-12,296.63289608790876,-0.008318560860924803,0.004930481177630772,100044.01893761178,0.001163414983415363,1.7177781241254963E7,298.16287607160217,0.011612768996925043,0.3960311356352018,0.3832337400033105,0.47040679480883635,"{""type"":""MultiPoint"",""coordinates"":[]}"
20150913,2015-09-13,295.67857601052515,-0.013814091122229952,0.002306283245738388,100094.47599844387,1.2203161676911042E-5,2.0431047059502345E7,299.05457509115695,8.038882986732325E-4,0.3622218921990159,0.22258291004913222,0.45413796502475723,"{""type"":""MultiPoint"",""coordinates"":[]}"
20150914,2015-09-14,295.773825026745,-0.012556196977322258,0.0023550096451913755,100026.62101709469,7.913420981033332E-5,2.01607966119726E7,298.7448774741983,0.005116088697829217,0.7417408110273189,0.010882759713284005,0.46138246169183705,"{""type"":""MultiPoint"",""coordinates"":[]}"
20150915,2015-09-15,296.5444360112381,-0.0076620936074005015,0.002428905860401,99924.63323750837,1.7761123113756012E-4,1.4847234226830151E7,297.956789034378,0.00940258412897154,1.1852396777335634,0.13335338316939324,0.4891314771917953,"{""type"":""MultiPoint"",""coordinates"":[]}"
20150916,2015-09-16,296.6959202155742,-0.006414099809036245,0.0033053701835507486,99775.3664372643,3.88656277713301E-4,1.5155190543454744E7,297.7789432093679,0.014557106371630367,1.8254956659151256,-0.7545788820753707,0.49945998303605643,"{""type"":""MultiPoint"",""coordinates"":[]}"
20150917,2015-09-17,297.07322845500266,-0.005033785893067616,0.004864981121914592,99685.37065119194,5.926967844006993E-4,1.2485581989542013E7,298.1534368898135,0.0133490885530316,0.9282547528532525,-0.48258989776380234,0.4759943084313271,"{""type"":""MultiPoint"",""coordinates"":[]}"
20150918,2015-09-18,297.04354172037233,-0.009959877461592645,0.0024511398357301255,99720.85486842059,9.681412858134181E-5,1.77812377829066E7,298.8816360629999,0.005069214717498129,0.6512824082721355,-0.22713118955655975,0.4856223603798975,"{""type"":""MultiPoint"",""coordinates"":[]}"
20150919,2015-09-19,296.830487338292,-0.004912940522651143,0.007422953690921105,99778.46429383934,0.002624322670678821,1.1592918865849262E7,297.93662113070934,0.02188199023730748,0.5238767136230911,0.5898671957832904,0.4807968841233583,"{""type"":""MultiPoint"",""coordinates"":[]}"
20150920,2015-09-20,296.2522998772672,-0.004035829025358661,0.0046676578792131124,99821.89169224584,3.3719355110824656E-4,1.069303827839885E7,297.6550276731409,0.00858802247350499,0.4371992714890266,0.15623869761521897,0.4780271327012663,"{""type"":""MultiPoint"",""coordinates"":[]}"
20150921,2015-09-21,295.57706732806673,-0.013386477682345877,0.00361500031039726,99782.1293347801,3.349429598965459E-6,2.0631339135953844E7,299.19262591610885,2.2452381763984902E-4,0.13047205941839596,0.03099544589401138,0.4573979701599202,"{""type"":""MultiPoint"",""coordinates"":[]}"
20150922,2015-09-22,296.31753841468475,-0.011600282700148639,0.0035885824082003493,99840.71609212772,2.0324138691396957E-5,1.9291765787594665E7,299.19048437652066,0.0015105636073138088,0.07059017318503646,0.47491131721315016,0.4502874595182621,"{""type"":""MultiPoint"",""coordinates"":[]}"
20150923,2015-09-23,296.65303337288844,-0.010733214273828489,0.0035163177868497105,99922.76296595379,4.4409627631559214E-5,1.7865389335054956E7,299.0998827212848,0.0032209010597948474,-0.0381558066678887,0.30038919573808076,0.4531605990263457,"{""type"":""MultiPoint"",""coordinates"":[]}"
20150924,2015-09-24,296.8136022049356,-0.009616094836518521,0.005152603243926008,99855.92453316579,0.0017815584493508804,1.6632452080410402E7,298.8514322848801,0.010984045952052997,-0.1755534819877983,0.25280618585922904,0.45520705124380084,"{""type"":""MultiPoint"",""coordinates"":[]}"
20150925,2015-09-25,296.4610883802415,-0.011072468955648793,0.0033898623683716557,99790.3641263951,1.2711637606055055E-4,1.706325948613219E7,299.14339243951565,0.004658604795069544,0.126204933508584,0.005938914349795909,0.459495397123641,"{""type"":""MultiPoint"",""coordinates"":[]}"
20150926,2015-09-26,296.7732493924126,-0.01118862564184156,0.0033187545564601966,99806.99405810026,1.3129995095355823E-4,1.8151523497576296E7,299.19862670201445,0.0058659610660592885,0.41816595595449574,-0.6397163764919449,0.47530523465937574,"{""type"":""MultiPoint"",""coordinates"":[]}"
20150927,2015-09-27,297.0220894690301,-0.008317197395271658,0.004198501444748495,99800.73562719281,0.001046150689021027,1.5908586659248022E7,298.6671036191681,0.011042053227242138,0.2065329778107016,-0.1816196388916867,0.4740036378501199,"{""type"":""MultiPoint"",""coordinates"":[]}"
20150928,2015-09-28,296.85653860612854,-0.007060578659182201,0.005063166941949017,99698.29411159465,0.0014383037044947815,1.4048517553869497E7,298.31380728583946,0.011589162020710279,-0.22767430060270072,0.19021204157307797,0.47105207315989023,"{""type"":""MultiPoint"",""coordinates"":[]}"
20150929,2015-09-29,296.28666738851075,-0.008363735040913754,0.006632289034104546,99701.26376326269,0.0014137196526861002,1.4121411249178048E7,298.02594330832716,0.02140041193043072,-0.41187021700518256,0.6134850808900341,0.47429705164813435,"{""type"":""MultiPoint"",""coordinates"":[]}"
20150930,2015-09-30,296.23510560233916,-0.005717636013166422,0.010209636874913395,99796.8585859671,0.0025763906809856347,1.1401780860457769E7,297.2836628572372,0.025417131516984163,-0.6563560179985406,1.0025233771311202,0.47316675395944957,"{""type"":""MultiPoint"",""coordinates"":[]}"
20151001,2015-10-01,296.4172153521049,-0.00592109599925532,0.007116562124305455,99982.35700983818,6.252873972396838E-4,1.225060904954898E7,298.067128991605,0.008836826976567371,-0.8975272709997474,1.25127100104795,0.47184553546449254,"{""type"":""MultiPoint"",""coordinates"":[]}"
20151002,2015-10-02,296.46713448258635,-0.007989074854839164,0.005036474636453951,100173.98641153018,7.027711247735793E-5,1.4584144424717592E7,298.5469645458799,0.004098087046772317,-0.26196295826147636,1.1897302866698547,0.4701409705027119,"{""type"":""MultiPoint"",""coordinates"":[]}"
20151003,2015-10-03,296.8679068237848,-0.008136539013698306,0.004899259778918492,100229.18589106078,1.2476330779538533E-4,1.4427644690840501E7,298.59424106374587,0.0062995498849025625,0.2825567566699343,-0.11060011760878127,0.4794703393132087,"{""type"":""MultiPoint"",""coordinates"":[]}"
20151004,2015-10-04,297.1421967444618,-0.004101076961004301,0.011636582447375112,100177.04969375452,0.0024586184560887185,9704263.53930619,297.870595067177,0.029729042888719425,0.5988865542947738,-0.4805198974055674,0.48411912169504057,"{""type"":""MultiPoint"",""coordinates"":[]}"
20151005,2015-10-05,296.4242938791764,-0.0017618617930224858,0.015043569952410742,100075.4698130785,7.425725427810527E-4,3700675.5570519306,296.80415774566774,0.01973337749733806,-0.05298361312255423,0.12866660668480528,0.48329539080625666,"{""type"":""MultiPoint"",""coordinates"":[]}"
20151006,2015-10-06,296.3623160258955,-0.007838557050131822,0.013183370251389907,99910.0127319967,3.828849983352898E-4,1.4592320033383913E7,298.07778894117445,0.00702849799196857,-0.09726183075417062,0.576105975290806,0.4725794923435912,"{""type"":""MultiPoint"",""coordinates"":[]}"
20151007,2015-10-07,296.1350769861943,-0.012427078396769752,0.010669564329197894,99968.24096224805,8.137043991374317E-5,1.8161012548474126E7,298.8155814270688,0.004679324220679012,-0.02357743986954926,1.1460488173863914,0.46419208871442735,"{""type"":""MultiPoint"",""coordinates"":[]}"
20151008,2015-10-08,296.50396171580826,-0.009616338433963145,0.009388361038862479,100036.13665852926,4.5371421549322805E-4,1.6002152717061317E7,298.37100745823716,0.009683044004899619,-0.019855405264339834,1.7453810334965114,0.4815923572947937,"{""type"":""MultiPoint"",""coordinates"":[]}"
20151009,2015-10-09,296.4245605092738,-0.006089620977328482,0.011892805436845726,100033.15265453847,0.0034311919292086433,1.2321631817634575E7,297.83825373451845,0.017008024678193498,-0.3963773912901432,1.2506909157768697,0.4703721754796546,"{""type"":""MultiPoint"",""coordinates"":[]}"
20151010,2015-10-10,296.6672395891203,-0.007473611269848813,0.01487997645264363,100074.90041204859,0.004554107562217995,1.4476046737481032E7,298.2245870572556,0.025904577979537678,-0.04456242885651504,1.0166144064662406,0.46792641470159746,"{""type"":""MultiPoint"",""coordinates"":[]}"
20151011,2015-10-11,296.8129621497255,-0.008273321623368855,0.007586609576202411,100125.05487725996,4.080526082041975E-4,1.6696607883880278E7,298.6677204688764,0.00882240955115778,-0.031886380600634076,0.5292813695384155,0.46899626842269043,"{""type"":""MultiPoint"",""coordinates"":[]}"
20151012,2015-10-12,297.0649713781507,-0.007710698666907458,0.009306162144361403,100078.82188727896,0.0016945068732178094,1.4780411502344035E7,298.475362556917,0.01645957604180431,-0.27255306090281445,-0.029795417878501387,0.4787284450070163,"{""type"":""MultiPoint"",""coordinates"":[]}"
20151013,2015-10-13,296.7893645117698,-0.007885094733389544,0.011555403661757998,100046.47342955277,0.002477298797337621,1.5690951609808875E7,298.2129019152474,0.019226179950898453,-0.371512760722246,0.04054872018669873,0.4770428799339063,"{""type"":""MultiPoint"",""coordinates"":[]}"
20151014,2015-10-14,296.69145147725084,-0.009341040178139292,0.007694547512967191,100057.3375094029,2.600945145418358E-4,1.675068784204832E7,298.9555331994915,0.0042692822667179334,-0.15662859460312759,0.3995193764630067,0.4827534304973181,"{""type"":""MultiPoint"",""coordinates"":[]}"
20151015,2015-10-15,296.71500005606265,-0.011072979431923143,0.007206221108096108,100036.45674030036,6.290148907390434E-4,1.869751135268662E7,299.15248584621224,0.004902801079367642,-0.2165366074316403,0.12664300877538667,0.4697924043169561,"{""type"":""MultiPoint"",""coordinates"":[]}"
20151016,2015-10-16,296.7628022184853,-0.01338764404212358,0.005886120330092281,100041.86036242104,2.493660425477797E-5,2.178934761593942E7,300.0090944297269,0.0018890048538014275,-0.017839665165857742,-0.19594826728682327,0.45946638164848136,"{""type"":""MultiPoint"",""coordinates"":[]}"
20151017,2015-10-17,297.06178612565185,-0.012956836908045463,0.005429678221407498,100035.60886599951,4.9144257997890435E-5,2.1404792481067434E7,300.09298446857963,0.003326669617559539,0.18910282055680208,-0.003788988755605933,0.4591401312583081,"{""type"":""MultiPoint"",""coordinates"":[]}"
20151018,2015-10-18,297.2287437103305,-0.006705985842168525,0.0074238711118354206,100131.49195219297,0.002154435781077534,1.3251196078975841E7,298.61713254456055,0.015451440095278149,-0.27155125280142495,0.06300425148308315,0.47920960551171443,"{""type"":""MultiPoint"",""coordinates"":[]}"
20151019,2015-10-19,297.0317261832626,-0.008638703671015002,0.0057301895926027075,100036.15778298832,5.6232586691107E-4,1.5230390477821859E7,298.9862150336017,0.0075419329904796335,-0.2402522591447469,0.059159810360499145,0.4726738429353248,"{""type"":""MultiPoint"",""coordinates"":[]}"
20151020,2015-10-20,296.95806621464845,-0.009129746000591788,0.004743033350373794,99899.06665405906,2.115224560288114E-4,1.692038799495132E7,298.9894795042345,0.00425679508606889,-0.11086263563759358,0.07816007513024943,0.4715472008262292,"{""type"":""MultiPoint"",""coordinates"":[]}"
20151021,2015-10-21,296.9817225450162,-0.010638630159368508,0.00442511134529389,99885.49136442413,1.0954441413353207E-4,1.8515958214569062E7,299.60203335029837,0.0040427082760953895,-0.06768306113590572,0.38243874129029265,0.4714195513068977,"{""type"":""MultiPoint"",""coordinates"":[]}"
20151022,2015-10-22,297.18061264272865,-0.010416312258068595,0.0041058626881670625,99956.82802580597,4.778961723907476E-5,1.8787979940137036E7,299.560382873282,0.0033098451053292285,-0.02643526808432281,0.09385317740983179,0.47205365840482205,"{""type"":""MultiPoint"",""coordinates"":[]}"
20151023,2015-10-23,297.0004871809536,-0.009367595781735726,0.004020653240546569,99966.84022802427,1.8047400052651491E-4,1.736077916047602E7,299.15883074793794,0.005497411371696051,0.027708639160258976,-0.2224121869563311,0.47801567978233633,"{""type"":""MultiPoint"",""coordinates"":[]}"
20151024,2015-10-24,296.8707536627918,-0.012868020962957354,0.005866305950291527,99891.8756650697,0.0014206511564646823,2.092662136206275E7,299.58086408905615,0.014657820609655167,-0.12922573146918656,0.2935572299895371,0.47508172854765035,"{""type"":""MultiPoint"",""coordinates"":[]}"
20151025,2015-10-25,296.88013258575313,-0.006263905156133754,0.008509825013666605,100033.16081903061,0.0016138181466511172,1.1735724331049407E7,298.4544403242627,0.017982811915656097,-0.30234641010822305,0.9740563051132277,0.46073855727835783,"{""type"":""MultiPoint"",""coordinates"":[]}"
20151026,2015-10-26,296.09294045053144,-0.009459565024523369,0.003419047794507979,100091.44481476894,2.59257930949239E-5,1.6002557805265054E7,298.820491116241,0.0019130103244404911,-0.5689220429613179,0.30149949658789715,0.4566388557214896,"{""type"":""MultiPoint"",""coordinates"":[]}"
20151027,2015-10-27,296.333706452821,-0.007798530271540812,0.0033388379202222633,100074.79069614975,5.0778850359560755E-5,1.2114633283086913E7,298.6323486678459,0.002796804562635556,-0.11499804466844596,-0.5844246609048468,0.4726340066556934,"{""type"":""MultiPoint"",""coordinates"":[]}"
20151028,2015-10-28,296.6369770355904,-0.006409026545348514,0.004217374128122603,100024.82868171927,0.0010193268470587045,1.274487720158673E7,298.4556479093504,0.010694767628234517,-0.5569360741973999,-0.2630740635554684,0.4689421574074083,"{""type"":""MultiPoint"",""coordinates"":[]}"
20151029,2015-10-29,296.41915085333187,-0.010851106029091182,0.0038045894554750706,99917.80973847286,3.8074863234281633E-4,1.9899816168049045E7,298.79394253619466,0.009558536956408285,-0.280935945025372,-0.305372661660964,0.48250499300722294,"{""type"":""MultiPoint"",""coordinates"":[]}"
20151030,2015-10-30,296.5303165450924,-0.009937919071767033,0.005457571738900324,99847.01934377912,9.816845551837104E-4,1.810161663324919E7,298.4345875955686,0.01491693977486042,-0.01736152136264218,-0.4071378007160383,0.47370218597276376,"{""type"":""MultiPoint"",""coordinates"":[]}"
20151031,2015-10-31,296.90603362884866,-0.006925618411013249,0.030537389197312585,99867.20654860347,0.016559216250614104,1.406535887125856E7,298.10323303911406,0.06065092142882781,-0.353389366270043,0.4087568443115836,0.4759903974380613,"{""type"":""MultiPoint"",""coordinates"":[]}"
20151101,2015-11-01,296.49613927324634,-0.003441865963332713,0.03844931113388923,99959.31398116089,0.007356385209050542,9643739.182834476,297.4630531082218,0.03209748753476479,-0.9185778630125164,0.9526393442776415,0.4649997779505947,"{""type"":""MultiPoint"",""coordinates"":[]}"
20151102,2015-11-02,296.42185766167586,-0.008515874195939318,0.009306018979292336,100081.07898875127,0.0013521633507583787,1.588589808799135E7,298.1599780533345,0.010344122095585037,-0.5828199903614492,1.1355882215734887,0.47312961270680504,"{""type"":""MultiPoint"",""coordinates"":[]}"
20151103,2015-11-03,296.4488130943867,-0.010992011148717661,0.006388248950296734,100083.6122452298,9.32424228800964E-5,1.865334692030292E7,299.07754987328514,0.002637956221843269,-0.21578349074372763,0.04561156063845617,0.4693030123384489,"{""type"":""MultiPoint"",""coordinates"":[]}"
20151104,2015-11-04,296.58297593049934,-0.007921047809641585,0.006009268346371911,100046.04237517042,3.971972546764888E-4,1.5627579824738553E7,298.299767210931,0.01113270977226029,-0.22974854143841764,-0.051881572434729954,0.47904872963069967,"{""type"":""MultiPoint"",""coordinates"":[]}"
20151105,2015-11-05,296.41533675975046,-0.0030340370256957535,0.006953402918424582,100019.94138101126,6.042982895280583E-4,8192958.691669672,297.1652047851651,0.012595360063260378,-0.2106843050289418,-0.8206420942687805,0.4748333685529077,"{""type"":""MultiPoint"",""coordinates"":[]}"
20151106,2015-11-06,296.0391866691068,-0.010712332103308726,0.005358397721534939,99883.25024352437,3.287809011934469E-4,1.969752177713668E7,298.4864667258966,0.006118210161602246,-0.319019107380686,-0.005490702252388574,0.4680161805719779,"{""type"":""MultiPoint"",""coordinates"":[]}"
20151107,2015-11-07,296.6354313075565,-0.010305284560425293,0.07131669333683555,99902.12090387267,0.05409318161137562,1.740235937684818E7,298.607725269076,0.10839541216931357,-0.07653585806075221,0.30599435904175354,0.47865052239828093,"{""type"":""MultiPoint"",""coordinates"":[]}"
20151108,2015-11-08,296.8062710480587,-0.005556358410709822,0.02602899568393864,99916.20600233185,0.0010325381692849558,1.0348583767760549E7,298.0640351774315,0.015490520126201422,-0.3667629107587511,0.3457569595081959,0.4754246673785748,"{""type"":""MultiPoint"",""coordinates"":[]}"
20151109,2015-11-09,296.25515381558216,-0.0026598041343143006,0.010973171552316061,99883.65368826962,8.128528888587527E-5,6383991.903353769,297.33494036248385,0.004009513929351933,-0.49113820536031455,0.40671234025392344,0.48633990647171194,"{""type"":""MultiPoint"",""coordinates"":[]}"
20151110,2015-11-10,294.543718559035,-0.004638030579642101,0.008225674999241707,99730.54036563987,1.95041986694845E-5,6931324.595744683,297.16220688455917,0.0010430122888874893,-0.7371075473477713,-0.5280298218731124,0.477738663817501,"{""type"":""MultiPoint"",""coordinates"":[]}"
20151111,2015-11-11,295.43530856876635,-0.010549002514767208,0.007161105013349361,99816.04930501945,1.1450548250237573E-5,1.7942682139199425E7,298.5904584965578,8.78520445321081E-4,-0.5801484994926136,0.3357430174740795,0.4634777898613056,"{""type"":""MultiPoint"",""coordinates"":[]}"
20151112,2015-11-12,296.17308995608806,-0.011534466952612116,0.007449372141231411,100041.54108089353,4.523488059183171E-4,1.9961700161557883E7,298.9039812325313,0.013331227589102757,-0.49623157869438284,0.08177718408034106,0.4665931240127184,"{""type"":""MultiPoint"",""coordinates"":[]}"
20151113,2015-11-13,296.60889170069237,-0.006473376857989368,0.006238590672026461,100026.0278737632,3.4628176287198134E-4,1.2559131562928239E7,298.32193910154183,0.006614867975338827,-0.21764293693123368,-0.7891987272288482,0.47336649754282706,"{""type"":""MultiPoint"",""coordinates"":[]}"
20151114,2015-11-14,294.94426770513485,-0.007312612736371291,0.005328036275122341,99803.68185415636,5.5934799908302E-5,1.1149132613054452E7,297.7311836171142,0.0037663352007322654,-0.8418775758629796,-0.5177860949128018,0.47597610825801057,"{""type"":""MultiPoint"",""coordinates"":[]}"
20151115,2015-11-15,295.3355297082204,-0.0024856430727933404,0.00856301778496881,99727.86115767556,0.0012635512393689354,6411583.584565453,296.36867217728695,0.022755105354821174,0.13533266586012987,-0.9970599738490282,0.4763204823578905,"{""type"":""MultiPoint"",""coordinates"":[]}"
20151116,2015-11-16,295.2123121985422,-0.0097697486841008,0.004724737892200747,99705.09873963686,7.156211462340719E-6,1.5494447542012265E7,297.92260113420485,4.291754452717041E-4,0.06009410817343134,-0.035784915069903805,0.46353982993510073,"{""type"":""MultiPoint"",""coordinates"":[]}"
20151117,2015-11-17,296.0452718513491,-0.00969518509381436,0.0044971547733348854,99692.756725298,3.570646284033235E-5,1.621039923692752E7,298.78461189077433,0.0026818200977300347,-0.24655518438369267,0.3355770450412747,0.45831442332092964,"{""type"":""MultiPoint"",""coordinates"":[]}"
20151118,2015-11-18,296.56470934320697,-0.007181918301599102,0.005782494146149813,99789.07807358347,0.001506725647928394,1.403402335593221E7,298.11610830682804,0.011715099986627824,-0.5946219183243959,0.4142468262068397,0.4744191072869579,"{""type"":""MultiPoint"",""coordinates"":[]}"
20151119,2015-11-19,296.686082470602,-0.006561627630997428,0.004460605854834197,99819.76382970512,2.5114721225307944E-4,1.3991381650198346E7,298.4407628819783,0.006361417363809599,-0.8192671567061902,0.6165855323799758,0.4798913041564305,"{""type"":""MultiPoint"",""coordinates"":[]}"
20151120,2015-11-20,296.4804146784203,-0.0084222303982186,0.003963058766715158,99804.35334288652,1.0398862258088837E-4,1.3890701933645874E7,298.5600094896683,0.004160468092774642,-0.624219807054951,-0.132751816553427,0.48058079452322056,"{""type"":""MultiPoint"",""coordinates"":[]}"
20151121,2015-11-21,296.8301148027709,-0.009940082025289365,0.004436365924197933,99765.60643005188,6.364546635608316E-4,1.860434261521818E7,299.1448522994892,0.009066718589616591,-0.2280161064653275,-0.4415173109570207,0.47249742063826605,"{""type"":""MultiPoint"",""coordinates"":[]}"
20151122,2015-11-22,297.04727849308034,-0.0020210173463309842,0.005721548550016306,99777.03917202434,5.476776278066241E-4,6357843.778579156,297.6378566718099,0.014197585010325843,-0.6271175857288992,-0.27760625054650273,0.4700830107426497,"{""type"":""MultiPoint"",""coordinates"":[]}"
20151123,2015-11-23,296.7016758038914,-0.007753052420610564,0.005614090790139869,99936.11767971382,0.0011975147767785738,1.5563522505589616E7,298.495517758226,0.010338937601069877,-0.3449948275658156,-0.18848975000795315,0.46435334530855726,"{""type"":""MultiPoint"",""coordinates"":[]}"
20151124,2015-11-24,296.5973441069738,-0.00875275207933991,0.0039054109324327332,99907.37837964113,1.8386726038919384E-4,1.5157517252073565E7,298.767535240952,0.0031250073844795966,-0.5119474277801276,-0.4163622108126565,0.4682201067262694,"{""type"":""MultiPoint"",""coordinates"":[]}"
20151125,2015-11-25,296.0305772167601,-0.012562940405662252,0.0036035414867095048,99909.18959099887,3.4471657402542073E-6,2.096590219906239E7,299.5013138867009,2.756122267293535E-4,-0.334706982936921,-0.14898923347884463,0.4565526993461835,"{""type"":""MultiPoint"",""coordinates"":[]}"
20151126,2015-11-26,295.1238797340618,-0.013348419727066392,0.003420704373202511,99934.6158188569,1.292427201757696E-6,2.122492725351605E7,299.00650433878417,1.1126549911926243E-4,-0.2764344585100925,-0.1628072094152089,0.44182430555763436,"{""type"":""MultiPoint"",""coordinates"":[]}"
20151127,2015-11-27,295.7469919050868,-0.011538604304618972,0.003268668929828963,99910.18405397519,2.3891687866070627E-5,1.857727852001442E7,298.87401039627036,0.001995296385738476,-0.31382763249639967,0.3226452797762347,0.4337713992685951,"{""type"":""MultiPoint"",""coordinates"":[]}"
20151128,2015-11-28,296.09225143270294,-0.009792332858212625,0.003151381097457232,100025.16669654229,5.801127376515128E-5,1.6060009401370358E7,298.8692521348512,0.0022549401073014485,-0.33810593868651817,-0.286847171767398,0.4451023437237708,"{""type"":""MultiPoint"",""coordinates"":[]}"
20151129,2015-11-29,295.73109808425545,-0.012980330434520022,0.0030078616703927974,100061.93835201237,7.168730211051586E-5,2.0236312690227192E7,299.400033721071,0.003080754378110197,-0.2050978542735534,0.2628419626674797,0.4334423894248253,"{""type"":""MultiPoint"",""coordinates"":[]}"
20151130,2015-11-30,296.829970926229,-0.0035680920514353687,0.0038035812573101054,100069.4876166499,8.056039145781254E-4,8044408.599350884,297.79781169756086,0.018823574094307478,-0.3975516912068496,-0.6569871383728438,0.4806324938968879,"{""type"":""MultiPoint"",""coordinates"":[]}"
20151201,2015-12-01,296.7713566548636,-0.005514295859711719,0.004178790335959578,99919.69970268785,9.378768769662131E-4,1.1213305557879556E7,298.0897156478895,0.010738718175969744,-0.6098481552118522,-0.18783501240908776,0.4798670336666812,"{""type"":""MultiPoint"",""coordinates"":[]}"
20151202,2015-12-02,296.36878558027155,-0.008077726465321773,0.0026762879312876714,99962.10055641408,3.548583107823463E-5,1.4165333178507034E7,298.62153031731737,0.0024618332281641712,-0.09147003628712087,0.3166885790966469,0.4769981263678068,"{""type"":""MultiPoint"",""coordinates"":[]}"
20151203,2015-12-03,296.6427479698217,-0.00895501167828797,0.002858970990002134,99925.4065551538,2.675926587532627E-4,1.4693217739632173E7,298.97207280514493,0.004238473151377552,-0.389905917872344,-0.19905862018371068,0.4720321174481266,"{""type"":""MultiPoint"",""coordinates"":[]}"
20151204,2015-12-04,296.2148568359386,-0.010397691623564022,0.0027357549700460153,99805.79532904015,2.1660543932538152E-4,1.6792480238730624E7,299.4228257503571,0.00392721248977511,-0.7102809259848235,-0.5125725918885737,0.4690030032961627,"{""type"":""MultiPoint"",""coordinates"":[]}"
20151205,2015-12-05,296.2190951299089,-0.005247457136305669,0.004298801080139373,99810.72307491933,7.83014420542182E-4,8685939.48791922,297.963702108184,0.01740754103127516,-0.87366980992769,-1.03029644752956,0.4759477463346331,"{""type"":""MultiPoint"",""coordinates"":[]}"
20151206,2015-12-06,296.74465981497343,-0.005701687267561318,0.0026113126592175267,99853.21877259748,7.255320305261981E-5,9633416.804183194,298.4853825656851,0.0036799661870491086,-0.5785912150215509,-0.3250399448648356,0.47990688163939815,"{""type"":""MultiPoint"",""coordinates"":[]}"
20151207,2015-12-07,296.48658942236233,-0.006788403666324662,0.0030906385800230614,99968.08141219695,2.601475861585833E-4,1.0651817339343673E7,298.3606356084169,0.007876797059663057,-0.856969150589527,-0.5300140180815897,0.4820336889713369,"{""type"":""MultiPoint"",""coordinates"":[]}"
20151208,2015-12-08,296.45340127482945,-0.004168229716975382,0.002934682140314231,100001.92703790362,9.88840438852747E-5,8368998.772448613,297.93964547327994,0.005034890143166279,-0.6420887157111405,-0.419534363731167,0.48585313202483915,"{""type"":""MultiPoint"",""coordinates"":[]}"
20151209,2015-12-09,296.4391494872035,-0.007993637494476876,0.002666876579809825,100011.73339661799,3.0927330502696815E-5,1.3314703654525783E7,298.82248249092936,0.0020373632121239906,-0.5336270528797463,-0.4142243400160574,0.4765055574237593,"{""type"":""MultiPoint"",""coordinates"":[]}"
20151210,2015-12-10,296.9314214550743,-0.009769007371482634,0.0027303068008269816,100018.36196959944,1.582301913982602E-4,1.715343336458709E7,299.38508840804633,0.004721867627046971,-0.4439887230120281,0.007425024283306294,0.47318631809682626,"{""type"":""MultiPoint"",""coordinates"":[]}"
20151211,2015-12-11,296.7946465688624,-0.0063878594566199745,0.002668274580637041,99981.88917078,1.5293422037197547E-4,1.2835223118644072E7,298.3049756093787,0.006370652438800688,-0.3107155344637846,-0.10709954367074877,0.48461893324468536,"{""type"":""MultiPoint"",""coordinates"":[]}"
20151212,2015-12-12,297.02100735098173,-0.003911374995919544,0.0037294729840140722,99913.30323058007,5.823764540295373E-4,1.121845676739993E7,298.18725117342825,0.008500869810695873,-0.5709409396197592,0.24132784616060152,0.47086425113597735,"{""type"":""MultiPoint"",""coordinates"":[]}"
20151213,2015-12-13,296.65394198686727,-0.00810221748697255,0.005842524495014765,99982.21387411351,0.0014962418615452613,1.5088355798773892E7,298.1803896562715,0.016168006061543443,-0.1781488449072835,-0.28941213401095606,0.46537741211575795,"{""type"":""MultiPoint"",""coordinates"":[]}"
20151214,2015-12-14,296.7435951258131,-0.0063252246677015745,0.0036677613564230585,100026.58904045426,5.653938913319544E-4,1.5036084735665344E7,298.2501814085957,0.009276293840007553,-0.3128649008533448,-0.19315446065099562,0.4684330432055906,"{""type"":""MultiPoint"",""coordinates"":[]}"
20151215,2015-12-15,296.4383478810086,-0.00868421666971665,0.004302614041712584,100031.05314271407,8.221860616335233E-4,1.6833340314460874E7,298.2928648651872,0.012515408699048195,-0.16883701733033063,0.08883893290653957,0.47457449521306555,"{""type"":""MultiPoint"",""coordinates"":[]}"
20151216,2015-12-16,296.4304116782495,-0.008235947608818786,0.0031689942968566626,100013.81180851771,3.068565011153444E-5,1.6170734783267219E7,298.3273487382246,0.0020120443606577837,-0.4014800420560033,-0.07531653678335527,0.47473743675792285,"{""type"":""MultiPoint"",""coordinates"":[]}"
20151217,2015-12-17,295.0948863166473,-0.011668295166604664,0.0029431662961888995,100008.82672642259,6.400774176955611E-6,1.9503057875946637E7,298.6478811340387,4.359701911566865E-4,-0.329257722972233,-0.09636191505554106,0.4626666844098925,"{""type"":""MultiPoint"",""coordinates"":[]}"
20151218,2015-12-18,295.62446744116136,-0.01096812405533151,0.0027673759380489153,100105.33848367627,6.389005859965158E-6,1.7619236761630002E7,298.80802204271026,5.132181997761889E-4,-0.4068186182516643,0.13219029004362604,0.4505787102100525,"{""type"":""MultiPoint"",""coordinates"":[]}"
20151219,2015-12-19,296.27954831875945,-0.009607118347191529,0.0026323918778458706,100238.34615795028,1.6081047819015838E-5,1.64984967277317E7,298.8107152455758,0.001350723489114106,-0.33202023717671836,0.06324614265071385,0.4456382770494767,"{""type"":""MultiPoint"",""coordinates"":[]}"
20151220,2015-12-20,296.14470363015784,-0.011978033501513807,0.0024904339425494177,100165.35322584928,8.703578563102781E-6,1.902736000865489E7,299.49086451837127,7.772433695447518E-4,-0.21782133673543988,-0.03603862157047393,0.437682799270397,"{""type"":""MultiPoint"",""coordinates"":[]}"
20151221,2015-12-21,295.6327978957945,-0.013191066187961929,0.0023537678674287934,100205.03969147248,1.9873140780795928E-6,2.0373449355210964E7,299.0736781839196,1.8303655639515548E-4,-0.3835314649675225,-0.05645044183255333,0.4279098933756759,"{""type"":""MultiPoint"",""coordinates"":[]}"
20151222,2015-12-22,293.59727625543644,-0.01456439128468667,0.0022286806528292284,100240.49476607579,1.158768138514071E-6,2.189377177064551E7,298.41075225208283,1.1260033087272443E-4,-0.6076166349357817,-0.06600685728070593,0.414275888841246,"{""type"":""MultiPoint"",""coordinates"":[]}"
20151223,2015-12-23,294.0508900174787,-0.013152730872527472,0.0021149712835371046,100245.92313077324,2.4965785919351785E-6,2.0501330347637936E7,298.23759795444664,2.461542247745699E-4,-0.3676252662884758,-0.13689076615319917,0.4045257532821565,"{""type"":""MultiPoint"",""coordinates"":[]}"
20151224,2015-12-24,294.3289447582203,-0.012734904761697863,0.002013664608005149,100204.61335109669,4.507120318503918E-6,1.948475263180671E7,298.073386729172,4.788518542044831E-4,-0.35058210139407003,0.22971015441358944,0.3962858168891681,"{""type"":""MultiPoint"",""coordinates"":[]}"
20151225,2015-12-25,293.0652964493736,-0.01572517259936448,0.0019107608052741057,100118.1064251802,2.537603804749613E-7,2.103264910277678E7,298.4459622338753,2.8439043904310136E-5,-0.8311341331904719,-0.30363547491015613,0.3862205752530827,"{""type"":""MultiPoint"",""coordinates"":[]}"
20151226,2015-12-26,293.2013917109732,-0.015744765777795103,0.0018144498716568286,100110.59737222633,0.0,2.1262488072845295E7,298.66408308762635,8.52346317969932E-7,-0.5801286295007979,-0.2220042190065694,0.3744034113140544,"{""type"":""MultiPoint"",""coordinates"":[]}"
20151227,2015-12-27,294.232085797603,-0.01615763142076246,0.001724724813333884,100144.22439907187,3.5159862131750894E-8,2.0717737482870538E7,299.85003273302823,4.066179648999959E-6,-0.6567646152254681,-0.6743323330639045,0.3636615562645315,"{""type"":""MultiPoint"",""coordinates"":[]}"
20151228,2015-12-28,294.2596902215635,-0.01543628929798843,0.001642075627558592,100248.69070731348,6.017156598200834E-8,1.7527462638297874E7,300.1158368236416,7.302485629187094E-6,-0.9741522108853646,-0.9538220634166977,0.35418891115735424,"{""type"":""MultiPoint"",""coordinates"":[]}"
20151229,2015-12-29,294.7358877072183,-0.015199624979986079,0.0015648798691293541,100144.82830079063,4.954246506551693E-8,1.9407939601153985E7,300.1674918704258,6.204762276523044E-6,-0.10279721790443949,-0.30228043061091453,0.3453611781325159,"{""type"":""MultiPoint"",""coordinates"":[]}"
20151230,2015-12-30,293.99039538351724,-0.016097993918738555,0.0014930719122145525,100047.22840615938,1.2058521537973356E-6,1.9906874025243413E7,299.729515725223,1.5872587129779986E-4,-0.7094919163671478,-0.33383059194991044,0.3377227539023982,"{""type"":""MultiPoint"",""coordinates"":[]}"
