system:index,date,dewpoint_temperature_2m,potential_evaporation_sum,runoff_sum,surface_pressure,surface_runoff_sum,surface_solar_radiation_downwards_sum,temperature_2m,total_precipitation_sum,u_component_of_wind_10m,v_component_of_wind_10m,volumetric_soil_water_layer_1,.geo
20160101,2016-01-01,290.3371543411968,-0.018913263598107025,0.0013559276833888473,100272.57281289445,0.0,2.1148568095924996E7,298.2962617338786,4.351138045421976E-7,-0.9120181128445378,-0.6899421896580852,0.3223088678652771,"{""type"":""MultiPoint"",""coordinates"":[]}"
20160102,2016-01-02,289.66936448004714,-0.021385839744311488,0.0012924901300116307,100327.9817327992,0.0,2.1952634047601875E7,298.7156702138611,0.0,-0.9775067369358116,-0.6306330173659574,0.31467950543269385,"{""type"":""MultiPoint"",""coordinates"":[]}"
20160103,2016-01-03,288.4189624197138,-0.02295632525375721,0.001232151478109831,100203.08765261798,0.0,2.26416758665705E7,298.3822674057149,0.0,-0.885602886150313,-0.3768646942765284,0.30748666606710034,"{""type"":""MultiPoint"",""coordinates"":[]}"
20160104,2016-01-04,289.6910988399224,-0.022277099675180857,0.0011757560560645675,100236.57441385121,0.0,2.234428614424811E7,298.6893250765401,0.0,-0.2865272530685151,-0.058814172432935415,0.3012916678662398,"{""type"":""MultiPoint"",""coordinates"":[]}"
20160105,2016-01-05,291.2934534206086,-0.02051564267733404,0.0011227663580880372,100176.94720845637,0.0,2.191835940858277E7,299.11085683907703,1.704692635939864E-6,-0.20231350053745276,-0.05066852914067556,0.2959131916521662,"{""type"":""MultiPoint"",""coordinates"":[]}"
20160106,2016-01-06,292.32278399370597,-0.020208825801592896,0.0010725008024878768,100135.7151841206,1.4901161193847656E-8,2.168309382041112E7,299.6463047818133,1.2874602361989673E-6,-0.08239729883923301,-0.2084634706139751,0.2910864577010813,"{""type"":""MultiPoint"",""coordinates"":[]}"
20160107,2016-01-07,293.0726032965544,-0.01920166976274328,0.0010254111260530367,100226.47827051592,0.0,2.0885018148575556E7,299.95541676020224,8.612871056357108E-7,0.027504300882014145,-0.15992475157819247,0.28690593204528103,"{""type"":""MultiPoint"",""coordinates"":[]}"
20160108,2016-01-08,293.3174366903414,-0.020019442674606834,9.809657958196126E-4,100185.58047384467,2.3550068132721722E-8,2.1043946311575912E7,300.4013542852117,3.964327283594912E-6,-0.21895864087524486,-0.11610128065903237,0.28316503179261054,"{""type"":""MultiPoint"",""coordinates"":[]}"
20160109,2016-01-09,293.64175932354937,-0.018143966146487864,9.397183418316919E-4,100069.24815493195,3.7300728565082626E-7,2.0214812644789044E7,299.98367088754424,6.061243229035797E-5,0.060503508884440484,0.08887104494294548,0.28011621513508855,"{""type"":""MultiPoint"",""coordinates"":[]}"
20160110,2016-01-10,293.3742890707045,-0.018952721926684936,9.003892551679022E-4,100154.49227835941,1.6349094076531482E-7,2.051935434980166E7,299.97607449135944,2.75959810202927E-5,0.09184084902705016,0.04450043991131056,0.2778521505796733,"{""type"":""MultiPoint"",""coordinates"":[]}"
20160111,2016-01-11,292.41183624721543,-0.020912096144821604,8.626169878740927E-4,100156.3611475801,5.8739485398466903E-8,2.1287644817165527E7,300.03736753586423,1.0453207566769943E-5,-0.09430409737369279,-0.12195611474376157,0.27524671532784195,"{""type"":""MultiPoint"",""coordinates"":[]}"
20160112,2016-01-12,292.50312207292257,-0.02050997077172043,8.270920392326013E-4,100043.31418007724,4.463147652781144E-7,2.1208284691669676E7,299.6326685698077,7.41436292967812E-5,0.16673206288534542,0.03343135686659559,0.2729218425996058,"{""type"":""MultiPoint"",""coordinates"":[]}"
20160113,2016-01-13,293.87174933867215,-0.016752283493566722,7.966300919302699E-4,100060.08255292852,2.548584880443674E-6,1.8504047084024526E7,299.31998447730484,4.337634556881826E-4,0.15635312567939125,0.3943899423260145,0.27248149577894093,"{""type"":""MultiPoint"",""coordinates"":[]}"
20160114,2016-01-14,293.0655260360045,-0.01989375762278708,7.657413389379266E-4,100002.08700339583,2.4847834066410943E-6,2.0609629129462678E7,299.4311484893881,4.328360760157858E-4,0.14465163197994862,0.1814848456277858,0.27478575462875987,"{""type"":""MultiPoint"",""coordinates"":[]}"
20160115,2016-01-15,292.5876457818728,-0.02198053579381172,7.341979477881008E-4,99968.79785056468,1.3444119956232864E-6,2.2077262265416518E7,299.54502301629395,2.2956540470779878E-4,0.44646142248150705,0.06520294972603274,0.2741513265441682,"{""type"":""MultiPoint"",""coordinates"":[]}"
20160116,2016-01-16,292.9990734559353,-0.020233709785618424,7.044051475272127E-4,99980.77651591989,4.458096411698484E-7,2.18061362632528E7,299.26321406684843,7.645128072490342E-5,0.22978240988807386,0.0808735966811402,0.2728617497685008,"{""type"":""MultiPoint"",""coordinates"":[]}"
20160117,2016-01-17,293.343377943666,-0.020006304710909993,6.786589744157237E-4,99914.6744546323,2.337803038457134E-6,2.139333179084025E7,299.67801025960154,4.1764140494000905E-4,0.1985681710126868,0.3417837567334566,0.27110304432944743,"{""type"":""MultiPoint"",""coordinates"":[]}"
20160118,2016-01-18,293.7513548489559,-0.019976399433213023,6.537762196150835E-4,99884.927189336,3.391798226961453E-6,2.150461126361342E7,299.77240372965116,6.080338999419449E-4,0.339058243808501,0.18530080637718024,0.2724004763366942,"{""type"":""MultiPoint"",""coordinates"":[]}"
20160119,2016-01-19,294.10954587748165,-0.020635382550054194,6.264735737347321E-4,99884.86780960519,8.405318898153874E-7,2.153241986368555E7,300.3709476806608,1.5245659059881517E-4,0.48926977521454085,0.07128826324319823,0.27324738636055823,"{""type"":""MultiPoint"",""coordinates"":[]}"
20160120,2016-01-20,294.8766968256293,-0.01794577614843222,6.043766428751074E-4,99978.46839718612,1.6594347952076813E-6,1.740751473494411E7,300.83367258116164,3.023467691977274E-4,0.7409834890988087,-0.47516340670039386,0.27258223778841256,"{""type"":""MultiPoint"",""coordinates"":[]}"
20160121,2016-01-21,295.30379783661556,-0.016381367470087064,5.898172250088055E-4,100038.97611630287,7.692424884738365E-6,1.6752933547782186E7,300.8449592950296,0.001417419588350208,0.2543372358177012,-0.11322484883082452,0.2746986934149663,"{""type"":""MultiPoint"",""coordinates"":[]}"
20160122,2016-01-22,295.773225177637,-0.016155252529370667,5.691195604734975E-4,100072.48621020735,6.3282002020174535E-6,1.7761252552470252E7,300.37354637977813,0.0011573681064431004,0.3091224243411911,0.4234668029760396,0.28315847116904364,"{""type"":""MultiPoint"",""coordinates"":[]}"
20160123,2016-01-23,294.60042454792574,-0.021385047568651134,5.431624550575219E-4,100092.69561988418,2.1642418574908557E-7,2.152236938838803E7,301.0495668707709,4.1105732787383596E-5,0.2335808306219544,-0.023056634330222165,0.2828109128814232,"{""type"":""MultiPoint"",""coordinates"":[]}"
20160124,2016-01-24,294.73719604658186,-0.020626970131206804,5.228723853751293E-4,100130.50386440069,2.0699609800490757E-7,2.1387512139920667E7,301.203780368567,3.98923408388526E-5,0.28667902763051223,0.11448915471307274,0.278182048754045,"{""type"":""MultiPoint"",""coordinates"":[]}"
20160125,2016-01-25,295.10496534408753,-0.020694976173451434,5.043912484161784E-4,100047.81132780804,1.0277959056335626E-6,2.1793843928597197E7,301.3491609497474,1.9445231878237304E-4,0.4114011209276751,0.1325338974725829,0.274891036306813,"{""type"":""MultiPoint"",""coordinates"":[]}"
20160126,2016-01-26,294.7477865039135,-0.020821027444279928,4.883091903489463E-4,100077.04665207752,3.2396242156855865E-6,2.0728323580959253E7,301.012530785281,6.18319318204482E-4,0.3184290997238884,0.26908316301574414,0.2737045883057653,"{""type"":""MultiPoint"",""coordinates"":[]}"
20160127,2016-01-27,294.78254535980903,-0.019342078995584287,4.692814768628872E-4,100084.85672816233,1.021632316780572E-6,1.958789318211324E7,300.4642506911357,1.977379324954846E-4,0.17372542875491453,-0.0782803761183836,0.27487643622824715,"{""type"":""MultiPoint"",""coordinates"":[]}"
20160128,2016-01-28,294.5483556241424,-0.02081184005892066,4.5206876027639964E-4,100117.43524641682,3.4769734363026284E-7,2.203669885899748E7,300.5202463406586,6.757515391588126E-5,0.29942686372342664,0.24283246928674843,0.272391120721721,"{""type"":""MultiPoint"",""coordinates"":[]}"
20160129,2016-01-29,294.0781404486297,-0.020853518692758425,4.36005612121263E-4,100158.82406397206,4.0369357522798726E-7,2.1759565467003252E7,300.27139889120645,8.052601255494918E-5,0.3171336277987982,-0.019452846068891163,0.26989872138336,"{""type"":""MultiPoint"",""coordinates"":[]}"
20160130,2016-01-30,291.9948653046766,-0.02464381273697526,4.200010610495154E-4,100086.9622943455,1.69321362653279E-7,2.3481822535160482E7,300.4388371820791,3.259099217395702E-5,-0.1353426840976248,0.4280437181052974,0.26781147164584274,"{""type"":""MultiPoint"",""coordinates"":[]}"
20160131,2016-01-31,290.98595879682335,-0.025274313060688364,4.0439194961012045E-4,100037.23326038758,5.587532423138405E-8,2.3722364173818972E7,300.3102055233335,1.0797839236955887E-5,0.07382271268044202,0.22304499213806442,0.2656025885962455,"{""type"":""MultiPoint"",""coordinates"":[]}"
20160201,2016-02-01,289.7492935888211,-0.025235722372775212,3.896644570704536E-4,100064.3680753161,1.3990325700750944E-8,2.2680124439235486E7,300.0690711218945,1.7210477949447522E-6,-0.17593731234202326,0.051249524967818635,0.2636775023548316,"{""type"":""MultiPoint"",""coordinates"":[]}"
20160202,2016-02-02,287.7978185781394,-0.027917724018100356,3.75532288221173E-4,100083.53710890545,1.3888226146952493E-8,2.4319464774251714E7,300.10149386777726,1.7195939108205494E-6,-0.3416292679139321,0.1016509165513371,0.2620397262353138,"{""type"":""MultiPoint"",""coordinates"":[]}"
20160203,2016-02-03,289.64180283696055,-0.02411140367560683,3.621854718265404E-4,100072.35498557519,1.5003260747646107E-8,2.285887676523621E7,299.5158546682533,2.5689601557132846E-6,-0.086458196776434,0.23904200874995352,0.26076517083321304,"{""type"":""MultiPoint"",""coordinates"":[]}"
20160204,2016-02-04,289.26261372319186,-0.02602890871795687,3.492400920696307E-4,100060.04912846582,2.052738397421495E-9,2.392712030508475E7,299.82743374833353,1.3025999193274785E-6,-0.38258246536337454,0.33373284410120624,0.2596969748936188,"{""type"":""MultiPoint"",""coordinates"":[]}"
20160205,2016-02-05,291.10036369022913,-0.023032766837711337,3.369956902334762E-4,100035.793379789,5.529765570331385E-8,2.2480837713667512E7,299.56696737160803,1.0625793863362326E-5,0.0320075300109832,0.11875542795906016,0.25888617747476833,"{""type"":""MultiPoint"",""coordinates"":[]}"
20160206,2016-02-06,292.6079726177334,-0.022215828682395727,3.2541311651285577E-4,99994.65516420666,3.2220469714500747E-8,2.25681438326722E7,299.9355781682194,6.947273221031194E-6,0.4418899767787744,0.015754449079494984,0.25819915985169783,"{""type"":""MultiPoint"",""coordinates"":[]}"
20160207,2016-02-07,294.2959228879716,-0.021014059757094417,3.148121225287929E-4,100090.95408401277,3.01310560826227E-7,1.9663293549945906E7,300.9466567990413,6.129899394738435E-5,0.6087939270070889,-0.28410856649843835,0.2578833720219481,"{""type"":""MultiPoint"",""coordinates"":[]}"
20160208,2016-02-08,295.34587475290266,-0.021141893710313706,3.0705761036802366E-4,100013.54463227534,2.9089533160663973E-6,2.0459239588892903E7,301.64263922022667,6.041299036174193E-4,0.5316584711250226,-0.05845428969026373,0.2590422337409725,"{""type"":""MultiPoint"",""coordinates"":[]}"
20160209,2016-02-09,295.8029941467586,-0.017790426639520945,3.0419597750831246E-4,100045.72796835557,9.36844817060793E-6,1.9128763589614138E7,301.0165509596398,0.0018955941825535506,0.5227655756142525,0.09007812943477475,0.2663247753528037,"{""type"":""MultiPoint"",""coordinates"":[]}"
20160210,2016-02-10,295.53131231726866,-0.019645143696602353,2.9800383839588334E-4,100012.87029561943,1.2012095796129055E-5,2.060113626036784E7,300.7465020443531,0.002358768550859559,0.44432644338787775,-0.2346218126813786,0.27725329389364656,"{""type"":""MultiPoint"",""coordinates"":[]}"
20160211,2016-02-11,295.8007039852994,-0.017124357563770943,2.8785286968983003E-4,100005.18633232758,9.97719526548829E-6,1.9379639571583126E7,300.34148769605645,0.0018707888665014834,0.34994827054529637,-0.08376831040529695,0.29358157293056264,"{""type"":""MultiPoint"",""coordinates"":[]}"
20160212,2016-02-12,295.61880258339386,-0.0187894648892803,2.7281242052312803E-4,99956.67220198817,2.9283817864220977E-6,1.951551286007934E7,300.92863478295465,5.709101824480148E-4,0.5404987992081367,-0.3935502094064056,0.2985506321406878,"{""type"":""MultiPoint"",""coordinates"":[]}"
20160213,2016-02-13,295.5899553091455,-0.018302767087826004,2.6506720748224543E-4,99981.26084942273,3.097042188806049E-6,1.937454476451497E7,300.54379328014556,6.266244037460339E-4,0.6799552248911097,-0.39087343129963814,0.29649436804863943,"{""type"":""MultiPoint"",""coordinates"":[]}"
20160214,2016-02-14,294.86479594573086,-0.021565070377815253,2.552967369448954E-4,99987.60710944312,1.4255596462501501E-6,2.223964994157952E7,300.8156876163367,2.9631247062180993E-4,0.3851307184453451,0.2069585213281169,0.29143437950610257,"{""type"":""MultiPoint"",""coordinates"":[]}"
20160215,2016-02-15,294.7198393143403,-0.02098874647668713,2.4740569887288504E-4,100092.49592787879,1.559078994314893E-6,2.1886130126217093E7,300.7704070595998,3.2533634324541594E-4,0.29231774708100966,0.40529551698347893,0.2869201428128746,"{""type"":""MultiPoint"",""coordinates"":[]}"
20160216,2016-02-16,294.6577855896701,-0.02359070581190216,2.3924356499089696E-4,100035.23752807957,1.288851030544387E-6,2.2193869370357018E7,301.5924054764974,2.6950769804297606E-4,0.5261966534740781,-0.1450544426770491,0.2824914137579699,"{""type"":""MultiPoint"",""coordinates"":[]}"
20160217,2016-02-17,293.72090408902056,-0.02202212833623099,2.3052092874002855E-4,99960.92717196234,8.436378657151508E-8,1.9327800669311214E7,301.7627915686062,1.863908809055523E-5,-0.11059112900767085,-0.10180763614222126,0.27884671298023717,"{""type"":""MultiPoint"",""coordinates"":[]}"
20160218,2016-02-18,294.7058020093175,-0.024320729908436332,2.2465474782676166E-4,99985.08800114716,1.5913693216188358E-6,2.0099676803461954E7,302.6497722533564,3.298792143053756E-4,0.22565744828541623,0.19201149022239575,0.2746963749741229,"{""type"":""MultiPoint"",""coordinates"":[]}"
20160219,2016-02-19,294.55977510130606,-0.02560107573985065,2.1956022190695165E-4,100141.49456346166,3.6209472413102598E-6,2.151488969275153E7,302.32716512422127,7.666541551168924E-4,0.38861979284973186,0.1551669565355109,0.27400662334711307,"{""type"":""MultiPoint"",""coordinates"":[]}"
20160220,2016-02-20,295.2446531705494,-0.023881092601752307,2.1372600352768435E-4,100187.05792956075,4.500083509782916E-6,2.1679108959249906E7,301.7826248688944,9.576773421644088E-4,0.2724216439171126,0.24493908594112895,0.27672125161417777,"{""type"":""MultiPoint"",""coordinates"":[]}"
20160221,2016-02-21,295.90741458594306,-0.021784859564688678,2.0447369897318285E-4,100144.79360558756,1.580536021594747E-6,2.2481265708979443E7,301.65130795032763,3.360910042069739E-4,0.8390782465512311,-0.4133574694219527,0.2779339228502933,"{""type"":""MultiPoint"",""coordinates"":[]}"
20160222,2016-02-22,295.7253574481849,-0.025642732207337912,1.9789490616368852E-4,100105.838930343,1.3892431036470772E-6,2.3939173067435995E7,302.92369253862677,2.960987892017625E-4,0.46650483261752207,0.23261957339676462,0.27556512080386425,"{""type"":""MultiPoint"",""coordinates"":[]}"
20160223,2016-02-23,296.0456770337364,-0.021580571414190123,2.1280654599595237E-4,100079.21622900371,2.2158178501166983E-5,2.1483473710421927E7,301.6776371676269,0.003673944937980781,1.188842066349727,0.47840335911061704,0.2808407391331377,"{""type"":""MultiPoint"",""coordinates"":[]}"
20160224,2016-02-24,296.201825497858,-0.01902161903338144,1.9630196773313765E-4,100050.39671381263,1.0516777973161294E-5,2.0327031889289577E7,301.1616663418649,0.0017876426164821207,1.0058258435863445,-0.40151063366167844,0.31367589820103386,"{""type"":""MultiPoint"",""coordinates"":[]}"
20160225,2016-02-25,296.24227878035435,-0.020265175190173547,1.848365801188046E-4,100050.97625288546,4.136891215448556E-6,2.1404475582041115E7,301.6034306339209,8.419123983007857E-4,0.5006189629469572,-0.18780400867945932,0.30955076097281364,"{""type"":""MultiPoint"",""coordinates"":[]}"
20160226,2016-02-26,295.5266972695539,-0.02434712487719268,1.782854750962022E-4,100084.19655377563,2.9755786485806123E-6,2.3196645243058063E7,302.1517338297061,6.229259419779344E-4,0.41919734247574253,-0.07536296647304899,0.302219165605283,"{""type"":""MultiPoint"",""coordinates"":[]}"
20160227,2016-02-27,294.60039329849786,-0.025793158857294943,1.7007045633217683E-4,100182.18282872322,5.0388816629898834E-8,2.319302202163722E7,302.28418125460274,1.0663648616348285E-5,0.6651846778723808,-0.07658019015989363,0.29624811670702517,"{""type"":""MultiPoint"",""coordinates"":[]}"
20160228,2016-02-28,295.27114548232066,-0.023117808750711368,1.6732776945264086E-4,100266.35494278677,2.43052824111867E-6,2.084626105301118E7,302.4578948873269,5.0883302969285E-4,0.35507171219079336,0.14881735317178868,0.2891198145768608,"{""type"":""MultiPoint"",""coordinates"":[]}"
20160229,2016-02-29,295.24924557494745,-0.025166814313214738,1.6347939814207488E-4,100184.77735425634,3.519316539410173E-6,2.3141505358817168E7,302.50999655885795,7.540392608114634E-4,0.2722437923122791,0.0468797169993855,0.28584924863642663,"{""type"":""MultiPoint"",""coordinates"":[]}"
20160301,2016-03-01,294.9354058414831,-0.026400421644983168,1.5530330080268964E-4,100036.783411726,1.5924977903713447E-7,2.4006599554994594E7,302.28443683289987,3.534926742685823E-5,0.5128844768213731,0.09128827390396793,0.2841561171050999,"{""type"":""MultiPoint"",""coordinates"":[]}"
20160302,2016-03-02,294.6038928771911,-0.025785115772836098,1.5082845737733784E-4,100077.766719128,4.078984647462656E-7,2.3688754219978366E7,302.1844065478536,8.953767339976051E-5,0.32710394393310116,-0.07597700505463573,0.2787169772768439,"{""type"":""MultiPoint"",""coordinates"":[]}"
20160303,2016-03-03,294.5732708862301,-0.026520365167354103,1.4730651714807807E-4,100116.65087784974,1.5262109984828814E-6,2.477259580749349E7,302.2987797871592,3.346404269577238E-4,0.2731259074659928,0.4083084530205033,0.2746915749624266,"{""type"":""MultiPoint"",""coordinates"":[]}"
20160304,2016-03-04,294.06937960590193,-0.02632276838114019,1.4177975814092303E-4,100033.01385124603,4.0682641943138163E-7,2.160523265571125E7,302.0115710518827,8.712087520781862E-5,0.3070720261371914,0.09422926173959308,0.2724818335027703,"{""type"":""MultiPoint"",""coordinates"":[]}"
20160305,2016-03-05,294.36913092638787,-0.027309701570772844,1.379866253757924E-4,99946.04866677328,8.680960825106057E-7,2.3096364189724807E7,302.1161547586428,1.9111395892450363E-4,0.5033966780912564,0.14839094346325363,0.26970776652957357,"{""type"":""MultiPoint"",""coordinates"":[]}"
20160306,2016-03-06,295.2592578279899,-0.025150853753616528,1.3447170852110184E-4,99918.13526370829,1.4111689828252948E-6,2.2737284235542074E7,301.9839023306245,3.136310406991611E-4,0.6539495331777634,0.06532628378023794,0.2684844125132532,"{""type"":""MultiPoint"",""coordinates"":[]}"
20160307,2016-03-07,295.5188304239891,-0.024933750494331226,1.309038584214275E-4,99885.56437834795,1.7525307804593282E-6,2.280265652375232E7,302.1565218963422,3.911040983946368E-4,0.5932013539973326,0.6186082248490566,0.26811995072381445,"{""type"":""MultiPoint"",""coordinates"":[]}"
20160308,2016-03-08,295.2135305410394,-0.02570941683551142,1.2715282828808694E-4,99880.8607225717,1.7929595169331511E-6,2.268668080835863E7,302.2371084412957,3.998810400516109E-4,0.4838376937684626,0.5571127855544166,0.26801905475538046,"{""type"":""MultiPoint"",""coordinates"":[]}"
20160309,2016-03-09,295.71695249025345,-0.023400138734460015,1.2257167773258804E-4,99952.979934863,8.479824704123111E-7,2.1435303109151077E7,302.3823647031935,1.8921347557831686E-4,0.5681478828460441,0.3167744501663925,0.2682094518948324,"{""type"":""MultiPoint"",""coordinates"":[]}"
20160310,2016-03-10,296.2691820926256,-0.02167939771540407,1.2033992120173275E-4,99996.92837215167,1.994821082114142E-6,1.8740772852596525E7,302.5876728880504,4.4552948476230783E-4,0.531515397508495,0.45718810184025727,0.2674070981449055,"{""type"":""MultiPoint"",""coordinates"":[]}"
20160311,2016-03-11,297.0395960516047,-0.020492590593057896,1.2150028531748252E-4,100054.22281437357,6.255459643596784E-6,2.022930714135475E7,302.40652896446863,0.0013855740443182375,0.7453447739254586,-0.17725947728909644,0.27256055605613594,"{""type"":""MultiPoint"",""coordinates"":[]}"
20160312,2016-03-12,296.89663464215704,-0.01798673446723111,1.275234281737324E-4,100046.75935840115,1.5046325264706153E-5,1.849190502552268E7,301.83089066973275,0.0032259048252581755,0.5287030155031938,-0.12286619732250659,0.2849123177870576,"{""type"":""MultiPoint"",""coordinates"":[]}"
20160313,2016-03-13,296.81846204120995,-0.020578046100603046,1.1433538464574747E-4,100014.13314929021,4.546041743144033E-6,1.9887628831394374E7,302.37083619213223,9.459323855923656E-4,0.58174595478593,-0.7486527165708555,0.2968377875570981,"{""type"":""MultiPoint"",""coordinates"":[]}"
20160314,2016-03-14,297.0375903466959,-0.02123765321633165,1.2240390398422392E-4,99979.39639727205,1.537773772950556E-5,1.9630855985900357E7,302.6060316349713,0.003034964417701257,0.6733482020135425,0.23200139440242348,0.30032618124047394,"{""type"":""MultiPoint"",""coordinates"":[]}"
20160315,2016-03-15,297.11295612398044,-0.011865816767244535,1.3926775176904284E-4,100060.63569053615,3.430681229927374E-5,1.4736024626201317E7,300.6357128575727,0.0048817037503874165,0.09993675640962317,-0.11752436281124666,0.3432555804531768,"{""type"":""MultiPoint"",""coordinates"":[]}"
20160316,2016-03-16,295.80981095138975,-0.023586120234793635,1.0464371346928693E-4,99945.48995569258,2.0786448157826707E-6,2.1252811140111286E7,302.12651081637773,4.085458339479099E-4,0.8220529894456795,-0.5924319494428336,0.33302104781203895,"{""type"":""MultiPoint"",""coordinates"":[]}"
20160317,2016-03-17,295.8463643233727,-0.023832458118766043,1.0146597233052464E-4,99954.57120348564,1.5499437710802947E-6,2.0911757215372622E7,302.2400473814657,3.1299109295992517E-4,0.8122230754017271,-0.7589873370391731,0.31985984207962204,"{""type"":""MultiPoint"",""coordinates"":[]}"
20160318,2016-03-18,296.7201370129664,-0.02139760912528676,1.0100544423262563E-4,99906.36280065778,3.7212036294796133E-6,2.16647196210167E7,302.45408803658046,7.949516028825003E-4,0.7095612685172256,-0.09335815400684064,0.31043841658568266,"{""type"":""MultiPoint"",""coordinates"":[]}"
20160319,2016-03-19,297.1062300285765,-0.019918236166797644,9.958642433147934E-5,99986.32869181478,4.723160287511079E-6,1.991000490309392E7,302.4974229612923,9.81616969571333E-4,1.069402396313516,-0.5457998665927594,0.30844702940174046,"{""type"":""MultiPoint"",""coordinates"":[]}"
20160320,2016-03-20,297.27027510817146,-0.021271288487623632,9.635107754973187E-5,99961.22431578407,3.779255286305122E-6,2.010668405006608E7,302.85643356713933,7.097444065125256E-4,0.913565821050953,-0.16418585695316476,0.305871648246214,"{""type"":""MultiPoint"",""coordinates"":[]}"
20160321,2016-03-21,297.301264705674,-0.02098971959290804,9.392214797267922E-5,99903.47563465411,3.62818824913886E-6,2.1705631301117927E7,302.77859011256993,7.706201338742212E-4,0.8147623300810305,0.15856917424046632,0.30151326204380874,"{""type"":""MultiPoint"",""coordinates"":[]}"
20160322,2016-03-22,297.5770191477389,-0.01701282917931972,1.0352829196502105E-4,99864.43489113777,1.5319941321564547E-5,2.0546338548503432E7,302.03510862406176,0.003166125631862305,0.6436870878512849,0.20573440955398553,0.30787993010484144,"{""type"":""MultiPoint"",""coordinates"":[]}"
20160323,2016-03-23,297.5852645012404,-0.017760463905300086,9.460887763201868E-5,99884.87723597481,8.265708505655943E-6,2.0306702179949515E7,302.29594749068247,0.0016238860140769735,0.6433265168788068,0.19141541428399184,0.31928651827805204,"{""type"":""MultiPoint"",""coordinates"":[]}"
20160324,2016-03-24,297.34047159029194,-0.019117243849936696,1.1212860488994776E-4,100055.75041620414,2.764260515253595E-5,2.0432521112874147E7,302.1297892079731,0.004649164759977149,0.8240067701755863,0.15047813110991243,0.3274841316618418,"{""type"":""MultiPoint"",""coordinates"":[]}"
20160325,2016-03-25,296.461323035252,-0.021706359359522056,9.64269348313737E-5,100149.07085260865,1.3728921287892918E-5,2.1257391738550317E7,302.091545732968,0.0018686196405813993,0.48977169702224743,-0.08003413843440815,0.35236333307559026,"{""type"":""MultiPoint"",""coordinates"":[]}"
20160326,2016-03-26,295.549157881711,-0.0265229479932007,8.225568603446154E-5,100060.79143493998,1.609986369204874E-6,2.5903064988460153E7,302.851251760832,3.4421867211717065E-4,0.6443825870884884,-0.20018724725142967,0.33426650886797027,"{""type"":""MultiPoint"",""coordinates"":[]}"
20160327,2016-03-27,296.1108692392505,-0.02304509687823507,8.096151776662853E-5,100034.16573312739,2.3358067234973376E-6,2.3884259869094845E7,302.56441479025017,4.760444411464518E-4,0.4839112930307023,0.06960327418352896,0.3220728336439238,"{""type"":""MultiPoint"",""coordinates"":[]}"
20160328,2016-03-28,296.2236164256722,-0.02445552223105101,8.215376649829743E-5,100053.5240796788,5.477998409725207E-6,2.3533588439956732E7,302.6107124585862,0.0011802718199163493,0.6925492810005037,0.18880014130667663,0.31429024192057126,"{""type"":""MultiPoint"",""coordinates"":[]}"
20160329,2016-03-29,296.5930777163528,-0.020857838620262116,8.425645844583E-5,100080.38987523386,9.342364421442792E-6,2.275334284096647E7,302.1285637769437,0.0019445999962433213,0.4349340970075709,0.07826485953690385,0.3162884843479858,"{""type"":""MultiPoint"",""coordinates"":[]}"
20160330,2016-03-30,296.4849991943418,-0.022964166401419628,8.399782952873704E-5,100103.52196085859,1.0783585601879552E-5,2.317092713198702E7,302.48875797137373,0.002206517609764845,0.48578732895555954,0.14882903199941583,0.32019568297822615,"{""type"":""MultiPoint"",""coordinates"":[]}"
20160331,2016-03-31,296.46167730089996,-0.02290080045878866,8.063997402975288E-5,99984.7645721344,9.036573570986065E-6,2.306424115975478E7,302.1938433272862,0.001891445590669126,0.5978174231375963,-0.04631367198606139,0.324388536012349,"{""type"":""MultiPoint"",""coordinates"":[]}"
20160401,2016-04-01,296.5981183174153,-0.02278420500245027,7.94889412758542E-5,99848.60294922111,9.4758569012039E-6,2.269552288315904E7,302.55674819794973,0.0018559350353925265,0.7270639577526962,0.5695064320904174,0.3251624981476318,"{""type"":""MultiPoint"",""coordinates"":[]}"
20160402,2016-04-02,296.7538984383309,-0.02147953734177998,8.073003120986383E-5,99934.23680807158,1.2218731858865307E-5,2.162463433537685E7,302.5464894619969,0.0023180470812219456,0.6039458931832233,0.16263182927874625,0.33134453639715883,"{""type"":""MultiPoint"",""coordinates"":[]}"
20160403,2016-04-03,296.86735717424034,-0.02095842459250821,7.166998011516486E-5,100023.58305688128,4.568680975783659E-6,2.0656291912369274E7,302.4437262308915,9.200723031355558E-4,0.7009437504633214,-0.40856089618060165,0.3293756746818763,"{""type"":""MultiPoint"",""coordinates"":[]}"
20160404,2016-04-04,297.31307997842833,-0.020223350391420612,7.846646529433964E-5,99888.59558256608,1.27976524498847E-5,2.181231653588172E7,302.55439402166076,0.0026752980912222264,1.243433798372581,-0.05633686974238055,0.32523215271300576,"{""type"":""MultiPoint"",""coordinates"":[]}"
20160405,2016-04-05,297.21432630436004,-0.013143994998263402,9.506476020021985E-5,99934.90053882916,3.0476372894551237E-5,1.7154437510277685E7,300.9876516559746,0.004783689651067099,0.44844080602510833,0.14297139305007442,0.3581042918523842,"{""type"":""MultiPoint"",""coordinates"":[]}"
20160406,2016-04-06,296.76804194981725,-0.019279784535377244,6.801818000079492E-5,99944.16992299022,4.634422341108409E-6,2.1131363137756947E7,301.8690074396071,9.580932828043225E-4,0.7306541860612316,-0.2961970494621461,0.3517302360539253,"{""type"":""MultiPoint"",""coordinates"":[]}"
20160407,2016-04-07,296.98619620200174,-0.02205180568204776,7.232488695568359E-5,99824.60723628235,1.0351347140873807E-5,2.236645297764155E7,303.0483769956641,0.0020279866663385597,0.5426336910478455,0.07192460565501674,0.34074135241650066,"{""type"":""MultiPoint"",""coordinates"":[]}"
20160408,2016-04-08,297.1685791687404,-0.01892161199784735,9.769882658866612E-5,99845.95237006871,3.704437539330725E-5,2.143321014857555E7,302.0762888274095,0.005635983419309881,0.03304325598537786,0.19420725741284958,0.3506674489689527,"{""type"":""MultiPoint"",""coordinates"":[]}"
20160409,2016-04-09,296.7780884794209,-0.015989685678982884,8.325218842685589E-5,99996.10507085863,2.361736248599636E-5,1.7645115398485396E7,300.9736556376329,0.003403280465299669,-0.13360302321311016,-0.3131095251651291,0.3882681882958928,"{""type"":""MultiPoint"",""coordinates"":[]}"
20160410,2016-04-10,297.1303206555101,-0.019467387690984342,7.433077240523301E-5,100021.6380100922,1.573926687584515E-5,2.1027195976559687E7,302.0894828126442,0.0028071727411780848,0.5556639231000758,-0.4382489230400926,0.3811495867267311,"{""type"":""MultiPoint"",""coordinates"":[]}"
20160411,2016-04-11,297.5097584734171,-0.017576120742769652,6.420276803829333E-5,99919.96697196133,6.723150831243858E-6,2.09135862311576E7,302.36357091914465,0.001286335915509777,0.7042608434211922,-0.39386635500732153,0.37166944623695636,"{""type"":""MultiPoint"",""coordinates"":[]}"
20160412,2016-04-12,297.50621948122966,-0.019083766205578213,6.78414886624556E-5,99818.70885078586,1.1491826025106141E-5,2.1140112880995315E7,302.5635891410075,0.002212467945374234,0.7682217170246693,0.27420773533677695,0.36084240075272006,"{""type"":""MultiPoint"",""coordinates"":[]}"
20160413,2016-04-13,297.85652675438376,-0.019491673128466468,6.361591861087238E-5,99642.10511036015,8.36601863043256E-6,2.149970163108547E7,302.7775198082066,0.0016177170706749653,0.9252904781227373,-0.19841137131843334,0.3552812685658689,"{""type"":""MultiPoint"",""coordinates"":[]}"
20160414,2016-04-14,298.37957765506076,-0.017737175311437807,8.682271998323262E-5,99677.16068861101,3.264075178039062E-5,1.8760465503786515E7,302.7924488738031,0.004955026567660054,0.7745028160013592,0.1400942783513914,0.3615870274579185,"{""type"":""MultiPoint"",""coordinates"":[]}"
20160415,2016-04-15,298.4365567153342,-0.016642533422720124,8.015053832397712E-5,99806.49125701288,2.685105686707056E-5,1.9186891850703213E7,302.18034914660774,0.004520719700074562,0.5321267549056448,0.26732837123529235,0.38746344422703677,"{""type"":""MultiPoint"",""coordinates"":[]}"
20160416,2016-04-16,298.3920641827002,-0.015354858597843307,9.157771115005556E-5,99813.69984367253,3.911282906152263E-5,1.968962228308691E7,301.8036350833065,0.004081430002788029,0.6588427063679091,-0.16327271666115817,0.39824747165130153,"{""type"":""MultiPoint"",""coordinates"":[]}"
20160417,2016-04-17,298.14982483097253,-0.016151712736497067,7.91145126569413E-5,99733.92336449552,2.7434958841583164E-5,2.0303663423728812E7,302.07752535311363,0.004549085528759108,0.6821357440541523,-0.38213321700923253,0.4015074298994834,"{""type"":""MultiPoint"",""coordinates"":[]}"
20160418,2016-04-18,297.7425239123697,-0.017608099724201368,5.97383951908666E-5,99725.29367819292,8.882709543411802E-6,2.0298036312657773E7,302.46348686988637,0.0014543586651862724,0.8035179960826566,-0.1226752845552309,0.39364786614648334,"{""type"":""MultiPoint"",""coordinates"":[]}"
20160419,2016-04-19,297.1586803294588,-0.02020787614543129,7.596295199323724E-5,99824.87220619072,2.608473791871482E-5,2.308437947133069E7,302.43172195912393,0.0038057006505951745,0.3275936698523805,0.4911700199538519,0.3819764685582078,"{""type"":""MultiPoint"",""coordinates"":[]}"
20160420,2016-04-20,297.7684068885012,-0.01562933716755072,7.752591883108756E-5,99976.48889912914,2.851329402634696E-5,2.0426783271907687E7,301.768419958849,0.0028762061232493895,0.2795146344186366,0.043976634379002996,0.388831173690097,"{""type"":""MultiPoint"",""coordinates"":[]}"
20160421,2016-04-21,298.0775831114545,-0.014505174737779663,7.030360865498382E-5,99928.6119969512,2.203322476829986E-5,2.0128152919942304E7,301.780884913433,0.003753765618438586,0.6092640335334294,-0.36495751204836296,0.39191143695287006,"{""type"":""MultiPoint"",""coordinates"":[]}"
20160422,2016-04-22,297.7507625517472,-0.016077474348067035,5.769646591199592E-5,99848.56201119052,1.0164557350614723E-5,1.888502521492968E7,302.33466652692374,0.001876411716134116,1.1889819140502478,-0.8663085979801459,0.390562866381519,"{""type"":""MultiPoint"",""coordinates"":[]}"
20160423,2016-04-23,297.6831528484456,-0.018360236515228903,5.3937850856540276E-5,99685.56805609952,7.213846660459941E-6,2.0561271797692034E7,302.72011981450083,0.0012676056888653048,1.3996079306517073,-0.9964209305350206,0.3763336141975845,"{""type"":""MultiPoint"",""coordinates"":[]}"
20160424,2016-04-24,297.42717342649553,-0.02058069725254577,5.1700844259155475E-5,99578.1389123472,5.856599676192044E-6,2.0373593829787236E7,303.2088390457644,9.253769629361867E-4,1.383940790146356,-0.8842575009130834,0.3621455009259603,"{""type"":""MultiPoint"",""coordinates"":[]}"
20160425,2016-04-25,297.31342335597947,-0.01959777599502203,5.0335536783798236E-5,99654.78332544478,5.3501482737266415E-6,1.9879767158312302E7,302.88556976951156,9.014198507507745E-4,1.0348921894009753,-0.9143800422511634,0.3508958871554606,"{""type"":""MultiPoint"",""coordinates"":[]}"
20160426,2016-04-26,297.7786945315963,-0.0202306323774425,5.992572369061349E-5,99736.2621627168,1.5802807727102504E-5,2.183579521276596E7,303.3792037711663,0.0013397708466226298,0.8497516940685831,-0.43594677045033214,0.34169873733878176,"{""type"":""MultiPoint"",""coordinates"":[]}"
20160427,2016-04-27,297.38344279263004,-0.02046114268245527,4.772607907464777E-5,99713.32575349913,4.463945641398989E-6,2.1578412095203754E7,303.170900284549,8.547573695456756E-4,0.5883340563879005,0.4940989193026157,0.33405014665844157,"{""type"":""MultiPoint"",""coordinates"":[]}"
20160428,2016-04-28,297.6040799051169,-0.019757278619573902,5.7021937149335376E-5,99725.16436407341,1.4580877580412281E-5,2.1259091759466287E7,302.83241200392627,0.002664062725134256,0.7093395270297042,0.5126426821360295,0.3332384527696843,"{""type"":""MultiPoint"",""coordinates"":[]}"
20160429,2016-04-29,297.2581129327447,-0.019723497615946443,5.577582015571636E-5,99808.85333619533,1.4076438613888855E-5,2.0904293275513887E7,302.50413091911525,0.00234095675395879,0.42845604978282376,0.2500799511155052,0.3414609940927008,"{""type"":""MultiPoint"",""coordinates"":[]}"
20160430,2016-04-30,297.1945814384207,-0.02124552257571288,5.1072668693919405E-5,99819.60207197006,1.0148991198906004E-5,2.2755848966462314E7,302.63729089383173,0.0019130100799389278,0.5735303879013456,0.043800892057807454,0.3411119388608294,"{""type"":""MultiPoint"",""coordinates"":[]}"
20160501,2016-05-01,297.0753653285911,-0.022268210458134298,5.417183347871233E-5,99787.99235777337,1.4028201948379814E-5,2.3152353313379016E7,302.6809508008071,0.002564565529907559,0.7854986838501138,-0.05302709326002944,0.34040268385463335,"{""type"":""MultiPoint"",""coordinates"":[]}"
20160502,2016-05-02,297.3785813149674,-0.020064499484441622,4.2586097358754524E-5,99778.44753726412,3.1770828653233095E-6,2.20353394857555E7,302.72626608004725,5.99153751817965E-4,0.9766911697983818,-0.5581027883107108,0.34390831899293295,"{""type"":""MultiPoint"",""coordinates"":[]}"
20160503,2016-05-03,297.41191305496864,-0.021024857177185836,5.0415308777279195E-5,99737.73542557655,1.1729497665366757E-5,2.2281971717273716E7,302.86074872824526,0.0022436006755722246,0.8630485073822823,-0.27566337126896845,0.33564661156459136,"{""type"":""MultiPoint"",""coordinates"":[]}"
20160504,2016-05-04,297.89559708645845,-0.016611725490928514,1.4419934023514233E-4,99771.33868611432,1.0619227620956058E-4,2.190693168770285E7,301.6539949636532,0.008335802698989443,0.13926088713957635,-0.1799092222283216,0.37075711935955624,"{""type"":""MultiPoint"",""coordinates"":[]}"
20160505,2016-05-05,297.739440684795,-0.017574259498802453,2.2927866197431992E-4,99783.28755134612,1.9185850648642706E-4,2.1277189413270827E7,301.6518106101755,0.012213539480978494,0.25183852748639285,0.15883139724813988,0.42158350111673276,"{""type"":""MultiPoint"",""coordinates"":[]}"
20160506,2016-05-06,297.9573651492732,-0.014286833744411474,2.1870307197134037E-4,99794.32553703309,1.758114766266387E-4,2.0882679825820412E7,301.181571577558,0.006932331250237543,0.19405581358175814,-0.31176016333298356,0.4396906542167568,"{""type"":""MultiPoint"",""coordinates"":[]}"
20160507,2016-05-07,297.5999624974769,-0.017153029954426992,0.0018389263185962978,99754.37984542397,0.0016988115838577377,2.256912618391634E7,301.58114476988624,0.013048931644618875,0.048377632134693545,0.17016811688397135,0.4262976853345102,"{""type"":""MultiPoint"",""coordinates"":[]}"
20160508,2016-05-08,297.80610803337487,-0.014808354255119649,2.3481003964286916E-4,99835.88426812869,1.989175890311411E-4,2.126153892679409E7,301.3713550469039,0.006233220597139056,0.2657902815376629,-0.691778981538042,0.42157735124146195,"{""type"":""MultiPoint"",""coordinates"":[]}"
20160509,2016-05-09,297.36721794122917,-0.01824058260227256,6.043819627992265E-5,99735.48603770365,2.5054988687407275E-5,2.2019123099891815E7,302.22634074865374,0.0030864718058803147,0.18991217032578256,-0.1368714029477442,0.4232364754963988,"{""type"":""MultiPoint"",""coordinates"":[]}"
20160510,2016-05-10,298.06370231769654,-0.01165126367135251,0.004793411164433356,99797.02744388317,0.004335747453395186,1.8402036647674E7,300.50452749447436,0.024086548609936503,0.16076572710310758,-0.297170729143629,0.4446607588116746,"{""type"":""MultiPoint"",""coordinates"":[]}"
20160511,2016-05-11,297.9433170586398,-0.009386310130196534,8.032030301364029E-5,99765.79302932293,4.569059818864858E-5,1.4091012337540573E7,300.2242884335001,0.004872406397943157,0.022494731434894197,-0.09984208819871628,0.45949336206817004,"{""type"":""MultiPoint"",""coordinates"":[]}"
20160512,2016-05-12,297.83560184768106,-0.010717664652843576,0.001955522139000197,99674.67577661309,0.0018538172214718192,1.7197293894698884E7,299.8835776189526,0.01593472644746325,-0.0017469983674654713,0.04016266410519033,0.4744159290603986,"{""type"":""MultiPoint"",""coordinates"":[]}"
20160513,2016-05-13,298.0058500154874,-0.01110777184179102,0.001130039376813584,99651.26509956502,0.0010912947160562282,1.8665930735665347E7,300.52948827613994,0.01160623828055081,0.2314340621465845,-0.43019166610636145,0.4732473619655715,"{""type"":""MultiPoint"",""coordinates"":[]}"
20160514,2016-05-14,298.2882093103306,-0.010845792659494879,0.0015327321104181405,99739.5770788843,0.0012878341995934653,1.7898867618463755E7,300.30022095997657,0.01437205421347034,-0.003370133038394831,-0.6420770269529883,0.47465716200474445,"{""type"":""MultiPoint"",""coordinates"":[]}"
20160515,2016-05-15,297.86145383117434,-0.007319415194374366,2.956036256617516E-4,99710.31347615166,2.6210904486807855E-4,1.3451142498377211E7,299.37523054477623,0.009827185592795813,-0.11792943064646874,0.05663799826865846,0.4798304566627426,"{""type"":""MultiPoint"",""coordinates"":[]}"
20160516,2016-05-16,297.7878010877409,-0.002297776756929741,1.268170792790814E-4,99489.60627028493,9.340339894764181E-5,5214614.40425532,298.6487522274274,0.007113632986439995,0.4014224315695585,-0.959665119268241,0.49598158453358876,"{""type"":""MultiPoint"",""coordinates"":[]}"
20160517,2016-05-17,297.70276645537064,-0.0023479419526987633,0.0038214569143598977,99370.77767472944,0.0016330992524218905,5670125.605481428,298.15673796851723,0.030341246741816333,1.7119800977114698E-4,-0.5607192974879287,0.4813961091415858,"{""type"":""MultiPoint"",""coordinates"":[]}"
20160518,2016-05-18,297.8973443253366,-0.0030534749590679935,0.004471927300885486,99480.82593011156,0.002891341812056925,9274102.377930041,298.62092254671705,0.023971452035501554,-0.3188927496034146,0.25605115314159904,0.4746133230213708,"{""type"":""MultiPoint"",""coordinates"":[]}"
20160519,2016-05-19,297.9126047399671,-0.007927667126570032,0.0019726828358640237,99560.61582631108,0.0013685811175321617,1.573381263180671E7,299.4124052609686,0.016655070114084156,-0.16922797473495232,0.3172988277141371,0.47208132046262646,"{""type"":""MultiPoint"",""coordinates"":[]}"
20160520,2016-05-20,297.4671659777981,-0.006260491959989781,6.154804314855116E-4,99672.07873272499,4.7159215366199833E-4,1.1657231989181392E7,299.0369728662487,0.008245214710183149,-0.1104846096394196,0.27676237300118944,0.4731786351663043,"{""type"":""MultiPoint"",""coordinates"":[]}"
20160521,2016-05-21,297.96571989067473,-0.01332552449726001,7.182659277020059E-5,99756.83804340732,3.7337779955790015E-5,1.94824512917418E7,300.92855979290294,0.0030381346519568046,0.8371881516396189,-0.7987685420791437,0.47499648549405127,"{""type"":""MultiPoint"",""coordinates"":[]}"
20160522,2016-05-22,298.4666381592446,-0.01094422454744567,4.7329766222427267E-4,99900.18034898934,4.386099460449111E-4,1.9380969983411472E7,300.57524632530607,0.00933849512973399,0.5058266655414893,-0.2749739713086462,0.4823961838003335,"{""type"":""MultiPoint"",""coordinates"":[]}"
20160523,2016-05-23,298.59840555875434,-0.00918762313972472,2.5089488395318803E-4,99914.8184525235,2.052192648438139E-4,1.6180889292463036E7,300.4508747695115,0.008512679625838578,0.7850949220580541,-0.3758472870972197,0.4884924847914317,"{""type"":""MultiPoint"",""coordinates"":[]}"
20160524,2016-05-24,298.4339783800696,-0.007167418112221324,0.0014222759042799024,99919.34012800847,5.846851345136884E-4,1.420980425099171E7,299.97504985101784,0.014030600620266415,1.1960608728488835,-0.0412266341263406,0.46678949654825974,"{""type"":""MultiPoint"",""coordinates"":[]}"
20160525,2016-05-25,297.69508497823045,-0.008361123619131607,9.646852965222512E-4,99853.09071407512,6.779659468260133E-4,1.5994057071042195E7,299.59181060176564,0.009772171482706073,0.507832800343226,-0.4678845983927805,0.4724627898452746,"{""type"":""MultiPoint"",""coordinates"":[]}"
20160526,2016-05-26,297.9800666715538,-0.008942394645322416,1.733977518226109E-4,99825.4760979901,1.2005888680624184E-4,1.5780853924990986E7,300.1265622008404,0.004557436934628299,0.3943330942115642,-0.3031516885625612,0.4719276236777038,"{""type"":""MultiPoint"",""coordinates"":[]}"
20160527,2016-05-27,297.6258018698625,-0.0076286987792143,0.003437864887361874,99949.69168035426,0.002991567145840941,1.571295993941579E7,299.11173965283524,0.01976553759085243,0.43701902857651026,-0.1853716091290591,0.48244399006427763,"{""type"":""MultiPoint"",""coordinates"":[]}"
20160528,2016-05-28,297.3411236861704,-0.006145890760499136,0.005933683931161212,99932.14431801213,0.0030591950852261363,1.3171243371799499E7,298.6434602346512,0.020748997370220887,0.04282550626053863,0.00848545840703922,0.4677459932545772,"{""type"":""MultiPoint"",""coordinates"":[]}"
20160529,2016-05-29,297.26790637123946,-0.005615157279089562,8.001773743435143E-4,99856.15341580879,3.638573117175344E-4,1.1583186252434187E7,298.5019252491422,0.010050289819182967,-0.19821278030646794,-0.154265406011661,0.48224961532682653,"{""type"":""MultiPoint"",""coordinates"":[]}"
20160530,2016-05-30,297.17174303458563,-0.0036203847815854608,0.004013110652130691,99824.24634396553,0.001628455350943262,1.1191659544175988E7,298.1828663788503,0.021225097291292457,-0.09946081297001254,0.3460957289945766,0.48160276207761665,"{""type"":""MultiPoint"",""coordinates"":[]}"
20160531,2016-05-31,297.32915870041955,-0.00412606459219792,0.008498772312448723,99909.72943842315,0.005536350271480849,9021554.028849624,298.16528455608386,0.024667136755787508,0.03248642076736947,0.19406703903004738,0.4756072316408759,"{""type"":""MultiPoint"",""coordinates"":[]}"
20160601,2016-06-01,297.3113328445587,-0.004242672217191017,0.013896961594010536,99924.37187931992,0.006959401761587029,1.0797436395961056E7,298.02434693066056,0.04333800472720291,0.2984984148464347,0.34529376256378497,0.4809430635151691,"{""type"":""MultiPoint"",""coordinates"":[]}"
20160602,2016-06-02,296.98550858642636,-0.008282367853408168,0.0020696161844822375,99816.61779810101,0.001288387364228624,1.6110108792643346E7,298.7435913516977,0.01208343656747221,0.019056302536162972,0.2864648604539169,0.4685747476993437,"{""type"":""MultiPoint"",""coordinates"":[]}"
20160603,2016-06-03,297.34790835132367,-0.004996474368818134,0.001274100659644178,99775.15536940338,5.487649262574792E-4,1.144740517490083E7,298.3549521130171,0.014085365992422098,0.16218287544420157,0.4705978753059754,0.48203424496610003,"{""type"":""MultiPoint"",""coordinates"":[]}"
20160604,2016-06-04,297.34340159648565,-0.003741803302624748,0.0010352514273115241,99786.24360890967,3.952601117817796E-4,9083908.573386226,298.17015626519645,0.012380788976334794,0.6116014951008246,0.5202594703888002,0.49593872822796964,"{""type"":""MultiPoint"",""coordinates"":[]}"
20160605,2016-06-05,297.19646626066776,-0.00737276228243506,6.715082790161185E-4,99825.6450668979,2.307390859313619E-4,1.2959734810674364E7,298.75798369915617,0.008691528144506737,0.6490279955278726,0.26316035885781625,0.49992550805091074,"{""type"":""MultiPoint"",""coordinates"":[]}"
20160606,2016-06-06,297.1313621499445,-0.006196560502707896,0.0012828697296973818,99793.33845209859,2.7406406701363425E-4,1.2788574346916704E7,298.4274204280288,0.010238555435732282,-0.007595289855468222,1.4425108472606516,0.4938731527712529,"{""type"":""MultiPoint"",""coordinates"":[]}"
20160607,2016-06-07,297.3775303232253,-0.0032347273894307253,0.005803611670918645,99758.81992734538,0.0019857106932525902,8377169.150378651,298.05999076926713,0.01956668524387476,0.09195785371138651,1.315294757300894,0.48413298912153807,"{""type"":""MultiPoint"",""coordinates"":[]}"
20160608,2016-06-08,297.3396605248491,-0.0025214187967467733,0.014134283691075061,99798.46554767562,0.0054076025393458,6467474.902271907,297.656173584997,0.04459961952982163,0.6338373345528563,1.3631162285475167,0.4860516865818902,"{""type"":""MultiPoint"",""coordinates"":[]}"
20160609,2016-06-09,297.3238569902305,-0.003640908351603976,0.009680714102222139,99877.44119172085,0.0018285167908307417,9364897.509556437,297.8940371405493,0.02941337980402535,1.2850903464074406,1.4709191053643624,0.4810476741018111,"{""type"":""MultiPoint"",""coordinates"":[]}"
20160610,2016-06-10,297.16372212046457,-0.00445363624508399,0.009592330975950388,99961.62995847,0.0015161322410296675,1.1358147168409666E7,297.96150468527543,0.02484485709387473,1.7086093676521568,0.930044537826375,0.47973785281167014,"{""type"":""MultiPoint"",""coordinates"":[]}"
20160611,2016-06-11,297.2534734898139,-0.005083172415842273,0.0072205714878733306,99995.21788378355,5.731801295856514E-4,1.229680876595745E7,298.33306772328586,0.015449275841371566,0.9893990319599715,-0.24785649575842073,0.4814078988672407,"{""type"":""MultiPoint"",""coordinates"":[]}"
20160612,2016-06-12,297.2154277710262,-0.007091344345940007,0.007194122628016974,100008.29717076261,0.0015969444973091336,1.4112627464118289E7,298.4622718911,0.014514264328217183,1.017000778203745,-0.48962458652549545,0.47228289309681754,"{""type"":""MultiPoint"",""coordinates"":[]}"
20160613,2016-06-13,296.96261536540544,-0.006187440662920541,0.0056254336905316085,100059.81794322957,3.354431106818097E-4,1.3366112102416158E7,298.5726419839311,0.00922369112019071,0.9693291101594403,-0.5889731986345846,0.4840940819836706,"{""type"":""MultiPoint"",""coordinates"":[]}"
20160614,2016-06-14,297.15572638774756,-0.00955454017624415,0.005059887488160028,99969.18024750623,1.162921172206341E-4,1.7802214825820416E7,299.00462705788965,0.005743950527474377,1.0523333957037944,-0.8542545388733374,0.48658687384287064,"{""type"":""MultiPoint"",""coordinates"":[]}"
20160615,2016-06-15,296.9596621291771,-0.010948204961691015,0.0054272085030587025,99851.74488499126,5.315972678161811E-4,1.8003210571943745E7,299.0308811826508,0.008209025901633634,1.157577134809438,-0.46122346733722386,0.4896933017606445,"{""type"":""MultiPoint"",""coordinates"":[]}"
20160616,2016-06-16,296.46373202803903,-0.006253951770215527,0.005093748810550947,99758.81823993128,2.671651652346783E-4,1.315080534583484E7,297.89641525097977,0.009636193784956526,1.1238287879750342,-0.6810059639994579,0.47825969017845954,"{""type"":""MultiPoint"",""coordinates"":[]}"
20160617,2016-06-17,296.6484894576532,-0.0041160379283552,0.012653291437692947,99680.06166946994,0.0034264282407719354,1.0364156557518935E7,297.4194673532934,0.029641405551268388,1.0597408462966458,-0.541148758504895,0.47961976135818857,"{""type"":""MultiPoint"",""coordinates"":[]}"
20160618,2016-06-18,296.58879789748386,-0.0015844289298054116,0.039311212352841414,99722.45877096106,0.003930943674487496,2849136.412549585,296.8994351387139,0.038012731767000055,0.6320296130597067,-1.1454973995922018,0.4785269082545488,"{""type"":""MultiPoint"",""coordinates"":[]}"
20160619,2016-06-19,296.53788122916995,-0.004798025569888259,0.01768885700658819,99675.23194803267,0.0023612696643860987,1.0493440038225751E7,297.53396945292593,0.017761478306914644,0.8414215588171274,-0.9538233298380682,0.4800682850849286,"{""type"":""MultiPoint"",""coordinates"":[]}"
20160620,2016-06-20,296.039332200564,-0.004459545173468335,0.01958660696479675,99630.8814923387,0.0012121854858453465,8736811.481428059,297.5833874778229,0.016914969050213616,0.465410548945089,-0.2616931082666716,0.46246560036326456,"{""type"":""MultiPoint"",""coordinates"":[]}"
20160621,2016-06-21,296.1084392110608,-0.0024824723644330535,0.016119277462755523,99723.49169270364,8.848230389752546E-4,6119486.143526867,296.63008468881054,0.020819412556583407,0.17600396751626665,-1.0053787078976646,0.4843904940264344,"{""type"":""MultiPoint"",""coordinates"":[]}"
20160622,2016-06-22,296.1132313340513,-0.004577775801180332,0.012097414111429033,99883.819214146,7.359624430241674E-4,8612025.746844575,297.1241635435948,0.01774084812837433,1.104923489718845,-1.3538964365176076,0.48770350288751546,"{""type"":""MultiPoint"",""coordinates"":[]}"
20160623,2016-06-23,295.95916827766223,-0.004686522636437648,0.010705454466448681,99905.33881964482,6.788177875848269E-4,6929729.439596106,297.17196654081204,0.01623468367283833,1.0526969328223552,-1.8679038471636225,0.47760813825763,"{""type"":""MultiPoint"",""coordinates"":[]}"
20160624,2016-06-24,296.0744507504507,-0.0038561032842502163,0.03177616787954139,99862.41582134554,0.00262243708805878,8477547.844933288,296.69753898022657,0.03204024794225581,1.7002429008369253,-1.2552606969057964,0.47769196323798757,"{""type"":""MultiPoint"",""coordinates"":[]}"
20160625,2016-06-25,296.4336421327789,-0.002254450388099586,0.016199722039733945,99924.1322350028,4.32789293472147E-4,5787723.375405698,296.96198369643054,0.013682181857584415,0.9834325464603808,-1.1538798604565812,0.4808471972931749,"{""type"":""MultiPoint"",""coordinates"":[]}"
20160626,2016-06-26,296.4626287372515,-0.00833907465222421,0.010447101411602794,99870.43952150436,1.6955358808839362E-4,1.4772973166245945E7,298.1289209537115,0.008184254429006952,1.2156989478996159,-1.3714757488530223,0.488936310075828,"{""type"":""MultiPoint"",""coordinates"":[]}"
20160627,2016-06-27,296.6444923989202,-0.004712029813301508,0.012488722215479477,99768.14343395253,0.0016704634089913558,1.107777803750451E7,297.5505482466953,0.022243930503133082,1.573624662373384,-0.8538116486488964,0.48274419662800244,"{""type"":""MultiPoint"",""coordinates"":[]}"
20160628,2016-06-28,296.56746657213665,-0.004297745342541378,0.01812115155249093,99825.58842779894,0.0012228838478749384,9759772.967904797,297.29348686581443,0.026278544997872324,2.0261140998301994,-0.3683251220025843,0.47632021272909003,"{""type"":""MultiPoint"",""coordinates"":[]}"
20160629,2016-06-29,296.5824527651061,-0.006044542062940299,0.016294279843407592,99895.53849339615,5.971959382671764E-4,1.2239994616660658E7,297.65197791140713,0.016945614220566865,1.6869855980013897,-0.7089482543989795,0.4796401867715767,"{""type"":""MultiPoint"",""coordinates"":[]}"
20160630,2016-06-30,296.9249882242373,-0.007458876655865266,0.009633033425206963,99842.32618596175,2.0027822142166648E-4,1.5005770036062025E7,298.5590439927249,0.009487383309422615,1.3773357910897275,-0.9434869191669218,0.4855907934046462,"{""type"":""MultiPoint"",""coordinates"":[]}"
20160701,2016-07-01,296.966712680885,-0.00978372605390554,0.008811386556690708,99804.12120855683,2.003349162291587E-4,1.812891423079697E7,298.804337415662,0.00787636380534611,1.6035770609310327,-1.0515350646906167,0.48682643444667945,"{""type"":""MultiPoint"",""coordinates"":[]}"
20160702,2016-07-02,296.735903546764,-0.012227408402541298,0.007277248196876139,99826.88210681357,8.027871356644961E-5,1.8850929591056623E7,299.4473030144442,0.004725308889820918,1.1227831883504427,-0.6724339046362491,0.4848429750602311,"{""type"":""MultiPoint"",""coordinates"":[]}"
20160703,2016-07-03,296.8378853300957,-0.012208436323908148,0.007062091294970274,99862.61650159366,4.98080783981388E-4,1.783839805553552E7,299.29529310937886,0.0083070194418199,0.9312501472411697,-1.2446258200921607,0.4873286678407294,"{""type"":""MultiPoint"",""coordinates"":[]}"
20160704,2016-07-04,296.9778759070552,-0.004472051766958644,0.011181490941143107,99936.91116527068,0.0022153141876441497,1.0094236268301478E7,297.81433165378616,0.02595306414797313,0.4307953449005776,-0.7632174695364945,0.47597173378292457,"{""type"":""MultiPoint"",""coordinates"":[]}"
20160705,2016-07-05,296.55171797965954,-0.010403167691486132,0.0072758512036103125,99894.71721888993,7.905270642336637E-4,1.827383006491165E7,298.3729166933544,0.012512720930546235,1.423274554832579,-0.320832743038852,0.47616829168826647,"{""type"":""MultiPoint"",""coordinates"":[]}"
20160706,2016-07-06,296.57772978699995,-0.0039448124829114155,0.010218052218375635,99885.311622162,0.0017621182805357793,9126754.583483594,297.49351490299097,0.019686189484084005,1.3060390625110057,-0.6479286678078972,0.47071540044726545,"{""type"":""MultiPoint"",""coordinates"":[]}"
20160707,2016-07-07,296.5552402954432,-0.005698501651322761,0.006634993452459219,99865.32826974115,1.345647239014426E-4,9491454.329606922,298.07928489243017,0.006120471755984845,1.1832191427391103,-0.8200735623396022,0.4799917623219776,"{""type"":""MultiPoint"",""coordinates"":[]}"
20160708,2016-07-08,296.57435263124626,-0.004961682493629501,0.015784280411590104,99882.25920591231,0.002471807813476751,1.1316338265416516E7,297.53230017322613,0.03413039443946814,1.9139668443681879,-0.019108903997003737,0.4828247529323435,"{""type"":""MultiPoint"",""coordinates"":[]}"
20160709,2016-07-09,296.62274272683464,-0.006087326334189561,0.02081228374596584,99887.72239664332,4.4446956034477033E-4,1.1566540575910568E7,297.76194370593976,0.01517222786246333,2.252073653659392,-0.5988942460524289,0.4776860531856125,"{""type"":""MultiPoint"",""coordinates"":[]}"
20160710,2016-07-10,296.3947089982012,-0.00635703413834909,0.015847062544942205,99895.61288453249,7.023889043466132E-4,1.3254599107825462E7,297.57183187777986,0.017259775899052407,2.328805037767989,-0.3559251841995518,0.4809197699712696,"{""type"":""MultiPoint"",""coordinates"":[]}"
20160711,2016-07-11,296.338520534051,-0.005723571843439777,0.011855915250586465,99871.61095828966,4.561964114822294E-4,1.1375296959249912E7,297.52475441062467,0.015414450819150141,2.385669937069592,-0.5134241328042836,0.48605997697967995,"{""type"":""MultiPoint"",""coordinates"":[]}"
20160712,2016-07-12,296.3259267546778,-0.008762538922078077,0.008970300057413257,99928.67744096016,1.768698567222956E-4,1.3917940340064913E7,298.06497077675937,0.008153985690560799,1.323483303742765,-0.34570143599394987,0.4897316547379584,"{""type"":""MultiPoint"",""coordinates"":[]}"
20160713,2016-07-13,296.4478092808064,-0.006829428098614879,0.007945537215163894,99861.24039443552,1.2227699961251317E-4,1.3456257955643708E7,297.8935640493054,0.005929889347897062,0.800459730494752,-0.4482260570745081,0.49488787921034744,"{""type"":""MultiPoint"",""coordinates"":[]}"
20160714,2016-07-14,296.3480059088014,-0.005754476667707938,0.009826897790274639,99782.89181145477,8.136196591946093E-4,1.2215793569780022E7,297.60102018293736,0.013907901792759346,0.7316479419827936,-0.638724790296957,0.47691596524476687,"{""type"":""MultiPoint"",""coordinates"":[]}"
20160715,2016-07-15,296.31591025406476,-0.007126328635798264,0.009798243034629674,99755.29184562684,0.0017544263876434537,1.26210248629643E7,297.7344055210173,0.01907499496725291,1.0385739656290849,-0.7570484577283966,0.4803571373184853,"{""type"":""MultiPoint"",""coordinates"":[]}"
20160716,2016-07-16,295.9896537188313,-0.00694171805975887,0.009308107318192068,99882.072357717,5.311336041872484E-4,9991716.468445728,297.89315743623473,0.012035107796926429,0.8109116960652302,-0.7308713624305144,0.4714880526130311,"{""type"":""MultiPoint"",""coordinates"":[]}"
20160717,2016-07-17,296.01445941280787,-0.009300154587808088,0.007387529436621134,100045.07836060056,1.979919276081007E-4,1.3994670463757664E7,298.2437759126116,0.00747706660752677,0.6089429725805632,-0.40538691912638564,0.485316702545456,"{""type"":""MultiPoint"",""coordinates"":[]}"
20160718,2016-07-18,295.8252302592356,-0.0029108673575936436,0.011657344501800072,100082.85411360663,0.0013257124354767963,6687760.247385503,296.7714970548905,0.017559659662530525,0.2688116182973142,-0.7560679645173783,0.465942178527414,"{""type"":""MultiPoint"",""coordinates"":[]}"
20160719,2016-07-19,295.25612007784923,-0.01595665384023533,0.007610127805395327,99960.33157495735,8.01798865720334E-5,2.014309373061666E7,298.7297747440387,0.004099843392851892,1.3863641757462974,-1.4943634645055306,0.46165812137336437,"{""type"":""MultiPoint"",""coordinates"":[]}"
20160720,2016-07-20,295.8884757780545,-0.010753407311319145,0.006946712726941402,99894.7809306421,8.54087916256244E-5,1.5575054751532635E7,298.2602763409253,0.004421728288936777,1.4860870039424354,-1.7516178374594835,0.4819045489274878,"{""type"":""MultiPoint"",""coordinates"":[]}"
20160721,2016-07-21,295.93874912374304,-0.00829851615259117,0.006360284352706652,99855.15153030009,7.545821478854353E-5,1.3829712177425172E7,297.94483540536464,0.004623195887944607,1.3666011520067738,-1.5162809157202435,0.48200123251910293,"{""type"":""MultiPoint"",""coordinates"":[]}"
20160722,2016-07-22,295.94663645353063,-0.009391811821076403,0.006015477377586833,99812.0399185036,1.5530821232859343E-4,1.658933221492968E7,297.6855705755091,0.0081245411389925,1.87138681312008,-1.1021876096696803,0.4894581297324073,"{""type"":""MultiPoint"",""coordinates"":[]}"
20160723,2016-07-23,295.95194596942764,-0.005325765319079904,0.007183340297164877,99776.46054512594,4.521854439454091E-4,1.0704746441038588E7,297.1041845832254,0.013479184747368813,1.859875243505989,-1.1209797652986624,0.4920610730959569,"{""type"":""MultiPoint"",""coordinates"":[]}"
20160724,2016-07-24,296.1762461038088,-0.0037316256577234344,0.009250083230932914,99761.29885665064,0.0017625424961213213,8597084.603678325,297.04118612348816,0.02159025431958253,1.053155222453812,-0.9703628472775161,0.4713133332648808,"{""type"":""MultiPoint"",""coordinates"":[]}"
20160725,2016-07-25,296.34935516708674,-0.005989768645456453,0.009634558714622632,99726.45614384476,0.0012050829330721878,1.0705822531914895E7,297.5535678973578,0.018137442200012413,1.0419597848130326,-0.6468552702363687,0.48112816334286634,"{""type"":""MultiPoint"",""coordinates"":[]}"
20160726,2016-07-26,296.55163391554413,-0.003865950567237401,0.012894924556761929,99665.0748619266,9.554068329873347E-4,8955963.381175626,297.5738739011839,0.019227354120383656,0.5873283705382926,-0.12922420357264983,0.47511891760438074,"{""type"":""MultiPoint"",""coordinates"":[]}"
20160727,2016-07-27,296.36950180836914,-0.0039466353575976125,0.020094272382006593,99734.10278751717,0.006520743401545803,7517370.085106383,297.1985308629616,0.03725349213128652,1.2529704975156148,-0.5939868112956839,0.48581617247357595,"{""type"":""MultiPoint"",""coordinates"":[]}"
20160728,2016-07-28,296.2147548341711,-0.0104720485133038,0.033771223094740205,99763.56512294894,4.051054615945194E-4,1.758255520879914E7,298.1561249403846,0.012256791662684082,1.6073171272345472,-1.0622140875887536,0.4646745838358337,"{""type"":""MultiPoint"",""coordinates"":[]}"
20160729,2016-07-29,296.136216279993,-0.0064010489376022045,0.01322834034646155,99795.63581109508,3.536189807222245E-4,1.3619104411467727E7,297.69663931856604,0.008595193106653607,0.9734354907610276,-1.085370735374691,0.47957228720080664,"{""type"":""MultiPoint"",""coordinates"":[]}"
20160730,2016-07-30,295.96329658784356,-0.008681410102101814,0.008809109113296361,99909.62315569498,1.3110516918638407E-4,1.501160921420844E7,297.82065095109346,0.006594257892312373,0.9090726838431147,-0.35082569707255334,0.4870385955139226,"{""type"":""MultiPoint"",""coordinates"":[]}"
20160731,2016-07-31,295.534273040511,-0.011284236091914866,0.00741620840598133,99997.8598706768,6.290084289120201E-5,1.693660606238731E7,298.1377312902906,0.003979287978565628,1.2305675983027726,-0.7539159480389648,0.48788620093247415,"{""type"":""MultiPoint"",""coordinates"":[]}"
20160801,2016-08-01,295.83289955814155,-0.009298425926828573,0.006512952394168213,99970.1456929356,7.529263349375569E-5,1.6574540996754417E7,297.9335626085615,0.004902528990419776,0.862213050621263,-0.8594274068913332,0.4904346385817788,"{""type"":""MultiPoint"",""coordinates"":[]}"
20160802,2016-08-02,296.09327511031387,-0.011133241845013388,0.005854787129681762,99772.22188523636,1.1680377301351285E-4,1.7530187937612694E7,298.3681373898836,0.006298709602392604,1.2524042628192318,-0.2698960793764923,0.48664577845011586,"{""type"":""MultiPoint"",""coordinates"":[]}"
20160803,2016-08-03,296.32249886331283,-0.009296068403798667,0.006060217657310201,99772.69351127693,2.3681684936206358E-4,1.791629984962135E7,297.9533846341929,0.011465378533789696,1.8785135831120985,-0.8738608638717803,0.49428048049591117,"{""type"":""MultiPoint"",""coordinates"":[]}"
20160804,2016-08-04,296.14601175652365,-0.006545360131928778,0.007018924028143485,99857.89088190674,9.058002655230145E-4,1.2144089884962138E7,297.65111676103896,0.011525489212655941,1.2636494320707694,-0.9462495404433884,0.45932672252762796,"{""type"":""MultiPoint"",""coordinates"":[]}"
20160805,2016-08-05,296.17098290880995,-0.007743178314995861,0.004617338329069976,99924.83772933195,1.1459214084207738E-4,1.3235438662098812E7,297.8425716240113,0.0068578312370616325,0.9788288995041443,-1.0904900505646218,0.49221890487698405,"{""type"":""MultiPoint"",""coordinates"":[]}"
20160806,2016-08-06,295.7079996642535,-0.015087994830491442,0.004289648091582413,99900.72950433732,6.504753705959135E-5,2.0393461761630006E7,298.92058959903164,0.004058942905824791,1.2270813696744685,-1.4541229651028442,0.48352201599128425,"{""type"":""MultiPoint"",""coordinates"":[]}"
20160807,2016-08-07,296.15370302031795,-0.010418699856134174,0.004048660913401032,100013.98174330554,7.587065668343382E-5,1.723254119473495E7,298.37183740617905,0.004821041598244347,0.9267402825009898,-1.2618367046902335,0.4886919768588277,"{""type"":""MultiPoint"",""coordinates"":[]}"
20160808,2016-08-08,295.84667407367255,-0.014296141347965094,0.0037884909325113718,100026.59328942267,4.7871694533007274E-5,2.0090524739271544E7,298.84242668271077,0.0034883775168171615,1.228612164491529,-1.4469241493810672,0.479444960387714,"{""type"":""MultiPoint"",""coordinates"":[]}"
20160809,2016-08-09,296.0370291659345,-0.01085053520257663,0.0036018265742409593,100031.9533962869,7.206642462207315E-5,1.883155129679048E7,298.28734046453644,0.0046804386303472174,1.0546460528258508,-1.1527487082985224,0.48521434906827593,"{""type"":""MultiPoint"",""coordinates"":[]}"
20160810,2016-08-10,295.9256916206636,-0.012834010917788762,0.003389203108865951,100047.01543723566,4.9119715145938564E-5,2.077531106743599E7,298.5707890095225,0.0037088076920181036,1.08247897618951,-1.3155492593325278,0.48167612449755143,"{""type"":""MultiPoint"",""coordinates"":[]}"
20160811,2016-08-11,296.0520039939124,-0.01151839724590406,0.0032020573028364295,100094.19574079529,3.7318065338000646E-5,1.8752540669311218E7,298.5485931373098,0.0030842872644529307,1.0997857778085827,-1.2576884627270577,0.4757190904503818,"{""type"":""MultiPoint"",""coordinates"":[]}"
20160812,2016-08-12,296.099432166515,-0.007492411470600213,0.006643599362051792,100077.5764337121,0.0029315444866844856,1.5178011754778223E7,297.78134824117944,0.017189763802882594,1.0384081659272306,-1.2407067777273935,0.48088765044039816,"{""type"":""MultiPoint"",""coordinates"":[]}"
20160813,2016-08-13,296.12539523019586,-0.008507233956715196,0.0029743631856346065,99984.5112064626,8.338389416442552E-5,1.549424980129823E7,298.1424850342809,0.005448525572265235,1.064873238999277,-1.0000433568155445,0.4832423790556722,"{""type"":""MultiPoint"",""coordinates"":[]}"
20160814,2016-08-14,296.2091965164641,-0.00775879051494676,0.003499621239931111,99969.03139421291,3.482968883311496E-4,1.5234503811756222E7,297.73672749752865,0.010677495929091273,1.0928639250171917,-0.8468554149325729,0.47842064045959853,"{""type"":""MultiPoint"",""coordinates"":[]}"
20160815,2016-08-15,296.2722013140831,-0.008418727765552327,0.002831157564235602,99940.14949993286,1.337180176754528E-4,1.654454579192211E7,297.98177761738657,0.007682138593875395,1.6490452726639042,-1.3748676222467495,0.4907243369591181,"{""type"":""MultiPoint"",""coordinates"":[]}"
20160816,2016-08-16,296.1180943701041,-0.00921130831646567,0.0029298381317706475,99887.97355075732,1.3742948691852685E-4,1.7403223747205187E7,297.86797968821685,0.007307327441114595,1.555618282005841,-1.5537706007105128,0.493544137654131,"{""type"":""MultiPoint"",""coordinates"":[]}"
20160817,2016-08-17,295.88863363654616,-0.010747086099562904,0.00265224210533733,99808.0603415022,1.083861135035012E-4,1.680745285358818E7,298.1508015110912,0.0061113689297478836,1.266485608588447,-1.194904823030384,0.4921343095286247,"{""type"":""MultiPoint"",""coordinates"":[]}"
20160818,2016-08-18,295.7240105878993,-0.006838494557799996,0.0025639082501607816,99829.15015297016,9.078108744203423E-5,1.2648257842408948E7,297.5488637458076,0.005363721031552061,0.9905354877778697,-1.2741954646183327,0.4950828447925428,"{""type"":""MultiPoint"",""coordinates"":[]}"
20160819,2016-08-19,295.58477089573864,-0.011534044568101467,0.002465193578687937,99816.64160960368,5.972236287408988E-5,1.8836984943022E7,298.1568320272404,0.004136764447025486,1.5661150151282675,-1.5056067030079339,0.4847896725874365,"{""type"":""MultiPoint"",""coordinates"":[]}"
20160820,2016-08-20,296.103031411339,-0.011840130376108626,0.0023722342751836935,99763.49605747666,3.572390305621933E-5,1.961704134727732E7,298.5915451742219,0.002743360601876167,1.381203820290137,-0.7868407875718602,0.4819116650872657,"{""type"":""MultiPoint"",""coordinates"":[]}"
20160821,2016-08-21,296.36831963625445,-0.009926661181344568,0.00230392086894943,99807.80794405834,3.363137270112009E-5,1.7717756345474217E7,298.6040600800633,0.0026155032671527187,1.2717450060857605,-0.9531176718743839,0.4771602273861482,"{""type"":""MultiPoint"",""coordinates"":[]}"
20160822,2016-08-22,296.34209393532126,-0.009377350205178731,0.0022441967112726575,99898.81483769268,3.7381131963698913E-5,1.6459746537684817E7,298.5952397410809,0.0028928633169156477,1.0712263538568323,-0.9384013818338923,0.4734900081683588,"{""type"":""MultiPoint"",""coordinates"":[]}"
20160823,2016-08-23,296.0568569819363,-0.007999186755688321,0.002373990755604786,99904.93202419492,2.057002316602851E-4,1.4715533742877752E7,298.07417120362066,0.00802326955779812,1.2554117480870812,-0.7278704247174892,0.4821632271532915,"{""type"":""MultiPoint"",""coordinates"":[]}"
20160824,2016-08-24,296.023286932262,-0.009336650148544595,0.0022481338339637776,99848.04312523009,1.2867511382740927E-4,1.4963029212765962E7,298.10213436778315,0.007445332873745424,1.5813726960989363,-0.929733353360998,0.48691963785499154,"{""type"":""MultiPoint"",""coordinates"":[]}"
20160825,2016-08-25,296.3604973197943,-0.0059341081037574675,0.002736704474401697,99865.5952289305,2.5806685904926916E-4,1.2640111552830867E7,297.7612300753121,0.00931297003674259,1.2522292994065762,-0.7470219273566626,0.49017754820823567,"{""type"":""MultiPoint"",""coordinates"":[]}"
20160826,2016-08-26,296.37444816063856,-0.004464144427886819,0.003660612445078815,99857.80451458544,4.76495062900802E-4,1.0288415519653808E7,297.5437858410503,0.011761740997268953,0.8251744219998586,-0.6183255007955114,0.47722420083142375,"{""type"":""MultiPoint"",""coordinates"":[]}"
20160827,2016-08-27,296.1100566903907,-0.006913884549935371,0.002657354976934859,99895.65114350201,3.825419975711343E-4,1.4234400069239093E7,297.6382376694568,0.009470261925180952,0.8556560370079211,-0.44963656183704326,0.4749617099131454,"{""type"":""MultiPoint"",""coordinates"":[]}"
20160828,2016-08-28,296.08747641509194,-0.010641195426778677,0.0020873812059181676,99902.5965256139,6.212456117585984E-5,1.782890926181032E7,298.3312186931157,0.0038877453328213566,1.12484117400576,-1.1442542300228318,0.48309909278547736,"{""type"":""MultiPoint"",""coordinates"":[]}"
20160829,2016-08-29,296.3134805587841,-0.009191542530678862,0.002295337878019854,99805.70221534949,2.0772347672081066E-4,1.786817914785431E7,298.0312070130071,0.008488434363451165,1.0430702391059403,-0.7963109775609246,0.4895470290534241,"{""type"":""MultiPoint"",""coordinates"":[]}"
20160830,2016-08-30,296.48357637875193,-0.0037152041052056716,0.00497027021472393,99723.18403478203,0.001175131475478357,8999089.734222863,297.29910123283753,0.018068589055684918,1.011469130132588,-0.7948305081512969,0.48194167092093226,"{""type"":""MultiPoint"",""coordinates"":[]}"
20160831,2016-08-31,296.15660803907554,-0.0056608886996353325,0.0028588044387615856,99843.21023234184,3.150108969258867E-4,1.053045882005049E7,297.48865588225203,0.011027437547371972,0.9459090819222981,-0.33300984638043074,0.4934038046905521,"{""type"":""MultiPoint"",""coordinates"":[]}"
20160901,2016-09-01,296.3252962373572,-0.0038597770653237867,0.009503235452728843,99969.51796222315,0.0018116921842033754,1.0132732215290297E7,297.1398043152748,0.025877975203089213,1.0457179466969322,-0.43746821602916386,0.47803706334092644,"{""type"":""MultiPoint"",""coordinates"":[]}"
20160902,2016-09-02,296.1129005547684,-0.0029276678109594603,0.007283319810152142,100003.67466816363,7.277477063773302E-4,6677401.9300396675,296.8626090596682,0.015601809325418527,0.9021377498992634,-0.12558832365183437,0.4811684187393749,"{""type"":""MultiPoint"",""coordinates"":[]}"
20160903,2016-09-03,296.0205482277021,-0.007640491653834273,0.0043881757408541725,99981.58531152099,8.405099652796244E-5,1.4056600016227916E7,297.8419936045187,0.00429494331589235,0.9133571605009452,-0.4800498730604115,0.4876909402718207,"{""type"":""MultiPoint"",""coordinates"":[]}"
20160904,2016-09-04,296.2080166059297,-0.007157149514081975,0.004179464907711523,100129.42143449625,6.0133289396655384E-5,1.3619931292823661E7,297.94806011469126,0.003127943703162912,0.5800286948874329,-0.36581935227984835,0.4849353745115794,"{""type"":""MultiPoint"",""coordinates"":[]}"
20160905,2016-09-05,295.97515947484305,-0.012397065932005699,0.0039753049284251985,100161.61601325376,3.334342777793518E-5,1.9821629194013707E7,298.4569144113117,0.0022413618235574283,0.9733749102594648,-0.6233980526702307,0.47328131089117087,"{""type"":""MultiPoint"",""coordinates"":[]}"
20160906,2016-09-06,295.5415432429369,-0.011333423752970442,0.003801608688557057,100185.84703772521,3.658694252398657E-5,1.9886783733141005E7,297.8909183859409,0.002578834858324998,0.9357563144442179,-0.8417930342225678,0.4704000883656119,"{""type"":""MultiPoint"",""coordinates"":[]}"
20160907,2016-09-07,295.17508984105,-0.014192353856131523,0.003625819585166853,100035.8401121022,3.058921170931107E-5,2.0949536221060228E7,298.1426630649505,0.0023008421672949665,1.0512798330878137,-0.7714772892049879,0.46229056598962764,"{""type"":""MultiPoint"",""coordinates"":[]}"
20160908,2016-09-08,295.42099182054625,-0.009952356762783736,0.0034842399260303935,100051.17002781895,3.9875539596700696E-5,1.9121127032816447E7,297.47835744391676,0.0030265305018501356,0.9229542638751403,-0.6329031478242384,0.46599273622028814,"{""type"":""MultiPoint"",""coordinates"":[]}"
20160909,2016-09-09,295.69800697534845,-0.012068551387053468,0.0033268927453099883,99996.62617952882,2.7206852317415254E-5,2.0470642800576996E7,298.29554999707227,0.002202572513842203,0.8677597114681294,-0.7253275535931769,0.4595161084444396,"{""type"":""MultiPoint"",""coordinates"":[]}"
20160910,2016-09-10,295.6351033295702,-0.014255451306491137,0.0031977226528457645,99962.86895931707,3.923315607250447E-5,2.125409059574468E7,298.60685069550397,0.0031476113723582235,1.3583736665863047,-1.2095602480088998,0.457521312726004,"{""type"":""MultiPoint"",""coordinates"":[]}"
20160911,2016-09-11,295.9544472027776,-0.010115795897429402,0.0030724597759638895,99875.91521896177,4.116700760001876E-5,1.790456924990985E7,298.115655197692,0.0033273862800260413,1.2737377261668386,-0.9275679220902774,0.46022544106062657,"{""type"":""MultiPoint"",""coordinates"":[]}"
20160912,2016-09-12,296.25116674297345,-0.009135668038021474,0.0029601589291266836,99837.81407918107,4.232285515392811E-5,1.709143203642265E7,298.22912487557835,0.0034743830610502353,1.3501915647972371,-0.8648253259126895,0.4662265669828082,"{""type"":""MultiPoint"",""coordinates"":[]}"
20160913,2016-09-13,296.1569419780135,-0.007205712305717076,0.0032211804605974783,99891.77702550736,4.0877372391852416E-4,1.433313637071764E7,297.77570024277816,0.009081086131523884,1.2558863353580219,-1.1738984965120232,0.4751665159148199,"{""type"":""MultiPoint"",""coordinates"":[]}"
20160914,2016-09-14,296.5144525214534,-0.0060994684954133235,0.0037990576317926805,99848.79703054093,0.0010786200478925545,1.349609960656329E7,297.86751452328025,0.01229152833022583,1.10859269794327,-1.1223408272238016,0.47989926623071477,"{""type"":""MultiPoint"",""coordinates"":[]}"
20160915,2016-09-15,296.37092960039894,-0.007185855811193796,0.002842969106952937,99851.84109553201,1.8539229455597774E-4,1.5313635670032457E7,297.8674806745484,0.008920224987338523,1.3071358987152726,-0.715742394161534,0.4938565474431208,"{""type"":""MultiPoint"",""coordinates"":[]}"
20160916,2016-09-16,295.9152630807001,-0.008576128428974521,0.0026114574954950814,99866.09391563648,5.7989359976709706E-5,1.5299698318067081E7,297.9278516318882,0.0036620823594125896,0.670755924005207,-0.37319997866174637,0.4921403837427525,"{""type"":""MultiPoint"",""coordinates"":[]}"
20160917,2016-09-17,295.68812257977885,-0.011775399609631766,0.0025276709529324383,99883.17184348092,4.927440268701911E-5,1.883758752650559E7,298.15963694011526,0.003437669569253223,0.5705102413144014,-0.24553604172691593,0.485294681025864,"{""type"":""MultiPoint"",""coordinates"":[]}"
20160918,2016-09-18,295.8678654103143,-0.0068422384973880045,0.004070947679573131,100053.00204193013,8.89499718440899E-4,1.4086129704291383E7,297.4321386995533,0.012276908257164081,0.6484557359404026,-0.6874901668313804,0.4693544697110964,"{""type"":""MultiPoint"",""coordinates"":[]}"
20160919,2016-09-19,296.0970186184685,-0.011732807043728912,0.0024086587638834354,99955.6203388774,4.5293571982966675E-5,2.0857936416877028E7,298.4276644462203,0.00343973101661082,1.1993046497006103,-1.4830672677455434,0.4612106940453694,"{""type"":""MultiPoint"",""coordinates"":[]}"
20160920,2016-09-20,295.75326849855713,-0.012824916742605032,0.0023742833326235173,99872.02928707299,6.78590444120482E-5,1.8437782534439236E7,298.4819175726176,0.004649689693637762,1.5649948420469,-1.5201526360810413,0.4690164999830593,"{""type"":""MultiPoint"",""coordinates"":[]}"
20160921,2016-09-21,296.33431200517424,-0.006471229062220529,0.0023595118083078598,99947.56982216443,1.0225459734455499E-4,1.3269556736386588E7,297.93682937310257,0.006228791941407352,1.3072016959380097,-0.9371263396211194,0.4866367018642671,"{""type"":""MultiPoint"",""coordinates"":[]}"
20160922,2016-09-22,295.8470355321731,-0.011422605593304236,0.0022453421554194,99929.16035956849,3.973231004370364E-5,1.6837105222945385E7,298.3099980898267,0.0028511307233556856,1.479405120912546,-1.4734777044054839,0.4813050921110312,"{""type"":""MultiPoint"",""coordinates"":[]}"
20160923,2016-09-23,296.0264459310322,-0.010183413618798726,0.0022172165602671297,99791.18428810836,6.508075434337057E-5,1.681009387931394E7,298.10870674611107,0.004788952625127112,1.3620853160404647,-1.24149406998042,0.47984299738256103,"{""type"":""MultiPoint"",""coordinates"":[]}"
20160924,2016-09-24,296.26636174418974,-0.0076686508639212175,0.002173650256142133,99703.88490666838,6.984222345819897E-5,1.4663705633177375E7,297.98217276618925,0.0048074692546258525,1.2133999145981038,-1.4550827639881612,0.48496093353352193,"{""type"":""MultiPoint"",""coordinates"":[]}"
20160925,2016-09-25,296.01626305454613,-0.008251199205236405,0.0021379512922453446,99789.71684529813,7.999360593612814E-5,1.5263181057473443E7,297.95843161005064,0.005384622115215216,1.1935326426859472,-0.9915313712391864,0.4866298027144042,"{""type"":""MultiPoint"",""coordinates"":[]}"
20160926,2016-09-26,296.3289913556254,-0.010094117233512896,0.002065297236328215,99853.56035470856,5.479851785309686E-5,1.6465699764795149E7,298.6238836001169,0.003962717582248327,1.2512555072507916,-0.9886511772322909,0.48147940323292343,"{""type"":""MultiPoint"",""coordinates"":[]}"
20160927,2016-09-27,296.2015190459255,-0.01171774060216528,0.0020132915389223993,99868.04546145546,5.151765079133743E-5,1.6041218169785876E7,298.9191681636843,0.003589674559066841,1.343596986802041,-0.9601304767968379,0.48108935708652273,"{""type"":""MultiPoint"",""coordinates"":[]}"
20160928,2016-09-28,296.5719960147708,-0.005730942552630498,0.002271945755210028,99808.51684567379,2.7027314819672287E-4,1.133480337953128E7,298.0766954647834,0.00906761963032757,1.0319888847122716,-0.5883734922796535,0.4863317742744939,"{""type"":""MultiPoint"",""coordinates"":[]}"
20160929,2016-09-29,296.51071635678585,-0.004139191044170075,0.003768615354775436,99789.29943849122,7.855336195589446E-4,9924768.768146185,297.51539066437135,0.015374949226794672,1.1543150332157737,-0.5817816933698273,0.4734909433859419,"{""type"":""MultiPoint"",""coordinates"":[]}"
20160930,2016-09-30,296.2356901832578,-0.008312214848380895,0.001913213524047193,99774.46393321907,4.80935649239024E-5,1.5305647423368739E7,297.99389969470025,0.0030733117268827476,0.8484841186362029,-0.4824866240293107,0.4788322924478565,"{""type"":""MultiPoint"",""coordinates"":[]}"
20161001,2016-10-01,295.466878391857,-0.012057542706864263,0.0018596975673547602,99847.27545894563,2.6019867086427726E-5,1.902996783493509E7,297.9966474728654,0.0018968785250827462,0.558078639079407,-0.216418058013297,0.47412684307976516,"{""type"":""MultiPoint"",""coordinates"":[]}"
20161002,2016-10-02,295.2724952628971,-0.011820975151027193,0.0018095753729622847,99923.43509304758,1.2923710470031068E-5,1.795514032760075E7,298.1408048907873,9.708316632276627E-4,0.2996913143212527,-0.23509508367770715,0.4632743765978533,"{""type"":""MultiPoint"",""coordinates"":[]}"
20161003,2016-10-03,295.23896171903647,-0.01436234062978863,0.0017702376750071821,99904.79881761866,1.4376065875492587E-5,2.120406296684792E7,298.4612124186609,0.0011504109293998224,0.4059092561446899,-0.2544168723662723,0.45381591715252667,"{""type"":""MultiPoint"",""coordinates"":[]}"
20161004,2016-10-04,295.8477428178114,-0.011495666021566464,0.0017396633214697783,99952.99294436822,2.243783320926649E-5,1.9017841032772727E7,298.35752798470907,0.0019120293680485777,0.513754789066051,-0.5260674681768407,0.45148232436291896,"{""type"":""MultiPoint"",""coordinates"":[]}"
20161005,2016-10-05,295.69573684276935,-0.013994917245309704,0.0016968257099207328,99911.20592761345,1.7332369203048192E-5,1.9000767770801723E7,298.6326063263658,0.0014991465169733726,0.8236910027514174,-0.9121867962963439,0.4475762692476812,"{""type"":""MultiPoint"",""coordinates"":[]}"
20161006,2016-10-06,295.244342988981,-0.013790634064103907,0.0016503506029421696,99954.57722937752,1.1390712538050951E-5,1.89567065588223E7,298.48804389640884,0.0010166231782728582,0.762511972940259,-1.146266567505012,0.44032944393696755,"{""type"":""MultiPoint"",""coordinates"":[]}"
20161007,2016-10-07,294.64499725729735,-0.01326630190229786,0.0016139097380113657,100006.27071406569,1.680773870634594E-5,1.9317145483342294E7,298.0453091653613,0.0015481099373049394,0.46395930998570956,-0.5629452130072017,0.4324748964031123,"{""type"":""MultiPoint"",""coordinates"":[]}"
20161008,2016-10-08,295.2842140112922,-0.011526520174900808,0.0015799964147056006,100064.07796851994,2.213346906573257E-5,1.824853626111875E7,297.97796446750596,0.0021041072406097713,0.3677405909801822,-0.43064188465703535,0.4342840469604301,"{""type"":""MultiPoint"",""coordinates"":[]}"
20161009,2016-10-09,295.327409584228,-0.012791277897828671,0.0015461828587848793,100067.97350796887,2.6235211166370843E-5,1.8532061023735363E7,298.3817241632934,0.002571118364094602,0.6901397503315077,-0.5984861390179975,0.43559386951159024,"{""type"":""MultiPoint"",""coordinates"":[]}"
20161010,2016-10-10,295.21663559135123,-0.011569087496688986,0.0015031134436330857,100009.71441510254,1.94405584055037E-5,1.7992771789037153E7,297.9415437352387,0.001918319793496942,0.4381038401186761,-0.7276453019793411,0.43705214002783277,"{""type"":""MultiPoint"",""coordinates"":[]}"
20161011,2016-10-11,295.27103121909187,-0.010772941793253653,0.001465726395268927,99985.89964508488,1.9108936367935972E-5,1.7454018810313743E7,298.41303226119237,0.0018832112073774625,0.45328837671106814,-0.24286530017566194,0.43256290223481264,"{""type"":""MultiPoint"",""coordinates"":[]}"
20161012,2016-10-12,296.23278287311405,-0.009957371711505266,0.0014824804725992607,99876.20359948798,7.162954063136959E-5,1.695315976018752E7,298.57404897717106,0.005408069155354323,0.5814195936266973,-0.052964677904099,0.44007057197278243,"{""type"":""MultiPoint"",""coordinates"":[]}"
20161013,2016-10-13,296.7598972666764,-0.00523475619228446,0.003338355169350432,99889.2715830995,0.0014324369808417817,1.255693383159034E7,297.69305802217,0.025466931805466407,0.03477169077676396,0.5100536313620392,0.4790964326057201,"{""type"":""MultiPoint"",""coordinates"":[]}"
20161014,2016-10-14,296.47629058256456,-0.003842743877368502,0.0037594490610345205,99882.65452390615,9.860657571972471E-4,9338926.341507394,297.7060954525776,0.01349755786050325,-0.6337912921536384,1.0062590296960017,0.46676852729174656,"{""type"":""MultiPoint"",""coordinates"":[]}"
20161015,2016-10-15,296.62380684280447,-0.008161363352776608,0.0033665915129634395,99912.20016614124,0.0010182811165603974,1.6910985990623876E7,298.2597834587899,0.01591175065493816,-0.3004394471179639,0.771087760305674,0.4757654263661134,"{""type"":""MultiPoint"",""coordinates"":[]}"
20161016,2016-10-16,296.75633603859626,-0.007135911620656293,0.002343301822186548,99925.30878626864,5.399883492002409E-4,1.4761778032455824E7,298.4282882067716,0.008856714959342246,-0.39234317995519197,0.2871684393411016,0.47518900767987937,"{""type"":""MultiPoint"",""coordinates"":[]}"
20161017,2016-10-17,296.6694912959182,-0.008188539430139042,0.0029987455720167236,99891.51578864083,0.001026205581488955,1.6905032730256043E7,298.4279047904901,0.010019363221108803,-0.0645954929044118,-0.21434866474975636,0.46293274143135094,"{""type"":""MultiPoint"",""coordinates"":[]}"
20161018,2016-10-18,296.21100425055323,-0.0133255232572878,0.0013616419831553484,99809.122150196,1.7279441331725148E-5,2.068189811431663E7,299.5546627466547,0.0012147469970666671,0.7177105046247173,-0.650760404922338,0.45406369661995405,"{""type"":""MultiPoint"",""coordinates"":[]}"
20161019,2016-10-19,296.3715158648926,-0.011249093808370768,0.0013964113037464982,99756.88087909647,5.257009567872223E-5,1.9624968742877748E7,298.9078049304925,0.0037093701680352242,0.55686669086576,-0.3105659701815876,0.4595163354278687,"{""type"":""MultiPoint"",""coordinates"":[]}"
20161020,2016-10-20,296.64189240829,-0.006617154790376697,0.0017114902446513306,99721.24480751426,3.4859232145055644E-4,1.4840230062026687E7,298.03109624325936,0.009806048927047473,0.10236399843509646,-0.05957121589118179,0.47531613788863836,"{""type"":""MultiPoint"",""coordinates"":[]}"
20161021,2016-10-21,296.4367550885337,-0.002817024378421029,0.005598312822159472,99867.08800138188,0.0016735238511769556,7013353.623512442,297.0731743407774,0.020679205355126636,0.11491582553852975,0.2937764008324054,0.47671677410237157,"{""type"":""MultiPoint"",""coordinates"":[]}"
20161022,2016-10-22,296.21737164496113,-0.00393334156176995,0.0037399304985699143,100012.46172389168,6.660793139171051E-4,1.0136019963577354E7,297.3246786470869,0.01166638690085433,0.0038093041450820435,0.2326758372295017,0.4769759097341766,"{""type"":""MultiPoint"",""coordinates"":[]}"
20161023,2016-10-23,295.6942079236609,-0.006850884350744173,0.0021223417106106357,100067.77959028987,1.0471599995337624E-4,1.388891640245222E7,297.4011704497276,0.005511699817781621,0.056406793091099125,0.033922024623808056,0.4872125295911189,"{""type"":""MultiPoint"",""coordinates"":[]}"
20161024,2016-10-24,296.0284838171472,-0.009760798011183352,0.00209396650085714,99983.35698412987,3.485201048240565E-5,1.8186086676523626E7,298.13861785431965,0.0022727895090444965,0.2758017376160189,-0.2475221797614333,0.477521882147181,"{""type"":""MultiPoint"",""coordinates"":[]}"
20161025,2016-10-25,296.095434313569,-0.0098671568775925,0.002109885551613073,99874.69498997262,5.3553263332024386E-5,1.7647148514965747E7,298.2838773380064,0.003364484449542906,0.28608963520771347,-0.265100463936429,0.4740305736755892,"{""type"":""MultiPoint"",""coordinates"":[]}"
20161026,2016-10-26,296.2510274019735,-0.008702902746004963,0.002635104458791188,99907.49936897324,5.947065335123109E-4,1.6040841456184633E7,297.95063554410933,0.007397752321028683,-0.0702507731174818,0.3522019081927361,0.48135258655935587,"{""type"":""MultiPoint"",""coordinates"":[]}"
20161027,2016-10-27,296.3532445405249,-0.00668812448577334,0.002193921418599261,100005.97013672114,1.3919704514120702E-4,1.4930664631806707E7,297.97053854206695,0.005254064807602954,-0.4308733315920083,0.38143200466790195,0.4837770666091944,"{""type"":""MultiPoint"",""coordinates"":[]}"
20161028,2016-10-28,296.34897635123207,-0.010382331792215468,0.0020345132643463724,99975.11151630025,3.105871650745325E-5,1.87874952188965E7,298.7907823628425,0.002161908993420574,0.06097058611343737,0.35644987526815775,0.4729662329005083,"{""type"":""MultiPoint"",""coordinates"":[]}"
20161029,2016-10-29,296.34297737637905,-0.009785650884400109,0.0020502581386371847,99937.71380103858,7.838787550621846E-5,1.850401018391634E7,298.65739850428184,0.004411349956782936,-0.17182006060983976,0.16657005879351378,0.4769358727232396,"{""type"":""MultiPoint"",""coordinates"":[]}"
20161030,2016-10-30,296.6346806029686,-0.008900318415670933,0.004360887802683228,99942.69767719225,0.0018112072435647972,1.6372166157230433E7,298.59865585567434,0.016204319355313402,-0.1420738070268215,-0.20653663499522407,0.47960172775402454,"{""type"":""MultiPoint"",""coordinates"":[]}"
20161031,2016-10-31,296.6780248846712,-0.004480556008233692,0.005495762880360913,100055.84826127505,0.0011129600828492685,1.0780272332491886E7,297.6786175599564,0.018724968958182018,0.0664368063258013,-0.69051047621875,0.46511338029089483,"{""type"":""MultiPoint"",""coordinates"":[]}"
20161101,2016-11-01,296.2214717995678,-0.0054625054674268085,0.004200030272719752,100021.0783436378,5.89113248585365E-4,1.386669106527227E7,297.55621695263426,0.008997527660064723,-0.3755122089718437,0.07174452790733658,0.4636929287677173,"{""type"":""MultiPoint"",""coordinates"":[]}"
20161102,2016-11-02,296.2452586683349,-0.009316970392379186,0.0035145235107859,99939.56585176113,4.3153234049167363E-4,1.8156746706094485E7,298.0770390642737,0.009254223863823352,-0.13024378355943123,-0.0690854814623193,0.47043173088736817,"{""type"":""MultiPoint"",""coordinates"":[]}"
20161103,2016-11-03,296.5629927537407,-0.006782493583946678,0.004724388179734344,99974.48032976095,5.083168002723401E-4,1.346529806491165E7,298.1398635042991,0.01006015741326428,-0.15309830505209684,0.14776912158549238,0.4689783978338984,"{""type"":""MultiPoint"",""coordinates"":[]}"
20161104,2016-11-04,296.41693456511985,-0.0023312800269328082,0.005773909795684072,99966.44475642638,6.369497026513295E-4,8282511.175622071,297.3919544435491,0.013174142539393719,-0.4414801106370975,0.25146831292804583,0.4798099604030116,"{""type"":""MultiPoint"",""coordinates"":[]}"
20161105,2016-11-05,296.7919080289228,-0.009212524229455761,0.004350188443839574,99846.47125673345,1.9119581589834642E-5,1.8434856030292105E7,298.9458609573084,0.0012065557863064893,0.4139345324745916,-0.2177212598991876,0.46967967253835297,"{""type"":""MultiPoint"",""coordinates"":[]}"
20161106,2016-11-06,294.45876966449623,-0.01427049218689411,0.0041125386340756555,100017.14586473498,1.279576092130907E-6,2.1680006406779658E7,298.6556490604545,8.529404676843118E-5,0.16195725185221413,-0.7752930352945484,0.45367984471376716,"{""type"":""MultiPoint"",""coordinates"":[]}"
20161107,2016-11-07,294.6449437197018,-0.013914500130424418,0.0038544298228570966,100028.59056317102,1.5487293237561659E-6,2.136202728164443E7,298.51522693136513,1.1440240395306668E-4,0.09774617372703805,-0.5827599785794774,0.4393364445121978,"{""type"":""MultiPoint"",""coordinates"":[]}"
20161108,2016-11-08,295.2704214391148,-0.011946822390674985,0.0036280308707371716,100063.51896038528,1.3241871487479586E-5,1.8370399598990265E7,298.5835217575512,0.0011610088312524842,-0.4220579032471496,-0.33953291338959457,0.4315696970346614,"{""type"":""MultiPoint"",""coordinates"":[]}"
20161109,2016-11-09,295.7637888097551,-0.009864492701239593,0.003432112179355333,100114.66781520465,2.461545548196567E-5,1.678388343743238E7,298.58743923864535,0.0021229915263995085,-0.5495659300506881,-0.12384487972449823,0.4341796709233316,"{""type"":""MultiPoint"",""coordinates"":[]}"
20161110,2016-11-10,295.8739906592586,-0.011198295551035495,0.0032232707958121704,100029.49196076236,7.820030519173886E-6,1.8364358680129826E7,298.7573895441225,7.107707131362666E-4,-0.1860952451834098,-0.05064870551996958,0.43013834824340247,"{""type"":""MultiPoint"",""coordinates"":[]}"
20161111,2016-11-11,295.7701846882907,-0.011763625990181593,0.0030371900547122516,99996.95257837622,8.896038908843225E-6,1.849545508763073E7,298.7960495896631,8.316066610301563E-4,-0.15011480276165343,-0.2503032152978598,0.4229080155715732,"{""type"":""MultiPoint"",""coordinates"":[]}"
20161112,2016-11-12,296.18326167324335,-0.011510892164296639,0.0028681327483733986,100048.43710351727,1.2524557638116748E-5,1.8385172848178867E7,299.23595033080005,0.0012269104424521985,-0.23936968850522033,-0.01297659357517782,0.4170724364596071,"{""type"":""MultiPoint"",""coordinates"":[]}"
20161113,2016-11-13,296.62845803866213,-0.009871565101059,0.003377197464149522,100110.70751395528,6.688644836149274E-4,1.802663014929679E7,298.80839233957875,0.01039642746145805,-0.2672132369861219,-0.06826007983793159,0.4380335916133293,"{""type"":""MultiPoint"",""coordinates"":[]}"
20161114,2016-11-14,296.55613810180085,-0.006940154943801931,0.003085221672075301,100103.37948785584,4.508655546505099E-4,1.4398166962856116E7,298.18375025576216,0.011502410269389718,-0.14542216156405716,0.27511827122321114,0.46603196698149923,"{""type"":""MultiPoint"",""coordinates"":[]}"
20161115,2016-11-15,296.74200448303185,-0.0066718088185533575,0.002504085227873967,100010.52426216062,2.4017545717354942E-5,1.2791851965380458E7,298.4657687663975,0.0018310873929808468,-0.0852680089941161,0.2350234143907942,0.47301979021378926,"{""type"":""MultiPoint"",""coordinates"":[]}"
20161116,2016-11-16,296.3788944402127,-0.01171623792645736,0.0023868407475101452,99921.73609281796,1.710775287152197E-5,2.0048250526505593E7,299.50941024369416,0.0012711477129014423,-0.0035343180483444173,0.13373768032994288,0.45867446604106327,"{""type"":""MultiPoint"",""coordinates"":[]}"
20161117,2016-11-17,296.359621557884,-0.012629982481686768,0.0022689587064826273,99891.80063204805,7.841323649801593E-6,1.957046013415074E7,299.51607018259955,7.089195787111344E-4,-0.21443937052355205,0.07148149607058027,0.44712579965390814,"{""type"":""MultiPoint"",""coordinates"":[]}"
20161118,2016-11-18,296.3153353293422,-0.011816279583144098,0.0021839755222206724,99825.30593247342,2.3770460766917142E-5,1.8552394279120088E7,299.4895711381327,0.0018988096924667283,-0.44935473681843224,0.2553834129030393,0.43886213225804793,"{""type"":""MultiPoint"",""coordinates"":[]}"
20161119,2016-11-19,296.0612059266597,-0.012279427853831739,0.002080224693530826,99826.25454960267,1.2619709048596181E-5,1.8565330326000724E7,299.1866207324566,0.0012221472801991937,-0.22056270066985914,0.6298747798086489,0.43400941764610523,"{""type"":""MultiPoint"",""coordinates"":[]}"
20161120,2016-11-20,296.1517221973785,-0.006650859672069721,0.0019887523007573447,99872.74361700952,1.8289684174596476E-6,1.014761525351605E7,298.32984092479467,1.801915125557975E-4,-0.3319706692691605,0.24035556833106955,0.4281124820473074,"{""type"":""MultiPoint"",""coordinates"":[]}"
20161121,2016-11-21,296.05367339283595,-0.010382131968611121,0.0019231562607132742,99875.03685663562,1.3875635659870928E-5,1.5632643896141365E7,298.76035378698344,0.0013488455411813738,-0.35262797259699774,0.17070173916299122,0.4236213980077595,"{""type"":""MultiPoint"",""coordinates"":[]}"
20161122,2016-11-22,296.0017057983531,-0.012441805617939552,0.0018369636696209514,99844.69330050421,6.378653502576065E-6,1.950650736314461E7,299.1830949486413,6.603516732339876E-4,-0.18316839382989233,-0.009633039250255186,0.41547893127980684,"{""type"":""MultiPoint"",""coordinates"":[]}"
20161123,2016-11-23,296.26957089437553,-0.012883390993513958,0.001763228677667266,99824.25430179361,8.973398128658097E-6,1.839795856256762E7,299.4883965073705,9.561846818440436E-4,-0.10727948027027387,0.2750459155407014,0.4080589500552891,"{""type"":""MultiPoint"",""coordinates"":[]}"
20161124,2016-11-24,295.6128473927273,-0.01304248098137574,0.0016831854674689748,99845.11080245524,2.2117611392929467E-6,2.0224584577713672E7,299.09156938188994,2.4048186327665238E-4,0.018859811006278458,0.16942481935017098,0.39944656274398654,"{""type"":""MultiPoint"",""coordinates"":[]}"
20161125,2016-11-25,295.23633330916397,-0.013957406362277524,0.0016154374831899858,99858.40889437254,4.902893117821436E-6,2.0371574058420483E7,298.94161283197514,5.43227511281104E-4,-0.039640417235418356,0.22045392287380786,0.3905102219313924,"{""type"":""MultiPoint"",""coordinates"":[]}"
20161126,2016-11-26,295.25956201123455,-0.015286087146142395,0.0015431216777209299,99975.83183145325,1.0468589670598787E-6,2.0343041784349084E7,299.15978441721035,1.234610996227387E-4,-0.1618738354420287,0.10257047379671749,0.37968760526069933,"{""type"":""MultiPoint"",""coordinates"":[]}"
20161127,2016-11-27,295.0603274338405,-0.016790957571290437,0.0014755047220982587,99964.08655731611,1.1996966254354348E-7,2.1545125330688786E7,299.51524047448044,1.4633209410442629E-5,0.0010172315107570943,-0.17553276788702604,0.3686368928274894,"{""type"":""MultiPoint"",""coordinates"":[]}"
20161128,2016-11-28,295.1675550701785,-0.013481667392248717,0.001414332704083222,100041.88210088543,4.345491351180244E-7,1.8560936556076452E7,298.7081828547837,5.505686861287453E-5,-0.07301796891251097,-0.07589384322700085,0.3594163946699016,"{""type"":""MultiPoint"",""coordinates"":[]}"
20161129,2016-11-29,295.33316807495265,-0.010312139656122009,0.0013648314281271725,100095.05151370123,5.5715726507814885E-6,1.4298328317345839E7,298.8025420097538,6.76965538822897E-4,0.19348460290420216,-0.5929137329769215,0.35336607100657236,"{""type"":""MultiPoint"",""coordinates"":[]}"
20161130,2016-11-30,295.1627706465117,-0.010040125565444181,0.0013132345319611053,100071.46348250246,3.3109676223174364E-6,1.33404300836639E7,298.6063461381665,3.7941878022408723E-4,-0.16845399035987899,-0.4405850876923837,0.3549748449489494,"{""type"":""MultiPoint"",""coordinates"":[]}"
20161201,2016-12-01,294.02212955315736,-0.006293379068589584,0.0014080971296711428,100039.88993815456,1.404520071803814E-4,7273921.412188968,296.0335565879521,0.011337285423542575,-1.1749470340817258,-0.14413187135253216,0.396743965745044,"{""type"":""MultiPoint"",""coordinates"":[]}"
20161202,2016-12-02,295.0140853225647,-0.008886935646799212,0.0014583623091150527,99989.0110238047,2.1838463421036442E-4,1.4201590090876311E7,297.1300522959824,0.010971654977823778,-0.3318304093300487,0.2474333429754977,0.46236648552692006,"{""type"":""MultiPoint"",""coordinates"":[]}"
20161203,2016-12-03,295.68176195910667,-0.00988663105630634,0.0013864222434381266,100115.19535845795,1.6371097067741127E-4,1.6938710675802384E7,298.0111251624248,0.006073983232281062,-0.5998863766350733,0.6566241208657807,0.46630969106584996,"{""type"":""MultiPoint"",""coordinates"":[]}"
20161204,2016-12-04,295.78503821082154,-0.012136708810694419,0.0011549577052482319,100160.52570088523,3.4340835632161887E-6,1.837340885178507E7,298.9717693975416,3.556532417872389E-4,-0.20608314755358717,0.0798752043507738,0.4489397858753703,"{""type"":""MultiPoint"",""coordinates"":[]}"
20161205,2016-12-05,295.7166275974076,-0.013045176553341442,0.0011224282231736692,100059.6262383409,1.0235438622424115E-5,1.8329279385503072E7,299.236779724123,0.001088016256394474,-0.013324160174060181,-0.15255469224934168,0.43241649115941094,"{""type"":""MultiPoint"",""coordinates"":[]}"
20161206,2016-12-06,295.82313262764296,-0.01122280119307369,0.0010987984018552789,99986.78377516361,2.2616222624395286E-5,1.7471771126577713E7,298.4909783189208,0.002458869078743221,-0.18830034196598908,0.1936653376571375,0.4284074830097538,"{""type"":""MultiPoint"",""coordinates"":[]}"
20161207,2016-12-07,294.68889939250505,-0.013237398006277226,0.0010440656817909445,100031.07241875949,2.7466150255268594E-6,1.982708512657771E7,298.21995423215276,2.841360132598174E-4,-0.11392625556970563,0.4529108643058919,0.4240479266963078,"{""type"":""MultiPoint"",""coordinates"":[]}"
20161208,2016-12-08,295.2233800703495,-0.01320868297293648,0.0010165754360409796,100058.97929943411,1.026215512013977E-5,1.8327696432744317E7,298.65112321470525,0.0012164752161180762,0.05259742639660621,0.5045661676645078,0.4110275772503756,"{""type"":""MultiPoint"",""coordinates"":[]}"
20161209,2016-12-09,295.45670606574413,-0.011455246114017213,9.841744623758544E-4,99958.81020668053,9.007574610876943E-6,1.5962527659574468E7,298.5521963919452,0.001030297196812268,0.4286882281518353,-0.7412407863797843,0.4104636160567025,"{""type"":""MultiPoint"",""coordinates"":[]}"
20161210,2016-12-10,295.1387743114752,-0.013683870159360935,9.479210011760465E-4,99860.71791048966,4.257159116162404E-6,1.830797099242698E7,298.6917770994242,5.271051308531428E-4,0.548285531200946,-0.9572197199870879,0.39980455791309677,"{""type"":""MultiPoint"",""coordinates"":[]}"
20161211,2016-12-11,294.40501945106763,-0.012648479090758369,9.151053474863388E-4,99818.48773356974,2.361740010162145E-6,1.7600120457987737E7,298.15851724622115,2.876024790296783E-4,0.3359669560293608,-0.5510747401613159,0.3899775549889412,"{""type"":""MultiPoint"",""coordinates"":[]}"
20161212,2016-12-12,293.5085139473494,-0.014792589058987385,8.867760905925437E-4,99816.81488875709,3.8648039650667705E-6,1.8146642036783267E7,298.11300838359034,4.8737625146826486E-4,0.6283872683241126,-0.533824291219504,0.3796764125702459,"{""type"":""MultiPoint"",""coordinates"":[]}"
20161213,2016-12-13,294.7796663029118,-0.006333755988196435,9.097869736684862E-4,99803.85569918544,5.1028470334446154E-5,9125722.602957087,297.0554435054533,0.005413133624839914,-0.27619242595070076,0.4377055176749713,0.40283514012051164,"{""type"":""MultiPoint"",""coordinates"":[]}"
20161214,2016-12-14,295.1749403488466,-0.008982930719325828,8.497465733711444E-4,99942.84191426446,1.2198105062167656E-5,1.5309059360980885E7,297.5000439790712,0.0015424025044712684,-0.5055980844442655,0.2701539120460333,0.41597524166737704,"{""type"":""MultiPoint"",""coordinates"":[]}"
20161215,2016-12-15,295.0053375011196,-0.013544365769037907,8.16845094259147E-4,99997.32134652462,3.919781887956874E-6,1.823937310998918E7,298.6914422988664,5.038556438245674E-4,-0.20086166948664005,0.49863798868514303,0.4030151035883405,"{""type"":""MultiPoint"",""coordinates"":[]}"
20161216,2016-12-16,294.870021904442,-0.01499832104629573,7.917768353165763E-4,100139.44511340761,4.983570573134754E-6,1.9800257736025963E7,299.0319567663278,6.656265003333287E-4,0.31009555264209415,-0.15869084238819756,0.3902039816207876,"{""type"":""MultiPoint"",""coordinates"":[]}"
20161217,2016-12-17,294.9434186240947,-0.015066152560100462,7.655058463170904E-4,100119.79488290174,4.0578634739781914E-6,1.970071634835918E7,299.2131791133723,5.49778280449911E-4,0.04118178955192305,-0.16077622242136666,0.3796956143366028,"{""type"":""MultiPoint"",""coordinates"":[]}"
20161218,2016-12-18,294.7811558779967,-0.014543125925137602,7.429832785386623E-4,100113.06981641238,5.426948632825982E-6,1.9505197124413993E7,298.8145214470122,7.404201207253773E-4,0.10071717404533945,-0.06990593589402574,0.3723644164193493,"{""type"":""MultiPoint"",""coordinates"":[]}"
20161219,2016-12-19,294.5826393266843,-0.01619290844616243,7.154613550587162E-4,100034.35743062054,1.4849923338823015E-6,1.971873801009737E7,299.4153689719089,2.0420380417637734E-4,0.0067163798109472605,0.058739576893996864,0.362221839350854,"{""type"":""MultiPoint"",""coordinates"":[]}"
20161220,2016-12-20,295.79654704815124,-0.013371136766283083,6.951477030662267E-4,99990.8595558971,3.854263529552263E-6,1.7231866491164804E7,299.85217408048294,5.494658047655108E-4,-0.25470734467972417,0.18652154207372915,0.3530017544636004,"{""type"":""MultiPoint"",""coordinates"":[]}"
20161221,2016-12-21,296.06159425082734,-0.013928595653594377,6.779044560263228E-4,100105.91860048112,7.3679605632579755E-6,1.739792954129102E7,299.80068170034133,0.001062452155188229,-0.18420629115012396,-0.03404830100803165,0.34954444524373185,"{""type"":""MultiPoint"",""coordinates"":[]}"
20161222,2016-12-22,295.1165633941589,-0.016915782344360624,6.504090031991141E-4,100104.69001782677,8.914204568928259E-7,2.0748645685539126E7,299.71000168836235,1.3186020925592333E-4,0.24200565027694812,-0.23573285270330502,0.34251346753213624,"{""type"":""MultiPoint"",""coordinates"":[]}"
20161223,2016-12-23,294.29485399136394,-0.017264915961373212,6.286779729588298E-4,99971.03581756324,3.290695487227717E-7,2.022619407573026E7,299.0758405764067,5.011759497394189E-5,0.21889388687350686,-0.47172211967332534,0.3329017879670881,"{""type"":""MultiPoint"",""coordinates"":[]}"
20161224,2016-12-24,293.965241194316,-0.017156309289995446,6.139753443473435E-4,99853.04703259526,6.149910199612088E-6,2.0587625576631807E7,298.96984188200435,8.833507101079218E-4,0.2721322515088502,0.45720325378661464,0.3243514958705047,"{""type"":""MultiPoint"",""coordinates"":[]}"
20161225,2016-12-25,294.49719281155893,-0.012754922930864578,6.046661004837869E-4,100016.78239759886,1.3863192948459333E-5,1.5369100456545256E7,298.1855200471636,0.001757123826104735,0.17127825822920767,-0.3342139079946497,0.33842784169918505,"{""type"":""MultiPoint"",""coordinates"":[]}"
20161226,2016-12-26,293.98145057989126,-0.01771257056566167,5.730324775098767E-4,99975.26235670275,1.5144050658673448E-7,1.977402124918861E7,299.2575505957435,2.3778765759569542E-5,0.5007583112839338,-0.8444566044444605,0.3299758210464773,"{""type"":""MultiPoint"",""coordinates"":[]}"
20161227,2016-12-27,294.42842848230157,-0.017425901162798463,5.595971999123688E-4,99865.49136090245,4.857673762810175E-6,1.930193678182474E7,299.97076663106566,7.659742746800397E-4,0.08765421533888386,-0.011894876373145184,0.32300822455975603,"{""type"":""MultiPoint"",""coordinates"":[]}"
20161228,2016-12-28,295.3111373749128,-0.01596444476432118,5.398198715023216E-4,99871.479038947,2.1156478435435196E-6,1.71278196725568E7,300.1644708154466,3.406315471315193E-4,-0.4146568895833597,-0.21720376389002863,0.319248381164272,"{""type"":""MultiPoint"",""coordinates"":[]}"
20161229,2016-12-29,293.9350690237532,-0.019085337404864303,5.207532177838101E-4,99923.16932348249,1.6561891041290364E-7,2.0712172265416525E7,300.1930998306834,2.692873044603791E-5,-0.3099756255747679,-0.3913915537629997,0.3118681172250426,"{""type"":""MultiPoint"",""coordinates"":[]}"
20161230,2016-12-30,291.78717168034643,-0.019517103482133168,5.032854269567999E-4,100031.94756044853,1.154262323995123E-8,2.1201202775333572E7,299.0366343312401,2.9792858689035393E-6,-0.2181059275270727,-0.19110493064428236,0.30374413921449284,"{""type"":""MultiPoint"",""coordinates"":[]}"
