system:index,date,dewpoint_temperature_2m,potential_evaporation_sum,runoff_sum,surface_pressure,surface_runoff_sum,surface_solar_radiation_downwards_sum,temperature_2m,total_precipitation_sum,u_component_of_wind_10m,v_component_of_wind_10m,volumetric_soil_water_layer_1,.geo
20190101,2019-01-01,291.5592981002153,-0.016102492379402797,8.732722397105086E-4,100339.69172026668,7.869726133570103E-9,2.1886168561846375E7,297.77393595377606,9.478492681790123E-7,-0.6446648949770877,-0.220836457731575,0.38877599229891735,"{""type"":""MultiPoint"",""coordinates"":[]}"
20190102,2019-01-02,289.59982887714705,-0.018167370490345593,8.441684260464647E-4,100379.07181314752,4.7105509926169684E-8,2.245052551965381E7,296.91555627083926,6.98721295437893E-6,-0.763491267051128,-0.2321187931982023,0.3736730248384399,"{""type"":""MultiPoint"",""coordinates"":[]}"
20190103,2019-01-03,288.78151299033783,-0.018761760916922266,8.155794789375833E-4,100357.65854067827,0.0,2.281016673710783E7,297.08814323806814,0.0,-0.6513240323471957,-0.4497064319936857,0.3600770228326658,"{""type"":""MultiPoint"",""coordinates"":[]}"
20190104,2019-01-04,288.56856547113887,-0.021050436324831216,7.877810456844778E-4,100281.17474886884,1.2977390653855786E-9,2.296774170429139E7,296.9989647402731,8.52346317969932E-7,-0.7185919802698152,-0.14041487725541382,0.34781672762827115,"{""type"":""MultiPoint"",""coordinates"":[]}"
20190105,2019-01-05,289.4737678642012,-0.018521548036232006,7.609811568148421E-4,100210.16690731497,0.0,2.2707598296429865E7,296.860380833045,0.0,-0.2508278846138873,-0.1748866238893834,0.3371994168959868,"{""type"":""MultiPoint"",""coordinates"":[]}"
20190106,2019-01-06,291.3006231464121,-0.017084309893730443,7.358936064302645E-4,100102.59234678568,1.4901161193847656E-8,2.1593817449693482E7,296.793304177399,1.716613724056515E-6,-0.046001200808371355,-0.07810219032917194,0.32852706056272263,"{""type"":""MultiPoint"",""coordinates"":[]}"
20190107,2019-01-07,291.47089651969634,-0.018246438656522188,7.117141026088662E-4,100112.57187906167,1.4901161193847656E-8,2.2251599486476745E7,297.1144416537161,2.5765862687876506E-6,-0.036958587844579005,0.06860135254743567,0.3208050237766381,"{""type"":""MultiPoint"",""coordinates"":[]}"
20190108,2019-01-08,291.80695284598005,-0.01812494484377905,6.879134875447838E-4,100058.81378470971,0.0,2.174249894626758E7,298.1006317209748,8.52346317969932E-7,-0.10909832966902293,-0.44672269598482506,0.31342534999432436,"{""type"":""MultiPoint"",""coordinates"":[]}"
20190109,2019-01-09,290.37319975338363,-0.020035270434927525,6.646483067222937E-4,100055.24248390825,0.0,2.266002431373964E7,297.98872267522125,4.2319288695580326E-7,-0.230463270986864,0.045003163411878364,0.3065470459226491,"{""type"":""MultiPoint"",""coordinates"":[]}"
20190110,2019-01-10,289.5295207407314,-0.0220096786256263,6.418778412272429E-4,100076.01042059925,1.655893552789093E-8,2.288562563360981E7,298.15425675373007,1.6438282247738177E-6,-0.23793589333700363,0.10651045353427815,0.3000583802296689,"{""type"":""MultiPoint"",""coordinates"":[]}"
20190111,2019-01-11,291.03865618338335,-0.020868776803396258,6.200432256159696E-4,100153.76971643184,3.5221659230102585E-8,2.1894835987017676E7,298.3325159721957,5.714009065997256E-6,0.03442907786194501,-0.3736815626252399,0.2944217021110784,"{""type"":""MultiPoint"",""coordinates"":[]}"
20190112,2019-01-12,291.7703874319531,-0.019437812165291012,5.989942821921574E-4,100120.4581252606,9.457642878172332E-10,2.245540323764876E7,298.50550505295024,1.7364715953789765E-7,-0.1433184355809033,0.05820590960519477,0.289530676594003,"{""type"":""MultiPoint"",""coordinates"":[]}"
20190113,2019-01-13,291.84178592041286,-0.018498363378372084,5.789499903172309E-4,100126.25219336242,0.0,2.150224731049405E7,298.32710055293825,8.583068797918258E-7,0.10517485996667748,-0.2069986615706585,0.2853641544401195,"{""type"":""MultiPoint"",""coordinates"":[]}"
20190114,2019-01-14,292.506750138681,-0.018746468765487155,5.596111485921989E-4,100038.97816727191,7.450580596923828E-9,2.1395698559682656E7,298.7747074071712,1.293269178859191E-6,0.018935438216427566,0.12980657363829237,0.281693117623433,"{""type"":""MultiPoint"",""coordinates"":[]}"
20190115,2019-01-15,291.42827240391006,-0.019480632336624174,5.40950812138765E-4,100097.07615285796,3.449621503206096E-8,2.097459456833755E7,298.7690023861764,6.032436602475882E-6,-0.10621586779101364,-0.08860479878295947,0.27845658521151256,"{""type"":""MultiPoint"",""coordinates"":[]}"
20190116,2019-01-16,290.16480501117377,-0.021457728174482493,5.225385305815297E-4,100069.45440918146,9.941272343533418E-11,2.2954300879913453E7,298.8120165363013,8.823271254745249E-7,-0.27840818522254174,-0.027312296516463365,0.2753677452996253,"{""type"":""MultiPoint"",""coordinates"":[]}"
20190117,2019-01-17,290.24466787747053,-0.022026663787832256,5.045717416194815E-4,99979.73727158371,0.0,2.286847289938695E7,298.74985802645074,4.4115703476360444E-7,-0.37031589154512745,-0.08282884959346881,0.2726126284621659,"{""type"":""MultiPoint"",""coordinates"":[]}"
20190118,2019-01-18,291.9882050383649,-0.019428701487595193,4.876560621901278E-4,100065.04361838303,1.4213869986962294E-7,2.2137999391994234E7,298.34285002927516,2.5382554156848117E-5,-0.07232562336931438,0.09996012828000139,0.27041188104892966,"{""type"":""MultiPoint"",""coordinates"":[]}"
20190119,2019-01-19,291.58563952486685,-0.01934579338541196,4.7246867295769714E-4,100166.1069585977,8.25496387103384E-7,2.136253490371439E7,298.0452661260932,1.4756382189284994E-4,0.08730133795827065,-0.18822441299971315,0.2696413671129211,"{""type"":""MultiPoint"",""coordinates"":[]}"
20190120,2019-01-20,290.37624441120033,-0.020149878960061155,4.5625523425936926E-4,100184.60872865394,6.942769658294689E-9,2.1163955959610533E7,298.2127381808654,1.7184810143154631E-6,-0.16653870487316313,0.07268912420491787,0.2680404845131234,"{""type"":""MultiPoint"",""coordinates"":[]}"
20190121,2019-01-21,290.88112055428513,-0.018814908576342677,4.4137170135953395E-4,100224.04840423186,4.572985278025371E-9,2.1972775720158674E7,297.61762961488404,2.3523209666917307E-6,0.010628242047879972,-0.025946768792665185,0.2664856021687137,"{""type"":""MultiPoint"",""coordinates"":[]}"
20190122,2019-01-22,290.3257868347553,-0.021688443027890813,4.267960980271245E-4,100214.5642383024,0.0,2.269105549224666E7,297.81490492130047,8.275437518400791E-10,0.11289784276065581,-0.3754339177586423,0.26507680796419064,"{""type"":""MultiPoint"",""coordinates"":[]}"
20190123,2019-01-23,292.20037223347276,-0.020641717709146853,4.1275190137759305E-4,100160.47582435541,1.446723809020424E-7,2.282428938406059E7,298.7118793060637,2.7244252390491667E-5,0.18365766725827906,-0.16800990347134864,0.2638281812918904,"{""type"":""MultiPoint"",""coordinates"":[]}"
20190124,2019-01-24,293.8123938260937,-0.019109916025245404,4.0215300312121345E-4,100195.12903144583,2.9142839875068216E-6,2.1754053525423728E7,299.25639410921127,5.440689027135598E-4,0.29605843724504033,0.17298217449699516,0.2635433784197809,"{""type"":""MultiPoint"",""coordinates"":[]}"
20190125,2019-01-25,294.56459101284764,-0.014154011726895266,3.947753001110588E-4,100209.94034751492,6.69071675851549E-6,1.6287398200504867E7,298.62629557120175,0.0012472360089151892,0.18665828159156655,0.04321805554408411,0.2734438126613665,"{""type"":""MultiPoint"",""coordinates"":[]}"
20190126,2019-01-26,294.2880414494358,-0.017669557702915353,3.79459700707361E-4,100196.95677422588,2.6023161140452903E-6,1.9820780606563296E7,299.4446364621845,4.898563510893207E-4,0.5014361120041266,-0.524466871914346,0.2737632378432482,"{""type"":""MultiPoint"",""coordinates"":[]}"
20190127,2019-01-27,294.06426470605555,-0.017471093868482772,3.7054563585361164E-4,100218.67299554062,4.6626394335818645E-6,1.8135697489361707E7,299.39834630699994,7.87188285722149E-4,0.4908787568811471,-0.5703824536848248,0.27827747774634287,"{""type"":""MultiPoint"",""coordinates"":[]}"
20190128,2019-01-28,293.8542506354032,-0.018772518219949536,3.5620616729449507E-4,100224.7858538366,1.2806400769547014E-6,1.9927676106743596E7,299.5038974531311,2.4331696855667428E-4,0.5849536788450695,-0.6520847894348968,0.27717847534062307,"{""type"":""MultiPoint"",""coordinates"":[]}"
20190129,2019-01-29,293.55765643683253,-0.020207598980071524,3.4596391890051565E-4,100167.05375624982,2.1184905100676976E-6,2.1037302556076456E7,299.988348600569,4.071642660568586E-4,0.032725674929219316,0.1854212597623326,0.275352983695983,"{""type"":""MultiPoint"",""coordinates"":[]}"
20190130,2019-01-30,292.6607345962112,-0.023803726371997028,3.3731757519780796E-4,100159.53775730585,4.604474929881105E-6,2.2715399141002525E7,300.38992074631,8.652070789099859E-4,0.03188597840720579,0.02589779761938367,0.27475742893102073,"{""type"":""MultiPoint"",""coordinates"":[]}"
20190131,2019-01-31,291.79280401574465,-0.025134758458879507,3.224576353553913E-4,100096.45888142449,5.92255330111548E-7,2.3326024382257484E7,300.38726812624736,1.168885613192818E-4,0.045613306633969564,-0.22172456564904974,0.2761328948605934,"{""type"":""MultiPoint"",""coordinates"":[]}"
20190201,2019-02-01,292.6243783052273,-0.022868397437758797,3.120144389185543E-4,100120.6787330654,6.316496368955714E-7,2.2680579569058783E7,299.9748982272336,1.2185700931366333E-4,0.3840092916817659,0.18350691554035936,0.2736747002054227,"{""type"":""MultiPoint"",""coordinates"":[]}"
20190202,2019-02-02,293.4355518037503,-0.02232253854020253,3.025481444466128E-4,100076.76260539226,1.2308074342099676E-6,2.3317843497295354E7,300.0233747040027,2.4225518478196838E-4,0.24247814723685587,0.22662607173905924,0.2709735218529117,"{""type"":""MultiPoint"",""coordinates"":[]}"
20190203,2019-02-03,294.0426234786279,-0.020907363759302036,2.918014463387884E-4,100139.171143664,5.622729900895239E-8,2.194786526721962E7,300.38956268040926,1.2509715587190892E-5,0.42255138481074567,0.0852810309933189,0.2695029246461751,"{""type"":""MultiPoint"",""coordinates"":[]}"
20190204,2019-02-04,293.3630483420742,-0.02312261950838579,2.823686190258498E-4,100241.13492738761,2.574520853938843E-8,2.2455946049765598E7,301.00834858969205,4.43524159226502E-6,0.42989623625414025,-0.039997157575935395,0.26678206316194425,"{""type"":""MultiPoint"",""coordinates"":[]}"
20190205,2019-02-05,294.9589408191728,-0.01587594222590419,2.748803690672351E-4,100237.99984762855,8.639583637514055E-7,1.5325912210602237E7,300.63845761960937,1.7459510865384798E-4,0.12566010449594398,0.19349565566453042,0.265395544744309,"{""type"":""MultiPoint"",""coordinates"":[]}"
20190206,2019-02-06,294.5370788030835,-0.020884390012251963,2.867463200994231E-4,100067.61755762881,2.0755885462446248E-5,2.0476149820411112E7,300.6763664394176,0.003331070052262808,0.10961623573864951,0.39502502092447894,0.2735564962919694,"{""type"":""MultiPoint"",""coordinates"":[]}"
20190207,2019-02-07,295.06261767119014,-0.018214312259455773,2.622200270830575E-4,100104.99052726159,3.552021982005216E-6,1.901383704868374E7,300.32561210359944,7.087115643546032E-4,0.34445880920730226,0.2927643157410098,0.2935453433946917,"{""type"":""MultiPoint"",""coordinates"":[]}"
20190208,2019-02-08,295.64444967077986,-0.018318004685857436,2.550830640734382E-4,100155.81812847005,3.5801772773803213E-6,1.9743704174179588E7,300.5762338618818,7.160113145473846E-4,0.380477623722275,0.04566117494578315,0.29341087233548785,"{""type"":""MultiPoint"",""coordinates"":[]}"
20190209,2019-02-09,295.7544522084272,-0.01537881941382437,2.8940506771158505E-4,100197.93988188983,4.469662141679558E-5,1.9150800472051933E7,299.942973204653,0.006368488588144277,0.004768462604679071,0.587361567953857,0.3181216208632999,"{""type"":""MultiPoint"",""coordinates"":[]}"
20190210,2019-02-10,296.14729381441606,-0.015064383807581684,2.718209425035127E-4,100246.70350657425,3.273112869331479E-5,1.8713581082942665E7,299.79091775570663,0.004856744541771951,0.2927745881454921,-0.045592865758768156,0.3706581008192124,"{""type"":""MultiPoint"",""coordinates"":[]}"
20190211,2019-02-11,295.2495645547604,-0.019912529949016877,2.3294518860591008E-4,100156.17254646742,4.7806772650943284E-8,2.2011875257843494E7,300.8641848022484,9.002218054915564E-6,0.14671869526718773,0.005170276007667752,0.3574429336742278,"{""type"":""MultiPoint"",""coordinates"":[]}"
20190212,2019-02-12,293.2226643865535,-0.024836878336931115,2.2582026528314786E-4,100205.40745459142,1.2978734069037344E-8,2.3767982734222863E7,301.1332280309975,2.272639776708373E-6,-0.27549970268930923,-0.19790843679779122,0.3369374212729758,"{""type"":""MultiPoint"",""coordinates"":[]}"
20190213,2019-02-13,292.6863082363451,-0.024250256474638007,2.1870215307535603E-4,100244.85590608424,2.2206652951163162E-9,2.3913147009015515E7,300.891689080432,4.977568194103552E-7,0.05498954065861447,-0.09974409952403286,0.32070585162124615,"{""type"":""MultiPoint"",""coordinates"":[]}"
20190214,2019-02-14,293.9778986760152,-0.02266282192742055,2.127418471208085E-4,100125.26146818233,8.250758981515562E-7,2.3654478532275517E7,300.81730192821607,1.6423644044896948E-4,0.4091593479505453,0.015589328980930212,0.3085369954302357,"{""type"":""MultiPoint"",""coordinates"":[]}"
20190215,2019-02-15,294.86951867667716,-0.021509378858305592,2.059188697942534E-4,100201.14783816841,3.5318519464692955E-7,2.1474759164082225E7,301.1096310460205,6.986288561873928E-5,0.4200613177987671,-0.43367710063657827,0.30016846249260887,"{""type"":""MultiPoint"",""coordinates"":[]}"
20190216,2019-02-16,295.1882813005783,-0.021380540786873244,2.0203307362355957E-4,100202.047149926,2.5743059075097944E-6,2.146571719473495E7,301.3289236771916,5.18688762554223E-4,0.6005140922006212,-0.05456291269347534,0.29388663178095525,"{""type"":""MultiPoint"",""coordinates"":[]}"
20190217,2019-02-17,295.15532230817877,-0.021896003215183136,1.9444599935735903E-4,100076.27575611694,7.593224420901719E-7,2.226794839091237E7,300.90491555524943,1.532933259973275E-4,0.9314610441941344,-0.7442366736398638,0.29038227199146793,"{""type"":""MultiPoint"",""coordinates"":[]}"
20190218,2019-02-18,294.47638514271466,-0.02267318658646246,1.8792068253258186E-4,99954.01460541428,7.990633499910374E-9,2.3410006314100258E7,300.5828867214262,1.927108018350782E-6,0.86864541915048,-0.5907547407990568,0.2844706540039517,"{""type"":""MultiPoint"",""coordinates"":[]}"
20190219,2019-02-19,294.9773235247676,-0.02077414205293126,1.8400329192364814E-4,100024.17742323435,1.5701567959020252E-6,2.1019318121889655E7,300.8668649609035,3.218210779200484E-4,0.5625849452238268,-0.47639363877316737,0.2804236618970103,"{""type"":""MultiPoint"",""coordinates"":[]}"
20190220,2019-02-20,294.75807884258495,-0.02533645628996158,1.786931236857247E-4,100184.59351768637,1.748876691165488E-6,2.363328864334655E7,302.12479428216693,3.620090776289018E-4,0.5183452851985247,-0.05438152751264585,0.2773593214071489,"{""type"":""MultiPoint"",""coordinates"":[]}"
20190221,2019-02-21,292.6880281324325,-0.02711790942899638,1.7160456123826656E-4,100241.64633763823,1.5209609319533504E-7,2.4317567952037513E7,301.584290771677,3.176896922282211E-5,0.0797052927953805,-0.2185596338988125,0.2749819304453294,"{""type"":""MultiPoint"",""coordinates"":[]}"
20190222,2019-02-22,290.56807028982183,-0.028695333785328073,1.6605338431677149E-4,100058.45082933272,3.492879472052282E-11,2.571390498124775E7,301.28910442521504,1.7965800478649869E-6,-0.0951698914014429,0.2320191118203902,0.27074459209825036,"{""type"":""MultiPoint"",""coordinates"":[]}"
20190223,2019-02-23,290.9780523963008,-0.028258515670331344,1.6083982912504498E-4,99918.48606804876,1.4901161193847656E-8,2.5658720870537333E7,301.0028183764314,3.0017681638128124E-6,0.33705641779422135,-0.13322373269942395,0.267425858783871,"{""type"":""MultiPoint"",""coordinates"":[]}"
20190224,2019-02-24,292.2058008996207,-0.027348935544985194,1.5588226438299486E-4,99861.58842298598,1.9847615892346308E-8,2.565069267039308E7,301.1654948360547,3.5951094094434245E-6,0.1706245721339434,0.09640870470885461,0.2648677793829068,"{""type"":""MultiPoint"",""coordinates"":[]}"
20190225,2019-02-25,294.1225285374756,-0.02404889100715867,1.511991324942335E-4,99872.58147652633,2.3453342239649508E-8,2.4812325851785075E7,300.95672275269453,5.855353421951478E-6,0.695555384879302,-0.22373084114038932,0.26298275720702013,"{""type"":""MultiPoint"",""coordinates"":[]}"
20190226,2019-02-26,294.86762465013743,-0.022698448177627225,1.4756670980044237E-4,99885.56436103303,7.856238245147256E-7,2.2744581906238735E7,301.0586527762382,1.7111203434215264E-4,1.1366810716965379,-0.42397242477126734,0.2620220994817507,"{""type"":""MultiPoint"",""coordinates"":[]}"
20190227,2019-02-27,294.9694202575336,-0.01996767767152544,1.4727965959176838E-4,99844.9452704746,4.382538711642085E-6,1.976857032347638E7,300.8307829174891,9.454800932010676E-4,1.2550064250674577,-0.49632016390701766,0.2660026637417922,"{""type"":""MultiPoint"",""coordinates"":[]}"
20190228,2019-02-28,294.3435558915669,-0.020416778816918457,1.416299485403667E-4,99887.81460173998,2.4433968151428192E-6,1.8149723565813202E7,301.1006763005203,5.291202955172968E-4,0.8626036819951409,-0.8588553783712742,0.26936389030294217,"{""type"":""MultiPoint"",""coordinates"":[]}"
20190301,2019-03-01,294.3983801584833,-0.02555253562775064,1.353278159665322E-4,99794.0158645918,9.783018035145822E-8,2.3242885711503785E7,301.5911068396438,2.008054259018566E-5,0.6758809482296123,-0.08301142334207234,0.26728942202524386,"{""type"":""MultiPoint"",""coordinates"":[]}"
20190302,2019-03-02,295.3663360890553,-0.02199173533702602,1.404399916749976E-4,99914.18645347339,9.020179875525506E-6,2.0923064073927157E7,301.7235969227515,0.001898899150918716,0.7867649620378059,-0.1763988505735007,0.2689373725050129,"{""type"":""MultiPoint"",""coordinates"":[]}"
20190303,2019-03-03,295.32341594537854,-0.020708962694600392,1.3419900867339728E-4,99909.11600415607,5.963683300314076E-6,2.0733657384781826E7,300.9621781478609,0.001208273831619238,0.7407998241961526,-0.01942393995847448,0.28410043577718574,"{""type"":""MultiPoint"",""coordinates"":[]}"
20190304,2019-03-04,295.28950399537973,-0.02104558181749799,1.2722628354338417E-4,99871.7506054359,2.2508222791119428E-6,2.06217274620927E7,301.2725253927692,4.844251066729762E-4,0.7670714165359351,-0.058081998835390676,0.28282074894465464,"{""type"":""MultiPoint"",""coordinates"":[]}"
20190305,2019-03-05,295.1965354493439,-0.021856833454873048,1.243588095144636E-4,99894.70113237348,2.6589047917380823E-6,1.9601678902044084E7,301.2925988568869,5.694086634205689E-4,1.0264853245794432,-0.6921464496398864,0.2816169929985875,"{""type"":""MultiPoint"",""coordinates"":[]}"
20190306,2019-03-06,295.1307381947378,-0.022071315682927403,1.2051415409028986E-4,99905.4062966623,1.9832368130035626E-6,1.9705195179501776E7,301.2111504104565,4.29128041654534E-4,1.2169285478579308,-0.8694616251803461,0.28032154285473554,"{""type"":""MultiPoint"",""coordinates"":[]}"
20190307,2019-03-07,295.9719701517745,-0.022087426156912567,1.1830555266350394E-4,99821.37034134257,2.899635388367106E-6,2.1468858150564834E7,301.5877705257749,6.18510343217695E-4,0.9686339628611899,0.1583429297828835,0.279344076891905,"{""type"":""MultiPoint"",""coordinates"":[]}"
20190308,2019-03-08,296.57733435687544,-0.013575401024142633,1.2689094561942426E-4,100060.30815706139,1.408916075565821E-5,1.6932797553426914E7,300.5156401918405,0.002993335214996438,0.9928902363401725,0.11092671340353602,0.2915182972286796,"{""type"":""MultiPoint"",""coordinates"":[]}"
20190309,2019-03-09,295.8005600846835,-0.019318779385717518,1.2293933016532517E-4,100137.51307729761,1.2646109843744166E-5,1.9124144525543757E7,301.3640350048782,0.0024509437894496334,0.5247157475225829,0.027840084647857193,0.30434534105203925,"{""type"":""MultiPoint"",""coordinates"":[]}"
20190310,2019-03-10,295.7422604462837,-0.0210552577331012,1.1223846400983493E-4,100112.71930020416,4.6212152264585056E-6,1.9344435710967798E7,301.9015024744386,9.608220281804847E-4,0.36771025453024814,0.25098180540164855,0.306519949603846,"{""type"":""MultiPoint"",""coordinates"":[]}"
20190311,2019-03-11,295.53719453436776,-0.02133194772406386,1.1067480128292055E-4,100174.78981162053,5.685994008625196E-6,1.9693257757207897E7,301.2308846941532,0.0011899265557863267,0.6157817808477505,-0.2649081455198156,0.3066463524338889,"{""type"":""MultiPoint"",""coordinates"":[]}"
20190312,2019-03-12,294.8659180841677,-0.025105295378380296,1.0345933715058202E-4,100128.87700506985,1.124798542233181E-6,2.17103523779506E7,301.57461572590466,2.3844657809315333E-4,0.3966899694824952,-0.2523848139791194,0.3019058152107195,"{""type"":""MultiPoint"",""coordinates"":[]}"
20190313,2019-03-13,293.9181190648465,-0.028072082293493585,9.959450363038121E-5,100132.29451101208,4.6291400326145195E-8,2.4081577945582528E7,301.9651367725382,1.0430675807344842E-5,0.3665299296651355,0.19322526103846377,0.2925235602929911,"{""type"":""MultiPoint"",""coordinates"":[]}"
20190314,2019-03-14,294.5261003737525,-0.026943378842321928,9.683916446666534E-5,100082.11213993143,4.496679295712846E-8,2.3619231759610523E7,301.85732257456465,1.122140578325437E-5,0.5273659519312947,0.3367080940680372,0.28472323841251346,"{""type"":""MultiPoint"",""coordinates"":[]}"
20190315,2019-03-15,294.35002224020326,-0.02675057770439189,9.452716306018523E-5,100058.42804962427,4.184765158858575E-7,2.2994891210103694E7,301.9370896504152,9.407390803138147E-5,0.5631448477703671,-0.05447283304429768,0.2788141001616408,"{""type"":""MultiPoint"",""coordinates"":[]}"
20190316,2019-03-16,293.8749441856919,-0.027816905993719724,9.185624141964808E-5,100088.5740527614,3.0621536965409735E-7,2.358295682962401E7,301.6365550069056,6.973112247394932E-5,0.5247179424122186,0.06571505834655358,0.27460056882249084,"{""type"":""MultiPoint"",""coordinates"":[]}"
20190317,2019-03-17,294.3401377827291,-0.027469476527076667,8.938135092240399E-5,100039.14930717945,3.2568682929560723E-7,2.3629049642787907E7,301.9472822179472,7.345429121705045E-5,0.49147108848141663,0.13363606818866697,0.2705644885426689,"{""type"":""MultiPoint"",""coordinates"":[]}"
20190318,2019-03-18,294.94819985142215,-0.026604702714340296,8.75742828592341E-5,100047.43054144928,9.051770283519859E-7,2.29329293051762E7,302.16223797372277,2.0331956665767123E-4,0.8264168508781636,0.17015714737956003,0.2686108689939249,"{""type"":""MultiPoint"",""coordinates"":[]}"
20190319,2019-03-19,295.0320720876664,-0.026224164568288133,8.590698102472322E-5,99876.27073214368,1.5140933935452236E-6,2.260240009484067E7,302.24774735523323,3.42366772643188E-4,0.7553674404631731,-0.012438155292447243,0.2671935744892593,"{""type"":""MultiPoint"",""coordinates"":[]}"
20190320,2019-03-20,296.1574519162339,-0.01746398272322611,1.0246548128609532E-4,99957.40742072457,1.995558079682745E-5,1.9047028521560445E7,300.93094780370876,0.0037885184276240835,0.45680549755479327,0.25100398976465504,0.2875779791940992,"{""type"":""MultiPoint"",""coordinates"":[]}"
20190321,2019-03-21,295.13040435278367,-0.024006106988471464,8.192874176855601E-5,100037.52993805596,1.307180587281572E-6,2.195866850748188E7,301.6963703088111,2.900654820592794E-4,0.6222269572035484,-0.015190342123483518,0.2921477321363839,"{""type"":""MultiPoint"",""coordinates"":[]}"
20190322,2019-03-22,295.5941438538508,-0.02523740358164368,7.92830172231642E-5,100038.68227928209,6.9310550779115E-7,2.4222439065632887E7,302.24035096354817,1.5476105405980744E-4,0.6245410626633034,-0.10036331570654311,0.28650428578463555,"{""type"":""MultiPoint"",""coordinates"":[]}"
20190323,2019-03-23,295.7349820027545,-0.021929083836022763,8.000939375134182E-5,100027.08194361882,3.3507031565575742E-6,2.1942788264334656E7,301.86130603171705,7.364135681741595E-4,0.77548969134443,-0.19944302223811777,0.2843758182637981,"{""type"":""MultiPoint"",""coordinates"":[]}"
20190324,2019-03-24,295.7481476432616,-0.023753429110455165,7.66537333927643E-5,99890.82287270433,1.871584233849048E-6,2.2650099348359182E7,302.11497891707296,3.8591216660671576E-4,0.5257291469397432,-0.1525981365194228,0.28236759166073266,"{""type"":""MultiPoint"",""coordinates"":[]}"
20190325,2019-03-25,294.987427157441,-0.02874212036714673,8.076654523449859E-5,99878.39592284274,7.884302188290012E-6,2.569231828489002E7,302.7442349911825,0.0016257931749355569,0.5964663723853794,0.24407053117010372,0.28042555732328117,"{""type"":""MultiPoint"",""coordinates"":[]}"
20190326,2019-03-26,294.70365098113405,-0.0279171821878591,8.172676735649978E-5,100063.8449290006,1.0654910608959509E-5,2.537820934799856E7,302.5899427065212,0.00201676554341115,0.6392150607901792,0.4025603577213401,0.28786226344346455,"{""type"":""MultiPoint"",""coordinates"":[]}"
20190327,2019-03-27,296.0833321459119,-0.023263266938142388,7.99022590774429E-5,100183.53044682166,1.0439359643078435E-5,2.3802225012261096E7,302.10474937302314,0.0021283689991324494,1.1103915709660508,-0.4639884417182281,0.30224815505759506,"{""type"":""MultiPoint"",""coordinates"":[]}"
20190328,2019-03-28,295.768053493415,-0.02550191959662426,7.360990387929978E-5,100047.63310356703,5.7286205723360495E-6,2.4720795652001448E7,302.65218895509673,0.0011965606322668543,0.9875954741367801,-0.26108204245151756,0.3055021012254969,"{""type"":""MultiPoint"",""coordinates"":[]}"
20190329,2019-03-29,296.5161909983127,-0.02017817172039471,7.284418409411503E-5,99967.42911158757,6.430444844655514E-6,2.094864869130906E7,301.92552058200084,0.001389538789684071,0.8880768764590771,-0.5286491266565408,0.30654476978326317,"{""type"":""MultiPoint"",""coordinates"":[]}"
20190330,2019-03-30,296.14488085767283,-0.021762487877212706,7.925957731507635E-5,99982.98125343952,1.4274533242900754E-5,2.210475587666787E7,301.82370720248997,0.0028457430601856273,0.6999491803533456,-0.12992582889771948,0.3120933040458862,"{""type"":""MultiPoint"",""coordinates"":[]}"
20190331,2019-03-31,295.79903335974814,-0.023314663993239705,6.978134256900111E-5,100017.5333941763,6.2114708568918316E-6,2.2891725526505593E7,302.10668975439404,0.0013478406840311337,0.7830279958206581,-0.1497396636946383,0.3176734482730463,"{""type"":""MultiPoint"",""coordinates"":[]}"
20190401,2019-04-01,295.9125070316257,-0.022540281876368168,6.693425620887582E-5,100012.84311492332,4.71418896092863E-6,2.3066983843130186E7,301.830238008459,0.0010040658157718795,0.8613813074467088,-0.33988612392284306,0.317195051463554,"{""type"":""MultiPoint"",""coordinates"":[]}"
20190402,2019-04-02,296.5727789143213,-0.021818128349632294,7.002264411708229E-5,99912.69078261875,9.13869461942742E-6,2.2825541485755503E7,302.2125672946713,0.0018514068820542676,0.7550896320051839,-0.4607613667485692,0.31578261772877525,"{""type"":""MultiPoint"",""coordinates"":[]}"
20190403,2019-04-03,296.4956432009621,-0.02101711831984218,7.551043602348105E-5,99924.09148614523,1.58885283630074E-5,2.0399246451857194E7,302.1267649610106,0.0030060703072881485,0.7357420248973257,0.5324744880163609,0.32311071846860295,"{""type"":""MultiPoint"",""coordinates"":[]}"
20190404,2019-04-04,295.7919096361489,-0.021981956540001377,8.861218930752407E-5,100083.92929254331,3.0203796641043367E-5,2.262085415578796E7,301.5148606264245,0.003929109537100309,0.4751860149377584,0.5737594733345407,0.33607742542514935,"{""type"":""MultiPoint"",""coordinates"":[]}"
20190405,2019-04-05,295.8517339850635,-0.022347629467932877,6.092400207787784E-5,100072.75153668606,3.7088119678449178E-6,2.299274172087992E7,301.9624790721738,7.668050603976337E-4,0.7453970644877843,-0.06580588625291033,0.3393317602161949,"{""type"":""MultiPoint"",""coordinates"":[]}"
20190406,2019-04-06,296.85236269431215,-0.02067206349536868,6.738322556255273E-5,100006.89298458585,1.1328195369161945E-5,2.2106059842769563E7,302.1573639264516,0.002324962850581517,1.25368048150546,-0.6476557198475298,0.3347965505980344,"{""type"":""MultiPoint"",""coordinates"":[]}"
20190407,2019-04-07,295.94571107258406,-0.023890117183999388,6.114822075851033E-5,99883.95068241986,6.223029601113961E-6,2.2425766055174906E7,302.35629235066,0.0011230424876873478,0.7546897394781235,-0.3444411823964203,0.3346994718489045,"{""type"":""MultiPoint"",""coordinates"":[]}"
20190408,2019-04-08,296.15487490824927,-0.021951952253948945,6.594718727788642E-5,99871.60667439795,1.2184477458565923E-5,2.2070447139920667E7,302.0320714044233,0.0022940259131218914,0.3212469460686492,0.3256501672015424,0.3305583287351535,"{""type"":""MultiPoint"",""coordinates"":[]}"
20190409,2019-04-09,297.0683486210296,-0.017802739891385158,1.878655756418344E-4,99905.86233509135,1.3514896441658097E-4,2.2925837762351245E7,301.44283284153954,0.0075336632888236025,0.12774056834603664,-0.050200371519277455,0.3626561988530673,"{""type"":""MultiPoint"",""coordinates"":[]}"
20190410,2019-04-10,296.962371446949,-0.019812120604968616,5.7907895280099994E-5,99922.38488113623,6.154077473505286E-6,2.2183323505589616E7,302.1752309396815,0.001175768617431563,0.7695372414454228,-0.2083884772521857,0.3735286751852712,"{""type"":""MultiPoint"",""coordinates"":[]}"
20190411,2019-04-11,297.3520549341297,-0.018207993134023312,6.17230358727349E-5,99869.9677094016,1.0935552727217458E-5,2.1598692274432026E7,302.01584671856,0.0019775786561573145,0.7239802269168106,-0.3731198169417301,0.3636121160638119,"{""type"":""MultiPoint"",""coordinates"":[]}"
20190412,2019-04-12,297.2922137120923,-0.020843844862135575,6.320267066687315E-5,99806.8278831778,1.3382760811230358E-5,2.212307293797332E7,302.5076171952038,0.0024862094112250315,0.7569451245540524,-0.44497873953922346,0.3576127804447674,"{""type"":""MultiPoint"",""coordinates"":[]}"
20190413,2019-04-13,297.41674395016804,-0.020956795303949678,5.77695557583638E-5,99830.14682357172,8.909725622712943E-6,2.2971786974395964E7,302.54175337846345,0.0017915628868244691,0.7558644149492306,-0.1713869029304302,0.3548373456098151,"{""type"":""MultiPoint"",""coordinates"":[]}"
20190414,2019-04-14,296.7910745194045,-0.021942812430860766,6.559947112644358E-5,99852.01231250561,1.7674295235058484E-5,2.222053064659214E7,302.2491476877706,0.0029037345865312826,0.49683189667221295,0.18514204221586297,0.354461252180655,"{""type"":""MultiPoint"",""coordinates"":[]}"
20190415,2019-04-15,297.0203566832646,-0.019786377609034032,5.3188249366703854E-5,99906.97602350653,6.133216922566044E-6,2.1259026912008654E7,301.99768355248403,0.0012355923862221697,0.6824973459813526,0.02024516031595645,0.35539167651563813,"{""type"":""MultiPoint"",""coordinates"":[]}"
20190416,2019-04-16,296.92339207309567,-0.02074646340797965,7.76643631392079E-5,99885.65666238901,3.147489847020901E-5,2.2032692260728456E7,302.3051186846001,0.004875289898300697,0.9725483922893032,-0.3274961984534435,0.35205826505415005,"{""type"":""MultiPoint"",""coordinates"":[]}"
20190417,2019-04-17,297.2658039177392,-0.015022061004820942,4.727236880879517E-4,99970.23903788347,4.27246034639732E-4,1.6406349693833392E7,300.6630809294202,0.012181701527969354,0.14728640489730713,-0.031042505734986243,0.41940538704660396,"{""type"":""MultiPoint"",""coordinates"":[]}"
20190418,2019-04-18,297.59883016725473,-0.015078053148406278,0.004034047683696218,99868.71004193621,0.0035555067203812698,1.9927594638658497E7,300.50360584866615,0.03998469141339096,-0.10778964363994158,0.08329831767159598,0.4409101275042684,"{""type"":""MultiPoint"",""coordinates"":[]}"
20190419,2019-04-19,297.4175610040756,-0.0123870335532748,0.0010308598218908215,99794.40430567924,8.55917847902389E-4,1.8818832549224667E7,300.15698571542754,0.010056479306914274,-0.26085019011324967,0.2905334498048588,0.45918613094050587,"{""type"":""MultiPoint"",""coordinates"":[]}"
20190420,2019-04-20,297.5813121953855,-0.009733817786289988,0.005294260587388757,99689.66277966854,0.0031813388274565444,1.5502014090876313E7,299.47780222250225,0.03423380500909013,-0.23335267167951737,0.14266261938085695,0.4701454322173885,"{""type"":""MultiPoint"",""coordinates"":[]}"
20190421,2019-04-21,297.4154754750558,-0.011989765178198596,5.551430612017952E-4,99640.62403394388,2.0359889118842518E-4,1.5871879451857198E7,300.25166278499324,0.006441194899598243,0.2372351684368549,-0.57254001565214,0.46244663761733656,"{""type"":""MultiPoint"",""coordinates"":[]}"
20190422,2019-04-22,297.68339505306244,-0.01488241236663621,0.0025658344818373854,99644.31182325004,0.0023691975483062944,2.26173765961053E7,301.0868062726551,0.01536712046725554,0.29157351037461193,-0.7675369244410538,0.46093726120884726,"{""type"":""MultiPoint"",""coordinates"":[]}"
20190423,2019-04-23,297.8246147693644,-0.010952577929912905,1.4027657327865206E-4,99770.00756527793,7.096562484864335E-5,1.7617862547782186E7,300.53278772148,0.003554797754948891,-0.09601851457700604,-0.35930753843273344,0.4630394212356166,"{""type"":""MultiPoint"",""coordinates"":[]}"
20190424,2019-04-24,297.94124004585507,-0.012612506774114093,3.5332581797447454E-4,99804.59003069263,2.2495641707944133E-4,1.8597276031013343E7,301.1667768538235,0.005559776560025572,-0.14202984240009517,-0.0575514780327253,0.4665413458826795,"{""type"":""MultiPoint"",""coordinates"":[]}"
20190425,2019-04-25,298.02066185285537,-0.011325509390524053,7.441065993241958E-5,99835.13338823634,3.1613197689489735E-5,1.864089541615579E7,300.64808035235035,0.002954006489539993,-0.20430552614094874,-0.21908718043041994,0.4667887813211821,"{""type"":""MultiPoint"",""coordinates"":[]}"
20190426,2019-04-26,298.14497593094325,-0.014173966746144549,5.945755156033141E-5,99741.22047304176,1.6757567522975455E-5,2.0737752760908764E7,301.698315117505,0.0016058656204662475,0.3421799326934613,-0.3990014259424587,0.4540457676803713,"{""type"":""MultiPoint"",""coordinates"":[]}"
20190427,2019-04-27,298.7000148661766,-0.01393080621103367,5.389102477697186E-5,99662.87146851569,1.1450948587961678E-5,2.1055088326721966E7,302.03089809154056,0.0011657130737576383,0.4042580005339897,-0.3159462580931332,0.4415120528228354,"{""type"":""MultiPoint"",""coordinates"":[]}"
20190428,2019-04-28,298.71687105822866,-0.011267840660761896,1.7669610477637353E-4,99721.79449352107,1.270246852875788E-4,1.8498762378290664E7,301.1391919981275,0.00801751103848585,0.5409988630762294,0.3641197736023396,0.45473477324265565,"{""type"":""MultiPoint"",""coordinates"":[]}"
20190429,2019-04-29,298.1574386168391,-0.009607234830691673,8.211299814646575E-4,99804.12407297586,5.932147730527441E-4,1.5750285584565457E7,299.96478621359853,0.014601727476716942,0.28017847909708415,-0.016925495438083367,0.4751490367004856,"{""type"":""MultiPoint"",""coordinates"":[]}"
20190430,2019-04-30,297.7081963151303,-0.008670795546341495,1.7766359477450693E-4,99769.73899304068,1.336934815405768E-4,1.4602024086188246E7,299.6094901484644,0.009223938530393922,0.18301766238858574,0.0814799450240265,0.47721056405677437,"{""type"":""MultiPoint"",""coordinates"":[]}"
20190501,2019-05-01,297.90360691026086,-0.006424202533016299,0.0012786316067743425,99716.15198072325,9.434322937060214E-4,1.0530193850703212E7,299.7263287728703,0.008901735835999642,0.21288697515231572,0.0998065668540099,0.46757050204812983,"{""type"":""MultiPoint"",""coordinates"":[]}"
20190502,2019-05-02,297.5271435508449,-0.01408449251149649,6.362929902608071E-5,99711.26825334891,1.879703566523352E-5,1.9636243480706822E7,301.0028010984069,0.0016863935719289359,0.7901239329797891,0.09387159983775614,0.4661446519877594,"{""type"":""MultiPoint"",""coordinates"":[]}"
20190503,2019-05-03,296.2255027505953,-0.016595776162281223,5.369900775824134E-5,99882.75664641232,8.874283643393063E-6,2.169540088063469E7,300.6958128560806,9.535603636510382E-4,0.7622016783387691,-0.38329610516208495,0.45098521758449933,"{""type"":""MultiPoint"",""coordinates"":[]}"
20190504,2019-05-04,295.95710521220644,-0.016307288645795222,4.985407290370982E-5,100019.05492650488,5.178650578479238E-6,2.1184274450775336E7,300.5984255649361,5.887569242644866E-4,0.5599192621501857,-0.9365912843659057,0.4353756972811717,"{""type"":""MultiPoint"",""coordinates"":[]}"
20190505,2019-05-05,296.32695199067894,-0.018048012148880417,4.7088671560284033E-5,100019.97750953907,2.6534572431768614E-6,2.2722445606202677E7,301.39746599441577,2.8433501344272234E-4,0.8037499295846962,-1.1289142640626608,0.4185745988073854,"{""type"":""MultiPoint"",""coordinates"":[]}"
20190506,2019-05-06,297.58286814134226,-0.014442245453445654,8.575991467796765E-5,99857.72950697856,4.16259880836286E-5,2.043499355283087E7,301.6518449474949,0.003804564946700388,0.8268034412591757,-0.42884942696836514,0.41638034678863955,"{""type"":""MultiPoint"",""coordinates"":[]}"
20190507,2019-05-07,297.6826897043494,-0.00747831117561953,3.483400173321383E-4,100000.44792277095,3.042857767527086E-4,1.4343943639379734E7,299.45925820161835,0.013509133013198404,0.5534349997064532,-0.29912222387527293,0.4671729485967697,"{""type"":""MultiPoint"",""coordinates"":[]}"
20190508,2019-05-08,296.9808138544592,-0.011590485937632773,1.5295652912448039E-4,99978.24647215479,1.0870520953791605E-4,1.5826898096646236E7,300.2455168411214,0.0037366340725085686,0.875056877920355,-0.6991421467181167,0.46566662018596305,"{""type"":""MultiPoint"",""coordinates"":[]}"
20190509,2019-05-09,296.97755005606416,-0.009540165705002478,2.3794958480118938E-4,99830.95782679803,1.5613948808780787E-4,1.383145550234403E7,300.1699588123115,0.0046225705647135115,1.1243212766724149,-1.2393327278219057,0.46492996931162034,"{""type"":""MultiPoint"",""coordinates"":[]}"
20190510,2019-05-10,297.2942223604489,-0.015648263955627847,6.07930916420957E-5,99783.64279828886,1.557879055874725E-5,2.1589250094121892E7,301.5663730741937,0.0010916679521113851,0.7906049509893347,-0.8414788926675182,0.4462005933011177,"{""type"":""MultiPoint"",""coordinates"":[]}"
20190511,2019-05-11,298.3444336841766,-0.011118792655706151,9.365335208949228E-5,99877.97185905851,4.911353140585783E-5,1.801051719870177E7,301.21216570733475,0.004314933911239977,0.4987747358837329,-0.6652653443725913,0.4501397458101812,"{""type"":""MultiPoint"",""coordinates"":[]}"
20190512,2019-05-12,298.14452749353893,-0.011222372024316371,1.0399274283525022E-4,99825.44568550489,5.928022344319605E-5,1.7353553826541655E7,300.87148726452205,0.005274483923060856,0.6620864751233205,-0.4497022056453488,0.46140337959048344,"{""type"":""MultiPoint"",""coordinates"":[]}"
20190513,2019-05-13,297.74748638871625,-0.01260240968441731,1.0000695089893226E-4,99825.21336481953,5.097462625396927E-5,2.000387477857916E7,300.91566256740833,0.0038455114272678507,0.6421512732612985,-0.4504222655643107,0.4630062766108952,"{""type"":""MultiPoint"",""coordinates"":[]}"
20190514,2019-05-14,297.7141944549594,-0.009646184891569801,1.3946429878376558E-4,99833.58098219955,9.34598519404013E-5,1.6040000801658856E7,300.53899235134446,0.005042906517676698,0.46533459180650094,-0.6819178931686452,0.46228591282933174,"{""type"":""MultiPoint"",""coordinates"":[]}"
20190515,2019-05-15,297.97071640055015,-0.009440826868058711,2.919162331055615E-4,99896.52770724629,1.6939600011393606E-4,1.636447085899748E7,300.26985719728714,0.007863787560306656,0.18174922350207004,-0.4429818109503619,0.46801575526464356,"{""type"":""MultiPoint"",""coordinates"":[]}"
20190516,2019-05-16,298.31421794815697,-0.009907349174337787,2.2492009381976238E-4,99945.36068858752,1.7424507333275391E-4,1.7814709936530836E7,300.6759700435818,0.006125721147230628,0.4911559155704112,-0.39876970900611125,0.4670704152524179,"{""type"":""MultiPoint"",""coordinates"":[]}"
20190517,2019-05-17,298.1738671638571,-0.011966066809120568,1.9662381776867468E-4,99903.88400482427,1.4828343792078606E-4,1.9452299515326366E7,300.97255452886657,0.005192938129415248,0.47432158546158854,-0.5229151639991089,0.4671796353222416,"{""type"":""MultiPoint"",""coordinates"":[]}"
20190518,2019-05-18,297.9865240917167,-0.01321630976124228,7.66822890258635E-5,99799.69549551011,2.854274437395709E-5,1.9622371736025963E7,301.24803118746445,0.002649810516290109,0.36102622878538587,-0.12683637021238206,0.4620462178696749,"{""type"":""MultiPoint"",""coordinates"":[]}"
20190519,2019-05-19,297.92985828989816,-0.012858065193820597,9.068015128578302E-5,99818.19076371905,4.196882495113199E-5,1.9508044426253155E7,301.06329340452703,0.0036748155329540213,0.1332267488850354,0.24158058298051116,0.4582294096581594,"{""type"":""MultiPoint"",""coordinates"":[]}"
20190520,2019-05-20,298.31717051375244,-0.011801098681263576,7.50251219154823E-5,99848.46383695972,2.5767329213767977E-5,1.867508072484674E7,301.1117547946936,0.0022420850537768306,0.30237946233463947,0.49316337388329,0.4551266311295175,"{""type"":""MultiPoint"",""coordinates"":[]}"
20190521,2019-05-21,297.8159622729348,-0.0135616476943443,8.001083926607718E-5,99866.91701613496,3.025190702552534E-5,2.0194533299675442E7,301.07159575058705,0.003039909277537435,0.25388283677392887,0.4175249011001559,0.45112247091028057,"{""type"":""MultiPoint"",""coordinates"":[]}"
20190522,2019-05-22,298.06885456801007,-0.01298430962357072,1.388504037219095E-4,99781.099014152,7.693064350364788E-5,2.0218169911287412E7,301.097507318606,0.005366048260341441,0.18077413364304473,0.12543172690999926,0.4539451417992903,"{""type"":""MultiPoint"",""coordinates"":[]}"
20190523,2019-05-23,297.71368237644566,-0.00961609614903515,5.349057769887163E-4,99840.03100424526,3.331088918750569E-4,1.7227392897944465E7,299.85525249234036,0.00968347876509975,-0.2775209071272511,0.6423761273450698,0.4715005149203921,"{""type"":""MultiPoint"",""coordinates"":[]}"
20190524,2019-05-24,297.4681686993358,-0.009419505999937756,0.0018721770641608568,99878.15014305072,0.0017167704251755723,1.595768612044717E7,299.55637495488224,0.013633602084857317,-0.1752491776853503,0.5000706830983667,0.47157170047753144,"{""type"":""MultiPoint"",""coordinates"":[]}"
20190525,2019-05-25,297.5147505986145,-0.009366577998303443,5.21836134014343E-4,99805.87599921868,4.501957332146456E-4,1.5772679630724853E7,299.85706326410974,0.007107849531369572,0.1743831980728533,0.6051241670008506,0.46174788449243065,"{""type"":""MultiPoint"",""coordinates"":[]}"
20190526,2019-05-26,298.03290335165366,-0.010164085793078183,2.487832771025106E-4,99703.46251186807,1.823914919439482E-4,1.7825082898665708E7,300.2177605707494,0.007673644444682996,0.4687500171957143,0.05621975070654395,0.47914808199717773,"{""type"":""MultiPoint"",""coordinates"":[]}"
20190527,2019-05-27,298.35135576486846,-0.011227742451442266,8.381374054035899E-4,99611.87480771617,7.546472927744193E-4,1.8475434355571587E7,300.7547635444011,0.00828021998780732,0.1598488637669927,-0.07950539210049318,0.4750786353825577,"{""type"":""MultiPoint"",""coordinates"":[]}"
20190528,2019-05-28,298.1406242640234,-0.013727609042630401,8.251552133838753E-5,99582.7651861397,1.5762354809155414E-5,1.8561368438514248E7,301.67994811480725,0.001305588332838451,0.7345548974362858,-0.7378927852574674,0.46898373068346255,"{""type"":""MultiPoint"",""coordinates"":[]}"
20190529,2019-05-29,298.24735905445175,-0.008266449438087612,0.004699565784577813,99585.31660493159,0.0031083259789298,1.5087363468445735E7,300.14222952843517,0.023857504864560685,0.15736812495715288,-0.45245368746642783,0.4661529395195967,"{""type"":""MultiPoint"",""coordinates"":[]}"
20190530,2019-05-30,297.8960953519986,-0.010879948455806766,6.671467257930276E-4,99572.83935452963,4.2281617681514983E-4,1.9099735791561488E7,300.16049719676477,0.01002323348155903,0.04632367994911697,0.10256462632241281,0.46999667381234367,"{""type"":""MultiPoint"",""coordinates"":[]}"
20190531,2019-05-31,297.48650909178053,-0.008217739363815913,0.00503403869424965,99709.40990128022,0.0040309737670563475,1.5311801662459437E7,299.32079029415695,0.018891612558288154,-0.24700343538640368,0.9701110702364015,0.472507495263374,"{""type"":""MultiPoint"",""coordinates"":[]}"
20190601,2019-06-01,297.63930680749223,-0.01248061642980387,1.625580383344459E-4,99726.29219339293,6.796174581584801E-5,1.9453361472773176E7,300.3440219747546,0.004411293107785488,0.19387714735861797,0.7993310280811445,0.477607128869199,"{""type"":""MultiPoint"",""coordinates"":[]}"
20190602,2019-06-02,297.3910080054186,-0.007926777482108011,4.924777028709382E-4,99784.24617439657,3.867435043699855E-4,1.4181607855751896E7,299.2169764266879,0.010080262071803181,-0.3152502550358296,0.9014018935385714,0.4857114321166098,"{""type"":""MultiPoint"",""coordinates"":[]}"
20190603,2019-06-03,297.5325453538478,-0.009267935821544039,7.212005939846473E-4,99753.76699235187,4.965105358332534E-4,1.5370295355210967E7,299.52532969049605,0.00844294083352233,0.31055365446769123,0.2509772360991193,0.47840897236496294,"{""type"":""MultiPoint"",""coordinates"":[]}"
20190604,2019-06-04,297.4393268564112,-0.008825801945671981,5.907464733503804E-4,99681.45873691812,3.01743274856207E-4,1.6225968692390917E7,299.1929416555613,0.009934210480119277,-0.10681768890355182,0.36565419400679783,0.4715318631661569,"{""type"":""MultiPoint"",""coordinates"":[]}"
20190605,2019-06-05,297.53354282152173,-0.007360091738555993,0.0046125763655783586,99635.35880847872,0.002570016925574811,1.314307927010458E7,299.0477723970997,0.019930211491976844,0.07618873938156845,0.2448916606482355,0.47161895991776026,"{""type"":""MultiPoint"",""coordinates"":[]}"
20190606,2019-06-06,297.8133622330103,-0.006687716722993527,8.619887343907762E-4,99634.9384179265,3.6259361747967994E-4,1.3634968351244144E7,299.4670361373155,0.010515950505061095,0.1455489359504974,0.7001756466786325,0.47349622831678206,"{""type"":""MultiPoint"",""coordinates"":[]}"
20190607,2019-06-07,297.4315788813804,-0.009694853095620539,0.0011141615151671182,99718.936769427,4.8618844021454296E-4,1.6678917666786872E7,299.4771261917942,0.00851353744908311,-0.2527320158855605,1.2271276080331803,0.47289744614551726,"{""type"":""MultiPoint"",""coordinates"":[]}"
20190608,2019-06-08,297.07634894477303,-0.009823586318871626,9.589355655237525E-4,99690.67455194812,7.183864669725864E-4,1.6414773448972238E7,299.38050635844866,0.009729512170188229,-0.4837758265689154,1.8510824447641698,0.47276110063881416,"{""type"":""MultiPoint"",""coordinates"":[]}"
20190609,2019-06-09,297.2376307095312,-0.006106885736475686,0.0034861177356501926,99703.49337377869,0.0016303328811327043,1.3061922814280566E7,298.4096622870567,0.022389325704803478,-0.5766886793545398,2.3561394397191298,0.4831051438427098,"{""type"":""MultiPoint"",""coordinates"":[]}"
20190610,2019-06-10,297.3559317826681,-0.004359507121164533,0.012043433518475076,99721.86411864735,0.0045052181124644215,1.0940030291381175E7,297.97162101686916,0.03911741961641944,0.8949685693432012,2.1504930241031426,0.4762863899053957,"{""type"":""MultiPoint"",""coordinates"":[]}"
20190611,2019-06-11,297.52301476101763,-0.004706896121455495,0.005351873463321326,99768.48675882677,0.0014944522605662826,1.1687779660295714E7,298.33470286376087,0.024975520685595554,1.1120469622606843,1.2477876468552525,0.47701797148315567,"{""type"":""MultiPoint"",""coordinates"":[]}"
20190612,2019-06-12,297.4742138040999,-0.004636181571500379,0.005029409196868597,99858.34991705268,0.0014225652033655906,1.1706761439596111E7,298.3624256063875,0.020367470338613487,0.7628037594505079,0.6979711603439119,0.4761829013964321,"{""type"":""MultiPoint"",""coordinates"":[]}"
20190613,2019-06-13,297.4831480192929,-0.007190043191982014,0.00429573431852876,99887.55641852428,0.0017061742809203145,1.4836705088351961E7,298.62117107821024,0.018864234456012628,0.6589371609793848,-0.05548313607216917,0.4786641244375875,"{""type"":""MultiPoint"",""coordinates"":[]}"
20190614,2019-06-14,297.44736125357724,-0.006807794942887648,0.0011247611845438118,99846.66699289184,1.527204507746251E-4,1.2815185023440318E7,298.93578152542494,0.006717345491352381,0.7285257789546703,-0.05819043842040085,0.47943214419255226,"{""type"":""MultiPoint"",""coordinates"":[]}"
20190615,2019-06-15,297.2663098273477,-0.009484476922029543,0.0011796043978199993,99903.25168665106,1.5638017972539664E-4,1.6379799045798775E7,299.1927128548891,0.006187411521615265,0.7245517053889575,-0.6158894865196732,0.48569717514986366,"{""type"":""MultiPoint"",""coordinates"":[]}"
20190616,2019-06-16,296.98430980485654,-0.013470818436064106,9.168359322363919E-4,99932.68263233073,4.611868549674331E-5,1.996951263829787E7,299.9943243777155,0.0029097638564795462,0.8264090286623561,-0.6199049730543936,0.47365389593605634,"{""type"":""MultiPoint"",""coordinates"":[]}"
20190617,2019-06-17,297.3082748641903,-0.011677406231204055,9.246733438611847E-4,99932.30036234592,7.735617563606728E-5,1.8690239303281642E7,299.86037841188846,0.004592022786247366,1.2081559218957971,-0.8584853145333636,0.4765733557690909,"{""type"":""MultiPoint"",""coordinates"":[]}"
20190618,2019-06-18,297.1909109448739,-0.009730373803100302,9.131201264491118E-4,99861.26520398291,8.664842261074685E-5,1.6544294148575552E7,299.18959432543005,0.004915871287888801,0.9785045135879564,-0.4637064615082951,0.480582679632063,"{""type"":""MultiPoint"",""coordinates"":[]}"
20190619,2019-06-19,297.170162338952,-0.008820298009945347,0.0028281952773368283,99781.25059921427,0.0014508063913337428,1.5527518879192214E7,298.81059847016763,0.013725633645136874,0.9136566616104891,-0.5079287074766906,0.47757155724135797,"{""type"":""MultiPoint"",""coordinates"":[]}"
20190620,2019-06-20,297.01280615767956,-0.005510047987624707,0.002820636390607967,99844.76226631292,8.860412102462666E-4,1.2450782424810676E7,298.1532560775653,0.0169016744909665,1.144386974288403,-0.6996219811323158,0.4808482221577486,"{""type"":""MultiPoint"",""coordinates"":[]}"
20190621,2019-06-21,297.0727922623226,-0.004772226576378661,0.005764011509939519,99790.89224033698,0.001548411084820637,1.1501551394157952E7,297.96179968050615,0.02575048664935025,1.7619956443338156,-0.2063353301412943,0.47934905473021516,"{""type"":""MultiPoint"",""coordinates"":[]}"
20190622,2019-06-22,296.98897451700424,-0.0022895485968784093,0.016944348795982292,99725.60980740393,0.003268007125894903,4453521.640100973,297.2825339588212,0.03922757683970032,1.7155683132042783,-0.28843141361589203,0.4794821997705684,"{""type"":""MultiPoint"",""coordinates"":[]}"
20190623,2019-06-23,297.2072530969546,-0.004412842874831342,0.00393506461667791,99626.55200368466,3.716898386847273E-4,1.0579372276235128E7,298.1232162906167,0.012758737917707862,1.0058219578134595,0.23077813711199635,0.4925337183975603,"{""type"":""MultiPoint"",""coordinates"":[]}"
20190624,2019-06-24,297.15435977990364,-0.00784128391426735,0.003259570951436858,99695.91907039094,1.7993911708514697E-4,1.497938024810674E7,298.95552025983113,0.007906593547179949,1.0444693998127463,-0.09116417428223125,0.4929881848485328,"{""type"":""MultiPoint"",""coordinates"":[]}"
20190625,2019-06-25,297.0223341899533,-0.009812475376575381,0.002831698874575199,99822.83149431084,7.68914345881589E-5,1.6140664172376487E7,298.98637745881666,0.004057917115997656,0.5966767947222985,-0.006751357742421453,0.4872257688008532,"{""type"":""MultiPoint"",""coordinates"":[]}"
20190626,2019-06-26,296.99137195151997,-0.00767951013619101,0.0027264586122208805,99856.86046038248,5.7977997371104065E-5,1.3353594584204832E7,298.9315251014398,0.003339542479687894,0.24840448762178566,-0.23375191999780026,0.484675957099336,"{""type"":""MultiPoint"",""coordinates"":[]}"
20190627,2019-06-27,296.9196549530342,-0.009392679076181007,0.002705422689177008,99822.86199049473,1.1623374851782571E-4,1.5637741159033537E7,298.95986079539176,0.006018584027881019,0.601115346083863,-0.5969198084548198,0.48945334164307297,"{""type"":""MultiPoint"",""coordinates"":[]}"
20190628,2019-06-28,296.30242458388904,-0.01607993746487363,0.002612985375015219,99835.9879776223,1.0465788918628276E-4,2.057186983772088E7,299.50109790119217,0.0053119719517426296,1.3678884298730636,-0.9672885985884017,0.485414578258626,"{""type"":""MultiPoint"",""coordinates"":[]}"
20190629,2019-06-29,296.8110622672425,-0.012585487932751339,0.0026020539573199304,99819.83832326366,1.6837640441457076E-4,1.8036475829065993E7,299.0859997115723,0.0082426562963786,1.4040178068986178,-1.15313861374099,0.4962939735730834,"{""type"":""MultiPoint"",""coordinates"":[]}"
20190630,2019-06-30,296.82396360434717,-0.008327871012937024,0.0024859882297388627,99806.9041847094,1.1289047176039182E-4,1.382698363216733E7,298.6796427147937,0.005588672159488762,0.9573250458867867,-1.2799168327763502,0.4967531781311806,"{""type"":""MultiPoint"",""coordinates"":[]}"
20190701,2019-07-01,297.4720781690615,-0.009111550919714276,0.0031347360785713364,99680.78027337887,2.2348119943442003E-4,1.7327189462675802E7,298.98174544374655,0.008854664489178387,0.9809691936641034,-0.4147843414666145,0.4950079223774049,"{""type"":""MultiPoint"",""coordinates"":[]}"
20190702,2019-07-02,296.71753871508247,-0.005210672683538275,0.003335767754397581,99799.12067238073,3.385059871357184E-4,1.0656582559682656E7,297.88274144799635,0.013083834823098715,1.9402344037970904,-0.2115358308410828,0.49087111017626367,"{""type"":""MultiPoint"",""coordinates"":[]}"
20190703,2019-07-03,296.97488349944814,-0.007477347576151763,0.0026191087447045044,99852.1242958396,2.2553218064478407E-4,1.3889749330688782E7,298.41040877158684,0.009190273105431843,1.2323274012869518,-0.2145643290998788,0.5009960650767197,"{""type"":""MultiPoint"",""coordinates"":[]}"
20190704,2019-07-04,296.936590536553,-0.006502036404252869,0.0034505880098243146,99855.27819529276,2.4313533129865754E-4,1.2091398804183194E7,298.37853631424156,0.009017284882980009,1.2513769025741852,0.051096411246579355,0.4920834548084449,"{""type"":""MultiPoint"",""coordinates"":[]}"
20190705,2019-07-05,296.8439314533045,-0.006861960686665344,0.003989218657965958,99788.88081693876,3.8832036212081304E-4,1.4527438877749732E7,298.0231734714997,0.013734712067188234,0.8717504660231177,0.19066296102106753,0.499819331393246,"{""type"":""MultiPoint"",""coordinates"":[]}"
20190706,2019-07-06,296.77031387029206,-0.007207298978459221,0.003642392685664419,99815.07602748602,2.534421307921109E-4,1.3652328911648033E7,298.26271725789996,0.008969385811246523,0.030755602119776883,-0.09911100205814542,0.4949851515832209,"{""type"":""MultiPoint"",""coordinates"":[]}"
20190707,2019-07-07,296.9806231654512,-0.009126514568521881,0.003531207929352239,99882.13598400971,1.4934064655840464E-4,1.5746430950595027E7,299.10628418590557,0.005978919934208451,0.30003839124351017,0.14921727165004817,0.4872349586491402,"{""type"":""MultiPoint"",""coordinates"":[]}"
20190708,2019-07-08,297.11567124221057,-0.010836599228767296,0.0042948652981766025,99925.61167735852,1.32858540944747E-4,1.826732022358457E7,299.30898863054966,0.005451263104197011,0.7770745185350396,-0.37680695463593933,0.47345970060722464,"{""type"":""MultiPoint"",""coordinates"":[]}"
20190709,2019-07-09,296.8875923262206,-0.004722634593029552,0.008990696619617095,99931.98834475767,0.002132819722995318,1.0311188615578795E7,297.88437896560686,0.022779441302186537,0.5465135188010439,0.2845364531755362,0.4750801103162945,"{""type"":""MultiPoint"",""coordinates"":[]}"
20190710,2019-07-10,296.26977566415155,-0.004319110062420691,0.0060790625749793355,99969.88580211479,3.93317170707147E-4,9055085.90479625,297.44357801575643,0.010217212108117402,-0.20086865265189724,-0.5589819175719298,0.47900145918521364,"{""type"":""MultiPoint"",""coordinates"":[]}"
20190711,2019-07-11,296.19077814145516,-0.013173968987616655,0.005481778191630264,99935.14208415037,1.1706181351475623E-5,1.874481767544176E7,299.5911666080491,7.617772499540998E-4,0.33859580919309545,-1.0599428716796655,0.468773235422385,"{""type"":""MultiPoint"",""coordinates"":[]}"
20190712,2019-07-12,296.5649290287749,-0.013859226055687788,0.005342365606270497,100007.94585237392,7.771180450292947E-5,2.0655427252073567E7,299.3238529836291,0.004287994237768917,0.4736967264194444,-0.7343163056820113,0.47141742522877883,"{""type"":""MultiPoint"",""coordinates"":[]}"
20190713,2019-07-13,296.47075593258023,-0.010769346131772889,0.005214705902060747,100045.59930721468,2.0348289534798865E-4,1.70703627028489E7,298.78016143791496,0.007604756183973341,0.37084120032678136,-0.4325282313758071,0.4827619692012229,"{""type"":""MultiPoint"",""coordinates"":[]}"
20190714,2019-07-14,296.72275664683417,-0.007750190900597728,0.006468060163440492,99999.93319174997,8.697547918616155E-4,1.5033015773530474E7,298.1069846177908,0.015303616864642738,0.645211613010595,-0.5505623936954063,0.48211837201783936,"{""type"":""MultiPoint"",""coordinates"":[]}"
20190715,2019-07-15,296.45725956277244,-0.007518677048323345,0.007795841197674343,99887.5846608315,0.0014954352213336468,1.378110347313379E7,297.8266382764231,0.016700450641301583,0.6245292437909129,-0.5292496239283521,0.47941830233035015,"{""type"":""MultiPoint"",""coordinates"":[]}"
20190716,2019-07-16,296.43724116712747,-0.006744600350176262,0.008249022808158353,99899.55360387836,0.0016710744183974023,1.132484322971511E7,297.8334234283297,0.01401834257276384,0.8301196803208628,-1.3331797170386837,0.4728004602532445,"{""type"":""MultiPoint"",""coordinates"":[]}"
20190717,2019-07-17,296.7616441657673,-0.0036542748167890525,0.010965240679297085,99764.57381862824,0.0014757078518473712,8862033.1085467,297.4133598977864,0.021198619957799317,1.6054519859124357,-1.3828309865679393,0.4808731235009372,"{""type"":""MultiPoint"",""coordinates"":[]}"
20190718,2019-07-18,296.63993254027736,-0.0025427824942871337,0.07612383450803628,99647.9528957385,0.014240061483398658,2845626.640100974,296.95672218110906,0.07409652863658384,2.7498394032627487,-1.3463383842824328,0.48305603815595316,"{""type"":""MultiPoint"",""coordinates"":[]}"
20190719,2019-07-19,296.2630204155921,-0.002999612421409945,0.06655843488756517,99685.82428554459,0.009921111550693947,3204227.331049406,296.5759046691902,0.07739502312872881,2.7811050261424013,-1.0135548961235654,0.4776620439560829,"{""type"":""MultiPoint"",""coordinates"":[]}"
20190720,2019-07-20,296.29265625503496,-0.0028196352776146696,0.04400599932212757,99697.42511893895,0.002014159626944418,6004590.480346196,296.91060735503277,0.03167210166576491,0.8460670775670192,0.0072502487768188306,0.4777589698926319,"{""type"":""MultiPoint"",""coordinates"":[]}"
20190721,2019-07-21,296.49009153891353,-0.001940785528701693,0.03949303768395174,99710.03800623013,0.004375775048782626,4523099.732419763,296.87103135729944,0.05239733199682192,1.3098742073438305,-0.3002305544974613,0.4710210569060498,"{""type"":""MultiPoint"",""coordinates"":[]}"
20190722,2019-07-22,295.9234852857896,-0.0016413539704479474,0.04324265092267399,99715.35763640417,0.0024799926483884773,3652947.1355932206,296.41847290449925,0.030509094521532682,-0.10617689794610798,-0.9478577383293355,0.4682209932226619,"{""type"":""MultiPoint"",""coordinates"":[]}"
20190723,2019-07-23,295.6257273849064,-0.0035998842269558367,0.01268431195553313,99774.92796175828,1.7389457093822455E-4,7956120.113595382,296.4911241298656,0.008264033538729454,-0.04629732946576317,-0.6555438970112288,0.487771856883696,"{""type"":""MultiPoint"",""coordinates"":[]}"
20190724,2019-07-24,296.150310523465,-0.007718430781650318,0.011096129241593256,99854.03604306828,6.673627442673919E-4,1.4601715796249554E7,297.66516805213877,0.011162537528828006,0.36682835031063005,-0.5318668079800383,0.47844395910924076,"{""type"":""MultiPoint"",""coordinates"":[]}"
20190725,2019-07-25,296.2805471568172,-0.008171729764975325,0.010097749184667958,99947.83886008547,0.0012689151952638982,1.3490883191849984E7,297.99718363890645,0.011939652867557559,0.8070013392700973,-0.4819514207763158,0.4715820655955734,"{""type"":""MultiPoint"",""coordinates"":[]}"
20190726,2019-07-26,295.83564426927904,-0.006909644777298489,0.007475120219305625,99913.30261868775,6.574157758434886E-5,1.1642033110349806E7,297.9584336526723,0.0033809640993936116,0.4205721183269696,-0.808754836012644,0.48048752290524177,"{""type"":""MultiPoint"",""coordinates"":[]}"
20190727,2019-07-27,295.93220846096125,-0.009486946276312823,0.006596288597093694,99886.4693666466,2.386596415217414E-5,1.403547532636134E7,298.57793517215333,0.001845558822259583,0.6038496765125714,-0.610606945625706,0.47316218150437267,"{""type"":""MultiPoint"",""coordinates"":[]}"
20190728,2019-07-28,295.8240601397118,-0.012810863136675574,0.005908871313380371,99885.0546954825,1.3981064196489286E-5,1.9412314420843855E7,298.92744230739714,0.001131115919882495,0.6144844249601993,-1.1712776262723765,0.4657412225315384,"{""type"":""MultiPoint"",""coordinates"":[]}"
20190729,2019-07-29,295.9700239105629,-0.011255719476966191,0.0053395493002390115,99926.02860556875,2.4973628777181722E-5,1.8332506501262177E7,298.72411140843593,0.0021272239140371924,0.8129765656951929,-0.965929586091485,0.4617771728062577,"{""type"":""MultiPoint"",""coordinates"":[]}"
20190730,2019-07-30,295.8427173943743,-0.014768531521143486,0.004827758496821337,99968.43118668016,1.1210240829390738E-5,1.942651057627119E7,299.2947615073097,0.00100043866110845,0.8735378392399868,-0.8609328903620572,0.4554018173557102,"{""type"":""MultiPoint"",""coordinates"":[]}"
20190731,2019-07-31,296.3986639982806,-0.010992664442116546,0.004415920518104926,100029.51962891799,2.109780074713508E-5,1.781050724738551E7,298.9251871674175,0.0019470031476424465,0.6545709228699046,-0.7136095884772273,0.4531322029408163,"{""type"":""MultiPoint"",""coordinates"":[]}"
20190801,2019-08-01,296.51240572704125,-0.012315743339167065,0.004093514735888712,100006.38496066752,5.6765060045639186E-5,1.97621252116841E7,299.0235842966033,0.004466852243211482,0.713388177491335,-0.20796577195906846,0.459631603918249,"{""type"":""MultiPoint"",""coordinates"":[]}"
20190802,2019-08-02,296.6373148559449,-0.008869067463168073,0.0038546361875499663,100008.89826857664,1.1910053203134305E-4,1.4054295295348E7,298.3745810754857,0.007442770764533009,0.39933118282537766,0.126503503398549,0.481664421667573,"{""type"":""MultiPoint"",""coordinates"":[]}"
20190803,2019-08-03,296.44285025758836,-0.008223677276382799,0.0035679901426465257,100017.37172448332,9.142384980931166E-5,1.3481569931121534E7,298.31517458128263,0.005745972112073736,0.3507145128365908,0.20273442164624111,0.48723601515382825,"{""type"":""MultiPoint"",""coordinates"":[]}"
20190804,2019-08-04,296.5057828827308,-0.005250037518480045,0.003429982799121803,99968.59477985727,1.7193178224769948E-4,1.0482305912729897E7,297.61293697552065,0.00979384165720694,0.3853185307250199,0.26030074190184943,0.49802916742657977,"{""type"":""MultiPoint"",""coordinates"":[]}"
20190805,2019-08-05,296.48157486455324,-0.005406714748796728,0.006022084849623623,99895.21953046352,9.717292817671555E-4,1.136506068986657E7,297.51322808846334,0.014732091707027065,0.43155985420778237,0.2762015169379601,0.47004538858319483,"{""type"":""MultiPoint"",""coordinates"":[]}"
20190806,2019-08-06,296.6517692505847,-0.003475161474177951,0.010951087096409809,99874.60116818901,0.004508267748218299,1.0339655860800577E7,297.54810051815434,0.03662660480985734,0.7127222498386921,0.38543855536369515,0.4762518942707189,"{""type"":""MultiPoint"",""coordinates"":[]}"
20190807,2019-08-07,296.80140864847664,-0.003348387435234457,0.010377782827200891,99827.09250901788,0.002696808622367452,8495228.67508114,297.2640708871065,0.040438637662799676,1.7847904414422153,0.5950035113442301,0.47548296818697117,"{""type"":""MultiPoint"",""coordinates"":[]}"
20190808,2019-08-08,296.7425550398223,-0.002620787269429442,0.05868768703032607,99799.46767312827,0.008177233524714573,5892789.309772811,297.0188542095596,0.06596637227734221,2.039140426391792,0.6974071814099935,0.47833481871289324,"{""type"":""MultiPoint"",""coordinates"":[]}"
20190809,2019-08-09,296.59554212748793,-0.002481296548355886,0.03539481645687109,99916.03250360151,0.0022589854635446036,6935692.927154707,296.88460295285466,0.03662685694898164,0.9102292315921815,0.07908684984682443,0.4754148599748673,"{""type"":""MultiPoint"",""coordinates"":[]}"
20190810,2019-08-10,296.161701899163,-0.0014972241680694324,0.03243180967832446,99944.65227096854,0.002074901257724569,4361278.589253517,296.32241525454,0.037762858511959575,-0.319872852815632,-0.7475369773614379,0.4719884626881724,"{""type"":""MultiPoint"",""coordinates"":[]}"
20190811,2019-08-11,296.45029923904116,-0.002798927411184473,0.019455461670485726,99880.25339067572,3.2353485550555447E-4,6416143.043635051,297.2050228637062,0.011666678967990157,0.7411510801355433,-0.8744334264334068,0.4850043778179329,"{""type"":""MultiPoint"",""coordinates"":[]}"
20190812,2019-08-12,296.4500073261997,-0.0027745475866951066,0.052764496096002464,99862.72096942288,0.032800906697497065,7264315.968265418,296.9634055052687,0.077255322716741,0.9809944867256644,-0.8180839913813367,0.48941772748449847,"{""type"":""MultiPoint"",""coordinates"":[]}"
20190813,2019-08-13,296.3831425405549,-0.0022001404837821733,0.07933402365880284,99940.9054168287,0.010456154834286987,4260983.250270465,296.64925319957314,0.07110202978846918,2.0123200471591227,-0.8419282330617208,0.4770712590529979,"{""type"":""MultiPoint"",""coordinates"":[]}"
20190814,2019-08-14,296.4103928068564,-0.003037780449412336,0.021271634708553977,100065.44493444741,0.001492942503716943,7039690.4186801305,296.9283794692423,0.027963391332217088,1.9046928878729843,-0.8659004078904142,0.47310051560932126,"{""type"":""MultiPoint"",""coordinates"":[]}"
20190815,2019-08-15,296.44322461723095,-0.005900732096817962,0.014601695262973075,100017.41514717815,5.978691692907716E-4,1.2113729591056619E7,297.79998419723023,0.009870848187547365,0.8219481350238085,-1.0777558459730041,0.4773176442919078,"{""type"":""MultiPoint"",""coordinates"":[]}"
20190816,2019-08-16,296.43955662027264,-0.006221898178191465,0.013486990599674396,99926.06859761682,0.001531672513188329,1.3670592962856114E7,297.7230348604232,0.014710315836274846,0.5532631173072519,-1.329751712282284,0.4752091325121812,"{""type"":""MultiPoint"",""coordinates"":[]}"
20190817,2019-08-17,296.2610264565026,-0.007583111261272534,0.011645647581952854,99834.37519216648,6.007078001957442E-4,1.2086094723764878E7,298.3528447048583,0.011102491204505616,0.7126687067405353,-0.8191410518205573,0.4756664714499125,"{""type"":""MultiPoint"",""coordinates"":[]}"
20190818,2019-08-18,296.4293523238877,-0.00533566832692882,0.008838228271448608,99925.23923580197,6.348142394338582E-5,1.0097008501983413E7,298.0391087890288,0.0035436769985696965,0.47208590873776046,-0.7863955162425271,0.46390241464036414,"{""type"":""MultiPoint"",""coordinates"":[]}"
20190819,2019-08-19,296.9007444320956,-0.004499879062143509,0.011890615610989516,99978.46473105618,0.0035667522124250227,1.1782353776054813E7,297.7392030251199,0.01713032111272974,0.35419558137494056,-0.003209125696143951,0.48159678725471783,"{""type"":""MultiPoint"",""coordinates"":[]}"
20190820,2019-08-20,296.6457631493692,-0.0049365702741119444,0.009773130870192137,99954.56509706461,9.807296476121675E-4,1.0726062202307971E7,297.7895262021545,0.017181051746067964,0.39747066844009793,-0.022517701728023833,0.47747784163003537,"{""type"":""MultiPoint"",""coordinates"":[]}"
20190821,2019-08-21,296.6223356515431,-0.002280631181547197,0.014675102703437195,99983.28799730851,0.002547521658679703,6244615.93148215,297.06295052014923,0.0332726986419401,0.3104590826244333,-0.2051925288182151,0.4767058361377664,"{""type"":""MultiPoint"",""coordinates"":[]}"
20190822,2019-08-22,296.14588402675776,-0.0012643486194197039,0.05504637907718949,100004.64630306707,0.002793388926849613,2938158.2578434907,296.4286075236205,0.03575745667742342,0.1078362731438357,-0.29820740694380077,0.47710185939982774,"{""type"":""MultiPoint"",""coordinates"":[]}"
20190823,2019-08-23,295.9042962566421,-0.004717248220908871,0.01786639788038585,100041.67151244283,2.274966271096431E-4,9617886.093400652,296.9221762620367,0.010474955467236306,0.15208702073645777,-0.23366180804933925,0.4866170165544234,"{""type"":""MultiPoint"",""coordinates"":[]}"
20190824,2019-08-24,296.148730028448,-0.005199698662117335,0.010184069698440702,100011.59334066315,1.0181901915340791E-4,1.0201717179588893E7,297.4028012367063,0.005545857429749739,0.4426703094819916,-0.3167098068047465,0.4938196343202863,"{""type"":""MultiPoint"",""coordinates"":[]}"
20190825,2019-08-25,296.212253858069,-0.001594309497247136,0.012670987297428502,99980.82210075158,0.0010922545727693003,4079642.1265777154,296.51901018661096,0.026769490518213392,0.8697087684206728,0.7168487360277119,0.4773789537771203,"{""type"":""MultiPoint"",""coordinates"":[]}"
20190826,2019-08-26,296.18886847323506,-0.0021882964505686737,0.03163216096741003,99979.51225169796,0.0053262459916884495,5005385.157951677,296.51117379557326,0.05360133758175988,1.6402371316334996,0.7401716553515751,0.4758836501119572,"{""type"":""MultiPoint"",""coordinates"":[]}"
20190827,2019-08-27,296.45466762248805,-0.0027784889398006344,0.027170174084456006,99924.50392726272,0.0015101657768599275,7614483.825820413,297.02258020261826,0.02718067348545962,1.1472466010459268,0.4118569341183339,0.4771610250380166,"{""type"":""MultiPoint"",""coordinates"":[]}"
20190828,2019-08-28,296.50930971021137,-0.004101118140709861,0.027036852457550862,99934.87967262676,0.001863220012708128,1.0432366910926795E7,297.2576353013738,0.025354627433076316,1.0638701159989323,-0.023050479582832305,0.47764342386342257,"{""type"":""MultiPoint"",""coordinates"":[]}"
20190829,2019-08-29,296.43997877758125,-0.006586865893757564,0.020761801873653153,99923.01409694206,0.0019600897479306652,1.4665138600432746E7,297.6248558558931,0.02569109231622608,1.4494710333689231,-0.3146349608805019,0.4759736968456718,"{""type"":""MultiPoint"",""coordinates"":[]}"
20190830,2019-08-30,296.42621906228703,-0.0037330447206138664,0.023584472764454037,99760.54217948232,4.6430039295125363E-4,8814752.302199785,297.6009461870273,0.013780254285988065,0.536546045003681,-0.4110261422536855,0.47325807443704304,"{""type"":""MultiPoint"",""coordinates"":[]}"
20190831,2019-08-31,296.42121242298964,-0.004716836449378156,0.011661548297778393,99703.96617300899,2.3273163126815845E-4,1.0688849469888207E7,297.5240668046789,0.010422119962725691,0.7759512685671895,0.208562593474986,0.49531146617072735,"{""type"":""MultiPoint"",""coordinates"":[]}"
20190901,2019-09-01,296.3089124209779,-0.0030725020330884256,0.012340703287947452,99879.57692533893,0.0012052934408574771,8568737.976920307,296.98340466945615,0.021127592526835482,0.8915927167952755,0.8379752960095027,0.48065139989695843,"{""type"":""MultiPoint"",""coordinates"":[]}"
20190902,2019-09-02,296.4180286915089,-0.004738893726651866,0.014441459315093127,99966.03551904201,7.402318110974998E-4,1.1963925877389112E7,297.35966239862245,0.017407623727031973,0.9144635079557298,0.14982325538647173,0.4758299490425043,"{""type"":""MultiPoint"",""coordinates"":[]}"
20190903,2019-09-03,296.425818182726,-0.0036857220247855406,0.009021478528113216,99909.15113528474,3.698580732768596E-4,9441085.95780743,297.1969087841219,0.012889377377844015,0.678460722431596,0.13576435071227788,0.49433698675956045,"{""type"":""MultiPoint"",""coordinates"":[]}"
20190904,2019-09-04,296.32786718580155,-0.004529446503164277,0.017346384846751463,99860.23772288731,0.0013003381223743934,1.13099905694194E7,297.2920087036397,0.026530276683315077,1.5999436894923624,0.20566840436341366,0.47130365998774487,"{""type"":""MultiPoint"",""coordinates"":[]}"
20190905,2019-09-05,296.50861926788986,-0.006121147293671349,0.012196204825574812,99853.96071663182,4.570311908682374E-4,1.3349896442481067E7,297.6525631028883,0.014552720357482335,1.115997866550193,-0.4781452676885646,0.48059007287211747,"{""type"":""MultiPoint"",""coordinates"":[]}"
20190906,2019-09-06,296.6605192838573,-0.007984386670365903,0.009344457808896776,99865.31176484888,2.5630889818464603E-4,1.5824084136314463E7,298.1730089849084,0.011045081606744323,1.449984817697475,-0.5509758021399042,0.4861375123409285,"{""type"":""MultiPoint"",""coordinates"":[]}"
20190907,2019-09-07,296.3880481985931,-0.008008825884553613,0.008369926772971385,99951.79263542275,1.2925302417021215E-4,1.5926160289578075E7,298.2125742545794,0.006503913972057937,0.5487440372691272,-0.7154262724053417,0.49472544207311003,"{""type"":""MultiPoint"",""coordinates"":[]}"
20190908,2019-09-08,296.3248676328021,-0.009986888571601031,0.008030615233790348,100025.91833529844,2.7320455266730345E-4,1.7211388619545624E7,298.4882426557095,0.007452439522420131,0.25970714260486044,-0.6740165551790095,0.4846919712388096,"{""type"":""MultiPoint"",""coordinates"":[]}"
20190909,2019-09-09,296.2578282398105,-0.010509994701813843,0.006852737234638693,99926.70015135019,5.552564938060651E-5,1.8545859592859723E7,298.63610278529785,0.0035259522769023844,0.5192052089389892,-1.0715252910329252,0.4784045299094863,"{""type"":""MultiPoint"",""coordinates"":[]}"
20190910,2019-09-10,296.42232210416324,-0.007997611450925443,0.006223042965408187,99904.94101141072,7.946859390951435E-5,1.5040099461233325E7,298.3939156970779,0.004781187705360176,0.5220502155706107,-0.6649441139559604,0.48259916900513716,"{""type"":""MultiPoint"",""coordinates"":[]}"
20190911,2019-09-11,296.66803711465764,-0.0072141551623222345,0.006516884272166465,100051.70510565281,4.2870294690948945E-4,1.3207968988460155E7,298.06732034322124,0.011388307628737347,0.19040987047098454,-0.3968317039111212,0.4909601032712424,"{""type"":""MultiPoint"",""coordinates"":[]}"
20190912,2019-09-12,296.5691114671673,-0.00419366385772948,0.006540992959199982,100153.15904850484,3.8290940550230845E-4,1.0585778490804184E7,297.7685078697604,0.009116520018110709,0.4021239408522161,-0.4173434734745717,0.4689996438267741,"{""type"":""MultiPoint"",""coordinates"":[]}"
20190913,2019-09-13,296.71514099167865,-0.006630204514534173,0.005328120757129449,100109.30882811797,3.750309149280937E-4,1.4035412028128382E7,298.3255584247698,0.006810850779846003,0.4482850855338859,-0.7621115716493305,0.47808007372014577,"{""type"":""MultiPoint"",""coordinates"":[]}"
20190914,2019-09-14,296.95707257565783,-0.007353391479519444,0.004723339958544291,100055.31197497583,4.596065150844548E-5,1.398595894410386E7,298.73222963929487,0.002984785304322292,0.610052149117258,-0.39126716571181486,0.4800060940327619,"{""type"":""MultiPoint"",""coordinates"":[]}"
20190915,2019-09-15,296.6810741649252,-0.007038921401243198,0.0050460630876683525,100028.35510425588,4.1524810650010784E-4,1.306431483844212E7,298.28260220012805,0.010422713826203923,0.6892353603080112,-0.30491493303968664,0.4834149701475796,"{""type"":""MultiPoint"",""coordinates"":[]}"
20190916,2019-09-16,296.78555562963624,-0.003464370154534872,0.005856896278082658,99900.82458130724,4.067728547812626E-4,9312218.534078617,297.73301001428524,0.009450556172324655,0.3419438435604601,-0.7942216428143859,0.4697347822807231,"{""type"":""MultiPoint"",""coordinates"":[]}"
20190917,2019-09-17,296.93778784227203,-0.006024348790351983,0.004271883526907645,99791.46707174231,1.852577165967499E-4,1.3507476752614496E7,298.2603367059073,0.008914857680179696,0.9789258356004945,-0.33613853073991373,0.4810537018875102,"{""type"":""MultiPoint"",""coordinates"":[]}"
20190918,2019-09-18,296.9199185305483,-0.003895076060935646,0.005165637898995393,99841.42692732283,5.272457525913267E-4,1.0489485471330691E7,297.7803177478752,0.012351607266654917,0.4283221056719557,0.49910859031908833,0.4873298536571893,"{""type"":""MultiPoint"",""coordinates"":[]}"
20190919,2019-09-19,296.646785845678,-0.003852841073195082,0.005286549499780315,99891.95613997092,3.071349077907401E-4,9689629.139199423,297.8038139414338,0.010115401635972165,0.020578256234023286,0.37741127845572947,0.47851637977722083,"{""type"":""MultiPoint"",""coordinates"":[]}"
20190920,2019-09-20,296.7679761207252,-0.009102629848950357,0.0037982165034265254,99827.20698987026,1.941223652664609E-5,1.6869450602235846E7,298.8824095427382,0.001253593725570905,0.0758734977163651,-0.007548801643026758,0.4793978930809334,"{""type"":""MultiPoint"",""coordinates"":[]}"
20190921,2019-09-21,296.2985174115109,-0.014135793370006321,0.0036733249948637777,99741.30585235512,1.695308548166913E-5,2.2134659272989552E7,299.37385866885325,0.0012346912797418176,0.3204436127361963,-0.15718178400011473,0.46674591435422014,"{""type"":""MultiPoint"",""coordinates"":[]}"
20190922,2019-09-22,296.64620320030895,-0.010902761847447113,0.004343400169613987,99830.02226166897,6.906898296614482E-4,1.9905579561125133E7,298.8187309888311,0.012423478872970345,0.15490407837112155,0.29331572530991556,0.47691336192825645,"{""type"":""MultiPoint"",""coordinates"":[]}"
20190923,2019-09-23,296.70923276709345,-0.004549799440646921,0.010177123970582173,99849.77321334493,0.0034078713351967447,1.0119108971970635E7,297.96560065421596,0.025602604539025173,-0.1600846257228693,0.07968774547168794,0.4907400616374007,"{""type"":""MultiPoint"",""coordinates"":[]}"
20190924,2019-09-24,296.22279688824483,-0.0031932858428476182,0.0062230593980626865,99794.66245361946,4.92062219484077E-4,7456900.585544967,297.37138867988693,0.01397104156852948,-0.44483750576382014,0.5495300341116749,0.48034223791985203,"{""type"":""MultiPoint"",""coordinates"":[]}"
20190925,2019-09-25,296.1009523761088,-0.004869171783322684,0.004017714106065033,99942.89908196787,1.3203495220720144E-4,1.0086346536566349E7,297.6254716841758,0.006248973925712947,-0.6017564981513077,1.4035689364632873,0.48834724497345144,"{""type"":""MultiPoint"",""coordinates"":[]}"
20190926,2019-09-26,295.8564973137158,-0.005960006113683021,0.004218885166590023,100212.90292735148,7.015667396291602E-5,1.1528592657287981E7,297.5673842259878,0.0036812403810493823,-0.8136717609121675,0.9179629002615931,0.48579187848301714,"{""type"":""MultiPoint"",""coordinates"":[]}"
20190927,2019-09-27,295.84147176250764,-0.013570437130571659,0.0040137275940581784,100268.68665726141,1.2365486533298763E-5,1.8732658194128312E7,298.91451292247757,8.435763216707445E-4,-0.15403204884777305,0.188148471881799,0.4667953010189489,"{""type"":""MultiPoint"",""coordinates"":[]}"
20190928,2019-09-28,296.29615182162394,-0.010102500273213678,0.0053260338906127545,100148.12050633336,0.001226823171080126,1.8121892586073175E7,298.4675684425749,0.01162123790560971,-0.36642365851702074,-0.14392494928924235,0.47506676999576,"{""type"":""MultiPoint"",""coordinates"":[]}"
20190929,2019-09-29,296.38638514993227,-0.012167817616436916,0.005762441957680447,100105.75289294463,9.401816615463379E-4,1.8775217924043164E7,299.12526999220336,0.012730177831787348,-0.12704879461766042,0.5556686826445246,0.47372540798249146,"{""type"":""MultiPoint"",""coordinates"":[]}"
20190930,2019-09-30,296.54359893395315,-0.008078525339250225,0.003839762311118458,100119.5200819237,6.484232501694756E-5,1.398189701502698E7,298.5913557643458,0.003099755041121234,-0.09124064912645845,0.7572037141646084,0.4650160518599928,"{""type"":""MultiPoint"",""coordinates"":[]}"
20191001,2019-10-01,296.1991152402831,-0.011110109360025456,0.00376016103077829,100109.74527184808,7.168884703797467E-5,1.895730652413168E7,298.8673176410637,0.003572321990755194,-0.3367722058814941,0.31813524429694096,0.47038130869672246,"{""type"":""MultiPoint"",""coordinates"":[]}"
20191002,2019-10-02,296.8645008409063,-0.011376621715490717,0.004785460860257196,100044.55335037589,9.922770238550314E-4,1.9197548785259657E7,299.2608980561037,0.014141882671428494,0.13046573621032473,-0.28533509892760484,0.47774729870276805,"{""type"":""MultiPoint"",""coordinates"":[]}"
20191003,2019-10-03,296.8440747300598,-0.008429824467647649,0.006676100342229862,100056.0374863124,0.0014096823300302486,1.6393460235099483E7,298.53641674767636,0.013958051766290943,0.030122857380979466,0.09402325113514093,0.4707584885511136,"{""type"":""MultiPoint"",""coordinates"":[]}"
20191004,2019-10-04,296.5450540045762,-0.010638026603229891,0.003913476480136828,100007.64447877693,1.6751313925305304E-4,1.8692674973423537E7,298.87897117345125,0.0071934633228351525,0.04580422539108574,0.07814879573040649,0.4768079568996125,"{""type"":""MultiPoint"",""coordinates"":[]}"
20191005,2019-10-05,296.525323562402,-0.009403959922882095,0.006601887932762614,99946.5622753167,0.0013876725518871121,1.6576987786882484E7,298.42519446183957,0.01571746812891446,-0.38216106076841827,0.4115626545590927,0.47583617583993737,"{""type"":""MultiPoint"",""coordinates"":[]}"
20191006,2019-10-06,296.29256520235197,-0.00877025997111009,0.004873856520592586,99967.9895073237,2.833138002714783E-4,1.5940515159311252E7,298.4376338734509,0.00815819937133118,-0.34005947115329876,0.3321338446757329,0.47600497585002705,"{""type"":""MultiPoint"",""coordinates"":[]}"
20191007,2019-10-07,296.31812538993466,-0.007324188817366341,0.005490518106887197,100031.30246954446,4.818756368415604E-4,1.6513108796956668E7,298.1231581812538,0.008051274181100122,-0.08150258404171974,0.21162296777333844,0.47397657064939297,"{""type"":""MultiPoint"",""coordinates"":[]}"
20191008,2019-10-08,296.21476982058005,-0.01128684082348941,0.004547945628452507,99956.41505091882,9.603568934121806E-5,1.9294993964615215E7,298.7035346337846,0.003952624801151294,-0.1316123521733505,-0.07026468284543655,0.4659473938729302,"{""type"":""MultiPoint"",""coordinates"":[]}"
20191009,2019-10-09,296.5880857977333,-0.009301468228878979,0.00447021777551182,99911.26974583782,1.5549520766137528E-4,1.705844993183591E7,298.81962895820413,0.005372274410732088,0.07263789891709445,0.08384754491806719,0.47267689620636016,"{""type"":""MultiPoint"",""coordinates"":[]}"
20191010,2019-10-10,296.36740733345107,-0.010276237293793069,0.005205264299559842,99941.11063664265,8.229140851887136E-4,1.823295542168269E7,298.58622895039144,0.009121957625948321,-0.3630140171355963,0.32861869351510486,0.46411326138184245,"{""type"":""MultiPoint"",""coordinates"":[]}"
20191011,2019-10-11,296.68601567832053,-0.008827637033345593,0.0063269964079757145,99897.82720114535,0.0016896954854816637,1.7367878421204474E7,298.52581475821097,0.0141813029585715,-0.30595999455305806,0.3115962111816654,0.47292271524771645,"{""type"":""MultiPoint"",""coordinates"":[]}"
20191012,2019-10-12,296.55546871207775,-0.009638777230401097,0.005218905356121201,99923.87379693467,5.667205138237434E-4,1.791302330436351E7,298.4400370018115,0.009540504982266239,-0.3093915843722884,0.050475400605300896,0.4785175911579758,"{""type"":""MultiPoint"",""coordinates"":[]}"
20191013,2019-10-13,296.3935807619348,-0.009484948186701573,0.0063481808536284,100007.01381303578,0.0012028943888340623,1.851103088532276E7,298.35128476536903,0.012217978949144719,-0.34285715606754574,0.0780869971990786,0.4758107071528142,"{""type"":""MultiPoint"",""coordinates"":[]}"
20191014,2019-10-14,296.82571116214854,-0.011587899072136728,0.00942995464257974,99893.60844269332,0.0025934549703457883,2.006780611575911E7,299.2937613080394,0.02108523680486135,-0.3444465949481204,0.3647377180757969,0.4738332361165598,"{""type"":""MultiPoint"",""coordinates"":[]}"
20191015,2019-10-15,296.65319856294497,-0.006508464035986135,0.0054779120442500166,99904.50563921114,9.039751956964116E-5,1.3857916893617023E7,298.3306936203739,0.004653920589476024,-0.07822999175830966,0.06505123259772161,0.46999631625612354,"{""type"":""MultiPoint"",""coordinates"":[]}"
20191016,2019-10-16,296.8537266485135,-0.006181275155670671,0.013064212664515804,99872.70491196029,0.0030663672242188683,1.2571938007573023E7,298.14123123834764,0.025888006075851684,-0.4062191011355694,0.2711314403289986,0.47275212310027986,"{""type"":""MultiPoint"",""coordinates"":[]}"
20191017,2019-10-17,296.65788294767765,-0.004978546967445796,0.010979388853594842,99905.53923564941,3.241258883278507E-4,1.0599254005048681E7,297.7557421903339,0.011962174148815842,-0.6035417675298487,0.4473105096261022,0.483569324038066,"{""type"":""MultiPoint"",""coordinates"":[]}"
20191018,2019-10-18,296.4555746783058,-0.008776477769452487,0.014889576134808952,99926.90751434265,0.0019080950960844725,1.5488038092318786E7,298.38088586098553,0.02240031030560904,-0.20852001940835801,0.4057918759489421,0.4851159992119429,"{""type"":""MultiPoint"",""coordinates"":[]}"
20191019,2019-10-19,296.8144283922894,-0.01079241071115364,0.013359325094597887,99924.24157325993,0.0012552645117893488,1.779619991777858E7,298.7498318268311,0.016319834691622882,-0.3140437908793946,-0.009467648491146959,0.47016745786395187,"{""type"":""MultiPoint"",""coordinates"":[]}"
20191020,2019-10-20,296.9652550565836,-0.005107990825085962,0.08036323192368507,99953.97912288045,0.025600495673326482,1.0954137296790479E7,297.8770104091978,0.09028971003699132,0.30410671062173716,-0.26545694020809296,0.4820678919349559,"{""type"":""MultiPoint"",""coordinates"":[]}"
20191021,2019-10-21,296.45785120195865,-0.0013828979347679019,0.04941003773129035,99939.57932665669,0.004848656789666689,3879410.4038946987,296.81110743052517,0.04441505158974985,-0.1797546086825492,0.15190523903678568,0.4791061238810369,"{""type"":""MultiPoint"",""coordinates"":[]}"
20191022,2019-10-22,296.5402356294618,-0.0020170594799660455,0.016545470458718358,99882.44484605319,0.0011347146255420602,6080821.764154346,297.1884751010937,0.018896183320338735,-0.6423889418779795,-0.38682227371718864,0.47448754794953873,"{""type"":""MultiPoint"",""coordinates"":[]}"
20191023,2019-10-23,296.10707166387226,-0.007569548693743159,0.019545963359811954,99852.66265001195,0.004143721216149678,1.0473559803822577E7,297.83976002131567,0.026860981847812007,0.22752346221838077,-0.4205442562686779,0.4757345496268353,"{""type"":""MultiPoint"",""coordinates"":[]}"
20191024,2019-10-24,295.562023089932,-0.0036623426093399165,0.02088315532100446,100000.03181775387,0.0013886023993918584,7817736.359899027,296.57298417589476,0.024398049571391175,-1.1586680111654077,0.6130621090060258,0.47159517881804064,"{""type"":""MultiPoint"",""coordinates"":[]}"
20191025,2019-10-25,295.64538814248,-0.007956785158940355,0.02239324158380662,99975.25843595517,4.0684259683699815E-4,1.4554909598269023E7,297.4218084833085,0.011285346475006624,-0.4294031732199012,0.9058620144733659,0.474222946717255,"{""type"":""MultiPoint"",""coordinates"":[]}"
20191026,2019-10-26,295.88088702043535,-0.005126106588044323,0.013413153174999944,100010.68367844647,1.6733422053234268E-4,1.119196276812117E7,297.55322037724466,0.008002193858917551,-0.7340300539706617,-0.052582116808537645,0.4858538134336788,"{""type"":""MultiPoint"",""coordinates"":[]}"
20191027,2019-10-27,295.6647061706665,-0.008924653621311873,0.008780871920644959,99968.26911586757,2.888569919331341E-4,1.3771801042192573E7,298.08553470758767,0.004281485643341273,-0.2137640916551732,-1.0497699139825798,0.480671841130404,"{""type"":""MultiPoint"",""coordinates"":[]}"
20191028,2019-10-28,296.3971604595879,-0.007789817559097894,0.007441280246468773,99840.72430269516,2.314730124528598E-4,1.3558826018752256E7,298.7463574144099,0.007107166335932853,-0.28907079383693274,-0.5705291837837164,0.4754347467038448,"{""type"":""MultiPoint"",""coordinates"":[]}"
20191029,2019-10-29,296.294232413522,-0.007665922323203543,0.006808476320380905,99758.04211415509,2.849131548529363E-4,1.1695976992426975E7,298.6401146772833,0.0052524589225089605,-0.726686962809553,-1.0792348652250539,0.4738896851757999,"{""type"":""MultiPoint"",""coordinates"":[]}"
20191030,2019-10-30,296.2837234448464,-0.0038359333212587155,0.00769666792456097,99739.62784557803,9.552736038169491E-4,6641432.83880274,297.54112956288617,0.0178055978373167,-1.5724907586287673,0.9923936905862624,0.4927264151772079,"{""type"":""MultiPoint"",""coordinates"":[]}"
20191031,2019-10-31,295.5814793620321,-0.003248612537813498,0.010711325134368652,100013.27143853446,0.001578803967148485,7178429.13451136,296.52905291160556,0.024181954404141042,-0.8063088817541411,1.15853945551791,0.46741081095183185,"{""type"":""MultiPoint"",""coordinates"":[]}"
20191101,2019-11-01,295.0195365648515,-0.013448436045599383,0.0056362618936384975,99932.94715081815,9.836915852229948E-7,2.155371442084385E7,298.67962526756355,7.03121048476399E-5,-0.07582033649203383,0.1730484148532901,0.4535027144118303,"{""type"":""MultiPoint"",""coordinates"":[]}"
20191102,2019-11-02,296.0530021136476,-0.012200419570386862,0.005333930624765135,100033.5934088664,4.6960932927745545E-5,1.947301129390552E7,299.1055781232263,0.002946794140523752,-0.08798909362139992,-0.4090083045073321,0.45319083952419414,"{""type"":""MultiPoint"",""coordinates"":[]}"
20191103,2019-11-03,296.3763951146699,-0.010147607806375473,0.006099952071142077,100149.33539838917,6.868586352573936E-4,1.837646298232961E7,298.49667798448246,0.013881796011093333,-0.1405603709394563,0.1323817675898089,0.46865975368136126,"{""type"":""MultiPoint"",""coordinates"":[]}"
20191104,2019-11-04,296.27699247571854,-0.009823642125681686,0.004855543100958562,100156.30047363107,1.2351616846281314E-4,1.740387393364587E7,298.47297002845335,0.005334642957666052,-0.12611549378358514,-0.33617338328597096,0.4842240634711407,"{""type"":""MultiPoint"",""coordinates"":[]}"
20191105,2019-11-05,296.40235341376217,-0.012585057865249263,0.004529396358849208,99971.4091477576,8.255964984027136E-5,2.0758068501983415E7,299.21440517789176,0.004486566471388722,0.031148916025089533,-0.12304949422254628,0.47857438562179727,"{""type"":""MultiPoint"",""coordinates"":[]}"
20191106,2019-11-06,296.3707757482794,-0.01009844003726849,0.00424554305647497,99875.49908688653,6.356395531164969E-5,1.804678280562568E7,298.6557274889611,0.004026807148749761,-0.12018781121583322,-0.30559796792037325,0.4845480604202706,"{""type"":""MultiPoint"",""coordinates"":[]}"
20191107,2019-11-07,296.61199347808656,-0.009544284309650476,0.004477759114551579,99875.49139248025,5.349829266357628E-4,1.8339213647313382E7,298.5589450928351,0.007664664088604989,-0.018177750793009487,-0.3795454376433702,0.47589274744730137,"{""type"":""MultiPoint"",""coordinates"":[]}"
20191108,2019-11-08,296.76337706846385,-0.007293049881508152,0.0045667871230997605,99967.84525863001,7.891223651383528E-4,1.6153937718716193E7,298.4168438228768,0.010496936534727,-0.007046164966486494,-0.30257985730600534,0.4816620758282249,"{""type"":""MultiPoint"",""coordinates"":[]}"
20191109,2019-11-09,296.8485393212354,-0.00841536281279094,0.008535234338855469,99948.99184994676,0.0027593360227064845,1.7802302677244864E7,298.4479698351276,0.022265169199065973,-0.20751767411285313,-0.25910110395678915,0.4781185868468792,"{""type"":""MultiPoint"",""coordinates"":[]}"
20191110,2019-11-10,296.6200430072519,-0.007194009140332683,0.01211337435935492,99940.86916944408,0.004460103218730848,1.597703524125496E7,297.99884570787003,0.0272321493711456,-0.24926751622042848,0.16673683094167271,0.47400728666606123,"{""type"":""MultiPoint"",""coordinates"":[]}"
20191111,2019-11-11,296.6781835509029,-0.007139007679465186,0.005574823720894521,99934.09657198275,6.926143820690757E-4,1.6089164811395602E7,298.3273829281194,0.009093168215106234,-0.22959890295671356,0.34534193681601594,0.4646562339451642,"{""type"":""MultiPoint"",""coordinates"":[]}"
20191112,2019-11-12,296.73174612469677,-0.010831508144677182,0.004462336004317733,99932.81012439053,1.2293885728318127E-4,1.8595128213487193E7,298.9287647142306,0.004857753916825459,-0.1509623476512903,0.05449012859407305,0.46749542085922957,"{""type"":""MultiPoint"",""coordinates"":[]}"
20191113,2019-11-13,295.9500504697884,-0.013809697601099203,0.004134380326798107,99918.85137004007,4.314410097539705E-6,2.1659486281283807E7,299.76072981736166,3.3807467025752716E-4,-0.2887896730258123,0.07230315587887154,0.4585269101896401,"{""type"":""MultiPoint"",""coordinates"":[]}"
20191114,2019-11-14,296.20906620390184,-0.01143115640675338,0.003921665468888295,99924.62583716257,1.4781145855187943E-5,1.882893379011901E7,299.7278452720877,0.0011408342786256881,-0.23234196468132712,0.13334237013116507,0.44605131122925235,"{""type"":""MultiPoint"",""coordinates"":[]}"
20191115,2019-11-15,296.57334689770715,-0.01137435864932564,0.004716660151660464,99953.65495208399,8.137513703058396E-4,1.8963382437793005E7,299.1516335092208,0.015038801529778927,-0.36843347509315144,0.06056585379526125,0.46052362873285124,"{""type"":""MultiPoint"",""coordinates"":[]}"
20191116,2019-11-16,296.5062627995268,-0.008209111934055543,0.004927107526256082,100010.0120418644,9.738347062211669E-4,1.4707853907681208E7,298.5142207094678,0.009986772034799323,-0.26746911754085406,0.12669405896784897,0.4697718262056244,"{""type"":""MultiPoint"",""coordinates"":[]}"
20191117,2019-11-17,296.92576314887395,-0.010444969286772049,0.0036057257615741824,99981.98150048552,1.0006391170263032E-4,1.7648595645870905E7,299.3325813177443,0.0040840082280617735,-0.02234419254259875,0.01149041622013753,0.47672611596077324,"{""type"":""MultiPoint"",""coordinates"":[]}"
20191118,2019-11-18,296.9349775427823,-0.010995294002690476,0.0035305897111803292,99958.1125222688,1.299774742410194E-4,1.933878796754418E7,299.3742113258994,0.006527118032863328,-0.2565068668693803,0.1914515694197389,0.48180066675130445,"{""type"":""MultiPoint"",""coordinates"":[]}"
20191119,2019-11-19,297.14442774005374,-0.009301759024529177,0.003519314946119768,99956.00162778025,2.001481116613326E-4,1.7773013467724483E7,299.10927867511106,0.004881853519193627,0.04039184564809871,0.01803819081977892,0.48195627226051707,"{""type"":""MultiPoint"",""coordinates"":[]}"
20191120,2019-11-20,296.8236434169366,-0.008669245372846418,0.004819045710490578,99879.99859884003,7.840601456668291E-4,1.676352217093401E7,298.7031933476912,0.01179946679319667,-0.15852835740388507,0.08144174189303327,0.4759841637623424,"{""type"":""MultiPoint"",""coordinates"":[]}"
20191121,2019-11-21,296.3597266807882,-0.011131174804617944,0.003294453583724913,99963.39463214618,2.719731406962618E-5,1.8164024160115406E7,298.88361393217434,0.0018313998994687014,-0.25599734580263184,-0.13687112844682453,0.4682323381525061,"{""type"":""MultiPoint"",""coordinates"":[]}"
20191122,2019-11-22,296.4499744113098,-0.009508031712266628,0.0031898762269051027,100024.26782611012,7.276849205254047E-5,1.604483842985936E7,299.0810819190919,0.003651284767556943,-0.6162892176649548,-0.22612376625197683,0.4717295511738442,"{""type"":""MultiPoint"",""coordinates"":[]}"
20191123,2019-11-23,296.5239310477241,-0.011328628526518933,0.0029918158549803323,99952.20573838172,1.3573833409088252E-5,1.738980156869816E7,299.83747574033214,0.0010051619686797398,-0.6067957755450033,-0.2465132241037577,0.46195678341802854,"{""type"":""MultiPoint"",""coordinates"":[]}"
20191124,2019-11-24,296.04538579680116,-0.012683293669663568,0.002841300211828021,99893.0301260551,2.113162525457636E-6,1.8959335560764518E7,300.28812195243324,1.7876126216510185E-4,-0.4832342355666015,-0.23471914677253655,0.44816242540838463,"{""type"":""MultiPoint"",""coordinates"":[]}"
20191125,2019-11-25,296.6266926142842,-0.011914785736429533,0.003178878208058773,99824.44376736191,4.685725298032751E-4,1.751075032095204E7,300.05454687367757,0.00659936787770793,-0.32572743479685945,-0.22387453261326243,0.4475093351589515,"{""type"":""MultiPoint"",""coordinates"":[]}"
20191126,2019-11-26,295.7176456251947,-0.014463569986403227,0.0025930934129877294,99718.20800135609,1.7395399556536556E-6,1.9592550941940136E7,300.2093667794856,1.483708028968731E-4,-0.6981013238766774,-0.40286977296265897,0.44438646194782655,"{""type"":""MultiPoint"",""coordinates"":[]}"
20191127,2019-11-27,296.4115428853485,-0.012561797407874553,0.002480890368119156,99760.85712253202,5.823198344532954E-6,1.8453849847818248E7,300.19294735743097,5.289300495713049E-4,-0.4678680800033142,-0.1728647117188293,0.43368170504702414,"{""type"":""MultiPoint"",""coordinates"":[]}"
20191128,2019-11-28,296.21202659308875,-0.008563808486902712,0.0023815429010762665,99788.73896686286,7.946871750371105E-6,1.2418062467363868E7,299.7489712927574,7.420955630306108E-4,-0.6798968107199668,-0.653023613933646,0.4287456251534867,"{""type"":""MultiPoint"",""coordinates"":[]}"
20191129,2019-11-29,296.6033601991287,-0.009631353080154456,0.0024089472139307276,99854.42234244462,1.2761537150875825E-4,1.3048974724125497E7,299.60620649819026,0.004467829500800039,-0.6146154636401858,-0.06966012652525895,0.43676126064883375,"{""type"":""MultiPoint"",""coordinates"":[]}"
20191130,2019-11-30,297.10549352008263,-0.004643433794158916,0.002561241616701504,99832.86626370404,2.887765213637588E-4,9134598.941940136,298.3335357736634,0.012825652269134015,-0.2255002776222858,0.23757087555280146,0.4696182409635688,"{""type"":""MultiPoint"",""coordinates"":[]}"
20191201,2019-12-01,296.84204816055893,-0.0038605465090558546,0.0035132101128731576,99932.41099628863,6.762578642802511E-4,9056463.738189688,297.83170789628514,0.01191027532548167,-0.7563977753375208,0.16637652694698943,0.4792279789031935,"{""type"":""MultiPoint"",""coordinates"":[]}"
20191202,2019-12-02,296.622972351067,-0.009657686370032989,0.0021943298087539636,99925.40515375903,9.999050749710998E-5,1.6221716983050853E7,299.08465489941096,0.003940134400068798,-0.47930575844358553,-0.13739544221279867,0.4722023246408382,"{""type"":""MultiPoint"",""coordinates"":[]}"
20191203,2019-12-03,296.3197653718059,-0.004597737953964227,0.0023306315819193128,99879.23518792169,2.2513705537158406E-4,7909872.391633613,298.29523604895473,0.007497079303317253,-0.7539075502252792,-1.0216729170657908,0.4789448858582782,"{""type"":""MultiPoint"",""coordinates"":[]}"
20191204,2019-12-04,295.4070054418924,-0.013296603029368807,0.0019869872681552046,99972.69720751724,8.222807885248053E-6,1.9579162975117207E7,299.6825496074256,6.34419871903664E-4,-0.5308094678095349,-0.45727097270207595,0.4660890577847977,"{""type"":""MultiPoint"",""coordinates"":[]}"
20191205,2019-12-05,294.31575069228023,-0.013597484026473653,0.0019164923195627423,100057.19937229535,2.839146776402251E-6,1.893471906094483E7,299.4327502827874,2.346999521424012E-4,-1.099773863700595,-0.9132817977752118,0.45200083923248136,"{""type"":""MultiPoint"",""coordinates"":[]}"
20191206,2019-12-06,294.6847493955473,-0.009522274503295621,0.00185485949939311,99966.57627171469,1.4491419563472293E-6,1.2762381520375052E7,299.0872459319911,1.3299933354260474E-4,-0.6328290421912013,-0.4115858568080791,0.44106094595588924,"{""type"":""MultiPoint"",""coordinates"":[]}"
20191207,2019-12-07,295.46402638679893,-0.01130174057006707,0.0018816241289878902,99988.00707423799,8.396872578224379E-5,1.6185877500901552E7,299.411280804091,0.002248520640810173,-0.4816941604804558,-0.3058328849075075,0.43989801194779876,"{""type"":""MultiPoint"",""coordinates"":[]}"
20191208,2019-12-08,295.225127002456,-0.012935813889847823,0.0017455832040615125,100030.40259596118,6.723051418520422E-6,1.9208149619185004E7,299.47801726431015,6.029102004180522E-4,-0.6971334725249372,-0.27684006818227297,0.4320469988210657,"{""type"":""MultiPoint"",""coordinates"":[]}"
20191209,2019-12-09,293.98981434308166,-0.01540587825268733,0.0016764055627199704,99965.78300784771,3.14396768109789E-7,2.1096525372520737E7,299.6788644514372,3.248908332827093E-5,-0.7657271929838464,-0.4893528359170458,0.4177879892242172,"{""type"":""MultiPoint"",""coordinates"":[]}"
20191210,2019-12-10,294.6402294600523,-0.015184539303403877,0.0016170200020923884,99893.73555270927,3.915509827679517E-6,2.035050862603679E7,299.8817606652094,4.1466493803028417E-4,-0.21586205727464539,-0.24342416716762597,0.4047020613996723,"{""type"":""MultiPoint"",""coordinates"":[]}"
20191211,2019-12-11,295.4761904798916,-0.013495082231127649,0.0015888872223557267,99907.47001017534,3.259151561398649E-5,1.908377838802741E7,299.58055322562035,0.003095306309807535,-0.1231434422339481,0.21014825184910704,0.40433898592872236,"{""type"":""MultiPoint"",""coordinates"":[]}"
20191212,2019-12-12,295.5923715791589,-0.011987417245809675,0.0015257173202719626,99915.6588328018,2.0350491123598404E-5,1.839360844212045E7,299.093046570558,0.0014915352053769652,-0.37607335774912015,0.20330552614026096,0.41283959295761413,"{""type"":""MultiPoint"",""coordinates"":[]}"
20191213,2019-12-13,295.4487037312485,-0.014314241911524087,0.0014938673214752495,100009.86820450317,4.1610294307477636E-5,1.9817978994590703E7,299.8581015312525,0.0027753961497668234,-0.055889509678288186,0.24527721081749873,0.40384781190102065,"{""type"":""MultiPoint"",""coordinates"":[]}"
20191214,2019-12-14,296.5101477259239,-0.006825686230573079,0.0018550168751079682,100134.28875358979,3.69523425868303E-4,1.128699338117562E7,298.47948533649816,0.006332818211495657,-0.27031159640246966,-0.031097984382747714,0.43062144131711483,"{""type"":""MultiPoint"",""coordinates"":[]}"
20191215,2019-12-15,294.7213484416402,-0.013261582441775752,0.0013670092814672826,99963.67023395476,6.85329820720289E-8,1.9134344892895784E7,299.2360963341077,7.090633879981278E-6,-0.45005360502565633,-0.2015180127353303,0.4219363733386319,"{""type"":""MultiPoint"",""coordinates"":[]}"
20191216,2019-12-16,294.13111438148235,-0.015135699455225636,0.0013173998256603226,99959.75287967964,4.0893020760570247E-7,2.0794156757302564E7,299.32179569134803,4.245860194120731E-5,-0.20379057227454667,-0.36089814424314154,0.40386103024662134,"{""type"":""MultiPoint"",""coordinates"":[]}"
20191217,2019-12-17,294.0842629882174,-0.014586616937558748,0.0012716855350015314,99978.38761789417,1.958951896766528E-6,1.754365995672557E7,299.43998591999326,2.1408127484464517E-4,-0.9293929635511162,-0.8983881123608474,0.3904318322870563,"{""type"":""MultiPoint"",""coordinates"":[]}"
20191218,2019-12-18,293.56154236975215,-0.01655481313481213,0.001223550461235349,99957.16951658805,3.545380137347592E-7,1.974719864551028E7,299.8855751657561,3.9362992042487275E-5,-0.7849254191444822,-0.7989571948853348,0.3770061309040418,"{""type"":""MultiPoint"",""coordinates"":[]}"
20191219,2019-12-19,294.58984246467776,-0.015507305280755156,0.0011775598515683546,99868.62637967776,6.444362625936461E-8,1.872467260872701E7,300.38663126210326,7.5101959890206696E-6,-0.919922044592733,-0.6887173910727938,0.36432166798267535,"{""type"":""MultiPoint"",""coordinates"":[]}"
20191220,2019-12-20,294.9824415464386,-0.010328941080777,0.0011761398241058223,99977.51691804433,3.783616011984461E-5,1.2599986757302562E7,298.5398599381831,0.0037226160832023996,-0.1459946115940634,0.38828498112896,0.37147059339158095,"{""type"":""MultiPoint"",""coordinates"":[]}"
20191221,2019-12-21,295.1844741728662,-0.010367735196677436,0.0011060640103026846,99874.1240637021,9.428437032125248E-7,1.2971567261449693E7,299.1207903288694,1.1988598927237521E-4,-0.4153055028569199,-0.35707480949856285,0.37905087008443594,"{""type"":""MultiPoint"",""coordinates"":[]}"
20191222,2019-12-22,294.805175829398,-0.015188564097369746,0.001069784717915766,99913.65822654421,2.088338899732797E-6,1.886792555283087E7,300.2962262841111,2.588126376145468E-4,-0.28735552511617596,-0.016649948574771842,0.36704827959913805,"{""type"":""MultiPoint"",""coordinates"":[]}"
20191223,2019-12-23,295.31173093657986,-0.014981491771300606,0.0010430039324100123,99949.60394080942,1.2927794452183005E-5,1.7989276786152184E7,300.27813676154767,0.00159222398354953,-0.30853126352546106,0.30754932650494915,0.3606718340549408,"{""type"":""MultiPoint"",""coordinates"":[]}"
20191224,2019-12-24,295.6094695817023,-0.014140328018245309,0.00103528129143101,100054.73973588085,3.8498479925335167E-5,1.5156688074287776E7,299.95015454192,0.0018759884324436621,-0.17662257485585167,-0.10849948532092114,0.3646424219347219,"{""type"":""MultiPoint"",""coordinates"":[]}"
20191225,2019-12-25,295.4426579157283,-0.015284267513117036,9.713573411531584E-4,100029.62393046512,7.766758733564366E-6,1.8277065894698888E7,300.60794000434163,0.0010069468174178327,-0.40056930698587817,0.045739729052797114,0.35835195347184906,"{""type"":""MultiPoint"",""coordinates"":[]}"
20191226,2019-12-26,296.13923006141437,-0.01207883612766964,9.622564985998868E-4,100029.06496905148,2.9097068376417327E-5,1.6439311552830871E7,299.4751776578206,0.002799991680812286,0.016573906174100414,0.2307612466789207,0.3651632510035181,"{""type"":""MultiPoint"",""coordinates"":[]}"
20191227,2019-12-27,295.6624313553504,-0.014885631757675854,9.076791364408081E-4,99881.04313597122,4.12139760815964E-6,1.854101389902633E7,300.16352549755953,5.075764513179071E-4,0.032584474284225604,0.2653198576070953,0.36155476955886595,"{""type"":""MultiPoint"",""coordinates"":[]}"
20191228,2019-12-28,295.53636607144773,-0.01531052153746961,8.809061373694471E-4,99925.4499267842,7.782645961501475E-6,1.867355905373242E7,300.06954164960126,0.0010000984439005507,-0.022085326783200535,0.4157988131225418,0.3549610394270235,"{""type"":""MultiPoint"",""coordinates"":[]}"
20191229,2019-12-29,294.50963827193476,-0.017161827782968982,8.43522364251501E-4,99963.30234939646,9.840543073220154E-7,2.0400737661016952E7,300.234717128225,1.3093727173013638E-4,-0.042206247031423595,0.10625261964670726,0.34495094066371806,"{""type"":""MultiPoint"",""coordinates"":[]}"
20191230,2019-12-30,294.55169147051714,-0.017630252103179193,8.168465478343738E-4,100024.6994850479,4.494027394144449E-6,2.0193633744680855E7,300.07729036588194,6.301148162837524E-4,0.22780959194046707,0.23799534258984045,0.335664749260146,"{""type"":""MultiPoint"",""coordinates"":[]}"
