system:index,date,dewpoint_temperature_2m,potential_evaporation_sum,runoff_sum,surface_pressure,surface_runoff_sum,surface_solar_radiation_downwards_sum,temperature_2m,total_precipitation_sum,u_component_of_wind_10m,v_component_of_wind_10m,volumetric_soil_water_layer_1,.geo
20240101,2024-01-01,295.78514663736655,-0.0121252333541833,0.001376402085755132,100241.77605704468,3.1743288642011143E-6,1.6758136307248471E7,299.6726293642944,3.925600008512255E-4,-0.32107438822178946,0.2215889118972744,0.3506539233932558,"{""type"":""MultiPoint"",""coordinates"":[]}"
20240102,2024-01-02,295.59744808005814,-0.01519106480293312,0.0013345450759363914,100150.73991971272,1.3996674680898997E-5,1.9928164004327442E7,300.30349895767563,0.0015700195353886258,-0.07239373582302772,0.2530793253655245,0.3452596190973377,"{""type"":""MultiPoint"",""coordinates"":[]}"
20240103,2024-01-03,296.4883414677867,-0.012142481492597881,0.0013249069694100503,100130.7067076074,5.216830706622168E-5,1.74686440158673E7,299.68392681539575,0.004807403578236347,0.11456733650421203,0.11566515836682456,0.3608046574207979,"{""type"":""MultiPoint"",""coordinates"":[]}"
20240104,2024-01-04,297.20094566262674,-0.009019829323424619,0.002070484871667428,100170.3579413232,8.365804328842796E-4,1.333900924125496E7,299.0575678947239,0.022320309443690584,-0.08889255392994214,-0.2538218015173706,0.4360049403993424,"{""type"":""MultiPoint"",""coordinates"":[]}"
20240105,2024-01-05,296.6510304525389,-0.004889560454305743,0.0012706710039774004,100183.69208857598,6.849938057150775E-5,8028182.741435269,298.3673744612065,0.004755357680039591,-0.5828454705267118,-0.21572373719839602,0.4726907942412292,"{""type"":""MultiPoint"",""coordinates"":[]}"
20240106,2024-01-06,297.14909889417453,-0.006742520486882907,0.0012403356816164217,100173.41351751969,6.720586251662262E-5,1.0838398550306529E7,298.92356708236355,0.0044362286330319285,-0.7211579131971172,-0.16537481402387874,0.473285500684285,"{""type"":""MultiPoint"",""coordinates"":[]}"
20240107,2024-01-07,296.8540641405445,-0.00935834011864327,0.001956874950027535,100161.60468259316,6.308002895153348E-4,1.403288730833033E7,299.13875582562383,0.009749268407471815,-0.19148671608415987,0.009820544127876904,0.4671239076805367,"{""type"":""MultiPoint"",""coordinates"":[]}"
20240108,2024-01-08,297.07953921521084,-0.006042422405002438,0.0012570744198322126,100216.11548670355,1.1604101411538826E-4,1.2723295379733143E7,298.7363794133962,0.005846100729632296,-0.005035286898910461,0.28054334756516697,0.47351253271991367,"{""type"":""MultiPoint"",""coordinates"":[]}"
20240109,2024-01-09,296.47351382618166,-0.005079517473479794,0.0069120930090648715,100202.89289478293,0.0033451769080481883,1.1276737870176703E7,297.75212248811243,0.02599110844519354,-0.30015609911792435,-0.780214887525703,0.4704423217278201,"{""type"":""MultiPoint"",""coordinates"":[]}"
20240110,2024-01-10,295.5801666730699,-0.01069248704124864,0.0010837847323268064,100146.07076034059,3.8141598995523766E-6,1.6951980478182476E7,299.14593769137235,3.073008876042627E-4,-0.8634856728811597,-0.6626316853362877,0.45227839904044154,"{""type"":""MultiPoint"",""coordinates"":[]}"
20240111,2024-01-11,295.25284259074834,-0.012823027736963111,0.0010564392932992613,100123.02836621179,0.0,2.005321462675802E7,299.60838666554326,1.58907208165837E-7,-0.5334427548452185,-0.5064703622450694,0.4419459325646191,"{""type"":""MultiPoint"",""coordinates"":[]}"
20240112,2024-01-12,294.38244163842427,-0.012739788583693764,0.0010323293945052503,100158.21406005831,1.3241801629890143E-6,1.996083427335016E7,299.36898282634945,1.2280168921948342E-4,-0.6650047439811809,-0.3672801381851822,0.4290390128140153,"{""type"":""MultiPoint"",""coordinates"":[]}"
20240113,2024-01-13,295.2224426980288,-0.012034390229171592,0.0010089023858899898,100292.18828087438,2.4422535688233127E-6,1.9981447664623152E7,299.03034875977283,2.304285958146E-4,-0.5485648368324623,-0.13013164163681878,0.4193754945900136,"{""type"":""MultiPoint"",""coordinates"":[]}"
20240114,2024-01-14,295.36715468507447,-0.013504244113093115,9.864250670217067E-4,100241.87080209603,4.468526687168104E-6,2.16885693984854E7,299.12166987612994,4.5154666340388634E-4,-0.07221667407467211,-0.07663604785851781,0.4088762879214016,"{""type"":""MultiPoint"",""coordinates"":[]}"
20240115,2024-01-15,295.22289534586093,-0.012652285628120178,9.681582988232772E-4,100225.55295477365,1.0060468198932383E-5,2.083009747998558E7,298.7667170443319,0.0010317500064057476,-0.369304583427754,0.34615246277185624,0.4023790438597356,"{""type"":""MultiPoint"",""coordinates"":[]}"
20240116,2024-01-16,295.10662095250666,-0.013315542069392387,9.488399750783131E-4,100174.73020532816,1.3649068689501077E-5,2.0831508380815E7,298.7040759993511,0.0013711519471730725,0.09549030281486014,0.28818821385440124,0.3988130210411493,"{""type"":""MultiPoint"",""coordinates"":[]}"
20240117,2024-01-17,295.5585816854869,-0.012078903598010305,9.406998463369988E-4,100133.45403306579,2.644759167242342E-5,1.796617844284169E7,298.99381045008926,0.0024492096306664626,0.04571279781285151,0.10885170790306263,0.410735799452622,"{""type"":""MultiPoint"",""coordinates"":[]}"
20240118,2024-01-18,295.7654004462108,-0.012884818568282986,9.12134828139332E-4,100192.67361054372,1.807460877768967E-5,1.847590112369275E7,299.0929069044442,0.001697475314565239,0.35427720851373157,-0.5393406266216931,0.4130115282049775,"{""type"":""MultiPoint"",""coordinates"":[]}"
20240119,2024-01-19,296.06865514220345,-0.01256602192603205,8.741994648688203E-4,100166.81107119482,2.1034200785609737E-6,1.8994406077893984E7,299.7268912967316,2.3893486967681768E-4,0.15542696622547472,-0.07356514640117527,0.4010064874450266,"{""type"":""MultiPoint"",""coordinates"":[]}"
20240120,2024-01-20,296.64995554866584,-0.011968327797022357,9.58587137362263E-4,100294.12074974037,1.0638555872539214E-4,1.8026267192931846E7,299.4313267782225,0.004144279832363645,0.10130659833752861,-0.12843113942048287,0.40769901910729817,"{""type"":""MultiPoint"",""coordinates"":[]}"
20240121,2024-01-21,296.5050822009345,-0.01294633438908104,8.361221832185285E-4,100257.29302679909,4.262677865728249E-6,1.9657952326721963E7,300.2689208468504,4.773083745122085E-4,0.10369324301538424,-0.09159821900256424,0.40166955407472016,"{""type"":""MultiPoint"",""coordinates"":[]}"
20240122,2024-01-22,296.49963818726764,-0.014990402113550889,8.20980878500486E-4,100341.2461839638,1.1751776862737723E-5,2.1875687582401738E7,300.5997584006265,0.0013962735988319673,0.10834368495560563,0.1800469139158504,0.3891426677499802,"{""type"":""MultiPoint"",""coordinates"":[]}"
20240123,2024-01-23,296.16198519511727,-0.013733682491011541,7.949640851479939E-4,100313.05815295277,7.075945092072955E-6,2.0286325074648395E7,299.8151596971309,8.256378422686352E-4,0.06458527535425815,0.569039814273588,0.3835117289876405,"{""type"":""MultiPoint"",""coordinates"":[]}"
20240124,2024-01-24,296.2443412437306,-0.011416330595030237,8.196871804279667E-4,100337.37434567143,4.9472070110003276E-5,1.6488838194734948E7,299.3191492440881,0.004379966023206453,-0.024889750941497004,0.35040344419868,0.4015560636212011,"{""type"":""MultiPoint"",""coordinates"":[]}"
20240125,2024-01-25,295.91168286602925,-0.01218309606772401,7.621025753244784E-4,100408.11568280256,9.511161852175262E-6,1.851197213487198E7,299.3423909002636,0.0011223127329492322,-0.046822883229026974,0.33977768475339604,0.3959840188047635,"{""type"":""MultiPoint"",""coordinates"":[]}"
20240126,2024-01-26,293.7850205382126,-0.01643999045720781,7.33323736479684E-4,100475.78971195692,1.1770654532868986E-6,2.1376802858276233E7,299.62348968229804,1.5193220729050634E-4,-0.166916079039126,-0.011446656709623604,0.3813090594374572,"{""type"":""MultiPoint"",""coordinates"":[]}"
20240127,2024-01-27,293.2372398699745,-0.018840989375368083,7.108339883341412E-4,100452.72992535445,3.514132300224539E-7,2.3329669774251718E7,299.25160837477256,4.6218565728661823E-5,-0.18222130249148172,0.06488999004675829,0.3659719803511258,"{""type"":""MultiPoint"",""coordinates"":[]}"
20240128,2024-01-28,292.91151790433184,-0.019933258611514088,6.892559972645099E-4,100445.32916307457,3.4053156705182943E-7,2.3182808459430225E7,299.3758968142797,4.6982265452461436E-5,-0.1562801124470955,-0.05496174871584795,0.35196947888093355,"{""type"":""MultiPoint"",""coordinates"":[]}"
20240129,2024-01-29,293.9072109274688,-0.018905657639453614,6.678028497677009E-4,100372.2258424334,1.4971018783288703E-8,2.297397827046521E7,299.52661458476405,2.152916318775561E-6,0.020588863725658785,-0.10218122782422341,0.3401574744586691,"{""type"":""MultiPoint"",""coordinates"":[]}"
20240130,2024-01-30,294.029779693057,-0.01963950059515365,6.472266219043147E-4,100355.63818482636,1.746439736026141E-11,2.3195208903714392E7,299.8245141134482,8.629712208549109E-7,0.07439935154346826,0.039742356181245025,0.3296731184674996,"{""type"":""MultiPoint"",""coordinates"":[]}"
20240131,2024-01-31,295.34465049370385,-0.016089316605285668,6.287906129481428E-4,100436.8603137044,1.1038950020081294E-6,2.0734808926794093E7,299.96679582606146,1.5994224820117743E-4,0.33460741516546144,-0.24156187382838035,0.32179030989179086,"{""type"":""MultiPoint"",""coordinates"":[]}"
20240201,2024-02-01,294.10688995354906,-0.02121888851129618,6.083975678052535E-4,100418.9556702959,4.062218825996804E-8,2.2440919410025246E7,300.5190268781469,5.3555277246715235E-6,0.4422752353947013,-0.818142336010145,0.31403264851506507,"{""type"":""MultiPoint"",""coordinates"":[]}"
20240202,2024-02-02,295.18530417216607,-0.015227834871754161,5.907783955819248E-4,100354.49701032654,7.338700980603631E-7,1.800416012369275E7,300.3469861311786,1.0870071221893613E-4,0.02651474707716144,-0.6888615943331146,0.3077024699891039,"{""type"":""MultiPoint"",""coordinates"":[]}"
20240203,2024-02-03,295.9624852692798,-0.0157283078173825,5.775676752056751E-4,100382.52250002821,4.814241149990386E-6,1.9170321715109993E7,300.44775091901045,7.414301467501274E-4,0.2759745192364413,-0.13538863421317576,0.3041865570869909,"{""type"":""MultiPoint"",""coordinates"":[]}"
20240204,2024-02-04,294.28173452570593,-0.02137668831277272,5.550690255911396E-4,100479.29360963749,1.7112691265729377E-7,2.3384614032095212E7,301.00202123905876,2.6540623608794276E-5,0.10464485423297518,-0.12684192398388613,0.3014507408339268,"{""type"":""MultiPoint"",""coordinates"":[]}"
20240205,2024-02-05,294.1493470845049,-0.02029611079880059,5.378391912084086E-4,100481.20199072486,9.783447928003918E-7,2.3275741458348367E7,300.51259922078503,1.5139526036341957E-4,-0.10873626560700003,0.11720748013036585,0.2952242313719295,"{""type"":""MultiPoint"",""coordinates"":[]}"
20240206,2024-02-06,293.09830686016886,-0.022248425550175803,5.193294314455995E-4,100381.71636998841,8.047056937535834E-9,2.4102861443923544E7,300.55020647293134,1.9635124885188313E-6,0.05783493224496036,0.015435356176133097,0.2899526485328936,"{""type"":""MultiPoint"",""coordinates"":[]}"
20240207,2024-02-07,294.36126079185607,-0.02016574811772066,5.023568879384408E-4,100407.10246469633,4.551759318156746E-8,2.378689342481068E7,300.5349893275327,7.178215083309018E-6,0.026369100809813775,0.213000012097529,0.28491130404237924,"{""type"":""MultiPoint"",""coordinates"":[]}"
20240208,2024-02-08,294.84137755590126,-0.01954240557323541,4.890231402866943E-4,100326.87411054048,2.8974321874693502E-6,2.306113917345835E7,300.8592729817246,4.772716132966589E-4,0.15127236345293202,0.34532648338579713,0.28198470225599565,"{""type"":""MultiPoint"",""coordinates"":[]}"
20240209,2024-02-09,294.0385305888666,-0.02247271802594763,4.7275105882886093E-4,100366.2238821476,2.4109708029055397E-6,2.351176765668951E7,301.1831445296176,4.1270029478215057E-4,0.0979609305446775,0.01762985364937096,0.2806264319261088,"{""type"":""MultiPoint"",""coordinates"":[]}"
20240210,2024-02-10,293.3863777610486,-0.02397770810774247,4.5469042694272E-4,100422.34824812744,7.15422320787201E-8,2.3886895399927877E7,301.1559672130388,1.3125691862872459E-5,-0.10674599355080196,-0.09835066881614288,0.2790169198290347,"{""type"":""MultiPoint"",""coordinates"":[]}"
20240211,2024-02-11,292.79137623770083,-0.02365766720778453,4.39171536580088E-4,100418.43531473746,6.985758944104564E-11,2.3561271363865852E7,301.09299911359625,1.0669403371938164E-7,-0.27606022024057225,-0.021015903184241673,0.274997060839725,"{""type"":""MultiPoint"",""coordinates"":[]}"
20240212,2024-02-12,293.51198867961097,-0.02181046325115577,4.247741829476287E-4,100387.52783578775,3.434467779958116E-7,2.4282387336458713E7,300.64095483283063,6.125919534804609E-5,0.11822362111758004,0.3142919987350548,0.27187697528316823,"{""type"":""MultiPoint"",""coordinates"":[]}"
20240213,2024-02-13,293.56817122476724,-0.023278694304315534,4.103375989050372E-4,100322.30394401419,1.1725865070715823E-7,2.3138267937252074E7,301.5589386166998,2.0118590615592487E-5,0.1257914964905409,-0.38689396765129197,0.26965995304342905,"{""type"":""MultiPoint"",""coordinates"":[]}"
20240214,2024-02-14,294.9972147067474,-0.0215090094567463,3.9800347036890633E-4,100253.30035137002,1.3324367926948734E-6,2.0733765021276597E7,302.02739740406787,2.4080194129264855E-4,0.1453329433771778,0.13271654676769143,0.26765610538633533,"{""type"":""MultiPoint"",""coordinates"":[]}"
20240215,2024-02-15,294.4616817740784,-0.022845936927701267,3.836973507482568E-4,100233.4096456061,2.56135538515957E-8,2.3773239475297514E7,301.6567497198392,4.849879702974691E-6,0.16410034570374132,0.05431579010233541,0.267053980368206,"{""type"":""MultiPoint"",""coordinates"":[]}"
20240216,2024-02-16,293.711780847989,-0.0248038178847836,3.7073773347725305E-4,100238.20197869244,6.985758944104564E-11,2.389696022033898E7,302.1399701259819,7.196137761536636E-8,0.06822351512892888,-0.03625664892699918,0.26499927225902775,"{""type"":""MultiPoint"",""coordinates"":[]}"
20240217,2024-02-17,294.6906372168443,-0.023570638440154414,3.5889332813774695E-4,100188.177234707,6.510243706440093E-7,2.382800545438154E7,302.046651076491,1.2205993541240291E-4,0.1834382528237876,0.12955623466043695,0.26349756124143153,"{""type"":""MultiPoint"",""coordinates"":[]}"
20240218,2024-02-18,295.63622211988684,-0.0219112370207535,3.4705947666790706E-4,100145.2693587463,5.389620498591195E-7,2.3319790197259285E7,301.8210334674658,1.0165995073542028E-4,0.3268202108063798,-0.011997530015848457,0.26321921604787923,"{""type"":""MultiPoint"",""coordinates"":[]}"
20240219,2024-02-19,295.3161197799461,-0.02262641444904384,3.359020454893034E-4,100199.85480491289,6.962141705212765E-7,2.3455914835557155E7,301.9424226827125,1.3156059775376293E-4,0.28098610958122755,0.06315889616742819,0.26267262883076864,"{""type"":""MultiPoint"",""coordinates"":[]}"
20240220,2024-02-20,295.11510148330996,-0.02396252179727244,3.28013952183371E-4,100227.15228693353,3.8123865915127195E-6,2.386357736062027E7,301.9493614936881,7.322880407522682E-4,0.2945379524767464,0.2092541742531178,0.26336664522420705,"{""type"":""MultiPoint"",""coordinates"":[]}"
20240221,2024-02-21,295.76958228527513,-0.02008948849532263,3.17494312735873E-4,100215.45638795606,3.3605315820258585E-6,2.0746798056617387E7,301.5130352871337,6.494608585258138E-4,0.5243283118289142,-0.2806574751342314,0.2672559584773408,"{""type"":""MultiPoint"",""coordinates"":[]}"
20240222,2024-02-22,295.7146984996353,-0.018311485492319052,3.067446107517026E-4,100283.67386651135,1.8771862751561472E-6,2.006532685899748E7,301.0786273938875,3.62487993239493E-4,0.5183776294200635,-0.4374349929060067,0.27003644254720904,"{""type"":""MultiPoint"",""coordinates"":[]}"
20240223,2024-02-23,294.68860673703807,-0.02346935742922609,2.956423321399627E-4,100168.1554302698,2.5828231597608756E-7,2.2245325946988825E7,301.77781482361337,5.178495805681639E-5,0.7186712165738058,-0.4442734314510063,0.26829819851790593,"{""type"":""MultiPoint"",""coordinates"":[]}"
20240224,2024-02-24,295.6302704499854,-0.015546143676963388,2.8845579442331344E-4,100159.6085915431,1.3978100622598768E-6,1.5121892972232247E7,300.86985585093134,2.723781354158921E-4,0.34501603354999605,-0.9212269990228381,0.26779297066216345,"{""type"":""MultiPoint"",""coordinates"":[]}"
20240225,2024-02-25,295.64540084071257,-0.021014807573185475,2.8121033451680114E-4,99992.66371843165,2.491935749067712E-6,2.0518606543815367E7,301.9006136171891,4.863390412497421E-4,0.48644059739558226,-0.4629268624745592,0.2677175133456719,"{""type"":""MultiPoint"",""coordinates"":[]}"
20240226,2024-02-26,295.08087816592644,-0.02493920278514803,2.703920673085945E-4,99964.57780734428,4.4052195901523366E-7,2.338504143923549E7,302.6513506773215,8.55616156824132E-5,0.14905163737096566,0.13074261407924398,0.2674920606790849,"{""type"":""MultiPoint"",""coordinates"":[]}"
20240227,2024-02-27,294.56110570705596,-0.025797950496827926,2.6197680176443634E-4,100039.76256084294,6.989224955272985E-7,2.2780938290659938E7,302.8965791190297,1.3921170937964607E-4,-0.17547472204808393,-0.44164084356440747,0.26559793853117797,"{""type"":""MultiPoint"",""coordinates"":[]}"
20240228,2024-02-28,293.9846703762876,-0.026809457608918792,2.5566008776222116E-4,100021.81617557985,2.8687099708876292E-6,2.5182493829066E7,302.5974955427517,5.740735920336201E-4,0.1566459561271269,0.17910396710283583,0.26458172500670885,"{""type"":""MultiPoint"",""coordinates"":[]}"
20240229,2024-02-29,294.9851000937494,-0.025069228024515833,2.46902705421097E-4,100132.8948970354,2.07868780506848E-6,2.445771587847097E7,301.9415237070464,4.163432451219625E-4,0.3290368098595894,0.42864561396187384,0.26626142932182467,"{""type"":""MultiPoint"",""coordinates"":[]}"
20240301,2024-03-01,294.61328888535576,-0.0260306431945807,2.3890844201336604E-4,100207.2284747148,1.7038051118241975E-6,2.3565617922466643E7,302.31157399954924,3.4147046735816467E-4,0.48161441240334757,-0.04920303834460507,0.2668820241420713,"{""type"":""MultiPoint"",""coordinates"":[]}"
20240302,2024-03-02,294.979731537399,-0.023682127821232666,2.3012744780701074E-4,100223.09059181403,2.1892831164751082E-7,2.3415010184637584E7,301.814967103067,4.6110642715997E-5,0.51543849482389,-0.08697496165247948,0.2665109037134937,"{""type"":""MultiPoint"",""coordinates"":[]}"
20240303,2024-03-03,295.2534461227199,-0.024113067336786195,2.2332047861575914E-4,100153.98183187583,5.689228952382387E-7,2.3526109330222517E7,301.941285940758,1.139073294271874E-4,0.6279191573031003,-0.36560452236609337,0.2644764914766558,"{""type"":""MultiPoint"",""coordinates"":[]}"
20240304,2024-03-04,295.8978064899648,-0.021867969695020577,2.1708129847733247E-4,100180.14234346358,1.0504915617108132E-6,2.1919974821101528E7,301.7736851132422,2.1386482864645115E-4,0.5415638523443428,-0.31492138793081864,0.26436387055309113,"{""type"":""MultiPoint"",""coordinates"":[]}"
20240305,2024-03-05,295.69736626693043,-0.023996898719723197,2.1020459529083648E-4,100174.09548648287,8.143218596231798E-7,2.242410827780281E7,302.1950667716374,1.6867558725169505E-4,0.81567441140363,-0.5923151283084178,0.26339821747281056,"{""type"":""MultiPoint"",""coordinates"":[]}"
20240306,2024-03-06,295.28800214759895,-0.024652484136714524,2.0381280318778472E-4,100187.9026743186,7.211533299517297E-7,2.1507091078886364E7,302.0986934771459,1.4907248527683823E-4,0.9277659594002412,-0.8653496242025207,0.2630186395040999,"{""type"":""MultiPoint"",""coordinates"":[]}"
20240307,2024-03-07,295.59524799685795,-0.023218566763392436,1.9734879983189385E-4,100117.20215143092,3.6383713362150766E-7,2.1594805723276015E7,301.937361449315,7.522961163580633E-5,0.6729698637411964,-0.3574556166599227,0.262008292928082,"{""type"":""MultiPoint"",""coordinates"":[]}"
20240308,2024-03-08,295.8334137822218,-0.021205316378650703,1.935237555825405E-4,100193.33585526874,2.2043213060174745E-6,1.979483348600574E7,301.7485767735472,4.5969687362461443E-4,0.512269640158025,-0.21938524298949344,0.26299926394639017,"{""type"":""MultiPoint"",""coordinates"":[]}"
20240309,2024-03-09,296.3212378933276,-0.01851810676002391,1.9011360361736863E-4,100210.46445196285,4.06362941193744E-6,1.8753920147761766E7,301.548259637665,8.281626180299982E-4,0.2862935461151384,-0.22008968308104077,0.2656127148084965,"{""type"":""MultiPoint"",""coordinates"":[]}"
20240310,2024-03-10,295.58067922779037,-0.02375652528748459,1.8363661212350248E-4,100338.96720656403,2.8329240772812713E-6,2.033302641801552E7,302.3914444904256,5.737022532696248E-4,0.29945121996247126,-0.057351110015641714,0.26803861648535726,"{""type"":""MultiPoint"",""coordinates"":[]}"
20240311,2024-03-11,296.22535010217575,-0.022245382084727847,1.823526806793529E-4,100437.2423948097,6.671499204343294E-6,2.0761662570118874E7,302.1133588499025,0.0013476889725897278,0.4146190920562783,0.2858376466879723,0.2731851997792771,"{""type"":""MultiPoint"",""coordinates"":[]}"
20240312,2024-03-12,296.12208317260166,-0.024946693326972948,1.7687468226962774E-4,100347.8752530329,6.231839717874621E-6,2.2233041461663302E7,302.41978488774924,0.0012375194654001827,0.5562053675375845,0.06339270847321475,0.27738645991277117,"{""type"":""MultiPoint"",""coordinates"":[]}"
20240313,2024-03-13,296.547214046753,-0.016987096768153343,1.7350658457329933E-4,100359.20316315159,7.224070049991603E-6,1.870679754465942E7,301.18431421282895,0.0014477214694367051,0.6223184207064959,-0.09094215078499472,0.2876856693039005,"{""type"":""MultiPoint"",""coordinates"":[]}"
20240314,2024-03-14,296.64169832989217,-0.01628415014230728,1.6628441679920485E-4,100277.62388022244,3.892481004637241E-6,1.6881351794638343E7,301.2804213458636,7.944904403793103E-4,0.6747817700263729,-0.7533092126348785,0.291274002071527,"{""type"":""MultiPoint"",""coordinates"":[]}"
20240315,2024-03-15,296.0429637882339,-0.02293532852082102,1.5923022428575168E-4,100175.23380818524,1.1983854522182327E-6,2.1429135313227113E7,301.9160233566518,2.4732830740665753E-4,0.9271462293954577,-0.7907187302305463,0.2867526173491306,"{""type"":""MultiPoint"",""coordinates"":[]}"
20240316,2024-03-16,296.4796556974206,-0.01999728789360266,1.547713057039621E-4,100164.60808277737,1.1300378614412597E-6,2.031844471868151E7,301.86205196552584,2.3708587151774615E-4,0.3989937331244012,-0.39791529825464833,0.28251224258281626,"{""type"":""MultiPoint"",""coordinates"":[]}"
20240317,2024-03-17,296.34362262446575,-0.022268029766105552,1.5662828701478755E-4,100197.25591390245,7.241469963423148E-6,2.168337644480273E7,301.9408634585648,0.0014846754910188553,0.4362449095733235,0.24987879466058996,0.2824055229991313,"{""type"":""MultiPoint"",""coordinates"":[]}"
20240318,2024-03-18,296.4555100675872,-0.021536178919132377,1.487936508857598E-4,100166.16271299138,3.3262422529317565E-6,2.0498961418247346E7,301.85776808434116,6.93258300018289E-4,0.6469352998216503,-0.06684126947372919,0.28594073556853494,"{""type"":""MultiPoint"",""coordinates"":[]}"
20240319,2024-03-19,295.79300376391365,-0.024026615603592188,1.4305985279131403E-4,100098.15677795888,1.6064290058041064E-6,2.214048360291267E7,302.4384407325924,3.402928627451114E-4,0.31281915360423346,0.29435897663044003,0.28362590467891147,"{""type"":""MultiPoint"",""coordinates"":[]}"
20240320,2024-03-20,295.8773390254889,-0.025439160480004462,1.4062352637027176E-4,100092.2677966454,3.169917088744875E-6,2.2667912735858206E7,302.2078219497558,6.71288262538174E-4,0.514166456602101,0.5336305450427302,0.2806864678967185,"{""type"":""MultiPoint"",""coordinates"":[]}"
20240321,2024-03-21,295.1499041917161,-0.026493276406604812,1.4058157151415168E-4,100026.24406320672,7.113318902423916E-6,2.452858230436351E7,302.53824438844146,0.0013480161882823438,0.503413996668959,0.0053524126985322815,0.28011461398480886,"{""type"":""MultiPoint"",""coordinates"":[]}"
20240322,2024-03-22,296.27401587509996,-0.02211715041210065,1.3588907870840523E-4,99918.54490174277,6.025391733263787E-6,2.2362209368553918E7,302.0582483873758,0.0012789767924234745,0.44755809360691695,-0.20033310482544686,0.28799739447418404,"{""type"":""MultiPoint"",""coordinates"":[]}"
20240323,2024-03-23,296.7135579326661,-0.0226696723977388,2.0489080520558347E-4,99992.28616386201,7.834169963959791E-5,2.302583146808511E7,301.84909118421234,0.005845159590894289,0.4809976395025663,0.24181605162049077,0.29940718013315426,"{""type"":""MultiPoint"",""coordinates"":[]}"
20240324,2024-03-24,296.89894440214516,-0.019839821557329315,1.273628793122147E-4,100121.62528930622,3.853250594505368E-6,2.3594383826541655E7,301.7826713401977,7.68555307862044E-4,0.41066571356141385,0.2325813397433784,0.33033796416579686,"{""type"":""MultiPoint"",""coordinates"":[]}"
20240325,2024-03-25,297.0554729899129,-0.021297390972056893,1.264373361097103E-4,100122.3213977651,6.03672747056578E-6,2.392554585430942E7,302.43948458604973,0.0012307240112069458,0.3768782573818717,0.5466378979247872,0.32332648834309224,"{""type"":""MultiPoint"",""coordinates"":[]}"
20240326,2024-03-26,296.93009384825683,-0.021133886425182612,1.3739653563095354E-4,100228.25413791803,1.998444272858805E-5,2.3539126713306896E7,302.1247495469429,0.003420711544352751,0.7640715971748508,0.7381604976100351,0.3233868815260074,"{""type"":""MultiPoint"",""coordinates"":[]}"
20240327,2024-03-27,296.73353152430406,-0.020376369573398917,1.3727563363827397E-4,100321.31778076265,2.248159630222094E-5,2.286634945402092E7,301.7060713788067,0.0031191329941274936,0.19525865609148027,0.88383641095671,0.3555266747954432,"{""type"":""MultiPoint"",""coordinates"":[]}"
20240328,2024-03-28,297.1422998467551,-0.02006545646758962,1.2837110703231368E-4,100158.7864789352,1.6376494372574552E-5,2.2443213497295346E7,302.05594677884415,0.002850941354472673,0.3768347931934214,0.4717006783514645,0.3480056117741387,"{""type"":""MultiPoint"",""coordinates"":[]}"
20240329,2024-03-29,297.6626758589196,-0.014895855523363762,1.293211030779528E-4,100170.45496918765,1.9546623720918113E-5,1.9528743650558967E7,301.1534504567736,0.00342632934391993,0.48494656539648284,0.06560189433934123,0.3603468952392182,"{""type"":""MultiPoint"",""coordinates"":[]}"
20240330,2024-03-30,296.83447286603774,-0.02031700107817439,1.3358576113765868E-4,100235.60913963425,2.607715837026047E-5,2.100748580057699E7,301.91573799446036,0.003910872123015489,0.429128584487462,0.2854532579889033,0.3633399708423783,"{""type"":""MultiPoint"",""coordinates"":[]}"
20240331,2024-03-31,296.60009382664987,-0.019599399690943167,1.3232286757525237E-4,100237.08703550183,2.7108159664517232E-5,2.186168329679048E7,301.76950816234614,0.0033915463689834745,0.5593530345613648,-0.3590580004455809,0.38598338674074584,"{""type"":""MultiPoint"",""coordinates"":[]}"
20240401,2024-04-01,297.1240669545796,-0.01998132155463234,1.086734888186491E-4,100035.19596377648,5.818457432357234E-6,2.158982235304724E7,302.1233299458052,0.0011119444855885313,0.5953801815463081,0.0887299400637508,0.36414629038258073,"{""type"":""MultiPoint"",""coordinates"":[]}"
20240402,2024-04-02,297.51442278479004,-0.01878043040875017,1.1149951580238825E-4,99943.25698977633,1.0925135885899654E-5,2.162678538802741E7,302.0581317293571,0.0019346743979586313,0.6108010397577588,0.05627913153476763,0.35436285337385526,"{""type"":""MultiPoint"",""coordinates"":[]}"
20240403,2024-04-03,297.95827395240485,-0.016989876040258523,1.103113376187195E-4,100004.51521431319,1.1764211513658232E-5,2.1172313109628566E7,301.89545637484514,0.0021710399117789627,0.7150496058860123,-0.08217084138406874,0.35892679852094633,"{""type"":""MultiPoint"",""coordinates"":[]}"
20240404,2024-04-04,297.70838672167,-0.017540315806253096,1.0967482213203633E-4,100048.15596509591,1.3070172279954947E-5,1.9845008586368557E7,301.89079970914537,0.0023910667116961194,0.4543127031162363,0.12146411599527117,0.358336445574205,"{""type"":""MultiPoint"",""coordinates"":[]}"
20240405,2024-04-05,297.0567304469284,-0.019325869695948128,9.704875604280102E-5,99960.91581459566,2.430743187547719E-6,2.254536768589976E7,301.81201599520955,4.64424459178577E-4,0.6605949924605184,-0.47942254640460236,0.3531608100062968,"{""type"":""MultiPoint"",""coordinates"":[]}"
20240406,2024-04-06,297.27712084883353,-0.02135077059628987,9.483845922605597E-5,99858.27322972078,2.46486861998967E-6,2.3513073679408584E7,302.92351869958463,4.777124393050745E-4,0.5813580822637986,0.2958305600113932,0.3368882346517236,"{""type"":""MultiPoint"",""coordinates"":[]}"
20240407,2024-04-07,297.2010865466557,-0.020524103601529977,9.382049174589066E-5,99896.999639908,3.562272239840508E-6,2.2145305020555362E7,302.4390695640453,6.961263578851446E-4,0.6006337117799159,-0.11511208975540074,0.3284237198222642,"{""type"":""MultiPoint"",""coordinates"":[]}"
20240408,2024-04-08,297.2518983635282,-0.020932322249133536,1.0033107399295652E-4,99922.41380083901,1.2171414089340451E-5,2.270569767327804E7,302.4927709079417,0.002299369693714088,0.34678062382104347,-0.048359640860646404,0.3242932168433465,"{""type"":""MultiPoint"",""coordinates"":[]}"
20240409,2024-04-09,296.9077782558126,-0.0233068721704091,8.996665004870543E-5,99941.80130533502,3.818431959829732E-6,2.360035997439596E7,302.9411109917896,7.678763085266772E-4,0.4599638346339494,0.04888607332491219,0.3243635312655981,"{""type"":""MultiPoint"",""coordinates"":[]}"
20240410,2024-04-10,296.8236789205839,-0.024603927241328646,8.926601335540647E-5,99933.6318305376,5.149756404754277E-6,2.4696825615578804E7,303.03917507277566,0.0010546916331097573,0.4402208290416499,0.3623148097715666,0.31820922890080905,"{""type"":""MultiPoint"",""coordinates"":[]}"
20240411,2024-04-11,297.34544606191037,-0.021513061738330196,9.758934631186019E-5,99963.54081271743,1.5449897932567802E-5,2.341691764514966E7,302.8637498180832,0.0026124289002050537,0.5432204005666359,0.1310907823131812,0.3193846249869844,"{""type"":""MultiPoint"",""coordinates"":[]}"
20240412,2024-04-12,297.5639224872665,-0.016806038519051204,1.405872219184053E-4,100005.9191060186,6.00579775415772E-5,1.993113022899387E7,301.43238972832273,0.008267791003386466,0.4019018815878937,0.4495348920184755,0.3621301504264215,"{""type"":""MultiPoint"",""coordinates"":[]}"
20240413,2024-04-13,297.3775259720218,-0.017066569928331065,4.326073708750909E-4,100038.48269075547,3.504061495789199E-4,2.0644803820411112E7,301.33561722982074,0.011222194415671408,0.31008027112602926,-0.1832827691748704,0.4074657257681699,"{""type"":""MultiPoint"",""coordinates"":[]}"
20240414,2024-04-14,297.26029747056054,-0.02035257294827792,8.296914159542295E-5,100004.38378530605,5.2936549785117415E-6,2.1955093756581325E7,302.6483972081486,9.212495927678397E-4,0.40472856492488385,0.04632716477526282,0.4033365202632169,"{""type"":""MultiPoint"",""coordinates"":[]}"
20240415,2024-04-15,296.8986919637855,-0.02404760469786965,8.327983591129236E-5,100032.24126053456,7.211756306437436E-6,2.383998018752254E7,303.33048717894513,0.0012808749917933226,0.6413534657143243,-0.15663723924696224,0.38071241652769244,"{""type"":""MultiPoint"",""coordinates"":[]}"
20240416,2024-04-16,297.44185288231273,-0.020509062725157248,8.547291283224019E-5,100013.597746992,1.0944599285050072E-5,2.1488259645149663E7,302.5053640499268,0.001788021385543226,0.544740567744416,0.5641401432815518,0.3708209522585269,"{""type"":""MultiPoint"",""coordinates"":[]}"
20240417,2024-04-17,297.4633588569643,-0.01825633807073549,7.987202686219709E-5,100009.61496414461,6.7907407358584324E-6,2.1115672733140998E7,302.2130108865527,0.001167151027305211,0.6336699415964209,-0.07942667545098957,0.3650794946913794,"{""type"":""MultiPoint"",""coordinates"":[]}"
20240418,2024-04-18,298.0059161800105,-0.015362898975320559,1.139904654847127E-4,99924.6474976217,4.224155704080091E-5,1.9744344178146414E7,301.6693939026022,0.005935792472338444,0.22412500811075994,-0.19042571918768644,0.37608022823945925,"{""type"":""MultiPoint"",""coordinates"":[]}"
20240419,2024-04-19,298.22516711432576,-0.014903369749598324,1.0617310030125901E-4,99806.49417026584,3.5599693575362794E-5,1.9188907710782547E7,301.78005841907833,0.004897894842660771,0.45037112406260515,-0.1674507191897958,0.4037087390393876,"{""type"":""MultiPoint"",""coordinates"":[]}"
20240420,2024-04-20,298.46260532906945,-0.014148087650161335,1.4434621313011184E-4,99812.44067426835,7.480523709222549E-5,1.9128330613775697E7,301.67371211697935,0.0043802976264362085,0.46357132881532326,-0.3146806987149597,0.41765288123575484,"{""type"":""MultiPoint"",""coordinates"":[]}"
20240421,2024-04-21,297.868505254361,-0.01863808437827216,9.164566108993878E-5,99819.55315961815,2.3286191835929632E-5,2.160562887702849E7,302.2128275955995,0.0031731773424440897,0.3060039456524891,-0.22653413286058932,0.4088366136253991,"{""type"":""MultiPoint"",""coordinates"":[]}"
20240422,2024-04-22,298.0932487121409,-0.018854905638589874,9.700443677596141E-5,99887.15312474177,2.9911662949322367E-5,2.2898665332852513E7,302.2585354846378,0.004173373138326031,0.47573314175638454,-0.40113272433642644,0.40924141254830876,"{""type"":""MultiPoint"",""coordinates"":[]}"
20240423,2024-04-23,298.03643724129944,-0.01994639483548827,6.904252064258152E-5,99731.24465484933,3.179584304391371E-6,2.2980018207356658E7,303.0922997524308,5.161369028775173E-4,0.48305981192741854,-0.2099585700943602,0.40035998716651305,"{""type"":""MultiPoint"",""coordinates"":[]}"
20240424,2024-04-24,297.6036455049181,-0.019657341202501354,7.219805244156227E-5,99764.43652279188,7.598017726269517E-6,2.202348115326362E7,302.7063028943383,0.0012040740591714681,0.5663238878017408,-0.13089563392621278,0.38141451410439636,"{""type"":""MultiPoint"",""coordinates"":[]}"
20240425,2024-04-25,297.5320995934725,-0.02135852773482732,7.872772730518843E-5,99741.63878398194,1.5394782981329175E-5,2.3078337068157233E7,303.1004980862005,0.0020703897529339614,0.27117229595624537,0.08175279157266895,0.37151572342918593,"{""type"":""MultiPoint"",""coordinates"":[]}"
20240426,2024-04-26,297.6745834203849,-0.02018007823611011,7.526631867717932E-5,99735.9279123373,1.3122796539446963E-5,2.1763578746123336E7,302.8142922547363,0.0020042109578137395,0.33137363861036756,0.24138463553735762,0.36917190067985056,"{""type"":""MultiPoint"",""coordinates"":[]}"
20240427,2024-04-27,298.1136839901374,-0.019862965816007893,6.789906206347648E-5,99759.89413306514,6.9438417036095746E-6,2.2281232365668952E7,303.1452493460108,0.0011589303994900377,0.749231419019909,-0.00757321865459176,0.36435342502788876,"{""type"":""MultiPoint"",""coordinates"":[]}"
20240428,2024-04-28,298.1129758440255,-0.019796099024766027,6.616759334623363E-5,99821.27861337521,6.34707249848799E-6,2.1592053297872342E7,303.3138426234909,0.0010786639418153626,0.6088744444491156,-0.1004226632753893,0.35616705110689556,"{""type"":""MultiPoint"",""coordinates"":[]}"
20240429,2024-04-29,298.10493010892253,-0.020370671698226425,6.927438335559706E-5,99898.33486186081,1.059209117165465E-5,2.180889641327083E7,303.4525088064802,0.0018008096226050138,0.5713193258108292,0.29142901341149063,0.348144860146696,"{""type"":""MultiPoint"",""coordinates"":[]}"
20240430,2024-04-30,298.3599400912961,-0.01829315878362205,4.6448939131607097E-4,99830.05206689886,4.068713781638478E-4,2.1039529872340426E7,302.325267550091,0.011884947531519306,0.5768872148816669,-0.021380719234055236,0.3803684515711751,"{""type"":""MultiPoint"",""coordinates"":[]}"
20240501,2024-05-01,298.6353070206017,-0.016111885107115982,6.221992484593797E-5,99697.41980683341,5.496932503294095E-6,1.933284305048684E7,302.513424614614,8.96675601966791E-4,0.7839709821981458,-0.5821864190103345,0.4137188327586169,"{""type"":""MultiPoint"",""coordinates"":[]}"
20240502,2024-05-02,298.9098333839557,-0.017289244304849405,5.800473670687782E-5,99710.89844953244,2.234349322155672E-6,2.0606499875946634E7,303.3890105904489,3.651974735825713E-4,0.641889544859688,0.13909137326373633,0.38959334541189666,"{""type"":""MultiPoint"",""coordinates"":[]}"
20240503,2024-05-03,299.0224268558236,-0.011442675799658013,1.5773070963375673E-4,99870.95291205563,1.0244487061037987E-4,1.6103869704291377E7,301.71060932644116,0.009389926536694529,0.22374319431228354,0.15794001136896263,0.4144724531663211,"{""type"":""MultiPoint"",""coordinates"":[]}"
20240504,2024-05-04,298.4680912656586,-0.010913565695780177,6.749584943088349E-5,99905.30583016854,1.317904801992918E-5,1.5306196949513163E7,301.6324891524756,0.001858871533544741,0.26415425399301545,-0.41237656269699424,0.42525098610130674,"{""type"":""MultiPoint"",""coordinates"":[]}"
20240505,2024-05-05,298.35115420633474,-0.013729755348551807,6.255597477994413E-5,99828.45097518906,8.983664507475567E-6,1.6566612488279842E7,302.4362432998252,0.0014029332792517735,0.7314016333221317,-0.4606517872453266,0.4068062114291416,"{""type"":""MultiPoint"",""coordinates"":[]}"
20240506,2024-05-06,297.8780004478645,-0.016127433120032925,6.751745960749404E-5,99901.81585246544,1.4735383760443332E-5,1.943151528164443E7,302.17919434594313,0.002396520513341266,0.5158672816536436,-0.36036895590771967,0.40095856207210095,"{""type"":""MultiPoint"",""coordinates"":[]}"
20240507,2024-05-07,297.24056763711474,-0.019295833104790834,5.415078216281732E-5,99965.57316688224,2.2404887295353943E-6,2.215355631878832E7,302.67016715948404,3.8980824652479223E-4,0.5555472352754356,-0.03632718460077505,0.38443050827024533,"{""type"":""MultiPoint"",""coordinates"":[]}"
20240508,2024-05-08,297.66865030580567,-0.019255096561000364,0.0037476634220487163,99856.24283642865,0.0036304056687428985,2.228315537829066E7,301.90460409042214,0.032016058142026335,-0.0911778707833284,0.0339298203008968,0.4171065681183305,"{""type"":""MultiPoint"",""coordinates"":[]}"
20240509,2024-05-09,298.08441291558717,-0.011833559337491558,0.0054761641160099685,99847.89825707249,0.0047139632026942,1.622556472845294E7,300.84640830955135,0.028460043285015703,-0.11397242531751783,-0.17956956931211754,0.4681111177668462,"{""type"":""MultiPoint"",""coordinates"":[]}"
20240510,2024-05-10,298.16689975159375,-0.011410800051622516,7.71778426443761E-5,99905.40579611389,2.7390381639028692E-5,1.8867796399567254E7,301.31232417565536,0.0017658592882431312,-0.0875305614157327,-0.09465157537165707,0.45694907420328396,"{""type"":""MultiPoint"",""coordinates"":[]}"
20240511,2024-05-11,298.278489290887,-0.011518940582113751,5.185538483061518E-4,99985.43733677005,3.9453119351207853E-4,1.7944577258564737E7,301.2094096043803,0.009146559912290892,-0.19755070632804347,-0.04635383979906499,0.459588331590981,"{""type"":""MultiPoint"",""coordinates"":[]}"
20240512,2024-05-12,298.5588036878906,-0.008037236986330519,2.4215257473040095E-4,99940.45778712044,1.8627225836820223E-4,1.4391864657771368E7,300.58126491061034,0.006742226612125112,-0.2162395577717893,-0.033164160428446714,0.4777158941696979,"{""type"":""MultiPoint"",""coordinates"":[]}"
20240513,2024-05-13,298.4252685733047,-0.010205884193722798,0.0011465976943704913,99858.23660175972,9.198585922134254E-4,1.57456377793004E7,300.7841467198765,0.010378344649191445,-0.1274012361442345,0.16581710758569188,0.47773408505732906,"{""type"":""MultiPoint"",""coordinates"":[]}"
20240514,2024-05-14,298.117563099339,-0.0071017742479402065,6.858488867913092E-4,99948.1452084695,3.4314892404224744E-4,1.1608280847457627E7,299.5913887283008,0.00972838779667754,-0.29831311152178824,0.07782438171355538,0.48081167381333384,"{""type"":""MultiPoint"",""coordinates"":[]}"
20240515,2024-05-15,298.47792232424933,-0.008315893104370434,0.0031237657663197122,99937.23105334929,0.002442021174117885,1.632550103714389E7,300.0435102593228,0.01651710161103591,-0.38475470778488996,0.03677733775041527,0.4809769607389872,"{""type"":""MultiPoint"",""coordinates"":[]}"
20240516,2024-05-16,298.5022644749598,-0.0044198023673218175,0.015690522574041455,99934.77982242739,0.009978465112567681,1.038322973025604E7,299.6720695484142,0.04773432996112128,-0.12986101796383728,0.19619829080929926,0.47766989219473877,"{""type"":""MultiPoint"",""coordinates"":[]}"
20240517,2024-05-17,298.45508151278506,-0.0032628167123730937,0.011768874287433331,99834.01850514919,0.0065142732023590975,8859289.573746845,299.0670923463914,0.0409587807595125,-0.27847115880867823,0.10382875477354865,0.47748871562658335,"{""type"":""MultiPoint"",""coordinates"":[]}"
20240518,2024-05-18,298.09075310454097,-0.0040324559731471435,0.003920327540214339,99675.71763180716,0.0015724316894943605,1.016215379588893E7,299.0323119582515,0.024051884269181294,-0.23775660967308113,0.5821278418954685,0.4766383878971784,"{""type"":""MultiPoint"",""coordinates"":[]}"
20240519,2024-05-19,297.7828535090733,-0.0014549045868183016,0.05541234387147311,99578.56358303472,0.03231914341718421,3125660.6361341504,298.10823850199534,0.10889803283457113,-0.19946876491028925,-0.4061422543910306,0.4823966768587821,"{""type"":""MultiPoint"",""coordinates"":[]}"
20240520,2024-05-20,297.5253562466401,-0.0021369915241976744,0.024887675859418278,99663.08222922724,0.00985537961614377,4959372.378651281,297.9345575897349,0.05964321135571836,0.35369666721230736,-0.07083769835650827,0.4760019777199157,"{""type"":""MultiPoint"",""coordinates"":[]}"
20240521,2024-05-21,297.70699148319096,-0.0025995388664667935,0.00238996353490749,99524.18699146908,6.034881833052748E-4,6810337.371799496,298.26139451655246,0.01562718694177941,-0.6321093963593701,0.9044429923152825,0.4896365165825088,"{""type"":""MultiPoint"",""coordinates"":[]}"
20240522,2024-05-22,298.0212979789594,-0.0015432185675106536,0.016648793570882697,99441.21975250557,0.0062200118069867145,3795499.478543095,298.3817852046401,0.0472911693201392,0.05574185178463012,0.1845302573045955,0.47958608962750404,"{""type"":""MultiPoint"",""coordinates"":[]}"
20240523,2024-05-23,297.8367210752275,-0.0014477622098455008,0.10605729897121983,99318.87514444768,0.06866703349311044,2606460.894338262,298.13752815869293,0.15943116144157257,0.13611003867937035,0.05322806999107038,0.4847338015334741,"{""type"":""MultiPoint"",""coordinates"":[]}"
20240524,2024-05-24,298.18968048031496,-0.0031275573044510217,0.0761358201358665,99446.13184568087,0.038291784596494766,8587017.657410746,298.9994652469882,0.09259098386479166,1.5670264448479314,-0.4771973481185735,0.4765193455206946,"{""type"":""MultiPoint"",""coordinates"":[]}"
20240525,2024-05-25,297.9738663681311,-0.0018951159254055013,0.030767191775086716,99670.25530148181,0.0015307291509268565,5338281.198701768,298.47386016919074,0.024107568441553318,-0.2618875772939564,-0.11353511308187879,0.47901768081964025,"{""type"":""MultiPoint"",""coordinates"":[]}"
20240526,2024-05-26,297.8741836733565,-0.004254183434070855,0.013306569776894426,99760.19836990719,0.0012659832265589414,9341555.347998558,298.84084882482864,0.018907952230199334,0.32527701117296265,-0.10484451897400252,0.4790444262312331,"{""type"":""MultiPoint"",""coordinates"":[]}"
20240527,2024-05-27,297.96665633052913,-0.003932062187190096,0.01722918837735939,99801.58567313908,8.124401970886386E-4,1.0631141652362062E7,298.76640801487645,0.01600622826961874,0.33753238232724153,0.0066182780027934035,0.47554788968929645,"{""type"":""MultiPoint"",""coordinates"":[]}"
20240528,2024-05-28,298.1027501256782,-0.0024659120142889765,0.020966799716806747,99832.69337639649,0.003112511469532858,6929292.2026685905,298.5215910893103,0.029481714377109225,0.7489554171579966,0.1604288327950442,0.48093816789530097,"{""type"":""MultiPoint"",""coordinates"":[]}"
20240529,2024-05-29,298.05353915231393,-0.0032908377548954443,0.052643310478822966,99754.3446887631,0.016999826619782433,7487963.351604762,298.58604412580974,0.05890481303389409,0.4284592862455356,-0.30851286021343916,0.48624163204724585,"{""type"":""MultiPoint"",""coordinates"":[]}"
20240530,2024-05-30,298.1043601397756,-0.0029401830090240075,0.020908068968980616,99794.92418223016,0.0015807829466787785,7106010.970068519,298.81925722858847,0.019127180228710617,0.7850482985153411,-1.0391439354209062,0.47609046950250294,"{""type"":""MultiPoint"",""coordinates"":[]}"
20240531,2024-05-31,298.22285216146116,-0.005255613951606953,0.01422645479408447,99787.8010687954,0.0011409995973303653,1.1630248653443921E7,299.2526092692084,0.009501482497429188,0.32314137131968057,-0.06111977028436909,0.46735488040069795,"{""type"":""MultiPoint"",""coordinates"":[]}"
20240601,2024-06-01,298.42108433348926,-0.007050752485277763,0.01066189581979022,99835.31860489493,3.1252402047839275E-4,1.3425584738550305E7,299.9297122457792,0.008011950638974495,0.3893996317923421,-0.4484626600584426,0.47212376579067317,"{""type"":""MultiPoint"",""coordinates"":[]}"
20240602,2024-06-02,298.5170497981413,-0.004780079879261637,0.010771547940892518,99880.03474550448,0.001569936720313813,1.1286746429138118E7,299.6138448388492,0.015439954908410868,0.25357096177165456,-0.1445477519245701,0.47593455401187984,"{""type"":""MultiPoint"",""coordinates"":[]}"
20240603,2024-06-03,297.97466288118477,-0.0067052707718225175,0.009119770905084226,99919.00013605432,4.885599334189234E-4,1.3490211091958174E7,299.5102426075192,0.007350015266687053,-0.048051032327605436,0.40716590587874135,0.46226790994817735,"{""type"":""MultiPoint"",""coordinates"":[]}"
20240604,2024-06-04,297.8207483031398,-0.004386527531636222,0.007506208988010691,99999.72298353167,2.684608461880056E-4,1.0146676705373242E7,299.0720166659066,0.009476352204947193,-0.18467115616480287,0.6062212901729305,0.48694267334853814,"{""type"":""MultiPoint"",""coordinates"":[]}"
20240605,2024-06-05,298.11426907500515,-0.004485845998375588,0.009268901567789265,100044.95470576579,0.0010574413601173375,1.0334148354129102E7,299.10997753507866,0.01856362958312078,0.2652483686602363,0.5959033498341022,0.4818772417892271,"{""type"":""MultiPoint"",""coordinates"":[]}"
20240606,2024-06-06,297.62291242125116,-0.0058587489201624475,0.007523623396892046,100051.48967554273,5.739584398579176E-4,1.1642171978362786E7,298.86996809515415,0.011323541475796244,0.16347629721025134,0.8568447962276123,0.47947128737025835,"{""type"":""MultiPoint"",""coordinates"":[]}"
20240607,2024-06-07,297.85101129091885,-0.00303098358539008,0.01445098051763037,99967.600900952,0.003477984012312464,7693568.398124774,298.3819058000189,0.031186024694081636,0.6411385309783609,1.1813542571316002,0.47235398958015656,"{""type"":""MultiPoint"",""coordinates"":[]}"
20240608,2024-06-08,297.5525409637958,-0.0034762303342554405,0.027416080650206814,100004.57007026699,0.004786310573046362,8606565.009736747,298.1760383046065,0.03510261241855752,1.1904549461701328,1.2366160390353833,0.4733389040386037,"{""type"":""MultiPoint"",""coordinates"":[]}"
20240609,2024-06-09,297.4490674430755,-0.00626075319378891,0.02651121379492561,100014.02152575478,6.272381757984856E-4,1.312988995311937E7,298.7655631211074,0.013547238888097418,0.5804972405014652,0.525624123197405,0.4694940736910261,"{""type"":""MultiPoint"",""coordinates"":[]}"
20240610,2024-06-10,297.40245425011886,-0.007031107095016111,0.011950998160325788,100080.79228343064,4.527674705123283E-4,1.5155578630364234E7,298.74017199857803,0.01154705950898811,0.4504162866001104,-0.03518447507415085,0.4860747631158748,"{""type"":""MultiPoint"",""coordinates"":[]}"
20240611,2024-06-11,297.74223576240894,-0.0048433964151124685,0.01448746760679074,100099.92587721585,0.001423149889894569,1.1743600651280204E7,298.7301295629301,0.01956124083462532,0.7491300649146563,-0.15074152600551713,0.4773171907836018,"{""type"":""MultiPoint"",""coordinates"":[]}"
20240612,2024-06-12,297.24036136214045,-0.0032467885870517397,0.009401069649754129,100172.3270811147,1.9399990759900106E-4,7782281.335016228,298.27012493708105,0.007654653937248687,0.12107094894135886,-0.1749242176759098,0.4856448636087665,"{""type"":""MultiPoint"",""coordinates"":[]}"
20240613,2024-06-13,297.3076139923071,-0.01118779091887899,0.007882406849788921,100085.19447369399,4.966411399703744E-5,1.8871413661016952E7,299.6992689390168,0.0032157235978534596,0.7225823302096451,-0.11970712095660249,0.47833812235352924,"{""type"":""MultiPoint"",""coordinates"":[]}"
20240614,2024-06-14,297.39984141153883,-0.011229558643981346,0.006997377712117004,99965.0735352502,4.056876601185819E-5,1.8937880276956365E7,299.7179270348937,0.002856710274062034,0.796124392166807,0.07787228010353923,0.47788782196558516,"{""type"":""MultiPoint"",""coordinates"":[]}"
20240615,2024-06-15,296.9334371458783,-0.012236435044243843,0.006246058402661592,99933.81555658545,3.896701746454663E-5,2.0933520853227556E7,299.59148886421866,0.0030302764121146763,0.4130481085334208,0.2762854145415515,0.4744936460083904,"{""type"":""MultiPoint"",""coordinates"":[]}"
20240616,2024-06-16,297.0939962772498,-0.009238322728588572,0.0056445681705958066,99942.62711477026,5.6840903893129274E-5,1.6366136449332856E7,299.2832045093696,0.0037465398212840886,0.32470544465875845,0.14848101051657056,0.47999482785928904,"{""type"":""MultiPoint"",""coordinates"":[]}"
20240617,2024-06-17,297.0675824875298,-0.008884528988359038,0.0054749367154766585,99951.36460328955,4.0190964614790443E-4,1.5663929899026323E7,299.1855054532756,0.008760362831272305,0.1733098597978798,0.8051931133836576,0.4806948815533885,"{""type"":""MultiPoint"",""coordinates"":[]}"
20240618,2024-06-18,297.15000103293517,-0.007676469201737264,0.0047616024057958875,99989.30044692497,1.132062898617637E-4,1.4768193515326366E7,298.7668027658849,0.006737105598770843,0.2156177296605818,0.6563967278204595,0.4928218675556774,"{""type"":""MultiPoint"",""coordinates"":[]}"
20240619,2024-06-19,297.29889774448617,-0.00456453609393471,0.006940136067475218,99912.61979653835,0.0010424891169046266,1.0710257076090878E7,298.30924651307237,0.020138947119190082,0.5643755842507608,0.5710073004033737,0.4837529011279405,"{""type"":""MultiPoint"",""coordinates"":[]}"
20240620,2024-06-20,297.1796601368037,-0.0019399028216356671,0.00479645825038522,99930.45810835654,2.13709374734567E-4,5330427.603317707,297.88521829140365,0.009307692372606322,-0.009306134419854508,0.17827165004997564,0.48736523980059177,"{""type"":""MultiPoint"",""coordinates"":[]}"
20240621,2024-06-21,296.9348873501143,-0.0024516437641988794,0.011909776542898641,99908.60801322416,0.003510469398127108,5853285.492246665,297.38914609680467,0.030817366438804835,0.3945539814589874,-0.3760642954930332,0.4814069653692291,"{""type"":""MultiPoint"",""coordinates"":[]}"
20240622,2024-06-22,297.1933785787152,-0.003403622330610734,0.03566252333278309,99761.86945270475,0.006763288069461341,7036785.257843492,297.767057797129,0.052599070798263196,1.0821169844068061,-0.11143465680648451,0.47715197493356787,"{""type"":""MultiPoint"",""coordinates"":[]}"
20240623,2024-06-23,297.04705076725503,-0.002738406338278585,0.043973864715451,99761.34076455254,0.0041410881385148075,6082608.005769926,297.5587402451051,0.043666884960368225,1.5474678658137944,-0.4846242851241735,0.4829966494320304,"{""type"":""MultiPoint"",""coordinates"":[]}"
20240624,2024-06-24,297.1580173823965,-0.0042462216195134185,0.030749448995232537,99718.96058063622,0.002379023785351245,9681567.589614136,297.7984167812737,0.0322298417861258,2.442302346645117,0.03845542890691091,0.47638130302626386,"{""type"":""MultiPoint"",""coordinates"":[]}"
20240625,2024-06-25,297.19176727769076,-0.004715533566376039,0.0323788509487547,99759.83363156115,0.004521110840343286,1.103002823945186E7,297.8851565583307,0.04806311449396213,2.6873072637848474,0.061489989370920865,0.4755460263616923,"{""type"":""MultiPoint"",""coordinates"":[]}"
20240626,2024-06-26,297.0001319541799,-0.002916707047702946,0.07748151236048167,99811.67978223322,0.008287159831481768,5558156.0786152175,297.34060206999646,0.0734485296847429,2.271843513454838,0.3141062068801644,0.4778314859395073,"{""type"":""MultiPoint"",""coordinates"":[]}"
20240627,2024-06-27,297.04629045782906,-0.0018489393454315087,0.02292763824674398,99962.15774689105,0.0016444712296918205,5162943.802380093,297.44010866048006,0.024649817333984927,0.7823511229812103,-0.05125860004904236,0.48626722282394086,"{""type"":""MultiPoint"",""coordinates"":[]}"
20240628,2024-06-28,296.8379754521466,-0.006963608025419039,0.01183204799406889,99919.40171260585,9.66105340105766E-5,1.3733618124774612E7,298.40500663727977,0.004763797212926165,0.08583069673050538,0.10307484752699964,0.49599337861549114,"{""type"":""MultiPoint"",""coordinates"":[]}"
20240629,2024-06-29,297.06576405564294,-0.009943900692346852,0.009578792757821178,99951.79154282087,3.4309665713119375E-5,1.661508032672196E7,299.24925984165856,0.0023641749980668277,0.41294781326860713,0.030381995090599717,0.4873948509352957,"{""type"":""MultiPoint"",""coordinates"":[]}"
20240630,2024-06-30,297.31090757803554,-0.006550970647498842,0.008157201087135208,100034.49547680991,1.020090452308394E-4,1.2573529415795168E7,298.8781558748821,0.005611394033357759,0.25929404331064665,0.004208382182803957,0.4888762182764659,"{""type"":""MultiPoint"",""coordinates"":[]}"
20240701,2024-07-01,297.2076426640283,-0.0032256423830556136,0.010666068338376286,100033.83445064574,0.0013674392656776134,7646499.068878473,298.01315825918937,0.018258697979633597,0.18200144359076426,-0.14331004676630843,0.48635474109982113,"{""type"":""MultiPoint"",""coordinates"":[]}"
20240702,2024-07-02,297.20239629560916,-0.008924348218708406,0.006446426643647745,99882.63034685288,2.4467679811994222E-5,1.2544621239091238E7,299.5243771329839,0.0017641271725485055,0.5721594786067927,-0.4507189809394751,0.4781347658359341,"{""type"":""MultiPoint"",""coordinates"":[]}"
20240703,2024-07-03,297.2488237677436,-0.00988279403013698,0.005958968928648685,99977.51992878926,9.772728818270262E-5,1.6241165829065995E7,299.4735675316072,0.005994009989889099,0.9802861131717844,-0.34804014317590126,0.4843499796624682,"{""type"":""MultiPoint"",""coordinates"":[]}"
20240704,2024-07-04,297.0719658635761,-0.010231007149814488,0.005428056880493179,100000.04149410424,6.370454908406053E-5,1.6037008199062387E7,299.4483485815114,0.004256725818678721,0.7092252289508023,-0.7123319470175958,0.4872324922105156,"{""type"":""MultiPoint"",""coordinates"":[]}"
20240705,2024-07-05,297.341225000568,-0.006235451953068479,0.005894729324166113,99908.70781775906,8.771813683160753E-4,1.406593769203029E7,298.7105961132543,0.010795308282450705,0.4304776522442332,0.12999434603823973,0.4817777432591773,"{""type"":""MultiPoint"",""coordinates"":[]}"
20240706,2024-07-06,296.9214963705469,-0.007899311188107317,0.005727824276421332,99871.3547671135,4.332993720956027E-4,1.3278032667868737E7,298.69847311906517,0.009426255525045186,0.5635011858458071,-0.41580219288287296,0.4904681920059486,"{""type"":""MultiPoint"",""coordinates"":[]}"
20240707,2024-07-07,296.89230216909374,-0.008531995174087774,0.004977795553688878,99864.09223843527,4.3933820066751245E-4,1.4658065516768847E7,298.41288340156194,0.012446342764930783,0.5965497845539552,-0.3925381264214849,0.47337724486427935,"{""type"":""MultiPoint"",""coordinates"":[]}"
20240708,2024-07-08,296.65186974394425,-0.0017503055059067232,0.009683686703862677,99863.03104310119,0.0024599572015591062,3931448.7017670395,297.0719798627217,0.02755505590287521,0.48857015886477595,-0.023243737974509602,0.4820178309689492,"{""type"":""MultiPoint"",""coordinates"":[]}"
20240709,2024-07-09,296.55415615128095,-0.008478542590319703,0.004919887876042038,99959.45347863565,2.8514601706684686E-4,1.3807527721601155E7,298.123176475889,0.008367017848130744,0.560175774289175,0.2169176326633173,0.4974736033587636,"{""type"":""MultiPoint"",""coordinates"":[]}"
20240710,2024-07-10,296.8254085964474,-0.005334494712709134,0.01468887636313747,100121.01946891622,0.0031465994287517324,1.1940680442841688E7,298.0631934210779,0.029463311322127452,0.35391244247478726,0.4412391510472904,0.4703113470158909,"{""type"":""MultiPoint"",""coordinates"":[]}"
20240711,2024-07-11,296.61270884571064,-0.013854883322367976,0.006245244115730764,99966.91247762559,1.0764021177907477E-4,1.940856576848179E7,299.6759728315803,0.005079981309500918,1.1284913211247714,-1.0046598073567519,0.46964841588842626,"{""type"":""MultiPoint"",""coordinates"":[]}"
20240712,2024-07-12,297.14862353217933,-0.005855284942924611,0.022873319672024984,99924.37739615266,0.007518741936620031,1.109258411611973E7,298.16645233240513,0.04251524535619539,1.1108010736046567,-0.6879471252279538,0.4805340280268023,"{""type"":""MultiPoint"",""coordinates"":[]}"
20240713,2024-07-13,296.9036247474899,-0.004211423017844973,0.03793011264243455,99966.23663797436,0.003202127708539264,1.0218048991705736E7,297.6412768996183,0.031010537727017545,0.8077350469259763,-0.8576446420542538,0.48010392308822686,"{""type"":""MultiPoint"",""coordinates"":[]}"
20240714,2024-07-14,296.68806949225257,-0.006278335851987603,0.016480732358538027,99829.8743294717,0.0011362745804430734,1.1949939232239453E7,297.8711076975585,0.016315009399539605,1.271763976627079,-1.1572983155730312,0.47699078024400937,"{""type"":""MultiPoint"",""coordinates"":[]}"
20240715,2024-07-15,297.1253410795157,-0.0031689871928771824,0.054122615566633704,99853.60794331877,0.005900954500544686,7166396.9761990635,297.52046770865513,0.05842899831405687,2.2991774240671004,-0.032658418248888814,0.47762403328812236,"{""type"":""MultiPoint"",""coordinates"":[]}"
20240716,2024-07-16,296.97045568623713,-0.002890182189506355,0.031331935066567236,99900.7548653215,0.0013454862925020147,6181701.707176344,297.46063973442523,0.03065773850512752,2.008610301356517,-0.14311778976705472,0.47541493804341045,"{""type"":""MultiPoint"",""coordinates"":[]}"
20240717,2024-07-17,297.05894599710035,-0.0029266804746888495,0.030218070027009703,99992.88574711789,0.0033141484882399097,7587159.8416877035,297.47021372213084,0.04037222784755465,1.9845675842050376,-0.36310737407297783,0.47148183326707455,"{""type"":""MultiPoint"",""coordinates"":[]}"
20240718,2024-07-18,296.8985670515946,-0.001898904634304439,0.03886572700940958,100008.06744039203,0.002790808994719323,4774715.724125497,297.22041248097315,0.033093371174743015,1.3406545861665269,-0.6858926390437987,0.4769844189760905,"{""type"":""MultiPoint"",""coordinates"":[]}"
20240719,2024-07-19,296.8341070295082,-0.00505895643158162,0.013210980923563575,99864.28752892475,1.967966830605769E-4,1.0469244428416878E7,297.93736645303863,0.007888056731643157,1.0781182851881947,-0.9819284764487152,0.48962033782272985,"{""type"":""MultiPoint"",""coordinates"":[]}"
20240720,2024-07-20,297.0058381580106,-0.0058090493628426745,0.009624516272368608,99908.5584323396,1.6995291287745122E-4,1.2064229406058421E7,298.23442771174274,0.008033899897766712,1.1476945252297575,-0.9525462619701478,0.497770790469691,"{""type"":""MultiPoint"",""coordinates"":[]}"
20240721,2024-07-21,296.84319877945495,-0.01145590936346601,0.008172578394971855,99980.62447620848,1.2238369364623252E-4,1.8249338010818608E7,299.1143098361849,0.005920192257429429,1.1695735028965397,-0.44480151094944953,0.4952379087513923,"{""type"":""MultiPoint"",""coordinates"":[]}"
20240722,2024-07-22,297.268399111682,-0.004745601953483857,0.008859373223381787,100143.1338048514,3.628958805218699E-4,1.0441082251352329E7,298.379396159111,0.011139798615652858,1.2471453695002621,-0.5362510179037485,0.4700305479939045,"{""type"":""MultiPoint"",""coordinates"":[]}"
20240723,2024-07-23,296.9059768098523,-0.007521584276694321,0.0065839666667674105,100139.9480038283,8.835823547526298E-5,1.3487720402812835E7,298.5399395554868,0.005489353481458493,0.6596782052440991,-0.7605507884235936,0.4888904385590215,"{""type"":""MultiPoint"",""coordinates"":[]}"
20240724,2024-07-24,296.81098206780655,-0.011938443991130242,0.006035286894224633,99940.67550608922,1.145844914360335E-4,1.8273158517490093E7,299.0839392378548,0.006379714556502983,1.0835329226138344,-0.9327447824372683,0.48837969603769515,"{""type"":""MultiPoint"",""coordinates"":[]}"
20240725,2024-07-25,297.2699501224687,-0.004833642052123146,0.014399469677954,99875.78567217648,0.0039016020091655577,1.1104397286693115E7,298.1084858763317,0.036716084393435926,1.5728210995354637,-0.3993324640923817,0.47832298003677165,"{""type"":""MultiPoint"",""coordinates"":[]}"
20240726,2024-07-26,297.0016841104304,-0.008150865868932282,0.006019190894194645,99932.68928202997,2.2093367585196975E-4,1.4495121311936537E7,298.5599852311008,0.009568203153311026,1.1141353769505276,-0.9937401481912264,0.4913137686741239,"{""type"":""MultiPoint"",""coordinates"":[]}"
20240727,2024-07-27,297.33050889094187,-0.00954525820908244,0.005562827249016953,99905.01608193829,7.878160631446E-5,1.5878319960692395E7,299.4027875404345,0.004290670301567722,1.5132244957053673,-1.5885557839182336,0.488478260611181,"{""type"":""MultiPoint"",""coordinates"":[]}"
20240728,2024-07-28,297.2170202523732,-0.00638142187689729,0.0075294008344852495,99810.1536579831,8.689182499148893E-4,1.4076354371799503E7,298.3642325932654,0.018905431829093253,1.4567491517844777,-0.8505202475212015,0.482485429901589,"{""type"":""MultiPoint"",""coordinates"":[]}"
20240729,2024-07-29,297.2792306847978,-0.0033448124851855492,0.0452228874435633,99827.48201365332,0.007840261981025573,9050468.599350886,297.7695323003144,0.061936402624942814,1.388900453274261,0.13805603916534143,0.4778054547232496,"{""type"":""MultiPoint"",""coordinates"":[]}"
20240730,2024-07-30,296.7727631533256,-0.001303119690376114,0.05267661708896445,100046.61620060724,0.006670443116113936,2696196.623151822,297.091293871238,0.04814131492969333,0.2396793379235087,-0.6250342216066394,0.4755520011845913,"{""type"":""MultiPoint"",""coordinates"":[]}"
20240731,2024-07-31,296.90254742681645,-0.002120218669953348,0.025198637737915752,100101.90347696868,0.0027089642190864455,5447947.386584927,297.4577591319771,0.027876801942391297,0.3832104874711898,-0.05060827991454872,0.4740273826095631,"{""type"":""MultiPoint"",""coordinates"":[]}"
20240801,2024-08-01,296.80785360449795,-0.005440732519946028,0.018632421398309007,100113.40801571282,0.0012810605497855468,1.2557883662459431E7,297.8935227972453,0.02129996424962227,0.938805877395742,-0.10810372038147802,0.4772046123907706,"{""type"":""MultiPoint"",""coordinates"":[]}"
20240802,2024-08-02,296.5589784616919,-0.006969773437286429,0.016441784146199196,100096.36382576083,0.0021000702459374535,1.3794101646952763E7,298.12019005445416,0.011476903238049747,0.4334997148923054,-0.5081429699891918,0.4570432255540075,"{""type"":""MultiPoint"",""coordinates"":[]}"
20240803,2024-08-03,296.3957179952577,-0.007886801455055728,0.00970982790014781,100131.78300045223,3.068471401983592E-4,1.4088796880995313E7,298.2377540830494,0.008428741416905187,0.4539375722458449,-0.8580359503230964,0.47081465743484796,"{""type"":""MultiPoint"",""coordinates"":[]}"
20240804,2024-08-04,296.4405532451272,-0.006308510304410837,0.008255224961087543,100101.81908085033,2.7942597823069068E-5,9931363.097006852,298.59247671123427,0.0017778581223933225,0.3546025053442262,-0.8658001161363925,0.4767348441614499,"{""type"":""MultiPoint"",""coordinates"":[]}"
20240805,2024-08-05,296.69744422610876,-0.009292779801352291,0.007705328371436256,100093.72152526176,4.1184974972023006E-4,1.5980641132708259E7,298.4002902410053,0.010604299150818397,0.7467142495559895,-0.4179548381799,0.48219856354376067,"{""type"":""MultiPoint"",""coordinates"":[]}"
20240806,2024-08-06,296.28765231684025,-0.00977984521090662,0.00677102285894383,99974.61042563518,1.4738857563419808E-4,1.4896492005048687E7,298.6904766274439,0.003930480301036244,0.7671344950589182,-1.3968509348958627,0.4835301878532834,"{""type"":""MultiPoint"",""coordinates"":[]}"
20240807,2024-08-07,296.48361583351596,-0.009982252907944295,0.00597150560657857,100018.27085499167,9.880789911278396E-5,1.628999541795889E7,298.5666718125874,0.00557476570685332,0.788225793225187,-0.9711328385641174,0.4808735397518622,"{""type"":""MultiPoint"",""coordinates"":[]}"
20240808,2024-08-08,296.38904545968916,-0.004816862697092757,0.005455603114414251,100136.74012179858,7.883352125073616E-5,7817479.975117206,297.71040721695675,0.004401585345787561,0.06083787486363754,-0.4591293276925402,0.49065174651211846,"{""type"":""MultiPoint"",""coordinates"":[]}"
20240809,2024-08-09,296.0529227341034,-0.013890797763342809,0.0050164311425676435,100109.14583779415,7.964225181637367E-5,1.994105191489362E7,299.02434664475305,0.004531149453864045,1.1741952853702073,-0.9246446420430192,0.4857496438597901,"{""type"":""MultiPoint"",""coordinates"":[]}"
20240810,2024-08-10,297.0630241423391,-0.008059366750257178,0.008225694685647777,100039.76956100822,0.0019580398414524467,1.37826316209881E7,298.5093025888929,0.01962861477834328,1.076443924398316,-1.0079826923184192,0.4766522259763234,"{""type"":""MultiPoint"",""coordinates"":[]}"
20240811,2024-08-11,297.06555072446474,-0.008707879293203527,0.00600736233846745,99805.7295041025,0.0012834497680098325,1.4961221547060948E7,298.9431354365881,0.01245982279060828,0.8506675254325625,-1.3218529069491025,0.47388622276140163,"{""type"":""MultiPoint"",""coordinates"":[]}"
20240812,2024-08-12,297.3359566145268,-0.010946400200271711,0.010578359211561614,99673.39380484438,0.0031065096654833506,1.8234553934006497E7,299.4059909784331,0.027534367934030978,0.7023450732446088,-1.043714325450077,0.4772575594854694,"{""type"":""MultiPoint"",""coordinates"":[]}"
20240813,2024-08-13,297.62697947708835,-0.010613240571635494,0.020588794819207296,99668.4583769435,0.005920418568715867,1.7674552233681936E7,299.38342577231197,0.04171723216030516,0.09430026033632828,-0.3582894320470208,0.4711460018834324,"{""type"":""MultiPoint"",""coordinates"":[]}"
20240814,2024-08-14,297.38683691528047,-0.008339405505828294,0.017951145641884568,99655.84236721144,0.0014236887337238918,1.5971160400649117E7,299.06601527425335,0.011572478245708688,-0.4528098394699089,0.5627135905756345,0.4700587064346625,"{""type"":""MultiPoint"",""coordinates"":[]}"
20240815,2024-08-15,296.87921022070566,-0.012473262417920438,0.007062086200739906,99607.27667856295,3.199041523831957E-5,1.8066623290299315E7,299.72028071938524,0.0021750031638953647,0.6925567022122534,0.03384648717528768,0.46891482768544274,"{""type"":""MultiPoint"",""coordinates"":[]}"
20240816,2024-08-16,297.55782820872076,-0.0093401666506292,0.00911379895978055,99600.51494026759,0.0014848343616911015,1.6433332448972235E7,299.27918261154184,0.01897253755075186,0.8788216292019835,-0.286972149158702,0.47438454974770966,"{""type"":""MultiPoint"",""coordinates"":[]}"
20240817,2024-08-17,297.14351904330624,-0.006289048057910643,0.00879634359533762,99782.67395907296,8.498430037128766E-4,1.3544998405697804E7,298.4534569678506,0.014689845537778235,0.23115239451174874,0.8592731374031449,0.4675761022337325,"{""type"":""MultiPoint"",""coordinates"":[]}"
20240818,2024-08-18,296.76979807406497,-0.010058084886361236,0.006848873712291713,99775.42156908322,1.227463405140032E-5,1.5333393982329605E7,299.312294057247,8.193478783530679E-4,-0.016750908196008274,0.9033464532672881,0.4651232696608407,"{""type"":""MultiPoint"",""coordinates"":[]}"
20240819,2024-08-19,296.84348887895106,-0.008812497368937489,0.008224048553349695,99719.75216724332,0.0018406889787272256,1.6181344313018395E7,298.757854675814,0.013245156634662112,-0.2243177978189136,1.2349957268116838,0.4710090697735946,"{""type"":""MultiPoint"",""coordinates"":[]}"
20240820,2024-08-20,296.7030409310697,-0.005308543260384244,0.011480583184963953,99765.85455428653,0.002149388513816981,9056963.224666426,298.2107975491253,0.019412719325825008,-0.3847985000245804,1.6887896636856734,0.46403101107036426,"{""type"":""MultiPoint"",""coordinates"":[]}"
20240821,2024-08-21,296.79379047816127,-0.003659335606866823,0.01272623079737902,100032.01345329596,0.0024197800679409756,8845278.872701047,297.4729924264444,0.02635067438940359,0.32776469832673816,1.6162247354701418,0.4767292959069043,"{""type"":""MultiPoint"",""coordinates"":[]}"
20240822,2024-08-22,296.1300210009287,-0.006769887627439296,0.008513955496791636,100095.46905145604,4.397129275245956E-5,1.0318972042553194E7,298.3431737399729,0.0023016161229735504,-0.12118761161726704,0.8626394645857374,0.4689709988619392,"{""type"":""MultiPoint"",""coordinates"":[]}"
20240823,2024-08-23,296.1459520575891,-0.01248001381271246,0.00777949829405497,100155.94264676262,4.733088125702796E-5,1.863137622827263E7,299.1356832016144,0.0032506322113120658,0.45395367500056666,1.200973399915809,0.4666869798264318,"{""type"":""MultiPoint"",""coordinates"":[]}"
20240824,2024-08-24,296.592299055202,-0.006788963084557495,0.0072776551925658834,100275.24863446772,2.4180916825486062E-4,1.4462890167688424E7,298.2832638107393,0.008064450120457319,0.3946769809275813,0.6719988692994732,0.4816159697618747,"{""type"":""MultiPoint"",""coordinates"":[]}"
20240825,2024-08-25,296.3886567553816,-0.011257796296080744,0.006454149967081661,100202.49366519792,1.2222108667265673E-4,1.9095241903353773E7,298.59910006270354,0.006616005740938655,0.8790234465885083,0.20064291701550127,0.4820948402559776,"{""type"":""MultiPoint"",""coordinates"":[]}"
20240826,2024-08-26,296.4868282933035,-0.010996363627171202,0.005956933780929649,100140.24993408586,1.674181490523954E-4,1.8976813760548145E7,298.51530998666533,0.008502132903141018,1.1276411209445776,-0.07665292076629464,0.49413647429847657,"{""type"":""MultiPoint"",""coordinates"":[]}"
20240827,2024-08-27,296.44444775022504,-0.008339296669047362,0.005486958080837541,100209.38516404467,1.0030488814423759E-4,1.4749915677605482E7,298.57527249328564,0.00553757605722911,0.5770381237827452,-0.12559349712578635,0.4924978785165757,"{""type"":""MultiPoint"",""coordinates"":[]}"
20240828,2024-08-28,296.5185223636841,-0.007864058823779824,0.0051275959975273224,100189.47950322212,1.4533624563499176E-4,1.3651064477100618E7,298.2944008466902,0.007052977769497983,0.7309251779087864,-0.6286462354379171,0.48913593168427194,"{""type"":""MultiPoint"",""coordinates"":[]}"
20240829,2024-08-29,296.54771397064803,-0.0073539731084354696,0.007010939869904751,100084.04039522196,0.0010904125302352934,1.3521013293905519E7,297.8168914506951,0.01615228224018271,0.8209101005964143,-0.34876463736804547,0.477019766601093,"{""type"":""MultiPoint"",""coordinates"":[]}"
20240830,2024-08-30,296.52761475812616,-0.0023642085839212052,0.008703693387485183,100096.48996831193,0.001598193438161464,7540967.609448253,297.26213660310685,0.02294528069229192,0.9738655246239847,-0.5076708059383136,0.48038428510979314,"{""type"":""MultiPoint"",""coordinates"":[]}"
20240831,2024-08-31,296.743372269814,-0.006391210561457672,0.004694850152788978,100033.4038613603,2.4960944519720487E-4,1.3100995213126583E7,298.07732793828853,0.009041928746754451,1.2459551027896154,-0.9348932563549253,0.49420346627944467,"{""type"":""MultiPoint"",""coordinates"":[]}"
20240901,2024-09-01,296.7448157684091,-0.0033508194788479007,0.00923454191628407,100010.77370884565,0.0014456148439695206,7647256.667147496,297.39376977424604,0.020835855080852787,1.9129555002114627,-1.0932992661654168,0.4869330725226785,"{""type"":""MultiPoint"",""coordinates"":[]}"
20240902,2024-09-02,296.7632910582521,-0.006211769870212695,0.01076553828055103,100020.3036897487,7.279742679740392E-4,1.309286146952759E7,297.9583868725338,0.01478129041095543,1.541824488015627,-0.5180811012489092,0.4767971926117218,"{""type"":""MultiPoint"",""coordinates"":[]}"
20240903,2024-09-03,296.5377554856236,-0.006548014767347071,0.008570970034410152,100174.17438014872,9.864820788751817E-4,1.435316093148215E7,297.8605804379162,0.013854885272155296,0.6773819080237687,-0.2015737459369829,0.4803357546769995,"{""type"":""MultiPoint"",""coordinates"":[]}"
20240904,2024-09-04,296.6714534511904,-0.00825975718983579,0.006831648080111669,100102.28511481154,1.1152152362989254E-4,1.5374905902632527E7,298.669674222093,0.005212053503863782,1.232943767895993,-0.8720989381769756,0.4910161603828335,"{""type"":""MultiPoint"",""coordinates"":[]}"
20240905,2024-09-05,296.57725232896183,-0.01203955095053106,0.006329231445126443,99989.5429524916,5.3375250073146445E-5,2.072094084385143E7,299.2597585096427,0.0034372914183496625,1.2075698997900168,-1.3884656050985058,0.4808983482381932,"{""type"":""MultiPoint"",""coordinates"":[]}"
20240906,2024-09-06,296.7429551045357,-0.00857514416375102,0.0059174753905546365,100051.40732323268,5.720967404729744E-5,1.6104631288856836E7,298.78911940887275,0.0037370903307979747,0.7729191140982952,-0.930466803353428,0.4825246572236571,"{""type"":""MultiPoint"",""coordinates"":[]}"
20240907,2024-09-07,296.5865772738883,-0.009945243075785551,0.005536108601837008,100139.72830455886,6.387494517885904E-5,1.7187492293544903E7,298.7813583508838,0.004267037441444191,0.8642823274841474,-0.7033899962751607,0.48199026520714516,"{""type"":""MultiPoint"",""coordinates"":[]}"
20240908,2024-09-08,296.6663590465719,-0.0059843851858598866,0.006664295264026382,100174.64813950696,8.930425689274596E-4,1.222245567291742E7,297.92078624303014,0.014937808073244392,1.2782935282690824,-0.4675243225990688,0.4766265574749996,"{""type"":""MultiPoint"",""coordinates"":[]}"
20240909,2024-09-09,296.62773746004865,-0.003642975726509799,0.009061724796563418,100020.21145894376,0.001898936183066563,8296895.923548507,297.40814410884997,0.02250216085361146,1.642367212456255,-0.24575058728087512,0.4739075209146109,"{""type"":""MultiPoint"",""coordinates"":[]}"
20240910,2024-09-10,296.7646277290453,-0.007182088067632184,0.008216017587839202,100021.1907334326,9.394837573595185E-4,1.578042110530112E7,298.0402924048957,0.016145535867178824,1.571366494787271,-0.00796758215764722,0.4839035331780184,"{""type"":""MultiPoint"",""coordinates"":[]}"
20240911,2024-09-11,296.77877948943035,-0.005284178060312544,0.007206104472790049,100136.32868753007,7.410150946927683E-4,1.1800641421565095E7,297.7604805735073,0.01673568634502904,1.1948675411741159,-0.19332962503856246,0.474228123085819,"{""type"":""MultiPoint"",""coordinates"":[]}"
20240912,2024-09-12,296.7480997935499,-0.008167431759320568,0.006162482083080223,100129.69436217404,4.10200272318348E-5,1.4954971781103505E7,298.6097032434881,0.002030453080434743,0.40970347125106954,-0.5758401654434112,0.4805090969923468,"{""type"":""MultiPoint"",""coordinates"":[]}"
20240913,2024-09-13,296.40343520555064,-0.013571444381628923,0.005931855784913844,100065.01645365186,6.358039871347197E-5,2.157586701839164E7,299.30984628239224,0.0038280465189179285,1.0415810787816764,-0.6438477987824102,0.47228984303135674,"{""type"":""MultiPoint"",""coordinates"":[]}"
20240914,2024-09-14,296.4142414633651,-0.011823373614634761,0.0056200079321646335,100056.93845073685,5.492632231297926E-5,1.8787076080778945E7,299.1533566851042,0.003148991277817992,0.950699934722684,-0.684612178160517,0.47728732985248806,"{""type"":""MultiPoint"",""coordinates"":[]}"
20240915,2024-09-15,296.6249986057716,-0.01114600967498966,0.0053326353629573435,100065.09163458417,8.042651341789429E-5,1.993676146808511E7,299.02410000112,0.004970707116483379,0.9385347149667006,-0.8262560465456503,0.4763458398460612,"{""type"":""MultiPoint"",""coordinates"":[]}"
20240916,2024-09-16,296.41204722602015,-0.014574039310990715,0.00498961964927767,100091.3923034338,4.4712777327769E-5,2.1574245389109273E7,299.52950218334587,0.0032314148809846747,1.1247523438831637,-1.137114986976131,0.47400321426235686,"{""type"":""MultiPoint"",""coordinates"":[]}"
20240917,2024-09-17,296.5351535619659,-0.012519043703350916,0.0046622014694853555,100022.0129859687,2.057443037387313E-5,2.1372414243058063E7,299.08348632956483,0.001616343200271241,1.0159564677991748,-1.1581406904421887,0.46625443401352734,"{""type"":""MultiPoint"",""coordinates"":[]}"
20240918,2024-09-18,295.8704860094348,-0.014522745677367728,0.004360587608500419,99914.32960011534,1.3551110884707372E-5,2.2094934840605848E7,298.9623238359138,0.0011048438362455822,0.8929108774336735,-0.8187018055256091,0.4555547911181649,"{""type"":""MultiPoint"",""coordinates"":[]}"
20240919,2024-09-19,295.4484717727553,-0.014094484324462572,0.004081247294482194,99941.49327793028,1.6180608318121134E-5,2.1967905579877388E7,298.6748030318966,0.0013996127422047835,0.4562353005072778,-0.35780171367006963,0.446479209843042,"{""type"":""MultiPoint"",""coordinates"":[]}"
20240920,2024-09-20,295.23890442062356,-0.013944697908565451,0.0038103696873718514,99964.0914600848,7.536236748900003E-6,2.1411003986296427E7,298.76521128487,6.742169838281367E-4,0.4493058160285933,-0.5285393825043337,0.43735335219693106,"{""type"":""MultiPoint"",""coordinates"":[]}"
20240921,2024-09-21,296.07853580309325,-0.01093468678731631,0.003609003455489283,99981.36781735286,3.931817007202385E-5,1.8753389797331415E7,298.56159672013183,0.0034889333420083154,0.5877792382701715,-0.7791997798576225,0.44011834373066006,"{""type"":""MultiPoint"",""coordinates"":[]}"
20240922,2024-09-22,296.3649349221817,-0.009080362431987116,0.0034359720073105673,99912.9167520088,6.66151628612913E-5,1.5406900696130507E7,298.2549142396168,0.0051892893282386105,0.7922310705926645,-0.2779260650680163,0.456534910035801,"{""type"":""MultiPoint"",""coordinates"":[]}"
20240923,2024-09-23,296.99653822642887,-0.005541069517056521,0.005055851718492126,99899.7225608711,0.001716105806786705,1.2602209403599732E7,298.18691557705273,0.018892652103060452,0.7827399251896368,-0.4615896081735286,0.4809483996892379,"{""type"":""MultiPoint"",""coordinates"":[]}"
20240924,2024-09-24,296.48048066181525,-0.0071827461194076386,0.003282869755254512,99863.83059141022,1.316407995665929E-4,1.3006447439892098E7,298.1694240480651,0.007700081582009251,0.7207523854481857,-0.09317848037277685,0.4908864683565547,"{""type"":""MultiPoint"",""coordinates"":[]}"
20240925,2024-09-25,296.57354180975335,-0.009520479589109598,0.002987432078983309,99858.00880361878,6.784256876826158E-5,1.6161645194528753E7,298.59695805264056,0.004777508793520319,0.631451208841659,-0.6011412199593347,0.48886967576571794,"{""type"":""MultiPoint"",""coordinates"":[]}"
20240926,2024-09-26,296.83012096067085,-0.011974107433786215,0.002828948530229128,99886.16877603698,3.771701262739218E-5,1.8977275314892095E7,299.2551522851635,0.002903433937782249,0.8786688306065389,-0.7983450249476938,0.48038457262213674,"{""type"":""MultiPoint"",""coordinates"":[]}"
20240927,2024-09-27,296.806597712751,-0.011698368223423653,0.0026861144249249232,100003.15840779345,1.913133378584291E-5,1.8978627313901536E7,299.18805872521335,0.0015447069976224825,0.5218529621559436,-1.034851319945508,0.47262264475941096,"{""type"":""MultiPoint"",""coordinates"":[]}"
20240928,2024-09-28,296.86896048063323,-0.011146748840830363,0.00260061826026272,99992.82059599545,5.461373378170385E-5,1.6919491152925313E7,299.70940822780614,0.0034363542607388376,0.45760269499782324,-1.004201319415719,0.46259460914649414,"{""type"":""MultiPoint"",""coordinates"":[]}"
20240929,2024-09-29,297.3623201214561,-0.01070532144282082,0.0025677357018101398,100017.69833146213,1.0425434876038545E-4,1.6465403507671557E7,299.47677017126637,0.0050003037607940625,-0.16624428902355612,-0.24988071729907887,0.4757789955042865,"{""type"":""MultiPoint"",""coordinates"":[]}"
20240930,2024-09-30,297.1961964477583,-0.010349388510053271,0.003523979576494649,99979.91750130538,9.098907014414849E-4,1.6530073963075371E7,299.7348786037778,0.009041716482413018,-0.26565462798650397,0.22227623087523837,0.4650820461456157,"{""type"":""MultiPoint"",""coordinates"":[]}"
20241001,2024-10-01,297.0053547965691,-0.012065337970181148,0.0023191367493310307,99949.24249764283,6.840360581638407E-5,1.8948960912809815E7,299.5170692182932,0.004575286636896783,-0.2415195393553719,0.7616536927375102,0.46027377580619083,"{""type"":""MultiPoint"",""coordinates"":[]}"
20241002,2024-10-02,297.0890911504445,-0.011110251792933252,0.0021899814801099203,100062.37531747969,2.3381732836811714E-5,1.7510721107296415E7,299.6961920108055,0.0019403758264654046,-0.6026057749932914,1.3675936607088464,0.46736852462682366,"{""type"":""MultiPoint"",""coordinates"":[]}"
20241003,2024-10-03,296.73730753533965,-0.009042016545218592,0.00220284502707446,100073.48873437315,1.1421760474994989E-4,1.5427682868319005E7,299.0565493467092,0.005331732867834292,-0.5787836151178075,1.027274062418855,0.4752981893459412,"{""type"":""MultiPoint"",""coordinates"":[]}"
20241004,2024-10-04,296.754941362761,-0.008989882750488386,0.0029197354964559967,100074.5699954899,9.023178243869229E-4,1.6290451423516273E7,299.0499090535637,0.007986906096165154,-0.44495172084474083,0.3957928147277575,0.4686130458796479,"{""type"":""MultiPoint"",""coordinates"":[]}"
20241005,2024-10-05,296.86304544608663,-0.00787473638839899,0.0019646115222219694,100058.67796762778,1.2351082435722097E-5,1.226482878087591E7,299.17688543015004,0.001067200609214947,-0.30448930413122005,0.2216936415642382,0.46274001026027456,"{""type"":""MultiPoint"",""coordinates"":[]}"
20241006,2024-10-06,296.684654475892,-0.007427813304575438,0.003274858277324645,100033.01304818508,9.264851568667763E-4,1.3562322224793456E7,298.33710354024197,0.013851095875199605,-0.3112909210919044,0.5194396277662796,0.469509508564203,"{""type"":""MultiPoint"",""coordinates"":[]}"
20241007,2024-10-07,296.5817342875798,-0.005478150642846752,0.002848800968981976,100135.13287982282,4.344446630930153E-4,9854918.75473545,297.7330577566956,0.014779516335561998,-0.7518534677248475,1.094579594369433,0.4762556083157366,"{""type"":""MultiPoint"",""coordinates"":[]}"
20241008,2024-10-08,296.4837878078548,-0.006051855846256115,0.002928152806678061,100120.47830285667,2.6536971771282884E-4,9389921.308383655,298.3331747186888,0.0077037171829564075,-0.6599294410501052,1.1186212705210263,0.47552930077819794,"{""type"":""MultiPoint"",""coordinates"":[]}"
20241009,2024-10-09,296.6470814099722,-0.008025853866775073,0.006118097128611887,99984.46553182801,0.002041645842448839,1.4888176360752085E7,298.22626846153906,0.02145604775285532,-0.43922779625719416,1.4487938215589562,0.47390057499240495,"{""type"":""MultiPoint"",""coordinates"":[]}"
20241010,2024-10-10,296.31236940313534,-0.0036544477962712455,0.0032403023474877647,99906.01742874696,6.846729605540963E-4,7597053.349801658,297.5887726436285,0.013364492788532294,-0.4678048556750031,0.6730461442738519,0.4770593695921999,"{""type"":""MultiPoint"",""coordinates"":[]}"
20241011,2024-10-11,295.9215672671014,-0.008893373480427364,0.0026924270871869506,99926.05958234493,4.8198394297349764E-4,1.5614391576631807E7,298.00671227119597,0.010024870696599256,-0.26794316020919273,0.9833033082863218,0.4832191665609062,"{""type"":""MultiPoint"",""coordinates"":[]}"
20241012,2024-10-12,295.8215158902506,-0.004424378438424514,0.004770078442069199,100009.54766315251,4.97328084576143E-4,8485170.153984854,297.34996111975624,0.010348647556126958,-0.6604481623828776,0.3705291977323066,0.46103132211011355,"{""type"":""MultiPoint"",""coordinates"":[]}"
20241013,2024-10-13,295.7647911220348,-0.007285030468024806,0.0023524847366600925,99996.31532104361,4.0935934815129955E-5,1.3107097972232241E7,298.11717155108954,0.0027522964912333973,-0.5437140578847621,-0.3391165814873748,0.46205596703722984,"{""type"":""MultiPoint"",""coordinates"":[]}"
20241014,2024-10-14,296.197638252461,-0.0036642614911920625,0.003049549237941518,100003.88914002397,4.5339133640166193E-4,8820384.802740714,297.3082112861319,0.013627471716958715,-0.5311625627732535,-0.817965326937994,0.4845844619132849,"{""type"":""MultiPoint"",""coordinates"":[]}"
20241015,2024-10-15,295.8627497171722,-0.004763975007317793,0.003434004699371371,100000.50658331552,3.805627950339209E-4,8748761.165524703,297.06591004656985,0.00856230449061767,-0.3397079118815075,-0.2219097884547641,0.4889914471020651,"{""type"":""MultiPoint"",""coordinates"":[]}"
20241016,2024-10-16,296.24165994282134,-0.0029152110877275206,0.004370708624421583,99993.59829842877,3.9166991531397526E-4,7940003.641543457,297.0395635473483,0.008314047114653922,-0.16647253714010168,0.21650452617556304,0.4710776825079567,"{""type"":""MultiPoint"",""coordinates"":[]}"
20241017,2024-10-17,296.18398105778624,-0.01009780441380949,0.003130971866848234,99982.21149474755,7.036502422342395E-5,1.7778059490804184E7,298.4852365937883,0.003698217788154546,0.2942721489201172,0.1743981916610117,0.47014229640692434,"{""type"":""MultiPoint"",""coordinates"":[]}"
20241018,2024-10-18,296.3549450196703,-0.01130496186741285,0.0030896868294771947,100016.71400952215,2.7751808685814482E-5,1.9265617712225027E7,298.91983395033213,0.001937225652206169,0.21871010365000657,0.5602130004026695,0.46447484724537974,"{""type"":""MultiPoint"",""coordinates"":[]}"
20241019,2024-10-19,296.41461984290714,-0.010114298491939244,0.0030174101845606804,100092.54017764071,1.510674939274229E-5,1.7178073694194015E7,299.1168833474785,0.0011195897757055046,-0.15025514065467022,0.11295273138046955,0.4563026351415133,"{""type"":""MultiPoint"",""coordinates"":[]}"
20241020,2024-10-20,296.7636651512464,-0.010602848946220643,0.002943849138004704,100112.60178430734,2.2712258002064176E-5,1.8629233800937615E7,299.4114658350211,0.0017274369192021182,-0.1455702386749007,0.123041584451893,0.45010425293871187,"{""type"":""MultiPoint"",""coordinates"":[]}"
20241021,2024-10-21,297.16259495400084,-0.006310949206158783,0.0030662904157992793,100115.63199899139,2.1805573124512412E-4,1.2923896046159392E7,298.7121256862585,0.004693234885718404,-0.35998395733398253,-0.2613797459784058,0.46186380435646923,"{""type"":""MultiPoint"",""coordinates"":[]}"
20241022,2024-10-22,296.78240257874893,-0.010311223886264948,0.0028834377616654655,100117.85756779004,1.1223132510156011E-4,1.785939328669311E7,299.3488172927089,0.0032628156273855177,-0.24152156294703367,-0.012644740978905415,0.4612576871813025,"{""type"":""MultiPoint"",""coordinates"":[]}"
20241023,2024-10-23,296.86532868432204,-0.009686663217528221,0.0029810713466392543,100086.89299468136,2.2756231205153034E-4,1.791021746700325E7,299.04922687710723,0.008389361843789578,-0.03361423234266649,0.522602387396873,0.46971659689572076,"{""type"":""MultiPoint"",""coordinates"":[]}"
20241024,2024-10-24,296.62690491578314,-0.005540267386689671,0.004717835226172452,100101.08905301495,0.0018325035580864805,1.2311908130544538E7,298.3760834175859,0.0132037030083534,-0.7225032961845743,1.0133816172030845,0.4755868615976877,"{""type"":""MultiPoint"",""coordinates"":[]}"
20241025,2024-10-25,296.52559634306243,-0.003863905642142676,0.004677623964435049,100156.67946264063,9.002264628030313E-4,9153899.540569782,297.42978824349984,0.015835296812423332,-0.6647426796899506,0.9266173159765185,0.47746309871240256,"{""type"":""MultiPoint"",""coordinates"":[]}"
20241026,2024-10-26,296.23042670189307,-0.01019563796344622,0.002664812683005906,100103.07985033083,8.434156917124248E-5,1.882838489289578E7,298.4434492035774,0.004624022253197347,-0.17422712403774435,0.9244554755578527,0.4820129312221098,"{""type"":""MultiPoint"",""coordinates"":[]}"
20241027,2024-10-27,296.1850189759706,-0.008247801958117463,0.002579449228955829,100011.84201404541,3.7889305624427075E-5,1.5536983071042197E7,298.3064354076769,0.002484378232622336,-0.07267640149712291,0.6133877728073939,0.4820017964238945,"{""type"":""MultiPoint"",""coordinates"":[]}"
20241028,2024-10-28,296.0305130797262,-0.011250280445657224,0.002510216649993851,99990.36326798504,1.922628099721475E-5,1.770718307681212E7,299.1885230145441,0.0013865708359045287,0.07027793134085647,0.153812457182786,0.4700931057733389,"{""type"":""MultiPoint"",""coordinates"":[]}"
20241029,2024-10-29,296.2156415444783,-0.010693304495952467,0.00243785626194858,100048.49379004155,6.634960998235264E-6,1.7923473958168052E7,299.11422749026525,4.5300488690370446E-4,0.13199850394900908,-0.574228780331814,0.4608064358703564,"{""type"":""MultiPoint"",""coordinates"":[]}"
20241030,2024-10-30,296.5021992165362,-0.012276167718353059,0.0023702107103903544,100067.2452823544,6.054444429980174E-6,2.026915811467725E7,299.82487924999737,4.8611315522776845E-4,0.3060567334145649,-0.5134448766679716,0.44710873634658455,"{""type"":""MultiPoint"",""coordinates"":[]}"
20241031,2024-10-31,296.90303974837155,-0.009752795653699154,0.0023453410270194304,100134.33436759275,4.535139660262648E-5,1.7643317504507758E7,299.3380294065663,0.0034792132183957786,-0.10179808678886672,-0.09417939166034527,0.4465006214879656,"{""type"":""MultiPoint"",""coordinates"":[]}"
20241101,2024-11-01,296.9321361511485,-0.008844957571091138,0.0026112798207768287,100214.88221205317,3.6489507039015454E-4,1.708345304507754E7,298.7123094231539,0.006739568673683938,-0.11170150517471594,-0.6021962312282688,0.4681284016378657,"{""type"":""MultiPoint"",""coordinates"":[]}"
20241102,2024-11-02,296.7644086902654,-0.00684804301285761,0.006426159712948439,100217.0510129767,0.002858940526719478,1.5173178561846383E7,298.1742789858537,0.026186193919612286,-0.20087780123046994,0.08021740932592995,0.4751318949807048,"{""type"":""MultiPoint"",""coordinates"":[]}"
20241103,2024-11-03,296.6660731063753,-0.004660412655747672,0.01462148825291731,100210.02606784453,0.005099329856965588,1.1173328466642627E7,298.0251842349291,0.03455572764632856,-0.47551390809183985,0.12015141407906661,0.4673258771918144,"{""type"":""MultiPoint"",""coordinates"":[]}"
20241104,2024-11-04,296.3197114123421,-0.00729976349543502,0.010479493395133524,100122.40313477855,0.0021602029710997327,1.522363949296791E7,297.755206783197,0.023692235807369986,-0.12245741003994648,-0.007497143997626174,0.4720383307182644,"{""type"":""MultiPoint"",""coordinates"":[]}"
20241105,2024-11-05,295.9355720694728,-0.01066679571574877,0.005132812161631332,100156.5125864925,3.2057919164362524E-5,1.8375401985575195E7,298.47859319601366,0.002076413983956508,-0.24991514258895417,0.07930795424746011,0.46877343454875686,"{""type"":""MultiPoint"",""coordinates"":[]}"
20241106,2024-11-06,296.047414773014,-0.011392663844571922,0.004601213531592157,100166.26715399706,9.63717688303582E-6,1.9203303598990265E7,298.9205850190105,7.144912821134433E-4,0.11025895926510716,-0.2756598284932653,0.457186918216251,"{""type"":""MultiPoint"",""coordinates"":[]}"
20241107,2024-11-07,296.525310183907,-0.012722392636023832,0.004328549050635652,100130.23203313997,2.1775145308016187E-5,1.9236585579516776E7,299.5518491327484,0.0015638519008676893,0.04911490664027576,-0.28998112512302604,0.4478932306276146,"{""type"":""MultiPoint"",""coordinates"":[]}"
20241108,2024-11-08,296.89421782921767,-0.005671154281807601,0.006705235366115406,100139.486700719,0.00175503666085798,1.1417128786873426E7,298.0877023777835,0.020493315097300353,-0.3008572607892166,0.20302268045569635,0.4696301422320904,"{""type"":""MultiPoint"",""coordinates"":[]}"
20241109,2024-11-09,296.32179946890255,-0.012640600848715962,0.003988167311992192,100114.124944827,2.259925797748257E-5,2.0781157534078613E7,299.27287786341384,0.0015846524472233198,-0.14464349463834605,0.3804783769375517,0.46577233439355037,"{""type"":""MultiPoint"",""coordinates"":[]}"
20241110,2024-11-10,295.84565887813426,-0.014575985912871717,0.003802121411021591,100084.37057735398,1.2257191148682962E-5,2.1995640913811766E7,299.286660484546,9.413513655194779E-4,-0.11047502909017333,0.04348299543163153,0.45492168836459507,"{""type"":""MultiPoint"",""coordinates"":[]}"
20241111,2024-11-11,295.81080090430714,-0.012221026754566279,0.0036166807051561303,100047.30217947529,1.1893864512830446E-5,1.9900185101334296E7,298.96355264509856,9.723229143615366E-4,-0.31253699837058824,-0.09156123427390937,0.44704608399072154,"{""type"":""MultiPoint"",""coordinates"":[]}"
20241112,2024-11-12,296.4665039975936,-0.009466946775243467,0.003445557406285675,99971.04922249478,1.6220421770441804E-5,1.75764108611612E7,298.79161738764714,0.0013811950740769505,-0.2344753142087588,-0.2594007749313316,0.4429443100063628,"{""type"":""MultiPoint"",""coordinates"":[]}"
20241113,2024-11-13,296.94328732197647,-0.011441750552006852,0.0033200959968214387,99867.1193404218,6.286175488307938E-5,1.7743528904435627E7,299.66842087118494,0.004064228172518908,-0.20193218006969055,0.5256081186875313,0.442504940360824,"{""type"":""MultiPoint"",""coordinates"":[]}"
20241114,2024-11-14,297.31442567261536,-0.006762630446235325,0.008428632949733839,100056.36889692461,0.003744546765998259,1.4269707065272272E7,298.59205696912096,0.02706599409319496,0.01344283496349072,0.20461712073844168,0.47132728655531175,"{""type"":""MultiPoint"",""coordinates"":[]}"
20241115,2024-11-15,297.08707757723533,-0.007136769149434984,0.0031984220858390614,100041.3487156307,1.094496953027411E-4,1.2913906993869456E7,298.8888873453251,0.005026572482108723,-0.2869696653810656,0.06652002234859584,0.4711587357684417,"{""type"":""MultiPoint"",""coordinates"":[]}"
20241116,2024-11-16,297.15013780053937,-0.007516968009265974,0.0032110619273075683,99965.66252340747,1.5764572518937132E-4,1.4755609095564375E7,299.03706609636777,0.004978443805685636,-0.5122116645922352,0.11757390833571633,0.4744275111764623,"{""type"":""MultiPoint"",""coordinates"":[]}"
20241117,2024-11-17,296.7604137012085,-0.012071028678233644,0.002913570214899877,99954.82628926446,3.1280796471116706E-5,1.9870056196898673E7,299.7555041376796,0.0021196885677266107,-0.19573730255408506,0.2345230738579876,0.46447740459201403,"{""type"":""MultiPoint"",""coordinates"":[]}"
20241118,2024-11-18,296.48569096554814,-0.012127691478859077,0.0038394453618615016,100011.01829819166,9.043806625796791E-4,1.7514035570140645E7,299.5350469675671,0.007470660366141919,-0.36350334758210573,0.11366948880517637,0.4626117084501799,"{""type"":""MultiPoint"",""coordinates"":[]}"
20241119,2024-11-19,296.3235117832848,-0.011561416101625498,0.0030791828435033923,100064.08006656216,2.1411025788523513E-4,1.5904313731698517E7,299.52697839632623,0.004811454411921469,-0.533244739230514,0.42585177173091765,0.4589159955541623,"{""type"":""MultiPoint"",""coordinates"":[]}"
20241120,2024-11-20,295.8628318574312,-0.0030820895385385376,0.0029929440281815023,100049.22273666176,2.167966502950031E-4,5008791.382618103,297.34940263918065,0.007792313617788151,-0.9097237460300005,-0.1435443100297031,0.4746199178070902,"{""type"":""MultiPoint"",""coordinates"":[]}"
20241121,2024-11-21,296.29955950619035,-0.009747293219910691,0.0027107467080254534,100078.42039096309,2.0168023099978396E-5,1.6208755772809232E7,298.9519481718547,0.001291554193183579,-0.2932437406679318,0.13565953274532097,0.47319789688838537,"{""type"":""MultiPoint"",""coordinates"":[]}"
20241122,2024-11-22,296.3015052017247,-0.0117072789781024,0.002726682750296601,100061.01638362906,1.1543398659194028E-4,1.8936817790119004E7,299.07715067087935,0.0032372985345460216,-0.23439007101186207,0.22151604505782663,0.46360313079867005,"{""type"":""MultiPoint"",""coordinates"":[]}"
20241123,2024-11-23,296.1484100751284,-0.01276106050985624,0.002534711340511486,100108.15804781878,7.681742047214614E-6,1.8415547290299322E7,299.33524068563463,5.600035855779339E-4,-0.2159788521712668,-0.16199331802879907,0.45295982989056616,"{""type"":""MultiPoint"",""coordinates"":[]}"
20241124,2024-11-24,296.32269760656425,-0.01112556514211652,0.0024468588390549814,100060.00358072919,6.73931480270837E-6,1.7652158853227556E7,299.5220863226731,5.302354881490908E-4,-0.421734720572412,0.15769107216524242,0.44080459178819553,"{""type"":""MultiPoint"",""coordinates"":[]}"
20241125,2024-11-25,295.93980867688737,-0.006966625986129764,0.0023693641465663737,99993.39795561644,7.5600017634617754E-6,1.172234363216733E7,298.819924226044,6.291765051925094E-4,-0.688365422242077,-0.022214703124823865,0.4349017070454322,"{""type"":""MultiPoint"",""coordinates"":[]}"
20241126,2024-11-26,295.8037228110261,-0.0038880143049947204,0.002501624644748408,99939.08202538057,1.5318337418179285E-4,5975812.144969349,297.4455287473423,0.007831270992218524,-0.19296160396553466,-0.8953057248684949,0.4534228706978909,"{""type"":""MultiPoint"",""coordinates"":[]}"
20241127,2024-11-27,295.7696508654524,-0.004525311130007982,0.0023634636897581648,99840.99707224945,6.605817889677159E-5,7906870.594302199,297.55162899183784,0.003086923924199175,-0.2544372561660319,-0.6218062924828606,0.4659413305494215,"{""type"":""MultiPoint"",""coordinates"":[]}"
20241128,2024-11-28,296.0025544627984,-0.009672076982408066,0.0021847016327526444,99809.92082131268,2.74652098646415E-6,1.544717106527227E7,298.96283475497785,2.2188974940353054E-4,-0.0441400651992521,-0.2831221907195283,0.45057979468643583,"{""type"":""MultiPoint"",""coordinates"":[]}"
20241129,2024-11-29,295.73480149636066,-0.00988756155536745,0.00211183340690044,99804.3211341672,1.5125565265775204E-6,1.4412100717634328E7,299.3642691231531,1.2766862388097707E-4,0.2964167021146001,-0.5600977467292634,0.43717593140206046,"{""type"":""MultiPoint"",""coordinates"":[]}"
20241130,2024-11-30,295.8027524655794,-0.011460842816592383,0.002049908278395113,99789.23913602102,1.1032587605781434E-5,1.4697791787955286E7,299.08853862554724,0.001078039891359568,0.7723881652369811,-0.35946670245172774,0.4285453507957272,"{""type"":""MultiPoint"",""coordinates"":[]}"
20241201,2024-12-01,296.8729998532046,-0.005095219343707229,0.0021371538329330803,99703.94160088165,1.5652234529356984E-4,8620084.034619547,298.2402845628704,0.00976163445088859,1.3804290756352149,-0.4045956032195048,0.4528225814942228,"{""type"":""MultiPoint"",""coordinates"":[]}"
20241202,2024-12-02,296.856208795079,-0.0033334029661783704,0.006741007296264367,99793.62013426771,0.002137822601131442,8086658.876307248,297.45359686622123,0.02998307928483338,1.1222536685676268,0.42753359824078685,0.47932349490580606,"{""type"":""MultiPoint"",""coordinates"":[]}"
20241203,2024-12-03,296.64836002619944,-0.006944943892474299,0.0019571565217890983,99955.02955419259,4.3389513373933805E-5,1.4668078413992068E7,298.3266425372919,0.002549527950275685,-0.37024157350202896,0.2251512346710204,0.4655328618317992,"{""type"":""MultiPoint"",""coordinates"":[]}"
20241204,2024-12-04,296.22611278323467,-0.00719118607826625,0.0019091115105766873,100037.65213538377,2.4221888570376266E-5,1.2911455658131989E7,298.2336493633246,0.0018887184777704807,-0.4440320071470197,0.35701767616453106,0.46604833042325006,"{""type"":""MultiPoint"",""coordinates"":[]}"
20241205,2024-12-05,296.282397650228,-0.008564109495195121,0.001994264542820047,100102.73963322384,1.455045621230892E-4,1.5232196822935453E7,298.33659707739,0.0031336547508084974,-0.45947938527692933,-0.00889604873189503,0.4660832559507848,"{""type"":""MultiPoint"",""coordinates"":[]}"
20241206,2024-12-06,296.1803444936766,-0.011276731471098849,0.0018092515319854485,100071.97672866473,4.171266523114276E-6,1.9221067968986657E7,299.2875710854323,3.417162877767122E-4,0.24383414532505188,-0.08867018009868577,0.4545565915947451,"{""type"":""MultiPoint"",""coordinates"":[]}"
20241207,2024-12-07,296.2717179650226,-0.011993507779745088,0.001770524875678356,100089.48629613638,1.3007684666199931E-5,1.8545446809953127E7,299.2480606648166,0.0011172925160911967,-0.03474201148971227,-0.08484918667958011,0.44562342419391054,"{""type"":""MultiPoint"",""coordinates"":[]}"
20241208,2024-12-08,296.28242621895845,-0.011637870826866927,0.001732728260327796,100084.50365286495,2.1562195193926612E-5,1.823444726217094E7,299.1037945720436,0.0018763997324356485,-0.28384784368787164,0.19387429233983902,0.4424239365093582,"{""type"":""MultiPoint"",""coordinates"":[]}"
20241209,2024-12-09,296.125726297908,-0.01232221335699272,0.001672545925529692,100057.80713072584,7.96382430654719E-6,1.9509669586729176E7,299.047716177202,7.362614968892934E-4,-0.30158247671415067,0.1277771636920704,0.43715147061307275,"{""type"":""MultiPoint"",""coordinates"":[]}"
20241210,2024-12-10,296.1085294459155,-0.012001687844189505,0.0016385883877434715,100016.10037134969,1.9741390710525297E-5,1.8475631727371078E7,299.1787586769299,0.0017384277722150257,0.02209391320521245,-0.5243198257725546,0.4332797392900067,"{""type"":""MultiPoint"",""coordinates"":[]}"
20241211,2024-12-11,295.39638883263063,-0.011146513357613434,0.0015881476024406898,99935.9624095632,1.3626109724048244E-5,1.5408176217093399E7,299.6458417509794,0.001260117153118889,-0.7144788706269684,-0.6096560548368963,0.4265298941972553,"{""type"":""MultiPoint"",""coordinates"":[]}"
20241212,2024-12-12,296.2965232818399,-0.0026956331515479858,0.004932288216138807,99901.79654683791,0.002186500892886779,4901868.990984493,297.31556173155604,0.031879121702322474,-0.33208288520499346,-1.3555294278722962,0.47105370262577967,"{""type"":""MultiPoint"",""coordinates"":[]}"
20241213,2024-12-13,296.6671570939419,-0.002590714713704316,0.004787707507201924,99974.56375594935,8.266747529825664E-4,6862752.092318788,297.52482926517405,0.017427455780310963,-0.42539840381382493,-0.11940355893582273,0.47122174866111527,"{""type"":""MultiPoint"",""coordinates"":[]}"
20241214,2024-12-14,295.8765998087848,-0.007251669973500404,0.0020187973191580786,100113.7800763407,8.850978076823387E-5,1.1606314708258204E7,297.93254942973664,0.003910683093752122,-0.5426207601429395,-0.09205723538222775,0.472244296972103,"{""type"":""MultiPoint"",""coordinates"":[]}"
20241215,2024-12-15,293.58575706445254,-0.01339752176555537,0.0018169565607914202,100137.30648162107,1.1030728319170153E-6,2.115518095347999E7,298.21751276950073,8.495484088845431E-5,-0.7408932645900677,-0.6438169463320784,0.4576796320628511,"{""type"":""MultiPoint"",""coordinates"":[]}"
20241216,2024-12-16,294.7820215512962,-0.012923761734754399,0.0017710481036496085,100073.53245312403,9.363979971714069E-7,1.996017994230076E7,298.9724149349749,7.990894551851074E-5,-0.10015922199434525,0.12226013851246019,0.44218890307857844,"{""type"":""MultiPoint"",""coordinates"":[]}"
20241217,2024-12-17,294.5735326077535,-0.01354805078374923,0.0017170187554718832,100031.6094903938,1.8424267507485008E-7,1.954591420338983E7,298.88216414086486,1.568679426555465E-5,0.12482408256911363,-0.11162571827369981,0.4295395060017757,"{""type"":""MultiPoint"",""coordinates"":[]}"
20241218,2024-12-18,294.48294674735445,-0.01381043349572394,0.0016601570662590642,100016.26262828316,1.4901161193847656E-8,2.0020108864046168E7,298.41108058636433,1.5289466817364781E-6,0.17974483551264298,-0.5754441881225665,0.4177701992260062,"{""type"":""MultiPoint"",""coordinates"":[]}"
20241219,2024-12-19,294.9515226056677,-0.013208641979965628,0.0016040586974919173,99990.49366830873,3.663923092968319E-7,1.952157822935449E7,298.74352302005593,3.5448916904278486E-5,0.09996743984041284,-0.3398511084473926,0.4073429858545542,"{""type"":""MultiPoint"",""coordinates"":[]}"
20241220,2024-12-20,295.2435253249695,-0.014373021426664719,0.0015471083482507763,99981.98831834509,2.59623044327283E-7,2.046193433104941E7,299.03949957287125,2.6813282718995485E-5,0.2461218498177018,-0.8110230514272101,0.3970021590517038,"{""type"":""MultiPoint"",""coordinates"":[]}"
20241221,2024-12-21,295.7867576809138,-0.014436562617806122,0.0014939804504676888,100078.75015284102,2.690656409554219E-6,1.94476385409304E7,299.4288025872183,2.8701077406474316E-4,0.726137011308254,-1.193373277964307,0.3877544678207601,"{""type"":""MultiPoint"",""coordinates"":[]}"
20241222,2024-12-22,295.2012496690994,-0.013343226109499373,0.001439055458135739,100123.4682646535,1.1197419274897945E-6,1.8602855858636856E7,298.871889277166,1.1946335969449635E-4,0.5496371611191514,-1.2292447537810687,0.380748919360783,"{""type"":""MultiPoint"",""coordinates"":[]}"
20241223,2024-12-23,293.6578595766384,-0.014402561108697589,0.0013868453332417459,100132.26455159124,1.3582626061451553E-6,2.0454006054093044E7,297.83341496849687,1.459052491351409E-4,0.11654355718275866,-0.5121286820729116,0.37277201537774124,"{""type"":""MultiPoint"",""coordinates"":[]}"
20241224,2024-12-24,293.10729594184227,-0.013564443245954651,0.0013348334050763183,100167.97429905612,7.232678654475029E-8,1.9359502750090163E7,297.3933320078142,8.451800154330578E-6,-0.16562623148827707,-0.07146862702725641,0.36416791823495254,"{""type"":""MultiPoint"",""coordinates"":[]}"
20241225,2024-12-25,294.0748993125811,-0.012162086439345488,0.0012882543795598015,100264.3306332008,6.945510225265068E-7,1.7151365206635416E7,297.9742688560646,8.141375589337896E-5,0.10622309664003927,-0.5602645630990676,0.35702809875924824,"{""type"":""MultiPoint"",""coordinates"":[]}"
20241226,2024-12-26,295.44304817017206,-0.012614720828463105,0.0012483897081919195,100317.61814451721,5.595891152398062E-6,1.7549663038586367E7,299.02034445894583,6.839917767508028E-4,0.2989167494188638,-0.004574868896572411,0.35184770456399617,"{""type"":""MultiPoint"",""coordinates"":[]}"
20241227,2024-12-27,296.22378289669456,-0.011212464737690102,0.0012150883911062654,100364.01971619701,1.3073286316345797E-5,1.678714898521457E7,299.38886269561266,0.0016141430594850679,0.3429092519027367,0.2913235415631668,0.35552220643175697,"{""type"":""MultiPoint"",""coordinates"":[]}"
20241228,2024-12-28,295.3476865983724,-0.01436531675386377,0.001171619602802468,100310.46211761574,9.093410780487448E-6,1.8777448315182116E7,299.7048301371206,0.0011057656700328247,0.06096700321440083,0.12089780350261076,0.35860575327349914,"{""type"":""MultiPoint"",""coordinates"":[]}"
20241229,2024-12-29,294.6053656497704,-0.014929006038065039,0.0011221886734389846,100276.72922266142,7.919378758680509E-7,1.9793381049404975E7,299.4143066589672,1.0100227000626086E-4,-0.17163830398725116,0.017417351490804422,0.3520305227496788,"{""type"":""MultiPoint"",""coordinates"":[]}"
20241230,2024-12-30,295.68451623495906,-0.011860036341895966,0.0010904093893305989,100240.39020680024,6.837322313863796E-6,1.5815049422286337E7,299.7574099256293,8.945931054083442E-4,-0.5204092603217585,0.11101864222251305,0.34747289014931615,"{""type"":""MultiPoint"",""coordinates"":[]}"
