system:index,date,dewpoint_temperature_2m,potential_evaporation_sum,runoff_sum,surface_pressure,surface_runoff_sum,surface_solar_radiation_downwards_sum,temperature_2m,total_precipitation_sum,u_component_of_wind_10m,v_component_of_wind_10m,volumetric_soil_water_layer_1,.geo
20230101,2023-01-01,292.49868059416264,-0.017925921342581825,8.114956499349758E-4,100461.12739139843,6.071699254572112E-8,2.1133922613775697E7,298.5512695133665,8.787539760167747E-6,-0.16302389306995732,-0.09428840698653052,0.34349139823780606,"{""type"":""MultiPoint"",""coordinates"":[]}"
20230102,2023-01-02,292.50635330584464,-0.01851204019395875,7.870294075772262E-4,100452.24061917754,7.29098287335467E-8,2.1824507868734226E7,298.265887264908,9.893261806822798E-6,-0.09972241595754662,0.2476970346118126,0.33352056290756876,"{""type"":""MultiPoint"",""coordinates"":[]}"
20230103,2023-01-03,291.69768141828945,-0.0184798172066842,7.628737937080016E-4,100449.81939592349,1.434364389350085E-8,2.152146405337181E7,298.2827857497049,1.7167772716740841E-6,-0.07613829896346581,-0.14702093975233593,0.3246264661185257,"{""type"":""MultiPoint"",""coordinates"":[]}"
20230104,2023-01-04,292.3685372505413,-0.0183175581803272,7.400019876887297E-4,100286.78607276783,9.327304737257519E-7,2.122220406707537E7,298.82231205801423,1.3225105718191605E-4,-0.1351141898817477,-0.06834002364525814,0.3167403388845905,"{""type"":""MultiPoint"",""coordinates"":[]}"
20230105,2023-01-05,292.08040245199237,-0.01904422150883828,7.164481445593478E-4,100369.10245119652,4.82400240469959E-7,2.1868665530472416E7,298.6028525490847,6.740701689668335E-5,0.14941275968103404,-0.3212207963595899,0.3108513271855914,"{""type"":""MultiPoint"",""coordinates"":[]}"
20230106,2023-01-06,292.5967711409578,-0.017893798004471776,6.936938699040652E-4,100395.35561707152,7.649809068348965E-8,1.9344454047601875E7,299.5265373049312,1.1008474778946469E-5,-0.44688167712739746,-0.34092469974297257,0.30431351774600657,"{""type"":""MultiPoint"",""coordinates"":[]}"
20230107,2023-01-07,292.9262156719801,-0.015818290982034036,6.862692064728242E-4,100336.11449581951,1.3000086309933038E-5,1.7149287656689506E7,299.14610111027014,0.0017371413077578004,-0.4397783281711708,-0.10490898159436128,0.30771434408839704,"{""type"":""MultiPoint"",""coordinates"":[]}"
20230108,2023-01-08,292.84619049464783,-0.01818006883082818,6.53244616793589E-4,100274.89038423433,6.245537179065792E-8,1.966755997115038E7,299.6183300921659,9.211368007089016E-6,-0.13573429787699198,-0.18857554551686415,0.3067762437011777,"{""type"":""MultiPoint"",""coordinates"":[]}"
20230109,2023-01-09,293.01330684643983,-0.018509470238029596,6.33156932608298E-4,100372.2700289224,5.627552761397034E-7,2.0888774816444285E7,299.4170769990557,8.751027065835027E-5,0.029713184834386404,-0.11840468575596479,0.3001737596897254,"{""type"":""MultiPoint"",""coordinates"":[]}"
20230110,2023-01-10,292.33058082015634,-0.017810655355431998,6.131051176083549E-4,100325.22295459521,3.5481744409252336E-7,2.1008227749008294E7,298.57953275306147,5.6271994867090765E-5,-0.01731096484480833,-0.05419985781439314,0.2952332940865687,"{""type"":""MultiPoint"",""coordinates"":[]}"
20230111,2023-01-11,291.87233812703823,-0.017672897888474457,5.943925935053628E-4,100224.2158027628,5.371994891409147E-7,2.0818888996033184E7,297.8775099162686,8.581309242451445E-5,0.18101425201850727,-0.21664704942892402,0.2910403256118836,"{""type"":""MultiPoint"",""coordinates"":[]}"
20230112,2023-01-12,291.8603383843925,-0.01821556149585945,5.7533695579134E-4,100155.61498768115,1.746439736026141E-11,2.2445376610890735E7,297.5678594121281,2.301538889046142E-8,0.002503802618995891,0.265773504338366,0.2867705516767038,"{""type"":""MultiPoint"",""coordinates"":[]}"
20230113,2023-01-13,291.68911701160664,-0.018864698528039767,5.573124752077349E-4,100237.81569856797,2.1013700269939152E-8,2.1948065882437795E7,297.79953667945273,2.9449793782011654E-6,0.2314774479369072,-0.1777294775602522,0.28289255538171904,"{""type"":""MultiPoint"",""coordinates"":[]}"
20230114,2023-01-14,291.72804314019186,-0.018904868963389807,5.396844471915294E-4,100197.45806239858,5.988944879388106E-8,2.148602121240534E7,298.2072989015228,9.891842725343153E-6,-0.08626772632592002,0.14330826183683182,0.2794470476952292,"{""type"":""MultiPoint"",""coordinates"":[]}"
20230115,2023-01-15,292.37539262974525,-0.018983145328718882,5.22602380418279E-4,100137.65449385442,5.550991530200011E-9,2.148470380382258E7,298.4052828426387,1.864309136675725E-6,0.02588335673014324,0.09380273120250536,0.2764142486163238,"{""type"":""MultiPoint"",""coordinates"":[]}"
20230116,2023-01-16,292.6231950472605,-0.019474087811649127,5.063398130267612E-4,100162.26505266796,3.067151201016371E-7,2.1384636004327442E7,298.96695275736033,5.245184578144858E-5,0.1974653542679453,-0.04971656337611476,0.27392760296397545,"{""type"":""MultiPoint"",""coordinates"":[]}"
20230117,2023-01-17,292.54556114493914,-0.018815789835207136,4.907591013843042E-4,100232.01400038927,5.897458305523967E-7,2.0100774196177423E7,298.761509491684,1.0201035415227411E-4,0.18792539735384356,-0.23826245453971295,0.27237406910748313,"{""type"":""MultiPoint"",""coordinates"":[]}"
20230118,2023-01-18,292.1382177902939,-0.019331487480737743,4.7477893598493244E-4,100284.77831456043,1.4050242017848462E-7,2.1410068176703934E7,298.98912238318104,2.5232834283096774E-5,-0.05613025248745684,-0.09981077387149785,0.27043069912158096,"{""type"":""MultiPoint"",""coordinates"":[]}"
20230119,2023-01-19,289.6952211095932,-0.022909807224663594,4.5919047015004753E-4,100254.44185473626,6.391432067783053E-8,2.3192604311575912E7,298.494728647125,1.028849888627196E-5,-0.3088099651861713,-0.29384822263097465,0.2684217408981902,"{""type"":""MultiPoint"",""coordinates"":[]}"
20230120,2023-01-20,290.1389605312025,-0.021801321112019812,4.439329627056308E-4,100280.77950553472,3.600084003540656E-8,2.3226875275874503E7,298.27136569407753,5.714784113427104E-6,-0.0796891655081066,-0.09903670122509091,0.266530876650319,"{""type"":""MultiPoint"",""coordinates"":[]}"
20230121,2023-01-21,291.4205108396795,-0.022143295039468158,4.29352732651336E-4,100193.6027263573,2.0178096027009717E-9,2.3022676499819696E7,298.8674903837072,8.153916531556189E-7,0.21061565446400815,-0.19003848064288248,0.26493081268116137,"{""type"":""MultiPoint"",""coordinates"":[]}"
20230122,2023-01-22,291.7362412715103,-0.016506349628276015,4.168537482646154E-4,100077.39617781258,6.464916878214306E-7,1.636640644212045E7,298.83223490022044,1.2139530816836519E-4,-0.6230764007293229,-0.3508094014678958,0.2642921309500363,"{""type"":""MultiPoint"",""coordinates"":[]}"
20230123,2023-01-23,293.07790984424184,-0.017749747452841663,4.0663639066711995E-4,100062.85128328932,2.6713273519219542E-6,1.734018879120086E7,299.7951712726988,4.954736525185972E-4,0.3269137487859734,0.02449633218531628,0.264214344989911,"{""type"":""MultiPoint"",""coordinates"":[]}"
20230124,2023-01-24,295.29391225683435,-0.010434151242570761,5.861322344789599E-4,100133.49752173349,1.9101965655241905E-4,1.098547738910927E7,298.2799523905329,0.013468359908798815,-0.2761831245738765,0.012427702934814478,0.3241883867247516,"{""type"":""MultiPoint"",""coordinates"":[]}"
20230125,2023-01-25,294.953247480029,-0.014360372679696974,3.9318216822872176E-4,100096.33475937988,6.963939194725689E-6,1.9621809019112878E7,298.6728837723657,0.0010643107743681065,0.15800948153895988,-0.08817928898347399,0.38258189595595393,"{""type"":""MultiPoint"",""coordinates"":[]}"
20230126,2023-01-26,294.1769893278023,-0.01610697065256711,3.79711908099886E-4,100098.54246062996,3.94441206189557E-6,2.0265863676163003E7,298.9607725912654,6.568815271639696E-4,0.04355609232107741,0.36989155691508885,0.36525070278930294,"{""type"":""MultiPoint"",""coordinates"":[]}"
20230127,2023-01-27,293.7179292201252,-0.0176266631735519,3.6603208595004875E-4,100090.40869123017,9.419194335676125E-7,2.1591388157230444E7,298.9345689565607,1.5815898600375956E-4,0.08993780780603775,0.19341473327776118,0.351254253408086,"{""type"":""MultiPoint"",""coordinates"":[]}"
20230128,2023-01-28,292.0327102169565,-0.020440363649949247,3.5487810466163134E-4,100015.13841913559,6.84964411790905E-7,2.218924417670393E7,298.7966408163815,1.1668729617359794E-4,0.17183222692163824,-0.3351537281682478,0.33637561710970754,"{""type"":""MultiPoint"",""coordinates"":[]}"
20230129,2023-01-29,291.87284744139805,-0.019711809533084296,3.4343538583507196E-4,99974.00004314062,8.479636625997693E-9,2.262690424233682E7,298.6574004437291,2.1158409157107407E-6,-0.1633722635684843,0.15884969509311386,0.32322406080970256,"{""type"":""MultiPoint"",""coordinates"":[]}"
20230130,2023-01-30,293.98262463585814,-0.01737618049639595,3.468794052969709E-4,100078.06710160618,1.3530724559327217E-5,1.891043784565453E7,299.62672739960936,0.002098622692826922,0.466862788752361,-0.20703027167849308,0.3166346889889746,"{""type"":""MultiPoint"",""coordinates"":[]}"
20230131,2023-01-31,295.09219250642906,-0.015642537347491447,3.372550768367315E-4,100030.89834147549,1.2374436365238304E-5,1.745819787378291E7,299.5556819279302,0.0019744732216969985,0.1829606859941067,-0.5395829021135394,0.3313542133427137,"{""type"":""MultiPoint"",""coordinates"":[]}"
20230201,2023-02-01,293.6408491947427,-0.019013532295989684,3.184314926006801E-4,99936.15247017842,2.434804331641571E-6,1.9820835569419406E7,300.19802028185075,4.2754042739280687E-4,-0.04737921617454974,0.045569364719915934,0.3252407756759107,"{""type"":""MultiPoint"",""coordinates"":[]}"
20230202,2023-02-02,294.49005778189223,-0.012577425398327497,3.458874490215509E-4,100012.38591498468,3.8024259739905725E-5,1.3617450051208077E7,299.0396866998444,0.004906714679389904,-0.6538985608102383,0.3506915691394993,0.3351038910904418,"{""type"":""MultiPoint"",""coordinates"":[]}"
20230203,2023-02-03,294.6925136014982,-0.012158234811596523,3.2210528173474176E-4,100063.1756385632,2.0931663278462095E-5,1.4305498096285613E7,299.0669096529319,0.0028458128508960906,-0.15427695961149857,0.0985168582302029,0.3638500137274076,"{""type"":""MultiPoint"",""coordinates"":[]}"
20230204,2023-02-04,295.3685621877662,-0.014318812185790277,4.425569831400712E-4,100035.08231251506,1.4441481731318847E-4,1.514320079480707E7,299.6145321705806,0.008240047198768304,-0.25105363575508566,0.5490270143002899,0.37551427738700077,"{""type"":""MultiPoint"",""coordinates"":[]}"
20230205,2023-02-05,294.32046939644886,-0.01970284288830376,2.973237613285229E-4,100002.44569612859,9.458962111880624E-6,2.14107494785431E7,300.16419709911,9.482777296730458E-4,0.212312467210868,0.1748109361646496,0.37189744352534887,"{""type"":""MultiPoint"",""coordinates"":[]}"
20230206,2023-02-06,294.6203463960545,-0.01751802136111982,2.869757539177904E-4,100086.61674183111,6.773647121088281E-6,2.15207552686621E7,299.5622792682449,9.372791543713604E-4,0.27909183083768224,0.12059628302868432,0.3566201111777126,"{""type"":""MultiPoint"",""coordinates"":[]}"
20230207,2023-02-07,293.4462430827649,-0.02089714930482475,2.7217442996657545E-4,100077.57146579228,1.5282691105410292E-8,2.380732723223945E7,299.65406877018114,2.8188364769526916E-6,0.24868370277518503,-0.2015078237730518,0.34051114444707453,"{""type"":""MultiPoint"",""coordinates"":[]}"
20230208,2023-02-08,294.0086357173102,-0.020073158692688105,2.650257913356132E-4,100057.83450000797,9.293356635619538E-7,2.341327773205914E7,299.9092284458334,1.6291066493208647E-4,0.1731221055250814,0.2359201030270356,0.32706298190737193,"{""type"":""MultiPoint"",""coordinates"":[]}"
20230209,2023-02-09,294.4768034713403,-0.019109171548884484,2.6350204281715806E-4,100184.51707763528,6.773168865283645E-6,2.2299139903353773E7,299.51441290069334,0.0010896269680941905,0.27269942223961247,0.18760248393533263,0.32324740594074497,"{""type"":""MultiPoint"",""coordinates"":[]}"
20230210,2023-02-10,292.70108325952293,-0.02224927561762657,2.504828961326291E-4,100216.3800391752,1.1236190237037726E-6,2.3589409661377575E7,299.800003608899,1.8707294768561083E-4,-0.1109125144436664,0.33653029909442295,0.31589250568014343,"{""type"":""MultiPoint"",""coordinates"":[]}"
20230211,2023-02-11,293.5413946371151,-0.019120617645056813,2.4717190701566887E-4,100299.35689362268,4.7189527111624365E-6,2.1350567702488277E7,299.0272754947072,7.582889841764789E-4,0.2835554984315455,0.24337559408946086,0.31220382285069387,"{""type"":""MultiPoint"",""coordinates"":[]}"
20230212,2023-02-12,292.77073026611936,-0.02140261325011217,2.3763771634045122E-4,100246.47445706227,2.066981285176379E-6,2.3669016668229356E7,299.45145955884215,3.4132204329198E-4,0.28339760829972765,0.12647374645851744,0.30541664918664985,"{""type"":""MultiPoint"",""coordinates"":[]}"
20230213,2023-02-13,293.0559194819087,-0.021181581026696143,2.3103060971259038E-4,100232.36313228287,2.3568338579190934E-6,2.389889059285972E7,299.66314489793604,3.9088327049392247E-4,0.21713125460680072,0.5805999096776305,0.3009550586631198,"{""type"":""MultiPoint"",""coordinates"":[]}"
20230214,2023-02-14,293.3367784286666,-0.020232413551178045,2.27520421679339E-4,100220.50873981765,5.184675795568528E-6,2.259261163360981E7,299.11991681317784,8.797333439734445E-4,0.46493879515529474,-0.23160105813995469,0.30050107529708175,"{""type"":""MultiPoint"",""coordinates"":[]}"
20230215,2023-02-15,292.2760460318561,-0.02261817154904114,2.158629901779717E-4,100074.5906417045,1.4901161193847656E-8,2.4716124771727372E7,299.2911465903117,2.9823005715941727E-6,0.1430122181979176,0.253779045104522,0.2940607561573901,"{""type"":""MultiPoint"",""coordinates"":[]}"
20230216,2023-02-16,292.59749491270065,-0.021996744282025103,2.1102136485292046E-4,100078.93402503873,1.6195084960117609E-6,2.443835808979445E7,299.6839519626376,2.8791988561079686E-4,0.2742990149172299,0.23994281320907784,0.28789852725612625,"{""type"":""MultiPoint"",""coordinates"":[]}"
20230217,2023-02-17,293.270270142737,-0.02086171585216103,2.1098122092046514E-4,100176.9040655592,7.430636255138411E-6,2.3221662243058063E7,299.32779694497697,0.001238121228273105,0.22050847868490056,0.3730480595841003,0.29170956206387627,"{""type"":""MultiPoint"",""coordinates"":[]}"
20230218,2023-02-18,293.7438679225228,-0.01919056312743611,2.1091971937345333E-4,100242.84715053646,1.2600554634937519E-5,2.1996674016588535E7,298.8859526839075,0.0019421984775326252,0.23134481203299562,-0.03507774055885401,0.3018470556206652,"{""type"":""MultiPoint"",""coordinates"":[]}"
20230219,2023-02-19,292.66163623629603,-0.023292843667535718,1.9271782738097167E-4,100233.26594506222,6.325336040850371E-8,2.450356079733141E7,299.6857353466781,1.1946470060567707E-5,0.20690618923814094,-0.07971526669659199,0.2953428278062218,"{""type"":""MultiPoint"",""coordinates"":[]}"
20230220,2023-02-20,293.5735419803349,-0.022811629009771295,1.8696046041058069E-4,100249.80960946188,3.121559515869493E-8,2.418146819725929E7,300.29714856363853,7.653764082643473E-6,0.2897236217944034,0.04092362685363474,0.288398639157581,"{""type"":""MultiPoint"",""coordinates"":[]}"
20230221,2023-02-21,294.09133723355615,-0.023203429936277196,1.8188202591781536E-4,100231.48247205898,5.135795634187519E-7,2.4082608357735306E7,300.77286581655505,1.0534438658177287E-4,0.4009981546311413,-0.030506386165364403,0.2829068790678366,"{""type"":""MultiPoint"",""coordinates"":[]}"
20230222,2023-02-22,292.82184642329076,-0.025130382531113975,1.7756406920419634E-4,100161.59922416166,1.6108085392959877E-6,2.4879754248106737E7,300.6895520874823,3.263485407231228E-4,0.11956604192829833,0.38017905050780515,0.27903994443196206,"{""type"":""MultiPoint"",""coordinates"":[]}"
20230223,2023-02-23,292.40407402496214,-0.024929988749118396,1.7674077333116036E-4,100143.06981306676,5.7489397269571214E-6,2.4224554710421927E7,299.9444406841621,0.0010760609982428944,0.18916750716566966,0.4784411199821677,0.2834845677148925,"{""type"":""MultiPoint"",""coordinates"":[]}"
20230224,2023-02-24,292.6874051658648,-0.024072083374878324,1.6599545625414267E-4,100286.7791528382,1.4025254495471467E-8,2.511395520014425E7,299.9334132472746,1.7275115080093182E-6,0.4775171278760846,-0.3673985029215537,0.2791618304064045,"{""type"":""MultiPoint"",""coordinates"":[]}"
20230225,2023-02-25,293.13047723601625,-0.02446391964529423,1.6135211900988942E-4,100372.28353404575,2.960779586940564E-7,2.479001073855031E7,300.58043553883937,5.8438847978513774E-5,0.3071924913443974,-0.18497657497881528,0.2748005345744975,"{""type"":""MultiPoint"",""coordinates"":[]}"
20230226,2023-02-26,290.3634781429925,-0.02805836198752726,1.5668814153478678E-4,100415.65626837149,4.4906070590922003E-7,2.5473037735304724E7,300.71574798457425,9.007593730877314E-5,-0.004263676621475697,0.2306833542343343,0.27169056468348707,"{""type"":""MultiPoint"",""coordinates"":[]}"
20230227,2023-02-27,289.41129798834135,-0.027326569217735786,1.5163210445992835E-4,100420.74335417469,1.1953439602471843E-7,2.586849411792283E7,299.93476105745145,2.4935672908424644E-5,-0.11999214393385536,0.21855237439842606,0.26884282530894554,"{""type"":""MultiPoint"",""coordinates"":[]}"
20230228,2023-02-28,291.49500327116607,-0.024874299024411413,1.4710640470946346E-4,100412.60444640563,3.6669860795822723E-8,2.1891143144248106E7,300.68501725915047,7.3212430558700285E-6,0.35075264375991355,-0.20768658159615713,0.26635157567604417,"{""type"":""MultiPoint"",""coordinates"":[]}"
20230301,2023-03-01,294.3122795727237,-0.019632851911169334,1.4793068664924273E-4,100384.73705329806,4.886121922694859E-6,1.8513795864767406E7,301.2636876943694,0.001006688659580232,-0.20601245243255017,0.2622050858845088,0.2672270202682574,"{""type"":""MultiPoint"",""coordinates"":[]}"
20230302,2023-03-02,292.26364394778426,-0.027777144695463225,1.3908545032890535E-4,100434.96148711724,8.126318433247791E-8,2.5675461737829074E7,301.21011334701376,1.6729283259742924E-5,0.17385341436448246,-0.16086171054255438,0.26926868072795906,"{""type"":""MultiPoint"",""coordinates"":[]}"
20230303,2023-03-03,289.72952402731397,-0.029099737000817912,1.348496945034155E-4,100446.7786864501,3.492879472052282E-11,2.6061344266137756E7,301.05056430680463,8.607292287028575E-7,-0.23762447321869204,0.19723181012932361,0.26618595733165684,"{""type"":""MultiPoint"",""coordinates"":[]}"
20230304,2023-03-04,292.3204052919721,-0.026452501206042495,1.3085245129608998E-4,100442.29903244128,1.3407283511954529E-9,2.4910395540933218E7,301.02800993237855,7.388868453962214E-7,0.4287915913613603,0.19127674059220728,0.26384349338766727,"{""type"":""MultiPoint"",""coordinates"":[]}"
20230305,2023-03-05,293.3359557107201,-0.025056539044950234,1.2855222895392172E-4,100405.15287840008,1.4282625975954463E-6,2.0637861209896892E7,301.4959443031932,2.965087574490353E-4,0.20457698341917144,-0.05464996813237487,0.26334778771605083,"{""type"":""MultiPoint"",""coordinates"":[]}"
20230306,2023-03-06,292.05784339918546,-0.0275694743991758,1.2354225489880866E-4,100290.4177574491,3.2255398509221273E-8,2.329021708933991E7,301.12399351581064,8.161378028036929E-6,0.10807802448164944,-0.03838373897081098,0.2626901897820649,"{""type"":""MultiPoint"",""coordinates"":[]}"
20230307,2023-03-07,292.1117683575265,-0.026937976428480562,1.1995117446381483E-4,100220.63119774999,7.391470328935253E-9,2.307684123676446E7,300.8910906574219,1.720129843549366E-6,0.21130644849522037,-0.006396890517710662,0.26119981865023667,"{""type"":""MultiPoint"",""coordinates"":[]}"
20230308,2023-03-08,293.0003597854722,-0.02719111799296385,1.164966280005531E-4,100156.81660399247,3.810194137936416E-8,2.3850140402187657E7,301.4948167290764,7.697550205833096E-6,0.32599459452215823,0.10781909994156777,0.2599694876447866,"{""type"":""MultiPoint"",""coordinates"":[]}"
20230309,2023-03-09,292.8462610809917,-0.028209473232456893,1.1310245730238106E-4,100111.71269986722,2.8149921714378276E-8,2.33842798734404E7,301.9187823842533,6.146043457017903E-6,0.17350294257832455,0.16445861199194747,0.25896651080801364,"{""type"":""MultiPoint"",""coordinates"":[]}"
20230310,2023-03-10,294.24558392962757,-0.024415619246825563,1.1113146840558777E-4,100132.12299346288,1.2039095754448017E-6,2.2444059319570906E7,301.313579750084,2.6174034231971733E-4,0.38615284614916084,0.4550632146534287,0.25916265337953537,"{""type"":""MultiPoint"",""coordinates"":[]}"
20230311,2023-03-11,293.97925497812366,-0.02568083810910524,1.0815483920633517E-4,100136.35111501158,1.2218119261542516E-6,2.2515012522171643E7,301.4125841807712,2.6672221712108066E-4,0.33064941936336556,0.007990862747441848,0.2604025801667687,"{""type"":""MultiPoint"",""coordinates"":[]}"
20230312,2023-03-12,294.3852619322924,-0.02644670075440381,1.0549594381850335E-4,100067.84747482467,1.4998800609243333E-6,2.3210776996459287E7,301.95365613228233,3.257910201872109E-4,0.35794364822815067,0.2935947716587194,0.2608963128021237,"{""type"":""MultiPoint"",""coordinates"":[]}"
20230313,2023-03-13,294.45188705392985,-0.02614869682868594,1.0146215165774833E-4,100008.94488226781,3.651590541601611E-7,2.2833262389963754E7,301.9817338836409,7.989361952601242E-5,0.4499821452541928,-0.07810372662294911,0.2605795419507051,"{""type"":""MultiPoint"",""coordinates"":[]}"
20230314,2023-03-14,294.85201604200944,-0.025295058100760052,1.0182181883064626E-4,99924.93215631672,3.432785824150804E-6,2.1993916593070313E7,302.00102400685154,7.446376920829692E-4,0.4177414591258814,0.14635644637989534,0.26265999364915965,"{""type"":""MultiPoint"",""coordinates"":[]}"
20230315,2023-03-15,295.43160674829636,-0.0219456482795529,1.389362345178593E-4,99975.39059712001,4.301308037957001E-5,2.192954714472686E7,300.7454735003551,0.006627019733111288,0.3782549256357899,0.3400035997840817,0.2920134854239331,"{""type"":""MultiPoint"",""coordinates"":[]}"
20230316,2023-03-16,296.10915536143375,-0.01528864137067977,1.2818093855287296E-4,100074.80238021114,3.4220304422072465E-5,1.9084140955319513E7,299.9794867836895,0.005654365236987214,0.12967053150697916,-0.08533133274231527,0.35061303806041266,"{""type"":""MultiPoint"",""coordinates"":[]}"
20230317,2023-03-17,296.0889367274274,-0.019081609603722863,1.1955067552988856E-4,100013.33498940448,2.747117731487799E-5,2.0518015300012644E7,300.71479690864504,0.004290685239880794,0.19543169025962695,-0.12176894705976797,0.3709832260364782,"{""type"":""MultiPoint"",""coordinates"":[]}"
20230318,2023-03-18,295.928114219617,-0.01801412370965406,1.2101555962533328E-4,100020.32869011263,3.079792737874836E-5,2.1309932661987863E7,299.7680427976806,0.0049495804551936105,0.07419463987461665,0.5128446938484559,0.3900438566192983,"{""type"":""MultiPoint"",""coordinates"":[]}"
20230319,2023-03-19,295.83397428249145,-0.014432370056808962,1.0379006716046917E-4,100005.68160834291,1.5184738674277311E-5,1.84578726374979E7,299.44252851706085,0.002582865389165584,0.35699919517086975,0.01726119229392029,0.40245432681168397,"{""type"":""MultiPoint"",""coordinates"":[]}"
20230320,2023-03-20,295.22136752681956,-0.019518634571072172,9.560760471995369E-5,99966.67947555346,8.684817770092318E-6,2.127390794939724E7,300.06924125675056,0.0016816608659927373,0.6375954193856256,0.15111163766184368,0.38687461138144186,"{""type"":""MultiPoint"",""coordinates"":[]}"
20230321,2023-03-21,292.5386485033188,-0.029593381007043108,8.491306604996856E-5,99931.2127211734,1.5476142891554727E-9,2.439936472795482E7,300.84402642225416,1.1881108438053703E-6,0.6266112712186495,-0.6644558755806083,0.36271940961109367,"{""type"":""MultiPoint"",""coordinates"":[]}"
20230322,2023-03-22,292.56568427096767,-0.02850130440991707,8.277356452646129E-5,99959.88371381589,2.2623111657446316E-9,2.6587490485394888E7,300.8237325333821,1.509657664809348E-6,0.590179732476652,-0.6464227602621988,0.34023459139086915,"{""type"":""MultiPoint"",""coordinates"":[]}"
20230323,2023-03-23,294.2878632472677,-0.025800439095533676,8.077695401532532E-5,99965.983026137,6.769200416837322E-8,2.4231071771366756E7,301.31892925793915,1.5090395640104675E-5,0.6658679537366741,-0.1277695882347631,0.3238174376801267,"{""type"":""MultiPoint"",""coordinates"":[]}"
20230324,2023-03-24,295.9667503816861,-0.018379419862020335,8.966431983575642E-5,100038.48505474337,1.0759143506066276E-5,1.9961049081500188E7,300.71445674302413,0.0019152639530771837,0.14724831157527957,0.04783095289185181,0.3220993312079541,"{""type"":""MultiPoint"",""coordinates"":[]}"
20230325,2023-03-25,295.9699013931618,-0.018305840307233402,8.542297271628093E-5,100084.50619639998,8.108811046601718E-6,1.8464346900829427E7,301.17703722268146,0.0013036526304732294,-0.12359404423472142,0.03525173947822305,0.32303692306058174,"{""type"":""MultiPoint"",""coordinates"":[]}"
20230326,2023-03-26,296.46486467420385,-0.013012880894022647,1.247361533443205E-4,100076.66942285263,4.8925098618831705E-5,1.693159302776776E7,300.0771211288714,0.0059078392539100005,-0.04103605167440732,-0.03094456764436252,0.34156139941008595,"{""type"":""MultiPoint"",""coordinates"":[]}"
20230327,2023-03-27,294.7658961952156,-0.023488817121894025,7.441742537127392E-5,99987.34606650395,1.1405057525359636E-7,2.2598762410025243E7,301.51652890097733,2.1197087189543343E-5,0.7265052579890536,-0.7936606937510016,0.34785744685051406,"{""type"":""MultiPoint"",""coordinates"":[]}"
20230328,2023-03-28,295.6668354357244,-0.023884073152380485,7.371642595587593E-5,99981.02321475359,1.1553155614974654E-6,2.261148016985215E7,302.12391760819577,2.1680643035752484E-4,0.6237567844750833,-0.41846679236857653,0.33096866055110397,"{""type"":""MultiPoint"",""coordinates"":[]}"
20230329,2023-03-29,296.88893940569426,-0.01681125453269271,8.374662432393743E-5,100094.11896278005,1.2678306131985402E-5,1.860325633645871E7,301.22303751291946,0.001975973222800808,0.4138534842581831,-0.6524661562307794,0.3289699415731264,"{""type"":""MultiPoint"",""coordinates"":[]}"
20230330,2023-03-30,295.8675924810829,-0.02111470963291386,7.166134464237779E-5,100037.6389678724,2.0745688941218216E-6,2.1837738335016232E7,301.4083952634922,3.88033843904551E-4,0.914106423357012,-0.8137918372382941,0.32422793755552526,"{""type"":""MultiPoint"",""coordinates"":[]}"
20230331,2023-03-31,295.29964067202553,-0.021919144797778674,6.91006529043179E-5,99937.04274893836,1.100058208249598E-6,2.2466970952037502E7,301.52474872755573,1.828281690487138E-4,1.0195729562562454,-0.9618964474108636,0.3135685611765665,"{""type"":""MultiPoint"",""coordinates"":[]}"
20230401,2023-04-01,295.70543223153027,-0.01868093491884891,6.996934546316913E-5,100026.62796643039,3.50984143213464E-6,2.1223382284890015E7,301.15744360841114,5.441882557528576E-4,0.976269361448053,-0.44690477340779416,0.30650615439934864,"{""type"":""MultiPoint"",""coordinates"":[]}"
20230402,2023-04-02,295.61898751573534,-0.016186584226499604,7.446327613142051E-5,99998.90539716593,9.355207470578492E-6,1.870653111720159E7,300.65911294611783,0.001437725618971579,0.4623823692082414,-0.7040299902255756,0.3067475842919427,"{""type"":""MultiPoint"",""coordinates"":[]}"
20230403,2023-04-03,295.0446994154194,-0.022483333010257386,8.343264670136429E-5,99980.62222291873,1.951694767955749E-5,2.094258260728453E7,301.3554518179533,0.0027963844637980623,0.7450030311137844,-0.6172455862632008,0.3043747967374856,"{""type"":""MultiPoint"",""coordinates"":[]}"
20230404,2023-04-04,295.95577226852714,-0.011979222229154287,1.3211699457233927E-4,100071.64395621802,6.936144203302279E-5,1.4145230675081141E7,299.62422841843943,0.0071140739044427805,0.515026558418517,-0.9442633367069124,0.3850463249746718,"{""type"":""MultiPoint"",""coordinates"":[]}"
20230405,2023-04-05,296.27682568439724,-0.016179949633597125,5.656252704155047E-4,100039.18061728285,4.151137434873091E-4,1.9957398760908764E7,300.27524414388074,0.009600065457790798,-0.09950233901517153,0.04070368826511116,0.40090980603153537,"{""type"":""MultiPoint"",""coordinates"":[]}"
20230406,2023-04-06,296.757709292469,-0.0176803311443892,1.2796349874524663E-4,100032.54404890865,6.732582411867509E-5,2.2238302725207362E7,300.9034866787434,0.0049871310859357565,0.1263218811031488,-0.046807288321068494,0.40871214829380814,"{""type"":""MultiPoint"",""coordinates"":[]}"
20230407,2023-04-07,296.5628558474245,-0.015489872641729787,9.300933228560489E-5,100171.0627161726,2.0036948767544088E-5,1.8806808826902278E7,300.47783373628533,0.0026089874140691667,-0.0012114639250127828,-0.34970337995787576,0.4163120010464019,"{""type"":""MultiPoint"",""coordinates"":[]}"
20230408,2023-04-08,295.96307596797516,-0.019711976686174842,7.817088708609312E-5,100245.52535675815,1.9570995959141948E-5,2.2409913997115042E7,301.1692950581971,0.0011793366099325084,0.2699725798423337,0.2404042361432908,0.39244324766338584,"{""type"":""MultiPoint"",""coordinates"":[]}"
20230409,2023-04-09,295.91869088608655,-0.02035787850994519,7.067527252545307E-5,100246.2042232953,1.31787041056427E-5,2.2658061049765598E7,300.8908671826063,0.0018872286904281829,0.0943079883196217,-0.11055436560218904,0.3800266938565485,"{""type"":""MultiPoint"",""coordinates"":[]}"
20230410,2023-04-10,296.2186280954543,-0.02118913841014342,6.221170851868756E-5,100129.44339400489,5.831147332162235E-6,2.3501298297151104E7,301.7177160024385,8.895968760052923E-4,0.26526071933875195,0.0202777952310457,0.36628856124722015,"{""type"":""MultiPoint"",""coordinates"":[]}"
20230411,2023-04-11,296.1439012820252,-0.023611838593837208,5.775773370476608E-5,100158.41516425832,2.515792115861829E-6,2.409385111936531E7,302.17687927064514,4.467610839785232E-4,0.264960211162198,-0.19446255756923392,0.35309518405287477,"{""type"":""MultiPoint"",""coordinates"":[]}"
20230412,2023-04-12,296.35661057340286,-0.02300968439090867,5.7363156544960154E-5,100101.0589412814,3.2671561664164483E-6,2.4335150159754787E7,302.1401142691719,6.109762664901772E-4,0.2745940440806478,0.3321095055750836,0.34011474780873596,"{""type"":""MultiPoint"",""coordinates"":[]}"
20230413,2023-04-13,296.2255446758103,-0.024022285123562245,5.5867629149224084E-5,100105.60104164321,2.94378807172421E-6,2.554111682365669E7,302.46173987404086,5.869947285201634E-4,0.5657073088686172,0.060393642098130716,0.3288310619913224,"{""type"":""MultiPoint"",""coordinates"":[]}"
20230414,2023-04-14,296.2350296121848,-0.023399630860380865,5.4065526348565236E-5,100100.15905619385,2.2868929767367903E-6,2.472307893328525E7,302.30904182308444,4.4057054271690754E-4,0.6696174380756055,-0.3566323420450885,0.3206316863907289,"{""type"":""MultiPoint"",""coordinates"":[]}"
20230415,2023-04-15,295.8508203905181,-0.022727046868526415,5.159764579173852E-5,100022.78322859852,9.124798332789383E-7,2.3808750651640825E7,302.08374560379417,1.9071219759204746E-4,0.536188919593801,-0.34116383753282575,0.31189026874423476,"{""type"":""MultiPoint"",""coordinates"":[]}"
20230416,2023-04-16,296.57993120367047,-0.018169687458358,5.7190984455291605E-5,99949.55303858967,7.528302538837718E-6,2.1238675192931853E7,301.5361289932173,0.0014837782895491913,0.38857554071066214,-0.13357643716279985,0.30945344308861633,"{""type"":""MultiPoint"",""coordinates"":[]}"
20230417,2023-04-17,296.27687999855107,-0.022475370842381756,5.022217403711759E-5,99956.56673623166,1.53960484784302E-6,2.3143386720158678E7,302.3181560457663,3.0753466844342863E-4,0.4871284699465795,-0.36407970029411585,0.30690825795135707,"{""type"":""MultiPoint"",""coordinates"":[]}"
20230418,2023-04-18,296.9154271243755,-0.02354014794662288,5.281993328686704E-5,100024.63410695305,5.119489260713761E-6,2.2702948172015868E7,302.7959965126835,9.668860903342298E-4,0.7906322107820618,-0.2489719803566285,0.3026759564582797,"{""type"":""MultiPoint"",""coordinates"":[]}"
20230419,2023-04-19,297.1273394138828,-0.02014471916968841,5.411216972366894E-5,99853.17475779045,7.3692072525464635E-6,2.231953006382979E7,302.6013048304748,0.0013475831108875629,0.7135268175941575,0.01893791482918308,0.3031706789935892,"{""type"":""MultiPoint"",""coordinates"":[]}"
20230420,2023-04-20,297.1359655197057,-0.020795645947936554,5.1555571371667275E-5,99715.54570662322,5.732161814754636E-6,2.311935042553192E7,302.5226815846523,0.0010856058955020609,0.8132061312327326,-0.06813901245113979,0.3051119037568104,"{""type"":""MultiPoint"",""coordinates"":[]}"
20230421,2023-04-21,297.34017024479857,-0.015866061900277197,6.962351277981088E-5,99765.21367502106,2.460077195403123E-5,2.04735417205193E7,301.29532903076756,0.004229793359323654,0.4727646637054603,-0.12218443260325851,0.3207769978575186,"{""type"":""MultiPoint"",""coordinates"":[]}"
20230422,2023-04-22,297.31371979289855,-0.017650576639521482,6.303667828703976E-5,99748.89757844429,1.8775764029248714E-5,2.0945005595384058E7,301.8998423795429,0.0029368623849333644,0.5154637644992796,-0.5454144779055833,0.3405454027808935,"{""type"":""MultiPoint"",""coordinates"":[]}"
20230423,2023-04-23,297.31856902629545,-0.018736352055211642,1.9496591177994372E-4,99763.88044499038,1.495679362861422E-4,2.215744619870177E7,302.1372473435071,0.0038276821229804355,0.35462299873800524,-0.599170123589327,0.3492855968949944,"{""type"":""MultiPoint"",""coordinates"":[]}"
20230424,2023-04-24,297.11196248957515,-0.02070496129620991,5.667439832869654E-5,99835.52714976399,1.3941909017607576E-5,2.2109940010818616E7,302.16974365357277,0.0017888603093836417,0.2215497745661112,-0.06558641329567108,0.35086125005737423,"{""type"":""MultiPoint"",""coordinates"":[]}"
20230425,2023-04-25,297.4558131943272,-0.014772055894297642,2.332910427839112E-4,99928.27773178068,1.8038740129708132E-4,2.045923338550307E7,300.79325212803536,0.009556253615222162,0.03706458795957661,-0.07323302800214872,0.379987224877375,"{""type"":""MultiPoint"",""coordinates"":[]}"
20230426,2023-04-26,297.5969665998278,-0.012560363113342795,0.0013556406063118698,99888.86687154643,0.0011658805250863585,1.9679750556076456E7,300.15019928553545,0.01906382718909057,-0.034559876031207276,-0.16860239166725663,0.43599349470261206,"{""type"":""MultiPoint"",""coordinates"":[]}"
20230427,2023-04-27,297.50292766620106,-0.015371147493485553,1.0880436969929728E-4,99913.57484167689,6.775553427230914E-5,1.9909833020915978E7,300.97267899213466,0.0071423486858509634,0.018550030442008696,0.11169954450503898,0.4318085326671543,"{""type"":""MultiPoint"",""coordinates"":[]}"
20230428,2023-04-28,297.2204361645158,-0.015084812723253337,1.285987675426413E-4,99972.86969763777,8.804503434666478E-5,2.033892483339344E7,300.4940409691865,0.006910801783311334,0.25970425441268263,-0.026878129162027774,0.44545914803234515,"{""type"":""MultiPoint"",""coordinates"":[]}"
20230429,2023-04-29,297.2861493231371,-0.009851543840693944,4.324325656916662E-4,99903.84669465463,2.2204981205311235E-4,1.472459692499099E7,299.35555218819144,0.011213127595390702,0.009436474724563356,-0.3008813329837201,0.45919897476344884,"{""type"":""MultiPoint"",""coordinates"":[]}"
20230430,2023-04-30,297.35803081284547,-0.011524117800611649,0.0020262770706722544,99789.61619555949,0.0014383775762087856,1.793180267580238E7,299.51039342379295,0.024261253707283676,-0.20419875474084473,0.0031515416337802066,0.4708762559226992,"{""type"":""MultiPoint"",""coordinates"":[]}"
20230501,2023-05-01,297.31011188831286,-0.00778133526922691,0.003650958832854448,99849.30169313092,0.0023454739203360208,1.4280504827262895E7,299.00541920437814,0.025479799286689968,0.17953458493225052,0.0699330424012896,0.4753811172832019,"{""type"":""MultiPoint"",""coordinates"":[]}"
20230502,2023-05-02,297.19310965104125,-0.01022883569919113,6.457439536786966E-4,99908.72360904115,4.561999366036659E-4,1.6276752198701767E7,299.2535739641434,0.012845976453993418,-0.23636611010366543,0.04341001765116689,0.47611832850855546,"{""type"":""MultiPoint"",""coordinates"":[]}"
20230503,2023-05-03,296.9101658225103,-0.009883799972707857,4.46376857927806E-5,100021.49180504534,5.366325679342971E-6,1.3355923345113592E7,299.67321284239455,5.607456640564403E-4,-0.030059870396515607,-0.640376331170228,0.46402126797862847,"{""type"":""MultiPoint"",""coordinates"":[]}"
20230504,2023-05-04,296.45944219988854,-0.015451028286131803,4.199366201100863E-5,99951.62609659317,2.949011269950111E-6,2.0982743683014788E7,300.90678119602103,3.245963082554407E-4,0.5952853113717366,-0.3869023921326644,0.44745316489955994,"{""type"":""MultiPoint"",""coordinates"":[]}"
20230505,2023-05-05,296.47840774757157,-0.009671065578854478,5.328154686423274E-5,99902.63702020602,1.4492158441822152E-5,1.4743947475658134E7,299.80995258010773,0.0017072106875054927,-0.24449367938183267,-0.0269678117621617,0.44041394253077454,"{""type"":""MultiPoint"",""coordinates"":[]}"
20230506,2023-05-06,296.7854560976319,-0.012918440104498146,1.3583594663797455E-4,99908.86464484538,9.729413888620379E-5,1.786406944680851E7,300.14486746289924,0.007552714621676133,0.18962781809602652,-0.21396594707288627,0.45110649861371194,"{""type"":""MultiPoint"",""coordinates"":[]}"
20230507,2023-05-07,297.1013604891044,-0.00704459246587891,4.6008657106543295E-5,99889.90183932775,7.652181539559598E-6,1.0652051189325644E7,299.65227802385294,7.639189897943286E-4,-0.07055111713228297,-0.6194774483470823,0.46698810659014905,"{""type"":""MultiPoint"",""coordinates"":[]}"
20230508,2023-05-08,296.72417310321975,-0.012657483897933969,5.469756826269383E-5,99842.78953599022,1.657244222412632E-5,1.696084607933646E7,300.4368661510671,0.0018321745411946592,0.3358083253354462,-0.693347258813709,0.44953798385090055,"{""type"":""MultiPoint"",""coordinates"":[]}"
20230509,2023-05-09,297.55030200819306,-0.009043213577851723,0.0011978900759305243,99872.74588567729,0.0011560098196554823,1.6505381445366032E7,299.4855604952438,0.014386988924711703,0.23347015371688332,-0.14972576233526452,0.4661303503121561,"{""type"":""MultiPoint"",""coordinates"":[]}"
20230510,2023-05-10,298.15208442876923,-0.010240038712446844,3.548118501117073E-4,99820.81074385442,3.103610844204584E-4,1.952392813198702E7,300.16490020985816,0.00894269547671907,0.15802193398744477,0.05670151505308066,0.4740566861702567,"{""type"":""MultiPoint"",""coordinates"":[]}"
20230511,2023-05-11,297.97068764060316,-0.008584692243995797,0.0028426987392739882,99986.00845949174,0.0019118131104463119,1.7054386340425532E7,299.8536376120853,0.013634977935890061,-0.11908317434771984,0.37286032528699004,0.4615520368847285,"{""type"":""MultiPoint"",""coordinates"":[]}"
20230512,2023-05-12,297.48224841082435,-0.012197666082449266,1.0938274217692258E-4,100041.81177341825,7.158706856040462E-5,1.962187789902633E7,300.5844549951051,0.005050449650400354,-0.14092890834246624,0.6062418834451502,0.4601510648960134,"{""type"":""MultiPoint"",""coordinates"":[]}"
20230513,2023-05-13,297.8429643408814,-0.010472050372590408,4.225315125118383E-4,100118.92978587233,3.8421630397240193E-4,1.7857236512802016E7,300.1573758914589,0.0077042596099377286,0.38443278269006004,0.8111048434729015,0.4704810874022778,"{""type"":""MultiPoint"",""coordinates"":[]}"
20230514,2023-05-14,297.8477344285957,-0.013317021950031507,7.671773637884412E-5,100006.26278728708,3.8961630369668575E-5,1.9027772504147142E7,300.88530911779105,0.003557029387450502,0.8588027580381373,0.11776125706192221,0.4722841664967822,"{""type"":""MultiPoint"",""coordinates"":[]}"
20230515,2023-05-15,298.33537044289,-0.010966842787879665,6.638845348891221E-5,100037.85526748584,2.86764195581829E-5,1.800139831590336E7,300.7078333855937,0.0027036012717366513,0.6296072369628349,-0.482125677445113,0.47150601055605196,"{""type"":""MultiPoint"",""coordinates"":[]}"
20230516,2023-05-16,297.5981686084599,-0.01750563494149116,4.113535673834124E-5,100063.46893212966,3.593302443704148E-6,2.3017123469166975E7,302.08291426597987,3.6442759579514067E-4,0.9099681052698485,-1.0496162213389586,0.450117401928265,"{""type"":""MultiPoint"",""coordinates"":[]}"
20230517,2023-05-17,298.40524333468255,-0.013223122047670822,2.808200347909332E-4,100098.54319877457,1.3898240232398875E-4,2.0077233759105664E7,301.66786074532325,0.004806259586018625,0.17042365167587759,-0.5909869541040277,0.4475308918210661,"{""type"":""MultiPoint"",""coordinates"":[]}"
20230518,2023-05-18,298.3111246908953,-0.012821258531713415,3.655507537246481E-4,100160.91326730413,3.253106408028065E-4,1.9221355937973313E7,301.5168598049865,0.00492298858306746,-0.008419732489197836,-0.1590834186833443,0.4510056215605638,"{""type"":""MultiPoint"",""coordinates"":[]}"
20230519,2023-05-19,297.80366794133596,-0.00763632370554666,4.1106794388166124E-4,100148.5553492828,3.5642674531998554E-4,1.427881292751533E7,299.7217141688049,0.009881863423602658,-0.10326801886537329,0.16407337508560993,0.4739468230953553,"{""type"":""MultiPoint"",""coordinates"":[]}"
20230520,2023-05-20,297.901100607385,-0.011826484578635091,9.280666467131495E-5,100069.24986206742,5.4652948070853545E-5,1.9570006126217097E7,300.8411425255657,0.004107425020912947,0.20740901026706854,-0.20908035620400398,0.47102616025014693,"{""type"":""MultiPoint"",""coordinates"":[]}"
20230521,2023-05-21,297.58981843905497,-0.010490601101142596,3.023882001219267E-4,100145.09326735346,2.6180578232499357E-4,1.7685068385863688E7,300.0049100262083,0.007728172168592406,0.11815121294515235,-0.2596480439153195,0.4727557573571831,"{""type"":""MultiPoint"",""coordinates"":[]}"
20230522,2023-05-22,297.44389819674717,-0.008898868096882886,0.0014178904785690349,100163.53740408114,0.0011109961065797226,1.6542675773530478E7,299.5759667328795,0.008460874015610197,-0.25302613436394783,0.304413587832941,0.4642973616799852,"{""type"":""MultiPoint"",""coordinates"":[]}"
20230523,2023-05-23,297.3826874167692,-0.012699794964619681,6.676015766183695E-5,100208.80217824268,2.3949132299234072E-5,2.0125448781103496E7,300.52766635214755,0.0021497076560194036,-0.04565396969787544,0.2701577909406324,0.4583067113869694,"{""type"":""MultiPoint"",""coordinates"":[]}"
20230524,2023-05-24,297.5816618991251,-0.01379643609425543,1.6483844530268605E-4,100245.4542701337,1.2126624895870324E-4,2.1270269642985944E7,300.5390376118402,0.007825751650835924,0.20739410593899738,0.3958781719608998,0.46771768016702847,"{""type"":""MultiPoint"",""coordinates"":[]}"
20230525,2023-05-25,297.5489560730369,-0.010964670897959546,9.426382681629611E-5,100290.5377852445,5.0249055774900573E-5,1.797747777064551E7,300.34647316972234,0.0039207917680776465,0.1899693992679861,-0.20988065410597512,0.47822586024720326,"{""type"":""MultiPoint"",""coordinates"":[]}"
20230526,2023-05-26,297.56412675859616,-0.00817147636731695,3.4409210359925537E-4,100301.99448058476,2.853033632265718E-4,1.5680414648034623E7,299.4299645977019,0.00856888652730151,-0.09880534360752409,-0.4840567221448376,0.48272736672384126,"{""type"":""MultiPoint"",""coordinates"":[]}"
20230527,2023-05-27,297.49881737942104,-0.010754097435788649,5.119037362714987E-4,100080.14474008577,4.2487968268525156E-4,1.699415568914533E7,300.1344293958222,0.009253346972024252,0.2832293475472393,-0.4373982650526644,0.481218925762211,"{""type"":""MultiPoint"",""coordinates"":[]}"
20230528,2023-05-28,297.97300648336756,-0.008371787396280765,0.00137307687524506,99995.55431713641,9.223309060403515E-4,1.4531066205553558E7,299.9757334891098,0.010085136465110235,-0.031899353735348655,-0.514943518250561,0.46493053103828835,"{""type"":""MultiPoint"",""coordinates"":[]}"
20230529,2023-05-29,298.1220145564281,-0.013930423408907934,8.375462301792844E-5,99963.6532696003,3.599623212133381E-5,2.1055654450775336E7,301.36709089195494,0.0023667164122718708,0.0739475795462923,-0.4766100239819641,0.461105558530888,"{""type"":""MultiPoint"",""coordinates"":[]}"
20230530,2023-05-30,297.8090688788214,-0.011702415856791028,2.2406151986405866E-4,100010.49332083607,1.3201689402033093E-4,1.8660088383699965E7,300.7121330441901,0.00375857052063681,-0.18362353333545314,-0.13359937786497106,0.46389352938549666,"{""type"":""MultiPoint"",""coordinates"":[]}"
20230531,2023-05-31,297.71436505983166,-0.008960203024139916,0.0018290613710428897,100011.17187728912,0.0016818722710685097,1.6007374003606204E7,299.6962130973368,0.014815803967870366,-0.10031533977821734,0.4381209862663535,0.47389659200641504,"{""type"":""MultiPoint"",""coordinates"":[]}"
20230601,2023-06-01,297.67884856741193,-0.0074100471224287905,9.013199463373825E-4,100057.88435640553,5.689862829401655E-4,1.30974273754057E7,299.6326060874601,0.008021166082903246,0.40165548052892674,0.6232834791016558,0.462462945459611,"{""type"":""MultiPoint"",""coordinates"":[]}"
20230602,2023-06-02,297.6803379111572,-0.009594531224021572,0.001513009942635448,100043.32404818317,0.0013563971720660071,1.6524639691309055E7,299.793200036714,0.012319215008045522,0.05228385217116135,0.15235498643921666,0.47094214978535065,"{""type"":""MultiPoint"",""coordinates"":[]}"
20230603,2023-06-03,297.7483922369364,-0.012820557780829833,0.001590025180993079,100004.82223099517,0.001493235959329203,1.77007252455824E7,300.62731251130236,0.009380185605605242,0.45652698086265014,0.02741252612230769,0.47255704184824615,"{""type"":""MultiPoint"",""coordinates"":[]}"
20230604,2023-06-04,297.3526939131175,-0.009129081685814756,3.053719682294541E-4,100031.79250271406,1.544615504353046E-4,1.5473838372160116E7,299.7091389525495,0.005228094004233895,0.2523901853757433,-0.034502462149096275,0.4791544293938871,"{""type"":""MultiPoint"",""coordinates"":[]}"
20230605,2023-06-05,297.3577298490972,-0.010625409171270027,0.001371579558420302,100023.57507076235,0.001127198179985615,1.8008238187522538E7,299.45427795178136,0.011198809301647687,0.4387139548388707,-0.08922207902896175,0.47646576848966127,"{""type"":""MultiPoint"",""coordinates"":[]}"
20230606,2023-06-06,297.72332805308434,-0.009927751816838734,6.671416235021681E-4,99965.4446373348,4.088108209853477E-4,1.787152906310855E7,299.66496717570163,0.009222551412629038,0.3066162559214887,-0.11140021608345553,0.4757233760809437,"{""type"":""MultiPoint"",""coordinates"":[]}"
20230607,2023-06-07,297.5935769054176,-0.0044871423376023544,0.0018417264203538632,100053.7547090175,8.997047313962913E-4,1.1990328922466643E7,298.6669747952959,0.015249571034275494,0.0757401091846971,-0.11575431516500374,0.47817402296390704,"{""type"":""MultiPoint"",""coordinates"":[]}"
20230608,2023-06-08,297.34657188344005,-0.008912875767417045,0.0010727164636138028,100029.9794381297,5.763311582569436E-4,1.5403159138838807E7,299.3200220623216,0.008874752192114645,0.31213308380893656,-0.11368912317271644,0.4729334704791975,"{""type"":""MultiPoint"",""coordinates"":[]}"
20230609,2023-06-09,297.111781328827,-0.00842230124724844,8.224319872166592E-4,99968.7171436433,4.739956980657801E-4,1.445220604471691E7,298.9435403495759,0.011397813026732815,0.27119642038273123,-0.12484354654145449,0.4739800636721626,"{""type"":""MultiPoint"",""coordinates"":[]}"
20230610,2023-06-10,297.1321027269443,-0.0042705659644078405,0.009527728883123037,99922.79827234488,0.00699438345731057,9232954.454381537,298.24073930055505,0.027519343019398644,-0.19985671352345658,-0.4061014851292591,0.46656336912184276,"{""type"":""MultiPoint"",""coordinates"":[]}"
20230611,2023-06-11,297.3462219449215,-0.008497224573221957,0.0013238525228340444,99899.09025214778,3.37910663445332E-4,1.5807816073566537E7,299.10385668731993,0.010113821892565527,0.2805086203615373,-0.23661936070285955,0.4778550840768266,"{""type"":""MultiPoint"",""coordinates"":[]}"
20230612,2023-06-12,297.19680203129315,-0.002291889538134731,0.006471035927480367,99927.73168020874,0.004543713693299795,7026721.141002526,298.2500971931579,0.021765875728749575,0.13639720917206605,-0.09473225369392099,0.47682056296314546,"{""type"":""MultiPoint"",""coordinates"":[]}"
20230613,2023-06-13,297.2372583131805,-0.004546938713249042,0.0017267131215391975,100009.51975968982,4.7401267614684473E-4,9985213.800937615,298.28655885076694,0.011347445226213558,0.058774319215525325,-0.37637602971972645,0.47668684782754317,"{""type"":""MultiPoint"",""coordinates"":[]}"
20230614,2023-06-14,297.39218208431305,-0.00573074508671979,4.943330425284117E-4,100105.00140432952,1.2317559659330587E-4,1.1852548115398487E7,298.88632464096486,0.005771566087513026,0.051584818569824865,-0.740277895432766,0.48281676368883053,"{""type"":""MultiPoint"",""coordinates"":[]}"
20230615,2023-06-15,297.42753677377345,-0.009533336760225686,3.3396794677339564E-4,100062.48411650854,4.733991438070876E-5,1.6541779570140643E7,299.68098534676795,0.0028460871575363062,0.5851920190117138,-1.0610422896628113,0.47595774403757923,"{""type"":""MultiPoint"",""coordinates"":[]}"
20230616,2023-06-16,297.5820494499442,-0.011766998530551928,3.6426106171620013E-4,99996.33545362086,6.760402390813295E-5,2.045565948503426E7,300.01417122708006,0.004089298018487362,0.8226442257935853,-1.1409202490249553,0.47779785009054687,"{""type"":""MultiPoint"",""coordinates"":[]}"
20230617,2023-06-17,297.21721534210843,-0.010073753615879555,4.450875770044035E-4,100088.81239933863,1.4133180709595378E-4,1.713612620194735E7,299.2278955250724,0.006508447037988352,0.40255791895348597,-0.4983105422613899,0.4844662481409553,"{""type"":""MultiPoint"",""coordinates"":[]}"
20230618,2023-06-18,297.24681745387716,-0.005817307151915836,6.562365125629648E-4,100025.81805768424,1.7472047841037353E-4,1.0390133225387668E7,298.74160485348466,0.007267757761233386,0.6079968652955643,-0.6717760171980822,0.49414520616757224,"{""type"":""MultiPoint"",""coordinates"":[]}"
20230619,2023-06-19,297.2709336061291,-0.00652524946728339,4.789878020121481E-4,99835.16027516544,1.069401661884557E-4,1.1736608564731337E7,298.9035274183712,0.004970402447080253,0.5299648819584186,-0.5882638867249038,0.48912570676862066,"{""type"":""MultiPoint"",""coordinates"":[]}"
20230620,2023-06-20,297.3384564829957,-0.0027909979057621536,0.0012974803827318783,99813.42557411638,4.908430084097141E-4,6202599.741795888,298.2609187088444,0.0062096127478777205,-0.2503155461439849,-0.0735016255041114,0.4726035969520164,"{""type"":""MultiPoint"",""coordinates"":[]}"
20230621,2023-06-21,297.04620271406014,-0.006151584143291258,0.0012431059461228047,99886.98623761782,4.086576555336679E-4,1.2078594530833032E7,298.5013863084006,0.00884028676815855,0.11567805377691036,-0.04494415039998407,0.46723923899259306,"{""type"":""MultiPoint"",""coordinates"":[]}"
20230622,2023-06-22,297.21046859350525,-0.007980341342298984,4.867546279164716E-4,99922.0025263962,1.1844360200756086E-4,1.3833321632167326E7,298.99794218840844,0.005013434569556522,0.5577470300460982,-0.400441683947947,0.4686452991931767,"{""type"":""MultiPoint"",""coordinates"":[]}"
20230623,2023-06-23,296.82220839536996,-0.010093128330820184,4.34567163749761E-4,99950.80443892792,6.46641586087389E-5,1.647351429931482E7,299.09658647916234,0.0038059088807804267,0.530233397623111,-0.6230557419987508,0.47560730558244757,"{""type"":""MultiPoint"",""coordinates"":[]}"
20230624,2023-06-24,296.7947996164518,-0.010311666521416045,4.450069425383761E-4,99908.0828262698,6.24331409562335E-5,1.6232862086548869E7,299.0741549192791,0.0036361387241178513,0.6797105532624516,-0.46991199549466245,0.4772574439302691,"{""type"":""MultiPoint"",""coordinates"":[]}"
20230625,2023-06-25,297.0662796528583,-0.005695565049178841,0.0028625970449079646,99953.54034838364,0.001555078011039702,1.1628617966822937E7,298.3213696138749,0.01831704372932047,0.4944327859182687,0.04712547804819503,0.48507080073539477,"{""type"":""MultiPoint"",""coordinates"":[]}"
20230626,2023-06-26,296.6177900770362,-0.006312111148787372,0.0038796345700952846,100019.66362422665,0.001312865366842873,1.1840778266858999E7,297.8556509512035,0.01786201480671795,0.5668071357515201,8.123885956159146E-4,0.48047535109081485,"{""type"":""MultiPoint"",""coordinates"":[]}"
20230627,2023-06-27,296.3924251014846,-0.002488447517812188,0.008819416339995844,100112.87851604764,0.00241743553707929,5559011.680490445,296.9760265783674,0.03038044688323257,0.4037207546020905,0.36481640228271944,0.47872316099328044,"{""type"":""MultiPoint"",""coordinates"":[]}"
20230628,2023-06-28,296.5695762116113,-0.007711380863883975,0.006129176467065988,100178.66401084865,0.0034153575189828102,1.4300055646592142E7,297.88106220028476,0.021003683467027575,0.8965479704834748,-0.5752325370802102,0.4859692713061927,"{""type"":""MultiPoint"",""coordinates"":[]}"
20230629,2023-06-29,296.63947972140505,-0.002263858363575081,0.004022988499156671,100232.06975484162,7.416756076048396E-4,5661377.822574829,297.22478404241724,0.011769959883474365,0.1820074244751525,-0.47232750256283096,0.4781077781940456,"{""type"":""MultiPoint"",""coordinates"":[]}"
20230630,2023-06-30,296.68938517235176,-0.00899269371778794,0.0017875603823682437,100135.81807417743,9.817129899094435E-5,1.4609367613415074E7,298.6849867122251,0.004738262513240284,0.7194469644410318,-0.7438257387272226,0.4817537684210764,"{""type"":""MultiPoint"",""coordinates"":[]}"
20230701,2023-07-01,297.0271060158105,-0.012446200340083478,0.0017456573068429283,100125.47635020126,7.933946484226293E-5,1.868445398052651E7,299.5801696584752,0.004384514628611353,1.2393364615703462,-1.158355355520692,0.4777230183541423,"{""type"":""MultiPoint"",""coordinates"":[]}"
20230702,2023-07-02,296.97666970748344,-0.004233161537624895,0.007491968550645099,100116.46514866901,0.0030791888109536285,8721161.751893258,297.8581377919699,0.023197913060775534,1.045788067151526,-1.1880919737001354,0.4787181593331742,"{""type"":""MultiPoint"",""coordinates"":[]}"
20230703,2023-07-03,296.8219081169281,-0.0032695618065479133,0.027319389513972177,100066.12658193968,0.007853498736788039,5554898.119725929,297.3021690010064,0.05433534689206996,2.0007778579963205,-0.5939449525707717,0.47510489197731137,"{""type"":""MultiPoint"",""coordinates"":[]}"
20230704,2023-07-04,296.7480219554294,-0.0026880746208241477,0.0473993046110475,99964.23899767757,0.010010174805082832,4055488.2408943386,297.0585855662157,0.07369059209580375,2.927301373615304,-0.1736136932386803,0.47979018074601515,"{""type"":""MultiPoint"",""coordinates"":[]}"
20230705,2023-07-05,296.5772714817778,-0.0027335533651254946,0.06416195179639722,99899.88674798,0.0101486406105329,3494502.5993508846,296.8742158797831,0.07578592386871556,3.1933979862569433,0.06220420367844702,0.4791623609744382,"{""type"":""MultiPoint"",""coordinates"":[]}"
20230706,2023-07-06,296.3881553343131,-0.001779284771549285,0.042923964423003544,100099.61453896013,0.002883819874619217,3296366.6455102786,296.6363302586902,0.03631631303003117,1.6097160831697432,-0.724296101871513,0.4756833649782168,"{""type"":""MultiPoint"",""coordinates"":[]}"
20230707,2023-07-07,296.7216112671285,-0.0023379475402243084,0.04188985744571153,100229.18655912386,0.0034479067949366587,6377414.843490806,297.04761060996043,0.041832418088405696,1.265613471591884,-0.2003077066694118,0.47679378407722867,"{""type"":""MultiPoint"",""coordinates"":[]}"
20230708,2023-07-08,296.560656409866,-0.0020501996329060287,0.01621127512011767,100229.04456225253,4.972809575715738E-4,6055362.996754418,296.93666749952627,0.014960339825723406,0.23840789437251025,-0.7751119427704471,0.4811622313774467,"{""type"":""MultiPoint"",""coordinates"":[]}"
20230709,2023-07-09,296.4462385781755,-0.012896842596292755,0.010230281539032961,100095.13249889424,3.462293266906147E-5,1.8657759672196183E7,299.22344237546645,0.0023876302482866056,1.1749319614649307,-1.289799027753028,0.475972754864441,"{""type"":""MultiPoint"",""coordinates"":[]}"
20230710,2023-07-10,297.14009830535855,-0.0068926233899021605,0.010121795397521872,100016.57111920005,0.0015094561795873677,1.3346387941940142E7,298.46576356572564,0.011507194747921253,0.22759215002636562,-0.3569314935944204,0.4800146761845046,"{""type"":""MultiPoint"",""coordinates"":[]}"
20230711,2023-07-11,296.8477209583902,-0.0051438245012834964,0.00934228917675847,100006.32973481968,0.0015569947528314648,1.0353558179588895E7,298.20365041734397,0.007031357360652966,0.3542154758993086,-0.3539455623376798,0.46270068240059675,"{""type"":""MultiPoint"",""coordinates"":[]}"
20230712,2023-07-12,296.48644696802086,-0.012169923849626865,0.006808166141936464,99995.19126919787,6.807869010740268E-5,1.8283413653804544E7,298.9348280666281,0.004521542638159398,1.3710447555121958,-0.8821683402158331,0.461153454212547,"{""type"":""MultiPoint"",""coordinates"":[]}"
20230713,2023-07-13,296.6635564246249,-0.0019125856722450156,0.007903993900850536,100116.47566857963,8.211717133138571E-4,4684519.352326003,297.1149371195649,0.016058523619931153,0.8821981539877006,-0.5262039230769465,0.47990371281316274,"{""type"":""MultiPoint"",""coordinates"":[]}"
20230714,2023-07-14,296.49268474113427,-0.0051922881300703865,0.005770979839415058,100193.38078999787,6.105359059312135E-5,8418926.783988463,297.9652420586872,0.0036869674394367277,0.7011714421265515,-0.8322708483913906,0.4797348641965206,"{""type"":""MultiPoint"",""coordinates"":[]}"
20230715,2023-07-15,296.6663221331053,-0.010365487915640742,0.005425790393993051,100120.07464416925,1.0998419184053674E-4,1.7314357125856478E7,298.9646033463477,0.004864419474955978,1.1626187313174756,-1.3745057709960213,0.4838385495418454,"{""type"":""MultiPoint"",""coordinates"":[]}"
20230716,2023-07-16,296.75323018077364,-0.008983700341732117,0.005023487538281995,100082.77642371053,6.785731409329438E-5,1.562618331410026E7,298.85026484238506,0.004467844041490916,0.9799593982680483,-1.033375395234208,0.4860199359564099,"{""type"":""MultiPoint"",""coordinates"":[]}"
20230717,2023-07-17,296.7815271311762,-0.009714799952279179,0.004723271366451951,100064.93818115209,9.361085986729955E-5,1.6090612161918499E7,298.7720727252192,0.005458552542577955,1.322639613673727,-1.0213486015230637,0.4853934697168265,"{""type"":""MultiPoint"",""coordinates"":[]}"
20230718,2023-07-18,296.6074139578639,-0.00854671856921114,0.004684883156731548,100075.74240789862,2.450871550344708E-4,1.5245459885322757E7,298.17836402290527,0.011483561574195613,2.223705351589133,-0.6593208513748245,0.4956114105571276,"{""type"":""MultiPoint"",""coordinates"":[]}"
20230719,2023-07-19,296.7591303396517,-0.006530030141861656,0.0050398089230769905,99971.37382874715,2.450081917769291E-4,1.2461345480346194E7,298.03608067417713,0.011023434635603041,2.0279597277709516,-0.6556198733803571,0.4899543656052155,"{""type"":""MultiPoint"",""coordinates"":[]}"
20230720,2023-07-20,297.1232520496777,-0.0092883156259869,0.004491545281447189,99948.69076213434,2.512395720468116E-4,1.748906267580238E7,298.72125009659874,0.01087085408823859,1.8906613473838332,-1.012952358293654,0.4960388294104873,"{""type"":""MultiPoint"",""coordinates"":[]}"
20230721,2023-07-21,296.9275261238944,-0.00930248650131439,0.004114234244354873,100071.4021767636,1.7370327936369208E-4,1.6165417001803106E7,298.75971760126765,0.008772872640283834,1.8182444471853805,-1.2288617145156817,0.4991036062129402,"{""type"":""MultiPoint"",""coordinates"":[]}"
20230722,2023-07-22,296.5911222843758,-0.009912497423430706,0.0039832269026620105,100193.59129697223,1.6071834677700705E-4,1.6722695304724125E7,298.5300390722947,0.00775121129935658,1.323623747561382,-0.9796080529969222,0.4955693623354435,"{""type"":""MultiPoint"",""coordinates"":[]}"
20230723,2023-07-23,296.75194647920046,-0.004790569125284068,0.010646519573251568,100164.1953135565,0.0025256107532070984,1.060314141723765E7,297.5948354588318,0.027399507272852047,1.1860975040124435,-1.015118661917292,0.48642171668754164,"{""type"":""MultiPoint"",""coordinates"":[]}"
20230724,2023-07-24,296.6418121682722,-0.002273339631752636,0.006753723688216748,100114.10177984653,5.925072070239383E-4,6159301.701767039,297.1255259923687,0.014597842258490814,-0.12280967960937739,-0.4564179146228207,0.4765899576580802,"{""type"":""MultiPoint"",""coordinates"":[]}"
20230725,2023-07-25,296.2227640875343,-0.0043636953214360105,0.0054842307733750035,100139.80949952667,3.0336622786874434E-4,8860727.05589614,297.2774260998174,0.008793169794234695,0.45557629607849814,-0.9168674895963728,0.4862818512181164,"{""type"":""MultiPoint"",""coordinates"":[]}"
20230726,2023-07-26,296.3432188922503,-0.004634352404257472,0.010657794706407885,100254.6163584373,0.0014258883262084708,1.0333013023800937E7,297.3682531796335,0.020217671615934872,0.6897040267505962,-0.6860638232396793,0.4753765844929058,"{""type"":""MultiPoint"",""coordinates"":[]}"
20230727,2023-07-27,296.1520471386016,-0.009560465877167038,0.006866053826878573,100261.24703233705,1.9967470827233352E-4,1.6295656723764878E7,298.19723892762175,0.007087549430730192,0.9788303803417426,-0.9527575387477821,0.4842542883782079,"{""type"":""MultiPoint"",""coordinates"":[]}"
20230728,2023-07-28,296.2607243821403,-0.013563851017492842,0.006189053833183726,100174.38571959006,5.341642306163085E-5,2.1110940110710427E7,299.03820412914723,0.0034292774524148774,1.2741210860463204,-1.5333967320347857,0.4777217676525206,"{""type"":""MultiPoint"",""coordinates"":[]}"
20230729,2023-07-29,296.1200081173768,-0.01490631799243479,0.005758911946212778,100163.69462553716,3.201685096226228E-5,2.041757682978724E7,299.09253758887775,0.00225318028477675,1.4580469366477826,-1.7052266416762911,0.4725267125058741,"{""type"":""MultiPoint"",""coordinates"":[]}"
20230730,2023-07-30,296.142321132986,-0.015357890875329619,0.00536338910272394,100088.37008132505,2.688168135954936E-5,2.0336359097728096E7,299.173078118329,0.00202034327298607,1.3709075463220812,-1.6115017298509158,0.4652867195110135,"{""type"":""MultiPoint"",""coordinates"":[]}"
20230731,2023-07-31,296.17758952495154,-0.014083768538338074,0.005024061670941306,100125.28363036375,5.489768338813878E-5,1.905048390515687E7,298.9567323497374,0.00394797447971614,1.6320535556845028,-1.7653070581204362,0.4644050404406151,"{""type"":""MultiPoint"",""coordinates"":[]}"
20230801,2023-08-01,296.567238633543,-0.013064732801288722,0.004705575853317514,100158.9356614471,6.884794844817566E-5,2.0450333333213132E7,298.99548846246074,0.004622857842423904,1.2685360542239588,-1.4595719974965828,0.472385641043684,"{""type"":""MultiPoint"",""coordinates"":[]}"
20230802,2023-08-02,296.8629444341045,-0.011578207740844308,0.004413137689979766,100190.42966490253,7.569297659152087E-5,1.880150566354129E7,299.1102937812316,0.004897282118073172,1.3073599928057902,-0.8291309740927691,0.47725903075078696,"{""type"":""MultiPoint"",""coordinates"":[]}"
20230803,2023-08-03,296.4720594612706,-0.013619727987407822,0.004140206637835615,100178.39966416064,7.660968012213064E-5,1.9939304979444645E7,299.0332065474057,0.004940140784608726,1.3907198018072777,-1.5138060121184325,0.4817237201713145,"{""type"":""MultiPoint"",""coordinates"":[]}"
20230804,2023-08-04,296.43751336107005,-0.009710663305565293,0.003875129704027456,100328.18205107709,5.395284605679682E-5,1.7230256986657053E7,298.62789870082287,0.003958885475929073,0.8084922845095079,-1.274528380296654,0.48105007840658803,"{""type"":""MultiPoint"",""coordinates"":[]}"
20230805,2023-08-05,295.8954971355664,-0.015048260783411904,0.0036116867553573047,100388.01257275796,1.8532600507725893E-5,2.0099084988460153E7,299.2096722040316,0.0014993462323275924,0.7516081333876891,-1.5951278353413791,0.46926726153126436,"{""type"":""MultiPoint"",""coordinates"":[]}"
20230806,2023-08-06,296.45313278759517,-0.013473062953695767,0.0034098481867573895,100244.42896109434,2.5475319116243683E-5,2.0137950860439956E7,299.19142422158507,0.002168541613615595,1.033837824776878,-1.3654053176247545,0.4643110776695584,"{""type"":""MultiPoint"",""coordinates"":[]}"
20230807,2023-08-07,296.3167809205412,-0.0144074859814312,0.0032187082220018026,100086.72626650262,2.5669480225603974E-5,1.9844328135593228E7,299.4291717737021,0.0022295260795752304,1.409281979201576,-1.4414865688745155,0.4588315568014413,"{""type"":""MultiPoint"",""coordinates"":[]}"
20230808,2023-08-08,296.63056507333,-0.007534732833219876,0.003183981296906952,100155.1100725866,1.5736067129565716E-4,1.5161124815723043E7,298.45406429686506,0.005823739594094964,0.5519246485302378,-0.8628858055743421,0.4729114851852439,"{""type"":""MultiPoint"",""coordinates"":[]}"
20230809,2023-08-09,296.50393738731174,-0.01395546321969062,0.0028918813329674997,100208.98757532878,1.9306442581098348E-5,2.0280673966822937E7,299.4693345534056,0.0017004904924612675,1.0915376651973476,-1.1044334538468148,0.46484647047664424,"{""type"":""MultiPoint"",""coordinates"":[]}"
20230810,2023-08-10,297.01600018595406,-0.007950169521626093,0.0027515137674917704,100215.7734898557,1.922012009519212E-5,1.319631790191129E7,298.9114869075664,0.0017081705410460335,0.7144077778836975,-0.9667406609775155,0.4615131240149562,"{""type"":""MultiPoint"",""coordinates"":[]}"
20230811,2023-08-11,296.93107761897096,-0.010252352328376568,0.0027159971211561003,100141.26347847594,1.1179369417201561E-4,1.6744644985214574E7,299.11027980868187,0.005813740418461439,0.8038391806153896,-0.6414181247527301,0.46799566906538,"{""type"":""MultiPoint"",""coordinates"":[]}"
20230812,2023-08-12,296.90682325421636,-0.0078414182463816,0.0026074032081923157,100162.20035795556,1.188310241381098E-4,1.6506502761630004E7,298.4346401202219,0.006200182430905998,0.7209510346963037,-0.9392115854274081,0.4831185412530158,"{""type"":""MultiPoint"",""coordinates"":[]}"
20230813,2023-08-13,296.5427079283857,-0.012508433056928777,0.0024017868647496286,100103.42577596752,2.1945455424243088E-5,2.0252892608727008E7,299.0260775353219,0.0017532717598536857,0.801482865251247,-0.9473278345089006,0.4737009743627327,"{""type"":""MultiPoint"",""coordinates"":[]}"
20230814,2023-08-14,296.1718986817085,-0.01259530147452282,0.0023085205048978268,100155.09765484133,3.2468122929560345E-5,1.9354496472773172E7,298.67390560338606,0.002905566612069804,0.6200418698127087,-0.6358683904441937,0.468231384822104,"{""type"":""MultiPoint"",""coordinates"":[]}"
20230815,2023-08-15,295.31501280789996,-0.014321906338293031,0.0021815129589011343,100189.62378918695,4.070083178469648E-6,1.972198304543816E7,298.6460245622869,3.6771988561339975E-4,0.41413991097891517,-0.30673182731437676,0.4578703211855325,"{""type"":""MultiPoint"",""coordinates"":[]}"
20230816,2023-08-16,295.3749451857947,-0.015596676087211804,0.0020869379218975384,100181.87557356468,6.913665911801404E-6,2.283461307500902E7,298.9007401542604,6.64297801640934E-4,0.2571261663078073,0.30882390523590225,0.4441192789509945,"{""type"":""MultiPoint"",""coordinates"":[]}"
20230817,2023-08-17,296.3259644279659,-0.012221810129513776,0.002046475471076319,100182.79705143631,5.448353266913754E-5,1.9391783258925352E7,299.01227338607254,0.004424111898135417,0.5623853339328119,-0.18716532760750343,0.44749409906823184,"{""type"":""MultiPoint"",""coordinates"":[]}"
20230818,2023-08-18,296.5292205400143,-0.012192133698562747,0.001978438348921464,100135.38490150325,6.469208014987243E-5,2.064325371943744E7,298.8127227390682,0.004837520979412017,0.7023099971972544,0.07545999741809332,0.463114505978298,"{""type"":""MultiPoint"",""coordinates"":[]}"
20230819,2023-08-19,296.2713192257547,-0.010966462112380157,0.0018783919956552567,100080.44849657037,3.612819310778795E-5,1.7788857840605844E7,298.64983238631083,0.0029194320619557687,0.8370184205389178,-0.7556340845606478,0.4713894268228023,"{""type"":""MultiPoint"",""coordinates"":[]}"
20230820,2023-08-20,296.53178664270627,-0.012301612566126155,0.0018071109906585908,99994.1488501238,3.351779232118004E-5,2.0170436333934374E7,299.06652448429253,0.0032276178325827006,1.0699927452335936,-0.9570510258452796,0.46409504607629726,"{""type"":""MultiPoint"",""coordinates"":[]}"
20230821,2023-08-21,296.4532608628804,-0.015452896184034398,0.0017098400767340453,99896.87059032552,5.463537888710911E-6,2.122155606563289E7,299.8389477478167,5.421960192806735E-4,0.8520146000914053,-1.1391250109755657,0.45002661898870117,"{""type"":""MultiPoint"",""coordinates"":[]}"
20230822,2023-08-22,296.58736780375045,-0.014537807462654345,0.0016449455869055982,99928.84929606266,8.567686743827406E-6,1.944233120375045E7,300.13282680454165,8.913988605854152E-4,0.816562571424119,-0.8800661534353984,0.4363746801266977,"{""type"":""MultiPoint"",""coordinates"":[]}"
20230823,2023-08-23,296.3952835205442,-0.015246174205867042,0.001574901856543826,99958.9249556503,3.089879099057979E-6,2.198824652217815E7,299.78845276725406,3.2749673533339263E-4,0.6071542922601288,-0.6712647121762813,0.42633852733415356,"{""type"":""MultiPoint"",""coordinates"":[]}"
20230824,2023-08-24,295.47863564948113,-0.01799808886591339,0.0015104829733052754,99964.97819738234,2.2637916092747095E-6,2.438520790299315E7,299.5403260759385,2.491326659951412E-4,0.4912695223815971,-0.3385947087820168,0.4131380367313444,"{""type"":""MultiPoint"",""coordinates"":[]}"
20230825,2023-08-25,295.83884187563785,-0.01628677403501256,0.0014542697720952384,100006.9470664739,6.05680078020863E-6,2.2435958173818976E7,299.62386235423867,6.907769796911063E-4,0.5270939877520733,-0.26447374082153297,0.40389150724286066,"{""type"":""MultiPoint"",""coordinates"":[]}"
20230826,2023-08-26,296.35451149393106,-0.014571738277225773,0.0014070759299340515,100072.40878895688,1.4098969029898772E-5,2.1057685848539494E7,299.6617336282365,0.001645098260118587,0.5005267565461617,-0.17667519239468538,0.40197462840125564,"{""type"":""MultiPoint"",""coordinates"":[]}"
20230827,2023-08-27,296.5554260898631,-0.014480387407102783,0.0013570433762629796,100108.80232732724,1.5213669120212173E-5,2.0725054798052654E7,299.86902864146435,0.0018020342811109191,0.6254461982929731,-0.2603440769074957,0.4031962353330003,"{""type"":""MultiPoint"",""coordinates"":[]}"
20230828,2023-08-28,296.9098116756274,-0.012483235002585021,0.002073057831472926,100096.54731562117,7.779025591928693E-4,1.9819629092679415E7,299.16706138213743,0.021269726097110895,0.6137592830628152,-0.07490607569862236,0.44706678614047224,"{""type"":""MultiPoint"",""coordinates"":[]}"
20230829,2023-08-29,297.3062482536492,-0.006911564825235014,0.003807134472244791,100051.72002584682,0.0018644811410229866,1.4320612695636496E7,298.6103871947715,0.01783524495230981,0.5367623090829999,-0.32833469187730435,0.478085359682729,"{""type"":""MultiPoint"",""coordinates"":[]}"
20230830,2023-08-30,297.08454097505233,-0.008417292464802596,0.0012841751987737223,100042.76273099893,5.846520569450883E-5,1.3608495710421927E7,299.0816477853413,0.004342026156255296,0.4723160338095137,-0.5825233012240787,0.4723966888315848,"{""type"":""MultiPoint"",""coordinates"":[]}"
20230831,2023-08-31,297.357243472903,-0.008966698749558487,0.0017739702224344542,99997.2883432551,5.649385326956741E-4,1.6422338826541658E7,299.1543322133394,0.009833082820468974,0.10973994670858293,-0.2717596036709477,0.4807735321140301,"{""type"":""MultiPoint"",""coordinates"":[]}"
20230901,2023-09-01,297.31396461837153,-0.008931810649570644,0.0020956947803067428,100022.22067700588,8.857044214339108E-4,1.5791230749368915E7,298.96237270613386,0.010117326196860099,0.29545536171947195,0.23748517583834894,0.4815940919984547,"{""type"":""MultiPoint"",""coordinates"":[]}"
20230902,2023-09-02,297.18092905235545,-0.005856254478944067,0.0014240871073750013,100049.58183069021,1.4353354367116193E-4,1.2599479192210604E7,298.46768093739644,0.006775696751988992,0.17407801839390802,0.4864215267035578,0.4896544714303012,"{""type"":""MultiPoint"",""coordinates"":[]}"
20230903,2023-09-03,296.88917135960173,-0.005411580039723617,0.003314898976383768,99946.57154414973,0.0011376266203500973,1.0717208324918862E7,297.80818283158095,0.0203733833244386,0.6363077061668385,0.2933879620267418,0.48226311109661846,"{""type"":""MultiPoint"",""coordinates"":[]}"
20230904,2023-09-04,297.0481358246242,-0.002593800344924569,0.004503580978361226,99899.94020418245,9.332461033407376E-4,7270706.315903354,297.75527934062825,0.016795685082350992,0.44921249419912884,-0.43057060850714124,0.4741177852945642,"{""type"":""MultiPoint"",""coordinates"":[]}"
20230905,2023-09-05,296.6819867763343,-0.0032506843647972326,0.0021294811025149036,99914.76570552915,3.6761321038749305E-4,7377756.949513163,297.5297204100293,0.013761266026198544,0.468087207469993,0.007432480903897872,0.4906575781520362,"{""type"":""MultiPoint"",""coordinates"":[]}"
20230906,2023-09-06,296.71137365622513,-0.0023309160890430487,0.006808910122577178,99989.88885711548,0.001468746868166045,5988887.272989542,297.21002562066974,0.02812117576502396,0.5157618441824185,0.7648095343746035,0.4811848526835542,"{""type"":""MultiPoint"",""coordinates"":[]}"
20230907,2023-09-07,296.61515263436957,-0.0015225419811595448,0.017604819175529002,100089.70057618245,0.004021707910129493,3594496.0764514967,296.8722965001115,0.04710352768257558,0.49995941307011954,0.7742941491892451,0.47674663446029525,"{""type"":""MultiPoint"",""coordinates"":[]}"
20230908,2023-09-08,296.52591040398374,-0.002744174564073888,0.005625248331478517,100173.6958855951,2.640075753236394E-4,6019463.336098089,297.26073318588743,0.009761650342288708,0.21310495811523844,0.325540337171072,0.4943923531766264,"{""type"":""MultiPoint"",""coordinates"":[]}"
20230909,2023-09-09,296.8680685675909,-0.002947560339908157,0.013093313818217786,100088.08074231425,0.0022627606563434,7612462.007573026,297.41189681762893,0.025313262990157747,0.8048197825033228,-0.6713958315328273,0.4822508489473722,"{""type"":""MultiPoint"",""coordinates"":[]}"
20230910,2023-09-10,296.72984819633484,-0.0037701977393363216,0.02445497195341507,100049.4035996406,0.0018452152453988973,1.0536413915975478E7,297.42078529130475,0.027779658972647087,1.0800621375712025,-0.21965439533983833,0.4824770589132179,"{""type"":""MultiPoint"",""coordinates"":[]}"
20230911,2023-09-11,296.6221514164306,-0.002914975718700882,0.033878856874247396,100110.18988558758,0.001735831998097867,6924363.695997118,297.25277464314433,0.028586242605600814,0.7539826654616942,-0.18754308718674342,0.48053172059121635,"{""type"":""MultiPoint"",""coordinates"":[]}"
20230912,2023-09-12,296.738973168631,-0.010771942970783238,0.018542101534853934,100057.42355795333,8.99912587280012E-4,1.4928716628200507E7,298.8613720437715,0.016307448587433077,0.8287425091066304,-0.6829362743848618,0.47827238600362104,"{""type"":""MultiPoint"",""coordinates"":[]}"
20230913,2023-09-13,296.6416586151289,-0.005898839223483733,0.017854151638070907,100070.76818854992,0.0012571222695941494,1.199315229318428E7,298.1712530915418,0.015498746642347624,0.5144197044643107,-0.23048036154939483,0.4664839702037138,"{""type"":""MultiPoint"",""coordinates"":[]}"
20230914,2023-09-14,296.63530187197557,-0.007683823820844354,0.009109401738884387,100110.72120525822,1.6499189287155406E-4,1.5007628184998203E7,298.044767548508,0.008399506439259406,0.7503802084782356,0.2738864801009983,0.4893834250150126,"{""type"":""MultiPoint"",""coordinates"":[]}"
20230915,2023-09-15,296.6988484606976,-0.002986074696314107,0.014211612826450356,100169.04545059692,0.0026824015356920017,8620730.842769565,297.35354179343807,0.027298831756991375,0.4339354503955789,0.35733789567377644,0.4803427410664532,"{""type"":""MultiPoint"",""coordinates"":[]}"
20230916,2023-09-16,296.81832557418676,-0.004510408552854534,0.010368360123864762,100144.31620351848,5.605993446485258E-4,1.042357880887126E7,297.8932935568214,0.011792826756775876,0.47209266894625157,0.14444674934270735,0.48109084325479273,"{""type"":""MultiPoint"",""coordinates"":[]}"
20230917,2023-09-17,296.7716008904089,-0.0059746214780745585,0.010153638655061204,100023.01971390791,0.0013355489429308111,1.24679292134872E7,297.88883184833537,0.014780188212858137,0.17270326390835603,-0.01181908951511834,0.47702535429114346,"{""type"":""MultiPoint"",""coordinates"":[]}"
20230918,2023-09-18,296.791090383712,-0.004414813392189407,0.00832018011954559,100070.10097109215,6.505150523935464E-4,1.0115653956364946E7,297.70894435369456,0.011808315594940898,0.1534542074024656,0.1741493923014381,0.4827932847751307,"{""type"":""MultiPoint"",""coordinates"":[]}"
20230919,2023-09-19,296.46309983860715,-0.00609044493013154,0.009095766810983088,100156.02522258204,0.00113696913415243,1.2441791535160478E7,297.7914271532938,0.011979008715069522,-0.15254756231866276,-0.11224318851801562,0.47565248124601467,"{""type"":""MultiPoint"",""coordinates"":[]}"
20230920,2023-09-20,296.90960967802977,-0.006615525959922741,0.0067223049471879575,100126.71364473457,3.003429821626916E-4,1.516449030833033E7,298.35624836104216,0.006222037435265772,0.285463195334892,0.07579198040086961,0.4727008712737373,"{""type"":""MultiPoint"",""coordinates"":[]}"
20230921,2023-09-21,297.0041028797835,-0.006978107505473602,0.007855559140712483,100119.1909348141,0.0014555618607563702,1.5496202617381897E7,298.46975873270094,0.012101957644107665,0.41365565742376204,-0.022589739748370915,0.47171592735329965,"{""type"":""MultiPoint"",""coordinates"":[]}"
20230922,2023-09-22,296.8246346636594,-0.006625810809355544,0.01405088656964476,100092.5221574272,0.003369649125916667,1.3927399235124415E7,297.9711779686017,0.026579027288405048,0.8860689429856219,0.013617707769061713,0.46985427300679844,"{""type"":""MultiPoint"",""coordinates"":[]}"
20230923,2023-09-23,297.16731403808006,-0.008012158360252989,0.01097974448783536,100171.78976296264,0.001334800297952584,1.5948124206285037E7,298.5689446497084,0.016423623397640058,0.5712563152109177,0.046271401595748364,0.4781039017068465,"{""type"":""MultiPoint"",""coordinates"":[]}"
20230924,2023-09-24,296.44150019867067,-0.008954295936234367,0.009166723803045774,100140.92912860899,4.4343042601500444E-5,1.5567113705449918E7,298.73714375280963,0.0027082090558577564,0.3939709792358972,-0.6607855387011435,0.46112542531283685,"{""type"":""MultiPoint"",""coordinates"":[]}"
20230925,2023-09-25,297.01343929425127,-0.007963860545171715,0.008114732592341448,100023.46942786519,1.9289279914787863E-4,1.4275782409564154E7,298.7415595624951,0.00750120167720078,0.4036983407909359,-0.38446074650399115,0.4757015133351142,"{""type"":""MultiPoint"",""coordinates"":[]}"
20230926,2023-09-26,297.0702723498414,-0.006774615715373694,0.007747273221800056,100044.8478998917,4.461163536031197E-4,1.3271316269579332E7,298.4623752873252,0.010684085746142666,0.2899798182200778,-0.08726887713545918,0.4802168812770688,"{""type"":""MultiPoint"",""coordinates"":[]}"
20230927,2023-09-27,296.79933975780074,-0.007912416246192704,0.0067481419244183995,100071.9033969678,2.5119997891458076E-4,1.5059803277630247E7,298.3204556274965,0.007706515310991125,0.5725461212627764,-0.04964094599618235,0.48765501899778857,"{""type"":""MultiPoint"",""coordinates"":[]}"
20230928,2023-09-28,296.71785696877754,-0.005384917650741229,0.01472988172833601,100104.86674288767,0.00440875035124568,1.093794529067611E7,297.62237386454734,0.03307631115566468,0.5790338171174685,0.23588374277507623,0.4807912808425267,"{""type"":""MultiPoint"",""coordinates"":[]}"
20230929,2023-09-29,296.75062543931165,-0.0017498792201183868,0.02437073635283335,100173.94413267777,0.001915092951138872,3498210.638088013,297.0830300896626,0.02855626851090025,0.7985004165422201,1.0202262696630608,0.47989270033379555,"{""type"":""MultiPoint"",""coordinates"":[]}"
20230930,2023-09-30,296.8119129144683,-0.003585285742576054,0.03049759970614509,100207.4413753179,0.00240365632370066,8429469.436351378,297.4016261817831,0.03641328301622766,1.6894694127806085,1.2668226788516577,0.47629027223913756,"{""type"":""MultiPoint"",""coordinates"":[]}"
20231001,2023-10-01,296.83265943351836,-0.0037725752940300007,0.0389820201798677,100197.98014915735,0.001610473617830734,9616695.328612378,297.42394397527875,0.028175978699944825,0.887180279304036,1.0768054559807143,0.4778645727866285,"{""type"":""MultiPoint"",""coordinates"":[]}"
20231002,2023-10-02,296.81103338302785,-0.004713166736165755,0.012776046453982195,100188.97120901471,4.122548243262644E-4,1.0861673994098803E7,297.84810246709367,0.010510891831785257,0.28657982128430826,0.708172129128813,0.47694870301888725,"{""type"":""MultiPoint"",""coordinates"":[]}"
20231003,2023-10-03,296.5663826590848,-0.009377111515229764,0.009614375983813246,100178.2759519225,4.888580641160148E-5,1.6468284651829375E7,298.65867745341825,0.0033624939215406713,-0.0064703451496632815,0.6983506543688771,0.4762264950542815,"{""type"":""MultiPoint"",""coordinates"":[]}"
20231004,2023-10-04,296.669350559314,-0.01161650712260949,0.00803856142442922,100165.55919002955,2.7773418862425023E-5,1.971257461591638E7,299.2669377779214,0.002189937819116519,0.08774406959523602,0.2677553047826048,0.4701926002910553,"{""type"":""MultiPoint"",""coordinates"":[]}"
20231005,2023-10-05,296.4267957118544,-0.01328046808104587,0.006864212509788765,100101.60774581107,1.260198671552106E-5,1.9797060116042826E7,299.39109335004144,9.520077179725596E-4,0.4537908806510236,-0.27069959079922645,0.46186552450109225,"{""type"":""MultiPoint"",""coordinates"":[]}"
20231006,2023-10-06,295.3416705947181,-0.015363546011091531,0.00593525435932698,100030.86265315798,2.4940449109027586E-6,2.1488117959513575E7,299.286351517683,2.0222617343492643E-4,0.2642120262768023,-0.859238393806268,0.44559676269740367,"{""type"":""MultiPoint"",""coordinates"":[]}"
20231007,2023-10-07,295.1347826560941,-0.01690709186140871,0.0051980559205991725,100039.91848720031,7.388783498572135E-10,2.24998381015849E7,299.40626743301516,6.573061800329771E-8,0.2025607371505085,-0.738812615398834,0.4289180664134034,"{""type"":""MultiPoint"",""coordinates"":[]}"
20231008,2023-10-08,296.6502814517026,-0.01142462217233863,0.004659941847836804,100157.07952692304,2.851692393416753E-5,1.6485578291387418E7,299.37455411994233,0.002029865816998233,-0.18956531924057327,-0.12908816025196637,0.4257145219159279,"{""type"":""MultiPoint"",""coordinates"":[]}"
20231009,2023-10-09,296.62771924359686,-0.012512944613204208,0.0042274222718306585,100284.81961673296,4.787206531559738E-5,1.8019096092112686E7,299.8842872975466,0.002366186808887214,0.019973519645440543,-0.3221968111904184,0.42690929654040344,"{""type"":""MultiPoint"",""coordinates"":[]}"
20231010,2023-10-10,296.4434075658747,-0.012156693524792872,0.0038329770219614053,100225.65521955576,3.900693032959073E-5,1.6661729106727371E7,299.8702050165597,0.0018614913370557974,0.12288319747856945,-0.06472044774067058,0.42355793240924683,"{""type"":""MultiPoint"",""coordinates"":[]}"
20231011,2023-10-11,296.75116069512615,-0.008926505932911529,0.004241685834745187,100260.77394931782,7.241437533380666E-4,1.654910514713307E7,298.62539200129925,0.016042915113428806,0.222990316100269,0.14815916347595373,0.4600754874387977,"{""type"":""MultiPoint"",""coordinates"":[]}"
20231012,2023-10-12,296.76852661102555,-0.0029884934065318733,0.011108927845181088,100320.75108808244,0.003919260041016428,8212917.887125858,297.48325702911643,0.035548756503371866,-0.38153002898070315,0.28272203476845414,0.47114406908514234,"{""type"":""MultiPoint"",""coordinates"":[]}"
20231013,2023-10-13,296.99565383341616,-0.008003732650999209,0.003862523071782236,100312.9632898664,6.11612293163964E-4,1.686189104363505E7,298.7045997092753,0.009518946304524987,-0.20955488478024004,0.6197156930201929,0.4656202569863647,"{""type"":""MultiPoint"",""coordinates"":[]}"
20231014,2023-10-14,297.0149613618995,-0.006871326533984159,0.00886380858114812,100321.36420604379,0.0033255137108183053,1.4406664438874865E7,298.2687800696642,0.03127117150099589,-0.1275031443670516,0.4663750955384717,0.47840307904974966,"{""type"":""MultiPoint"",""coordinates"":[]}"
20231015,2023-10-15,296.8088071451464,-0.003698720357938662,0.014204098500803067,100186.72641447197,0.0047581032095856506,7873682.410385864,298.0028159827879,0.028791488919302447,-0.5972198211655249,0.495731676308377,0.4635278378732073,"{""type"":""MultiPoint"",""coordinates"":[]}"
20231016,2023-10-16,296.86651123084476,-0.00672381564845817,0.0054360226124492836,100200.67281658048,6.607099024130902E-4,1.4111896446087267E7,298.38914995712804,0.012991419433331002,-0.35783744412899204,-0.1344782534320849,0.47441283772951537,"{""type"":""MultiPoint"",""coordinates"":[]}"
20231017,2023-10-17,297.2178200463691,-0.005592169620975278,0.01151403718655865,100245.2935198346,0.001698172212270379,1.2092339338983053E7,298.4867291219506,0.020929698640077966,-0.09987427268639854,-0.6469772980181354,0.4771964288356859,"{""type"":""MultiPoint"",""coordinates"":[]}"
20231018,2023-10-18,296.75416908970334,-0.007074716314539083,0.00828610513771737,100281.0678509028,4.702099352763355E-4,1.4615408333573746E7,298.4756293830455,0.007973150068134326,-0.31725819882671347,0.3686782168803243,0.4768672689306492,"{""type"":""MultiPoint"",""coordinates"":[]}"
20231019,2023-10-19,296.4736110347011,-0.011789480958428146,0.006368904540115774,100286.95832247483,3.523207875825075E-5,2.0214510355932206E7,299.2367415883848,0.00229139964182665,-0.023190059173506947,0.36997333514688974,0.47332212010431873,"{""type"":""MultiPoint"",""coordinates"":[]}"
20231020,2023-10-20,296.5459708770833,-0.010779384378541304,0.006784586717495195,100267.57748217558,0.0010940084200966372,1.8103327999639384E7,299.1384195865871,0.007704632080147457,-0.06628158772016092,0.47653457163789986,0.47145260846275217,"{""type"":""MultiPoint"",""coordinates"":[]}"
20231021,2023-10-21,296.9173112101876,-0.008823010503568679,0.005426073241999036,100303.97631392798,3.4561116494214204E-4,1.7324717959610533E7,298.8167778943247,0.009746805694675467,-0.2568658337396474,0.017767901718079116,0.4813879284524534,"{""type"":""MultiPoint"",""coordinates"":[]}"
20231022,2023-10-22,296.8693509939299,-0.006874962231924162,0.008113638181850619,100345.32987269355,0.0019920973642569696,1.5585519519293185E7,298.2169910237858,0.019117420948329834,-0.22958326953035493,0.06108732972384102,0.47715953565987995,"{""type"":""MultiPoint"",""coordinates"":[]}"
20231023,2023-10-23,296.37712548635716,-0.006169868283191402,0.012970086336243341,100287.14609663782,0.0030951194097064614,1.283715774287775E7,297.58030781916153,0.02911733023481596,-0.30813048622157946,0.3332510061856718,0.4784141428869839,"{""type"":""MultiPoint"",""coordinates"":[]}"
20231024,2023-10-24,296.81248226342314,-0.0037008641583907496,0.03990611528290595,100251.88368810763,0.004488253191495002,1.2513652817165526E7,298.11098531949335,0.03391818145193925,-0.5119957452153399,0.04942375951008754,0.4765447738552081,"{""type"":""MultiPoint"",""coordinates"":[]}"
20231025,2023-10-25,297.068457380025,-0.007187388130701109,0.00918281276089338,100307.17860875004,1.718549711412787E-4,1.5643407020555357E7,299.01376686252104,0.005000329038550962,-0.3849120806696209,0.07878907351041589,0.47545404568330685,"{""type"":""MultiPoint"",""coordinates"":[]}"
20231026,2023-10-26,297.02346494986267,-0.00789410540860266,0.007404062288399857,100267.65519290841,3.3580369272044624E-4,1.5700126592138482E7,298.8837845453005,0.006489287932529735,-0.25286006434546426,-0.0166759891483643,0.47345522742873863,"{""type"":""MultiPoint"",""coordinates"":[]}"
20231027,2023-10-27,296.7993370578443,-0.008617867856379498,0.006491589397890578,100159.98323696839,2.9896071004042167E-4,1.7213988843130186E7,298.70144214646183,0.006864196489259937,-0.3229289760468083,0.10462371387910434,0.4774181468223979,"{""type"":""MultiPoint"",""coordinates"":[]}"
20231028,2023-10-28,296.8124050266941,-0.009307938801535107,0.006028620019055343,100140.86843435162,4.1278337759529705E-4,1.8033623518932566E7,298.7580606353041,0.007220586320790587,-0.3131177184357926,0.06493497910816548,0.47284695047185266,"{""type"":""MultiPoint"",""coordinates"":[]}"
20231029,2023-10-29,296.85799763039023,-0.00816611083559598,0.007919584518836545,100147.22394800305,0.001548007492001548,1.4323716002884965E7,298.5138343926132,0.01913647613148401,-0.2155811196552015,-0.032112794650949426,0.47421622663209734,"{""type"":""MultiPoint"",""coordinates"":[]}"
20231030,2023-10-30,297.0153020275715,-0.002204636565258131,0.00881078034059003,100164.87096667597,8.699536697016785E-4,6260744.830869095,297.6771615504475,0.021740141546770685,-0.23420077577378412,0.19574944788711207,0.48280371523688714,"{""type"":""MultiPoint"",""coordinates"":[]}"
20231031,2023-10-31,296.890365922719,-0.006167230878416227,0.010139831858682065,100207.11253882069,0.0022313588020434413,1.3773499281644434E7,298.1087425411686,0.014585640336405166,-0.09853615607761367,-0.125533886878074,0.47128072113411285,"{""type"":""MultiPoint"",""coordinates"":[]}"
20231101,2023-11-01,296.93713377438894,-0.009311210693240037,0.012308979750195438,100178.49128841447,0.0027658212600827348,1.5273642600793364E7,298.748579760328,0.020722644360675467,-0.03932397436359093,-0.2847836955061668,0.47104276168058395,"{""type"":""MultiPoint"",""coordinates"":[]}"
20231102,2023-11-02,297.2353022651384,-0.007632112876789863,0.010153031920402265,100069.81541031828,0.0011694856764519644,1.3772019944464479E7,298.8236118449172,0.013626306903279673,-0.37788822268591377,-0.031259851782980255,0.4695843403006077,"{""type"":""MultiPoint"",""coordinates"":[]}"
20231103,2023-11-03,297.0344089925798,-0.0080571690425841,0.009896595739002829,99972.91997252853,0.001497743230110207,1.5239863195095561E7,298.7521829592493,0.017960022887380783,-0.3379349019008984,0.24847171039789945,0.4690420059275637,"{""type"":""MultiPoint"",""coordinates"":[]}"
20231104,2023-11-04,296.66827797800875,-0.002629809445619927,0.09274921041778654,100049.50840842735,0.026421703322996443,6826908.561125134,297.1790971085349,0.0998378389283104,-0.7105697687320776,0.40874879508368717,0.483423739159418,"{""type"":""MultiPoint"",""coordinates"":[]}"
20231105,2023-11-05,296.5903626155474,-0.002846323998878031,0.03354267240258447,100192.62519521861,0.002672787257320736,5132303.229715111,297.6476893195139,0.018239246840083857,-0.33346852970776736,0.20667445291362577,0.4663513672869143,"{""type"":""MultiPoint"",""coordinates"":[]}"
20231106,2023-11-06,296.72609673619405,-0.010090667888753218,0.012729290745187827,100272.30408599667,3.437221297450845E-4,1.7418043927875947E7,299.046768061687,0.0074295892350711365,-0.08653029817731811,-0.2858074892740839,0.47174905042605897,"{""type"":""MultiPoint"",""coordinates"":[]}"
20231107,2023-11-07,297.27153701497934,-0.008075112677785493,0.009893400318520276,100210.03982693984,2.725932047206316E-4,1.5375414240173098E7,299.01933521564695,0.008557174428679478,-0.1773460047479174,-0.3711927250925058,0.47981498636639397,"{""type"":""MultiPoint"",""coordinates"":[]}"
20231108,2023-11-08,297.11914151252813,-0.006886053982191125,0.011519726590155007,100189.31309927297,0.0016630448191401505,1.1943666618103135E7,298.6765472817012,0.021316404413844914,-0.212443498826282,-0.1667782489690863,0.47914510771179025,"{""type"":""MultiPoint"",""coordinates"":[]}"
20231109,2023-11-09,297.21277754735826,-0.0023117350139666933,0.008447958627333507,100252.10874203632,3.265232073456812E-4,8086264.379372521,298.3392618181386,0.011853976161302395,-0.4059295434191732,0.09520254308235361,0.48847707261659745,"{""type"":""MultiPoint"",""coordinates"":[]}"
20231110,2023-11-10,297.1217750423674,-0.003522247938507093,0.010798283568840357,100309.66015536961,0.0025620991293592143,9198007.406419042,298.2100637515931,0.01073288074414136,-0.49984580749129287,0.033036120867325096,0.4594152402184248,"{""type"":""MultiPoint"",""coordinates"":[]}"
20231111,2023-11-11,297.11160457545503,-0.00914688833162667,0.006453576299243999,100278.01789108514,2.4048655988763402E-4,1.6913884895780746E7,299.3506119965733,0.006296393851647832,-0.3011493486830185,0.04839377905374136,0.46215686575697806,"{""type"":""MultiPoint"",""coordinates"":[]}"
20231112,2023-11-12,296.0650398244307,-0.012508006644859413,0.005740855290835573,100281.05919736635,1.5445690356219157E-5,1.946672919725929E7,299.280198204645,0.0011535243108046433,-0.037029017177191585,0.03993046217805021,0.4656137272004453,"{""type"":""MultiPoint"",""coordinates"":[]}"
20231113,2023-11-13,295.884633214102,-0.013050591571104045,0.00528764085803185,100223.42486244313,2.166840291135027E-5,2.0668128206274796E7,299.25444278930263,0.0015908754125691902,-0.37595405789547387,0.2750984703724968,0.4554965700978829,"{""type"":""MultiPoint"",""coordinates"":[]}"
20231114,2023-11-14,295.6951722925652,-0.008043013525178964,0.00490374917690392,100192.06314669826,3.219022406510314E-5,1.0825112724846737E7,298.30192360624073,0.0022804619192948123,-0.6453631447261166,-0.5330216141471584,0.4547288320087186,"{""type"":""MultiPoint"",""coordinates"":[]}"
20231115,2023-11-15,296.1309647611133,-0.01001748503909574,0.005573717899435142,100169.95037996605,0.001019643240141774,1.558900990912369E7,299.01195052942853,0.004464173730722468,-0.25569652199874143,-0.11284648562469284,0.4485607946244324,"{""type"":""MultiPoint"",""coordinates"":[]}"
20231116,2023-11-16,296.7531905430473,-0.010201622512671135,0.004380231597580037,100256.75994734382,1.1605183129443016E-4,1.6900194517850704E7,299.2117188778445,0.005774825016331354,-0.2583926976164139,0.15535977924510627,0.45587436108796087,"{""type"":""MultiPoint"",""coordinates"":[]}"
20231117,2023-11-17,297.0763029973658,-0.009809520413976177,0.003991358712976519,100208.92453539619,5.75571752523112E-5,1.5523458585647317E7,299.53070844871985,0.0039724836005940786,-0.1748976255211209,0.200697082297592,0.46109284023665964,"{""type"":""MultiPoint"",""coordinates"":[]}"
20231118,2023-11-18,297.18654255752944,-0.010115952229310665,0.004268723317337002,100186.97343730046,4.445967656414818E-4,1.7277469452578437E7,299.1396346412638,0.009701359793145948,0.2793821086532751,-0.19503962930570876,0.4693314618453311,"{""type"":""MultiPoint"",""coordinates"":[]}"
20231119,2023-11-19,297.1995096288059,-0.0060425109548707156,0.003819011791256245,100175.87822075454,2.897528886494119E-4,1.2359688830147857E7,298.8240231634232,0.004920187156959007,-0.40810797295901124,0.46511135291617617,0.4719985529040613,"{""type"":""MultiPoint"",""coordinates"":[]}"
20231120,2023-11-20,296.4047979574276,-0.010257454346522848,0.0033604226471756157,100125.02123228127,2.3541878673774945E-5,1.609514215506671E7,299.52240854811964,0.0012888227795069015,-0.18748329264396293,-0.22711984143117855,0.4624179432434824,"{""type"":""MultiPoint"",""coordinates"":[]}"
20231121,2023-11-21,296.3468218788619,-0.012694197602427654,0.0034544030939935143,100075.28195333866,2.643845859865312E-4,1.7937509789397765E7,300.0214203326573,0.005766095023726966,-0.23597511794937104,0.3598279147670309,0.45205320052651216,"{""type"":""MultiPoint"",""coordinates"":[]}"
20231122,2023-11-22,297.25520796259383,-0.006075418465916879,0.02687571641881243,100076.34755552994,0.01685057004414609,1.1754600983050847E7,298.4750742524243,0.061056062860174676,-0.49361763066118597,0.6997921546214275,0.47472316454431013,"{""type"":""MultiPoint"",""coordinates"":[]}"
20231123,2023-11-23,296.6508275479247,-0.0038076123250248713,0.027871503273352277,99974.5276012437,0.008637566534547744,6365931.019112874,298.05466102410264,0.04171776934259361,-0.9033463124200578,0.5203525418486644,0.45700240648198354,"{""type"":""MultiPoint"",""coordinates"":[]}"
20231124,2023-11-24,296.5080139714088,-0.010250120214497276,0.005387721145965543,100037.36953153173,4.545192704749289E-5,1.7410479020555355E7,298.90651773314505,0.0028282003263829713,-0.2434047856773948,-0.1167334448705142,0.4537545201984474,"{""type"":""MultiPoint"",""coordinates"":[]}"
20231125,2023-11-25,297.035119270731,-0.009440656287916033,0.0052427724621762805,100126.51345036118,3.0276390498526213E-4,1.68688273487198E7,299.1653335613476,0.009592076726566787,-0.4055966018326423,-0.09490573007852102,0.46923184982356675,"{""type"":""MultiPoint"",""coordinates"":[]}"
20231126,2023-11-26,296.81653019579176,-0.010002003241769685,0.004913284095710166,100101.97926679984,1.8847948951150294E-4,1.4955436372160114E7,299.2976542444295,0.005939258254028815,-0.6877337866555129,-0.1120372954892602,0.4801582936441573,"{""type"":""MultiPoint"",""coordinates"":[]}"
20231127,2023-11-27,296.37868957964326,-0.012898581164959236,0.0041321589575534345,100013.39124663566,9.958457310535913E-6,2.026378241327083E7,300.099167426112,7.349049273807987E-4,-0.25139107688686463,0.03710565808902988,0.4618550745508594,"{""type"":""MultiPoint"",""coordinates"":[]}"
20231128,2023-11-28,296.6688739968287,-0.012164795785347049,0.00386823111660765,99972.96217343438,4.9310095884977937E-5,1.918543433249189E7,299.9198446939853,0.0027707142687866983,-0.3954482185738867,0.025653851492242436,0.4559736667967342,"{""type"":""MultiPoint"",""coordinates"":[]}"
20231129,2023-11-29,296.98405796995183,-0.010370992189908003,0.0037041224789155164,100005.08525558493,1.256351331984399E-4,1.7930229567255687E7,299.97984755757136,0.005312838819320323,-0.4251863851270963,0.24741171771681275,0.4646586532675314,"{""type"":""MultiPoint"",""coordinates"":[]}"
20231130,2023-11-30,296.93925058814483,-0.00943712739282638,0.004401391910122399,100112.67718405346,4.8403858095998585E-4,1.6031886915254239E7,299.30590499188276,0.010655431338178523,-0.31030200734019836,0.1757626113502979,0.46816022459998385,"{""type"":""MultiPoint"",""coordinates"":[]}"
20231201,2023-12-01,296.73601077396523,-0.008189264586846235,0.0036772460583698167,100031.36842777782,1.7868111086717122E-4,1.321325722250271E7,299.0340382268415,0.00392441380166852,-0.2713031113068922,0.41767695310067376,0.4602614680309826,"{""type"":""MultiPoint"",""coordinates"":[]}"
20231202,2023-12-02,296.68557817532707,-0.010834743890453236,0.003171351713756771,99920.35881687206,4.8699009904266476E-5,1.774891488063469E7,299.36614275167796,0.002814825550339689,0.021283679461877578,0.41078291085208024,0.45940824660677093,"{""type"":""MultiPoint"",""coordinates"":[]}"
20231203,2023-12-03,296.8626691355329,-0.008882567275744073,0.00306183564299674,99897.43060941774,6.625193295133187E-5,1.5709741841327084E7,299.13982071242003,0.004372521240789453,0.011071960718847544,-0.07970034580331595,0.4659329092349266,"{""type"":""MultiPoint"",""coordinates"":[]}"
20231204,2023-12-04,296.92791758868714,-0.009001998700338541,0.0029011679805877023,99841.436371653,2.697973723365132E-5,1.599921745690588E7,299.22085799418875,0.002184135767470359,-0.21926953319976478,0.3319371819481825,0.4683176510207054,"{""type"":""MultiPoint"",""coordinates"":[]}"
20231205,2023-12-05,296.39563944156623,-0.01132809371965223,0.002749675817000406,99897.91564367666,2.8276363951266567E-6,1.8434177056617387E7,299.42002855675304,2.4272471150980148E-4,-0.11139388049447002,-0.10377055100630019,0.45464570677929567,"{""type"":""MultiPoint"",""coordinates"":[]}"
20231206,2023-12-06,295.96736120234783,-0.013659210868241596,0.0026130939363960405,100009.95120902876,6.813291303096073E-7,2.1001447461954564E7,299.28460347679663,6.296120253530944E-5,-0.15741922695170457,0.11033309521992087,0.43781402045423173,"{""type"":""MultiPoint"",""coordinates"":[]}"
20231207,2023-12-07,296.175644425306,-0.013422654114806,0.002483342781936998,100071.85498340351,1.0824675298622703E-6,1.973198075297512E7,299.6886858150843,1.0709475297339761E-4,-0.1453937840498988,0.02807473362545395,0.4240002547882113,"{""type"":""MultiPoint"",""coordinates"":[]}"
20231208,2023-12-08,296.55996408679204,-0.011926723377469473,0.002406324577318646,100123.41956148953,4.135778867678225E-5,1.589136396826542E7,299.68720850719257,0.0033349833337809726,-0.1737103357325381,0.3332027646695383,0.4212687945534998,"{""type"":""MultiPoint"",""coordinates"":[]}"
20231209,2023-12-09,297.37204568204675,-0.0077063303388416075,0.0032634291861016874,100150.35909843059,9.22872417892225E-4,1.4323885860079337E7,299.16300850611543,0.01206183178283831,-0.2917686262473505,-0.08122941258005517,0.46028102024599754,"{""type"":""MultiPoint"",""coordinates"":[]}"
20231210,2023-12-10,297.14110308648424,-0.011577280852883207,0.0023826766521372698,100069.71060082718,1.906515930346363E-4,1.819753877028489E7,299.8673377699084,0.004809703306336816,-0.031506608764574145,0.23710526594936257,0.463517692057842,"{""type"":""MultiPoint"",""coordinates"":[]}"
20231211,2023-12-11,297.04714999386357,-0.010592812607101787,0.002159560455920848,100101.00036455282,6.346014156007958E-5,1.62235968878471E7,299.70381703051777,0.003308090185956577,-0.06486488692619179,0.12262760553957248,0.4601888347093353,"{""type"":""MultiPoint"",""coordinates"":[]}"
20231212,2023-12-12,296.3747006299505,-0.010670923329338975,0.0026354824179051976,100065.82947139784,4.2485170337726536E-4,1.7331432143526867E7,298.71328389969915,0.008108630638771408,-0.05245729770378391,0.11971551028706878,0.46465762794440535,"{""type"":""MultiPoint"",""coordinates"":[]}"
20231213,2023-12-13,295.71391734808657,-0.012211633926096956,0.0019460284737873464,100060.5117731013,3.244425581544478E-6,1.9443894879913453E7,299.4311132672916,2.888582336838098E-4,-0.581809773097203,-0.2260149118776777,0.45345766771612067,"{""type"":""MultiPoint"",""coordinates"":[]}"
20231214,2023-12-14,295.1128670146423,-0.013512002467421303,0.0018630106656335557,100158.77558672403,2.8246647607450487E-8,2.0604145256401014E7,299.582091076183,2.326379070801079E-6,-0.5577867998356343,-0.2034335812205146,0.4363496983075662,"{""type"":""MultiPoint"",""coordinates"":[]}"
20231215,2023-12-15,296.06078175814025,-0.010407599835803355,0.0018734735860920886,100211.22393614675,8.021384810782321E-5,1.4628553640100976E7,299.30822210750955,0.004012195283349192,-0.5520328240177353,-0.0034683775709775737,0.43734505388911277,"{""type"":""MultiPoint"",""coordinates"":[]}"
20231216,2023-12-16,296.4461892698087,-0.010715801986199702,0.00192394611092195,100126.90835127045,1.6209863333163863E-4,1.6099102255319154E7,299.33682449621466,0.008907708383153329,-0.4034732254899341,-0.06158080640098829,0.4550902092309222,"{""type"":""MultiPoint"",""coordinates"":[]}"
20231217,2023-12-17,296.77421669398865,-0.0036133070201960628,0.004294540782805345,100029.88332320261,0.001392117738078916,5836729.4965741085,297.7973991136796,0.024263265421565743,-0.44369892446965253,-1.037167447234363,0.48644834195841025,"{""type"":""MultiPoint"",""coordinates"":[]}"
20231218,2023-12-18,295.8891211396328,-0.0017349316963232084,0.010037901999715687,100094.21663904496,0.003028633996570236,3240932.4558240175,296.61180988288396,0.036065720906732525,-0.6053084854839484,-1.248719806094513,0.4680432498361905,"{""type"":""MultiPoint"",""coordinates"":[]}"
20231219,2023-12-19,295.84836987764714,-0.008454732334908278,0.0022766935752266118,100145.76757513158,3.0632907631506446E-5,1.3117939772087991E7,299.06037737202917,0.0017360220349226202,-0.9450223514102001,-0.9763455920414881,0.468457839998836,"{""type"":""MultiPoint"",""coordinates"":[]}"
20231220,2023-12-20,296.06155676554573,-0.011161241930258909,0.002179411782325927,100136.55290130273,3.6436509578785996E-6,1.7667823032095205E7,300.06111660730465,2.9124302249690327E-4,-0.6014744615394317,-0.46978851897396395,0.4551101605011474,"{""type"":""MultiPoint"",""coordinates"":[]}"
20231221,2023-12-21,296.5602779186665,-0.01064999845030718,0.002132455609118169,100209.5263718831,2.3682088229443856E-5,1.6899407770645514E7,299.7400707355384,0.0017031076966405045,-0.6454732681154733,-0.26172305603614293,0.44825830332346445,"{""type"":""MultiPoint"",""coordinates"":[]}"
20231222,2023-12-22,296.4751949147516,-0.011433236537386355,0.0020487672782657897,100270.42749971361,9.593247206598854E-6,1.8679275499459073E7,299.37981693250856,8.237074072172664E-4,-0.39634241108023666,0.20406781075192498,0.4420640773248152,"{""type"":""MultiPoint"",""coordinates"":[]}"
20231223,2023-12-23,295.62561654729313,-0.009152247003869723,0.001973490346608676,100332.04485079573,3.6351471397793353E-6,1.5794252170212768E7,298.96772517211053,3.2765071635101607E-4,-0.24489266695576745,-0.28838249203791655,0.43264630592016956,"{""type"":""MultiPoint"",""coordinates"":[]}"
20231224,2023-12-24,295.5897653004,-0.011006699083053892,0.001907230479447282,100350.54902856743,9.19226733003762E-6,1.7833377425892536E7,299.71782744373616,8.260671546610596E-4,-0.6246798795380694,-0.13804597280850595,0.4231784901720413,"{""type"":""MultiPoint"",""coordinates"":[]}"
20231225,2023-12-25,296.309988622325,-0.012620541913615554,0.0018277994259316011,100268.26497830173,2.107490626561096E-6,1.9088976853948794E7,300.09011308853695,2.026957646466882E-4,-0.4491512799351846,-0.05840138297683412,0.41499368369772777,"{""type"":""MultiPoint"",""coordinates"":[]}"
20231226,2023-12-26,294.7626987328422,-0.014518129537563826,0.0017521647992350764,100266.50050002016,2.987217997713636E-8,2.139561256328886E7,299.56225259402356,2.601988755788909E-6,-0.5711265591735925,-0.3365293006539303,0.40207113762832725,"{""type"":""MultiPoint"",""coordinates"":[]}"
20231227,2023-12-27,294.27785034353934,-0.015249128895752967,0.0016787904255922373,100215.32252165131,1.466740695225647E-7,2.154579663324919E7,299.7896292379576,1.602692205639875E-5,-0.7713315724925305,-0.4916421028409588,0.3887916642436759,"{""type"":""MultiPoint"",""coordinates"":[]}"
20231228,2023-12-28,295.53743331291065,-0.013785216801494546,0.0016108294186547394,100142.0846574272,6.448983974161021E-7,1.785276611251353E7,300.52275984234814,7.053210745638473E-5,-0.5916041776041726,-0.5435524709036409,0.37812168957278885,"{""type"":""MultiPoint"",""coordinates"":[]}"
20231229,2023-12-29,295.82610451892845,-0.012014545210100796,0.0015503719981035692,100186.24772053245,2.5153917781377243E-6,1.6632202566895066E7,300.1811126023907,2.8937263273048935E-4,-1.0351850239326923,-0.7732018549749808,0.3704619361225381,"{""type"":""MultiPoint"",""coordinates"":[]}"
20231230,2023-12-30,295.02769511599195,-0.013720029914665002,0.0014884256543856948,100159.45635086099,5.195308926730565E-7,1.7982859371078257E7,300.145383683058,6.153578529106854E-5,-0.7282895169474212,-0.5399944311381104,0.3627209297122398,"{""type"":""MultiPoint"",""coordinates"":[]}"
