system:index,date,dewpoint_temperature_2m,potential_evaporation_sum,runoff_sum,surface_pressure,surface_runoff_sum,surface_solar_radiation_downwards_sum,temperature_2m,total_precipitation_sum,u_component_of_wind_10m,v_component_of_wind_10m,volumetric_soil_water_layer_1,.geo
20210101,2021-01-01,293.21798343156337,-0.013936415188393354,8.87561434986701E-4,99932.67706208587,1.0807533320906014E-6,1.8842269619906235E7,298.5177593219738,1.1036230679070783E-4,-0.9036850658284457,-0.3204604583457767,0.401971839027116,"{""type"":""MultiPoint"",""coordinates"":[]}"
20210102,2021-01-02,292.3481396873319,-0.01741797915094603,8.60621570315638E-4,99885.01364417114,1.3036500921844364E-8,2.126219235773531E7,299.210828065557,1.2729664894376386E-6,-0.26816027655110275,-0.3966506108854781,0.3841233525744481,"{""type"":""MultiPoint"",""coordinates"":[]}"
20210103,2021-01-03,294.908594851397,-0.01309001627265655,8.765513468983797E-4,99809.30938853498,3.912997641290005E-5,1.600401609448251E7,299.4718539841775,0.002253683618027439,-0.3241148145887511,-0.21942830719129874,0.3806664534150473,"{""type"":""MultiPoint"",""coordinates"":[]}"
20210104,2021-01-04,295.5677874868113,-0.011145085330113496,9.834978647538144E-4,99861.03820984204,1.2713756440479405E-4,1.4985479100613052E7,298.812377629565,0.006587305529497609,-0.2508090865599134,0.027282710028949983,0.3958409777454551,"{""type"":""MultiPoint"",""coordinates"":[]}"
20210105,2021-01-05,295.83313475447306,-0.01114209987736333,0.002543517985887318,99894.79672726544,0.001069098496067365,1.3533584302199785E7,298.8073383509677,0.01756416769319263,-0.2922415801547069,0.08731728997822635,0.4246172169564879,"{""type"":""MultiPoint"",""coordinates"":[]}"
20210106,2021-01-06,296.26102120997535,-0.007515617025283282,0.0025166480298554734,99907.39442800602,0.0011757136014579996,1.2032845332131267E7,297.9779686992566,0.018541981410965906,-0.007243682249389972,0.27760920544372253,0.46600085466093477,"{""type"":""MultiPoint"",""coordinates"":[]}"
20210107,2021-01-07,296.1207107542111,-0.010459174905502968,0.002195571522032617,99710.59009373076,0.0010319590982314358,1.808666684745763E7,298.52015277969406,0.013683905261456217,-0.324841646882172,0.08811305024644221,0.47042905844408606,"{""type"":""MultiPoint"",""coordinates"":[]}"
20210108,2021-01-08,296.24654016656393,-0.0072208584158312255,0.0020093327764995343,99742.2084489619,7.63955612368331E-4,1.336162365668951E7,298.0170133207578,0.0078049615912124636,-0.12895555226243105,-0.19492981556817768,0.4707609992400429,"{""type"":""MultiPoint"",""coordinates"":[]}"
20210109,2021-01-09,296.29982437200744,-0.006943745282671747,0.0015095078930113665,99804.85726568839,4.474117766207321E-4,1.2986069507392716E7,297.98184215359026,0.007698009008106046,-0.14371635699189045,-0.07313170325857814,0.4746151818780891,"{""type"":""MultiPoint"",""coordinates"":[]}"
20210110,2021-01-10,296.2790487110364,-0.006073477593701624,0.0029767132406195197,99848.78338771986,8.229395146946852E-4,1.2391208263252798E7,297.8322125407477,0.013310563245415444,-0.19037716559799753,-0.0821697034433436,0.4774776595847397,"{""type"":""MultiPoint"",""coordinates"":[]}"
20210111,2021-01-11,296.09854625385964,-0.004069918845207563,0.001305375875568631,99873.51880255528,5.267205954758734E-5,6479148.005769926,297.7029476835258,0.003070506664138862,-0.26173969094090377,-0.6412371009398373,0.47448043775094195,"{""type"":""MultiPoint"",""coordinates"":[]}"
20210112,2021-01-12,295.0145904388777,-0.004298513786772549,0.0021837515131128077,99754.48406456372,3.126202708024907E-4,5647881.717994952,296.8250354113868,0.01065985324132259,-0.6058417128347294,-1.9857488224921658,0.47934034108857676,"{""type"":""MultiPoint"",""coordinates"":[]}"
20210113,2021-01-13,295.97037419826887,-0.006279044620372998,0.0034367322835774355,99774.26713093006,7.612931730512504E-4,1.0236492277677607E7,297.5461217687886,0.013185871803739887,-0.36430143137823046,-0.8140117030459567,0.48600770831323037,"{""type"":""MultiPoint"",""coordinates"":[]}"
20210114,2021-01-14,295.96350981584754,-0.009635872580043855,0.0025686676477294002,99806.97812818128,1.5052179868067382E-4,1.6285979580238013E7,298.7617466079744,0.004060937364184806,-0.4103361822862668,0.022804494215929404,0.4743282422665178,"{""type"":""MultiPoint"",""coordinates"":[]}"
20210115,2021-01-15,296.2884347608189,-0.0072153997961854925,0.0023692569769636807,99789.09473859493,1.1508606892822026E-4,1.1650683109989183E7,298.58177276218817,0.0037083898775421924,-0.6006708824945509,-0.11431947307870972,0.46912797349392615,"{""type"":""MultiPoint"",""coordinates"":[]}"
20210116,2021-01-16,296.10323171871244,-0.00902551963651305,0.0025061497372752106,99794.5731603671,2.748343570972667E-4,1.3699773050126223E7,298.4785344671467,0.007601031447161934,-0.36084157914148957,0.02719698353217247,0.4730417591144953,"{""type"":""MultiPoint"",""coordinates"":[]}"
20210117,2021-01-17,295.62990730607555,-0.013001243942885723,0.0020040591357203975,99848.53337938522,1.691013918514506E-5,2.081420796033178E7,299.2364666834805,0.0012038821858960803,-0.09216678760160352,-0.008004508033969808,0.4626308872889178,"{""type"":""MultiPoint"",""coordinates"":[]}"
20210118,2021-01-18,293.50537119371444,-0.014580849732758978,0.0018879709274296802,99913.44903990722,1.7901300158777523E-5,2.1531070644067794E7,298.33681716579616,0.0012476997493975318,-0.573045471967277,-0.1620103708324073,0.45125091017145197,"{""type"":""MultiPoint"",""coordinates"":[]}"
20210119,2021-01-19,293.5390626836502,-0.013002883575741154,0.0017539981821148222,99981.88745325555,2.4473236177185155E-6,2.0874525437432386E7,297.8322749096036,1.9485892219488438E-4,-0.3120468960944413,0.13705008652422604,0.4370159201215619,"{""type"":""MultiPoint"",""coordinates"":[]}"
20210120,2021-01-20,294.5210465157114,-0.012813383945103724,0.0016482352076606808,100042.06389464489,5.940495954280376E-6,1.9359683234763794E7,298.6780145450029,5.056732157873326E-4,0.008350619474187014,0.06169501192395771,0.4259904313938651,"{""type"":""MultiPoint"",""coordinates"":[]}"
20210121,2021-01-21,296.11755153418943,-0.01124510364764828,0.0015555857843627062,100012.66054070034,1.1313552143682953E-5,1.812748749945907E7,299.3506327866505,0.0010713013745454773,0.0066359002138218996,-0.09376602134734395,0.41717789869266053,"{""type"":""MultiPoint"",""coordinates"":[]}"
20210122,2021-01-22,295.9789555152172,-0.013397311109994406,0.0015966492925703077,99960.22635460335,1.3157996704034157E-4,2.0475406950595025E7,299.5936345855754,0.004982837605811696,0.03763151453985506,0.5323944577432507,0.41570656264339856,"{""type"":""MultiPoint"",""coordinates"":[]}"
20210123,2021-01-23,295.7021840777962,-0.009543533104122912,0.0016337094450315072,100040.04439350528,1.5193849447355608E-4,1.4856937954561848E7,298.2718488523803,0.007230776306468569,-0.08045272320448058,0.44835618425266793,0.44814137773941415,"{""type"":""MultiPoint"",""coordinates"":[]}"
20210124,2021-01-24,294.27104539179953,-0.014038035680338061,0.0013241432593739768,100042.52303156746,3.4947602533064643E-6,2.1851503462675806E7,298.6017138816686,3.0636003934816897E-4,-0.18367564516265836,0.22601304503928182,0.4343195455638044,"{""type"":""MultiPoint"",""coordinates"":[]}"
20210125,2021-01-25,292.86720840035906,-0.015589344373333548,0.0012663871323937682,100074.00384491404,8.80003845996905E-6,2.17404309823296E7,298.1303872538238,7.145333399722779E-4,-0.18787941472406267,0.008142500832786144,0.42120269984490516,"{""type"":""MultiPoint"",""coordinates"":[]}"
20210126,2021-01-26,292.6121133191466,-0.015866552405341457,0.0011963360669851048,100034.4145723809,1.6748357068490697E-7,2.2735300655607652E7,297.5652535983412,1.588014051366166E-5,-0.12896837032046193,0.3583337502033038,0.4040770257288827,"{""type"":""MultiPoint"",""coordinates"":[]}"
20210127,2021-01-27,291.87864514752243,-0.017608245452506596,0.001139034519460371,100056.28853389552,7.917256162693645E-7,2.2814643728813566E7,297.6410727917626,7.99490211081305E-5,-0.39544789575300965,0.3275268567068415,0.3893938109284052,"{""type"":""MultiPoint"",""coordinates"":[]}"
20210128,2021-01-28,291.74401401547743,-0.01797594214002664,0.001083557047635005,100065.36053116832,3.780518096575787E-7,2.3206442403894704E7,298.0613759874596,4.044398412244745E-5,-0.3557395185038855,0.1927599370701695,0.37631915237256175,"{""type"":""MultiPoint"",""coordinates"":[]}"
20210129,2021-01-29,293.18528062274993,-0.016524614143567182,0.0010326308595588222,100103.17522218292,5.657793037133918E-7,2.0519838943382625E7,298.89143533061247,6.541486246451419E-5,0.08094076130708001,0.03465153576591464,0.36500490541454694,"{""type"":""MultiPoint"",""coordinates"":[]}"
20210130,2021-01-30,294.6829719607655,-0.014389500666773799,9.97809054423359E-4,100040.07207721502,1.1792949851222127E-5,1.8264701866570503E7,299.5501377753647,0.0012700159346559037,-0.026003054951171303,0.4279979114736526,0.35798454192957496,"{""type"":""MultiPoint"",""coordinates"":[]}"
20210131,2021-01-31,294.50190984476274,-0.017536307450315387,9.559157186581088E-4,100062.45944354364,1.0591423494309413E-5,2.118168049693473E7,299.6280578519737,0.0011759837949280234,0.03714131477833767,0.04815901017902648,0.35977309832622795,"{""type"":""MultiPoint"",""coordinates"":[]}"
20210201,2021-02-01,292.2811146417565,-0.02041328185077743,9.03841270636962E-4,100129.55512471686,6.367787960587621E-10,2.2934792651280202E7,299.9406240678548,1.2823414086807609E-6,-0.22734140831055102,-0.11610665912022887,0.3506365881643697,"{""type"":""MultiPoint"",""coordinates"":[]}"
20210202,2021-02-02,291.26107311787587,-0.021788721168638784,8.614942017678014E-4,100132.4780883863,1.6593864322611456E-8,2.353324302704652E7,300.0735938808985,1.4890842628384908E-6,-0.37118183103429125,-0.20430925643591658,0.33800590931043734,"{""type"":""MultiPoint"",""coordinates"":[]}"
20210203,2021-02-03,293.1392336915443,-0.01944058809900946,8.230533409196033E-4,100103.89014252955,5.532156849354561E-7,2.0418633782185365E7,300.10424254378785,7.214142801895247E-5,-0.01617989813511957,0.09722885623805323,0.32815956865914353,"{""type"":""MultiPoint"",""coordinates"":[]}"
20210204,2021-02-04,292.7989072266616,-0.021756073683661503,7.874899114936517E-4,100096.19892204828,1.4411916253027654E-6,2.2680464789037146E7,300.3232271848125,1.9092559056456285E-4,0.02576436788965008,-0.006314150973830267,0.3199088490629787,"{""type"":""MultiPoint"",""coordinates"":[]}"
20210205,2021-02-05,293.2721740350312,-0.01932297793834639,7.521562463662016E-4,100030.85759778306,7.532085595988988E-7,2.2307424743598994E7,299.9620990572045,1.0333514855879017E-4,0.14855717896182805,0.025713499513207203,0.3132905750295293,"{""type"":""MultiPoint"",""coordinates"":[]}"
20210206,2021-02-06,293.98753679295925,-0.0186412591974829,7.221792020868234E-4,99977.19945423315,3.018893040864424E-6,2.190245687630725E7,299.885559365646,4.3271427659025824E-4,0.14611483107451168,0.40829249630038555,0.30824055759390045,"{""type"":""MultiPoint"",""coordinates"":[]}"
20210207,2021-02-07,291.56433550402136,-0.02328883015019688,6.883091663050385E-4,99968.28810037639,1.3258433109837838E-7,2.3398531974756584E7,300.0723529507985,1.871335192764014E-5,-0.18719386859558604,0.11390330525226412,0.3030440340478886,"{""type"":""MultiPoint"",""coordinates"":[]}"
20210208,2021-02-08,288.99557762842994,-0.024490470311839877,6.578557819310742E-4,99998.05199476304,2.61159911294986E-9,2.4387879230436355E7,299.61285398579344,8.543738431030128E-7,-0.3064731077901991,-0.12521789629652266,0.29623733980894407,"{""type"":""MultiPoint"",""coordinates"":[]}"
20210209,2021-02-09,289.8730835738644,-0.023141862265026788,6.291386380850776E-4,99971.12486065876,1.6008135303451923E-8,2.4096530378651287E7,299.04969962237334,2.9048762969360357E-6,-0.3071638449609158,-0.09712168026578046,0.29046711209216136,"{""type"":""MultiPoint"",""coordinates"":[]}"
20210210,2021-02-10,290.37497452030766,-0.02237642897253341,6.0212111864286E-4,99928.3017012308,1.0546883907380021E-7,2.470414211467725E7,298.80142131804973,1.5206411991401396E-5,-0.1019489555666117,0.2806942941248597,0.2857010597534401,"{""type"":""MultiPoint"",""coordinates"":[]}"
20210211,2021-02-11,290.1878556080601,-0.023791992985144703,5.765303786678777E-4,99925.38941770862,9.100294439877755E-8,2.468649460944825E7,299.01589342808126,1.4514447310361339E-5,-0.028771361818621978,0.2246357743191826,0.28154677945786,"{""type"":""MultiPoint"",""coordinates"":[]}"
20210212,2021-02-12,290.0730297612748,-0.023775167403197916,5.527899781590631E-4,100009.58379907583,5.987144703044816E-7,2.413808139055175E7,299.03066744588284,9.530248063847495E-5,0.13401701186966875,-0.008065280439704928,0.27849600535485736,"{""type"":""MultiPoint"",""coordinates"":[]}"
20210213,2021-02-13,292.2290596517753,-0.020933037025271623,5.295355957078022E-4,100129.5015251232,1.5811190637835435E-7,2.3712968118283454E7,299.0952748687154,2.7669530314652664E-5,0.18271132899184742,0.2607859539461188,0.275472914861621,"{""type"":""MultiPoint"",""coordinates"":[]}"
20210214,2021-02-14,292.6732726334982,-0.021893415214501263,5.078661771745748E-4,100133.61808188992,6.352070002963387E-8,2.4336016735665347E7,299.54640299850604,1.1130798668935527E-5,0.45674301075066975,-0.10964066779646453,0.2730077255630539,"{""type"":""MultiPoint"",""coordinates"":[]}"
20210215,2021-02-15,293.32154471898025,-0.022776101951967973,4.884657358332228E-4,100009.1943106988,1.3323924599938822E-6,2.444024670320952E7,300.29072389236956,2.3667649419926117E-4,0.5773660089408196,-0.19193065101989457,0.27081245120177266,"{""type"":""MultiPoint"",""coordinates"":[]}"
20210216,2021-02-16,294.49616866920536,-0.018401008562795793,4.7219822736066736E-4,100001.26068619273,3.552806536471247E-6,2.0729256488279846E7,299.6908353199565,6.2908399107737E-4,0.41724726253582445,0.11401571541369025,0.27367060017393735,"{""type"":""MultiPoint"",""coordinates"":[]}"
20210217,2021-02-17,294.1020385681658,-0.021113625010546044,4.535692824897808E-4,99915.51267124765,2.660163571763202E-6,2.2415251637937255E7,300.36974839009787,4.804354671955784E-4,0.4459677293819652,-0.07948940199203025,0.2730520687247716,"{""type"":""MultiPoint"",""coordinates"":[]}"
20210218,2021-02-18,294.25364061312723,-0.01822753233806218,4.49044700460747E-4,100042.20495257704,1.4075651372592462E-5,1.9566952803461954E7,299.6751048549722,0.0024480685875478535,0.4569892626511447,0.04677457056562552,0.28157491508563676,"{""type"":""MultiPoint"",""coordinates"":[]}"
20210219,2021-02-19,294.1323298990677,-0.020458184397590323,4.218315663339428E-4,100051.05428573478,1.981565604517703E-6,2.1394014287774976E7,300.1655333276293,3.6070058427904223E-4,0.5946344368187535,-0.19802699227762396,0.2886484878426319,"{""type"":""MultiPoint"",""coordinates"":[]}"
20210220,2021-02-20,293.92832307990943,-0.01892071125543251,4.144400906313468E-4,99979.11684660117,9.367076543707562E-6,2.0755829929318428E7,299.9354890176118,0.0016920316764219032,0.4707208066795405,0.26451728848084655,0.2910933428650966,"{""type"":""MultiPoint"",""coordinates"":[]}"
20210221,2021-02-21,293.6850137544346,-0.02093430029902053,4.002865346123758E-4,100055.96585459022,9.241449759834475E-6,2.1507284776776057E7,300.12950785857356,0.0016312227109860223,0.32378968161908406,0.1797299580528754,0.29593599248153124,"{""type"":""MultiPoint"",""coordinates"":[]}"
20210222,2021-02-22,293.8537140238786,-0.020620095491506025,3.82533915585402E-4,100106.89347926484,5.032879283958681E-6,2.0918785389469896E7,300.3981330686786,9.153772974994064E-4,0.39669911760251564,0.2820496486061281,0.29862759477001133,"{""type"":""MultiPoint"",""coordinates"":[]}"
20210223,2021-02-23,294.2370883436326,-0.0231323957891938,3.648273864464772E-4,99987.22460321207,7.981256461943096E-7,2.29370376101695E7,300.9914015370904,1.5012057108442902E-4,0.37216941644572515,0.3120482683124445,0.29689516128721627,"{""type"":""MultiPoint"",""coordinates"":[]}"
20210224,2021-02-24,294.91056726632,-0.02153314642938646,3.533537878785545E-4,99975.98170820612,2.209657351118625E-6,2.156696144789038E7,300.9226622480028,4.0962645982689673E-4,0.5162050025023753,0.21107573041492886,0.29305274338372017,"{""type"":""MultiPoint"",""coordinates"":[]}"
20210225,2021-02-25,295.5575138059484,-0.018642884603571563,3.4701050649770876E-4,100014.38611360759,7.307784967030425E-6,2.028783198196899E7,300.50854356960406,0.0013539075228095787,0.6642727227806545,-0.18802516898049632,0.2941941451476105,"{""type"":""MultiPoint"",""coordinates"":[]}"
20210226,2021-02-26,296.2632039530173,-0.01811457529470588,3.4425086303175125E-4,99882.4248229416,1.4969143375695246E-5,2.051355401045799E7,301.00930727827887,0.002582207459584063,0.7206641018913694,-0.4184928910063642,0.3046563070888544,"{""type"":""MultiPoint"",""coordinates"":[]}"
20210227,2021-02-27,296.02520484708793,-0.02023899500260618,3.252871390976203E-4,99785.4726543131,6.093032687655265E-6,2.1511714032095205E7,301.1542734062891,0.001080935417827983,0.46117845116390715,-0.30993158716409736,0.3112679366982891,"{""type"":""MultiPoint"",""coordinates"":[]}"
20210228,2021-02-28,295.08524082663945,-0.023096638620490852,3.1069468127834296E-4,99850.26181254414,2.143244278203095E-6,2.4488816451135956E7,301.5191268508201,4.059692248034371E-4,0.5138211691088652,0.6168364547654288,0.30494649944174734,"{""type"":""MultiPoint"",""coordinates"":[]}"
20210301,2021-03-01,295.18775686453654,-0.020418461530411932,3.082232084293207E-4,100167.57192983261,9.60360225081831E-6,2.182933518175262E7,300.4708516473653,0.001778480164359887,0.6198178933408773,0.4309364942880128,0.3067255243685888,"{""type"":""MultiPoint"",""coordinates"":[]}"
20210302,2021-03-02,293.5781881921867,-0.02601369955733801,2.9087511320815727E-4,100039.11677863273,2.1270238833009572E-6,2.4813460972592864E7,301.361046676324,4.093533565195898E-4,0.3556368747917072,-0.13274599578979857,0.30385176879537984,"{""type"":""MultiPoint"",""coordinates"":[]}"
20210303,2021-03-03,292.9312804357724,-0.027856248381537215,2.825143419574239E-4,99934.22436197686,3.7762540967895208E-6,2.4961466972151596E7,301.53312563537935,7.178281812387557E-4,0.1702877275788135,0.29072144779824827,0.2976484030452912,"{""type"":""MultiPoint"",""coordinates"":[]}"
20210304,2021-03-04,292.78897981681513,-0.024691174288400886,2.7114371078950684E-4,99977.71878727115,1.8209858444508258E-6,2.3154864015686918E7,300.4591027324139,3.189903779327296E-4,0.2266345037292268,0.44538632532856415,0.29535788529078855,"{""type"":""MultiPoint"",""coordinates"":[]}"
20210305,2021-03-05,291.3784882228726,-0.028503685160595458,2.6000759423617376E-4,100110.66147934609,2.9055383546748753E-8,2.436622583891576E7,301.05060275137777,7.4693308885585115E-6,0.2567376059857623,0.04816922191129679,0.287615548276116,"{""type"":""MultiPoint"",""coordinates"":[]}"
20210306,2021-03-06,293.5849167607929,-0.02450375911822356,2.522370067693419E-4,100129.09224559604,1.1248280973671752E-6,2.288269705778958E7,301.02775571300145,2.2194143337675532E-4,0.7684841261472907,-0.5428852796812503,0.28232147332810625,"{""type"":""MultiPoint"",""coordinates"":[]}"
20210307,2021-03-07,294.69090046144936,-0.025079913653656333,2.4336959603801775E-4,99987.71394683623,6.933473225238305E-7,2.298595200174929E7,301.59341486080126,1.382159876335226E-4,0.6087321914120758,-0.2273408237852319,0.2781435476643118,"{""type"":""MultiPoint"",""coordinates"":[]}"
20210308,2021-03-08,294.79848600388254,-0.025447958391838204,2.387957079849904E-4,100013.72394888352,4.164476902786679E-6,2.2678653212611705E7,301.6266918615706,8.259283853603341E-4,0.6517568082244283,0.19852187146589098,0.27687330185213493,"{""type"":""MultiPoint"",""coordinates"":[]}"
20210309,2021-03-09,295.1235994959641,-0.021528612393744793,2.3455947927735664E-4,100075.17280865672,7.185059959949503E-6,2.0113681055724163E7,301.0457943000249,0.001397186465053579,0.3168007689809725,0.39983151447373183,0.28232434535631273,"{""type"":""MultiPoint"",""coordinates"":[]}"
20210310,2021-03-10,294.16905898557206,-0.0247783282515786,2.2681623836996064E-4,100078.26667469609,6.286919740318523E-6,2.0754950055239424E7,301.58915322949525,0.001206619815612138,0.47105945161163054,0.47475579463026973,0.2857120642081406,"{""type"":""MultiPoint"",""coordinates"":[]}"
20210311,2021-03-11,294.70592828707737,-0.021231822371267903,2.3191114044602155E-4,100143.29049148127,1.776241252364727E-5,1.8805948795628898E7,300.655386046272,0.0030247282275432485,0.5542449717310161,-0.03599788424974164,0.2975736711586678,"{""type"":""MultiPoint"",""coordinates"":[]}"
20210312,2021-03-12,294.11051788563947,-0.026065830032489294,2.0835685398962973E-4,100112.4204520643,4.6135295482048096E-7,2.192174200501602E7,301.4634691997996,9.203421706290097E-5,0.3489703609330363,0.02799706089910742,0.3057027404763146,"{""type"":""MultiPoint"",""coordinates"":[]}"
20210313,2021-03-13,293.7217565305617,-0.026823993797793187,2.0149151072190903E-4,100043.79163544111,2.0253058594140696E-7,2.2827286238450516E7,301.52837879695863,4.064220558337357E-5,0.5266358897955118,-0.560534719922735,0.2960324766028601,"{""type"":""MultiPoint"",""coordinates"":[]}"
20210314,2021-03-14,294.0421887741795,-0.027074481307213547,1.966456939414912E-4,99917.70563654645,1.8203248841814984E-6,2.337720810059434E7,301.83873713035143,3.7439918311139863E-4,0.40644673456264696,0.235922366140668,0.28875010614570545,"{""type"":""MultiPoint"",""coordinates"":[]}"
20210315,2021-03-15,294.1350636838191,-0.02702259998587207,1.894156134519773E-4,99885.23600853235,7.07627825903798E-7,2.160632841871101E7,302.0064467056281,1.460901712279921E-4,0.4579810770619215,-0.13907504709369647,0.284710940037629,"{""type"":""MultiPoint"",""coordinates"":[]}"
20210316,2021-03-16,294.16731445605063,-0.026847663103427184,1.833462517398211E-4,99905.65706280427,5.252968306323059E-7,2.25482806704603E7,301.69217996956115,1.0093432114608361E-4,0.5663869598190118,-0.17870275884569375,0.28014790786833044,"{""type"":""MultiPoint"",""coordinates"":[]}"
20210317,2021-03-17,293.82856438122406,-0.028331269785154604,1.7768793477076643E-4,99810.78713015294,6.427677409381503E-7,2.3052947034416627E7,302.1226365471964,1.3390621720012867E-4,0.4615455870732106,-0.023951079685221727,0.27569260845420485,"{""type"":""MultiPoint"",""coordinates"":[]}"
20210318,2021-03-18,294.17883455450976,-0.02678333019876025,1.759891137292658E-4,99875.09582004485,4.441481052732968E-6,2.2479293389099654E7,302.00851234126975,9.036560221789638E-4,0.830206618026438,0.12195908726658843,0.27399543409580246,"{""type"":""MultiPoint"",""coordinates"":[]}"
20210319,2021-03-19,295.1526616613859,-0.022953748261019338,1.7976519586891207E-4,99854.49364747209,1.289047572185449E-5,2.0625895877929527E7,301.43289613064593,0.002366966751969304,0.6009693567620147,0.6563379874322861,0.2901316825150441,"{""type"":""MultiPoint"",""coordinates"":[]}"
20210320,2021-03-20,294.8568624014292,-0.022414265519556827,1.8114434589430013E-4,99787.46407731455,1.8790954024706604E-5,1.9846677040890824E7,301.03335759341394,0.0030906004382711175,0.5917338710490982,0.5155581925863658,0.29858587555966126,"{""type"":""MultiPoint"",""coordinates"":[]}"
20210321,2021-03-21,295.15595420092717,-0.021628553795386776,1.6254377932570878E-4,99761.6717151743,4.462513560815447E-6,2.06268807991907E7,301.0334971552071,9.040574889205558E-4,0.42608594177921094,-0.002368026877957077,0.31316577197410894,"{""type"":""MultiPoint"",""coordinates"":[]}"
20210322,2021-03-22,295.4531805183126,-0.02384187293222481,1.5568538957496782E-4,99875.74654881006,1.994756598185427E-6,2.3132103718716193E7,301.87284251998466,4.069555968615797E-4,0.5542408475108928,-0.13934094281935436,0.30700728795551047,"{""type"":""MultiPoint"",""coordinates"":[]}"
20210323,2021-03-23,295.42738197657735,-0.02513047092783292,1.5166426581937487E-4,99909.76783297739,2.377218839884062E-6,2.2781507556797694E7,301.9782846973326,4.850972839103344E-4,0.3686639380177019,0.14882817975115445,0.3003751892555733,"{""type"":""MultiPoint"",""coordinates"":[]}"
20210324,2021-03-24,295.14301183874585,-0.026359354188478346,1.5179609246431086E-4,99883.87986590846,6.76533675477516E-6,2.318486503425893E7,302.1499464869829,0.0013454477906579589,0.46517705774060775,0.22379671012657396,0.2977113721462121,"{""type"":""MultiPoint"",""coordinates"":[]}"
20210325,2021-03-25,296.36272519012243,-0.0180807409212235,1.6489171977512594E-4,99821.40487807001,2.3316211791576747E-5,1.8912504413270827E7,301.19354666498856,0.003912995156955701,0.45390620840929896,-0.11120078354189068,0.3182759746391479,"{""type"":""MultiPoint"",""coordinates"":[]}"
20210326,2021-03-26,295.65226390296147,-0.02412287684025164,1.4028377935768592E-4,99745.29787621427,2.240668747169723E-6,2.299120984962135E7,302.06472705341713,4.5656399835133205E-4,0.4825771777500026,0.05567124397483263,0.3223598202571141,"{""type"":""MultiPoint"",""coordinates"":[]}"
20210327,2021-03-27,295.6533338264973,-0.024226954290787753,1.428378292510882E-4,99772.08612068617,8.566089423176535E-6,2.310335594194014E7,302.02825018700133,0.0016053276628933061,0.30630025830402424,0.8138955296597696,0.31539744461853786,"{""type"":""MultiPoint"",""coordinates"":[]}"
20210328,2021-03-28,296.13464021642625,-0.017008435839550015,1.7150741888648805E-4,99822.97936235483,4.042559153888358E-5,2.0042637519293185E7,300.5997919139273,0.006103383473952361,0.6579118470243428,-0.01672945528137009,0.3396990391221925,"{""type"":""MultiPoint"",""coordinates"":[]}"
20210329,2021-03-29,295.86846045608615,-0.019596873295251276,0.0034890937791204274,99855.90900606858,0.0033609553005477816,2.181878981608367E7,300.1839802264307,0.02967804420545614,0.08973328587756392,0.660014307861475,0.3935794059954265,"{""type"":""MultiPoint"",""coordinates"":[]}"
20210330,2021-03-30,296.0083600000802,-0.020851207099750163,1.2802945237017004E-4,99670.0473115125,2.877211102156531E-6,2.4573731498737827E7,301.55117100347536,4.651829674542237E-4,0.5125819920547768,-0.24529424397500324,0.41798333643663266,"{""type"":""MultiPoint"",""coordinates"":[]}"
20210331,2021-03-31,297.1737621874602,-0.014598562884934744,1.5388957395735865E-4,99668.00718722535,3.144636970541342E-5,2.048397315903354E7,300.80587606616916,0.0044403279455384765,0.7173680308805462,-0.11309097987955788,0.41012820413385204,"{""type"":""MultiPoint"",""coordinates"":[]}"
20210401,2021-04-01,297.54844705925814,-0.007979368054120925,3.225454570926402E-4,99750.53289591694,2.0010920635767467E-4,1.4007235848178864E7,299.73879338881335,0.011498143934486263,0.46090017452393617,-0.007684759744615957,0.4558824022625312,"{""type"":""MultiPoint"",""coordinates"":[]}"
20210402,2021-04-02,295.8406552136954,-0.021328913600725086,1.211091607346932E-4,99703.94500200504,2.6691160905331087E-6,2.347543683844212E7,301.28249873626635,3.8628450950421175E-4,1.3624551956262971,-0.5086839879873152,0.427427216094336,"{""type"":""MultiPoint"",""coordinates"":[]}"
20210403,2021-04-03,295.89018435271294,-0.017257058797515008,1.2247093502812295E-4,99832.57880421514,6.620761099766192E-6,2.093643292607285E7,300.6523577062711,0.0010073941631911466,0.8839744634819743,-0.8587689016541404,0.407531795829574,"{""type"":""MultiPoint"",""coordinates"":[]}"
20210404,2021-04-04,295.6981228400716,-0.02028104088450871,1.1461168484613865E-4,99872.19319303423,1.3713420963528097E-6,2.1961305529751174E7,301.38666695054735,1.981904750894027E-4,1.026243522571592,-1.3098109520775638,0.38847129868549696,"{""type"":""MultiPoint"",""coordinates"":[]}"
20210405,2021-04-05,296.7043650650408,-0.019182705422181576,1.1495659057302161E-4,99801.04121043274,4.298751250183458E-6,2.1739772402091604E7,301.82056394490604,6.313174274997124E-4,0.8369257762205975,-0.9047400404275189,0.37326219755664086,"{""type"":""MultiPoint"",""coordinates"":[]}"
20210406,2021-04-06,296.9256561757109,-0.01927400474680747,1.1646352087681875E-4,99873.90956818777,8.280631161492694E-6,2.254335307356654E7,301.8891771855098,0.0012690605087211041,0.20461725270121925,-0.11736615246656869,0.3649586179907298,"{""type"":""MultiPoint"",""coordinates"":[]}"
20210407,2021-04-07,296.0656553867531,-0.01988944068975583,1.408131010602022E-4,99997.72339774022,3.495700912616591E-5,2.3125086702488285E7,300.91749909560633,0.0047030911129001575,0.3447437166436847,0.724506542335581,0.3730749173123671,"{""type"":""MultiPoint"",""coordinates"":[]}"
20210408,2021-04-08,295.9344441663446,-0.017946673942050736,1.1387576200968085E-4,99856.7472378272,1.0058756687991079E-5,2.105870733213127E7,300.7276611857754,0.0016238013577297887,0.6173198916387898,-0.35962148887174805,0.3793412022958052,"{""type"":""MultiPoint"",""coordinates"":[]}"
20210409,2021-04-09,296.14738535775,-0.018423910484153184,1.1781003666061641E-4,99783.18515761172,1.6083186535984875E-5,2.2099759036062025E7,300.8268803393473,0.0024193447906748307,0.36296613555442314,0.0985179940931126,0.37794848986723234,"{""type"":""MultiPoint"",""coordinates"":[]}"
20210410,2021-04-10,295.7333282695854,-0.021398500457078255,1.0937910958227165E-4,99910.41521632054,9.795544038298668E-6,2.3453353528669316E7,301.25019253766203,0.0015729006031898229,0.4510312851324493,0.286195027740805,0.37553411711435913,"{""type"":""MultiPoint"",""coordinates"":[]}"
20210411,2021-04-11,296.0788101004157,-0.01694111751974855,1.167727938594261E-4,100056.96738986763,1.9225724823329588E-5,2.0576499157230433E7,300.55857075795427,0.0026219499635190082,0.32654274964450086,0.2964734598942309,0.37210343706305476,"{""type"":""MultiPoint"",""coordinates"":[]}"
20210412,2021-04-12,296.7763609832863,-0.014194394791283161,0.0012908995909205942,100072.90507951022,0.0011382518215941214,2.023861386188244E7,299.71809824276244,0.01834151813944719,-0.008373337119283954,-0.04696170331365945,0.4220594445563434,"{""type"":""MultiPoint"",""coordinates"":[]}"
20210413,2021-04-13,296.7701605124921,-0.010975242057379257,3.02587280817682E-4,100030.17068161927,1.896858011132924E-4,1.527604242264696E7,299.52191478854434,0.005093251974817203,-0.26276112026944165,0.38025845931346997,0.4473654854425173,"{""type"":""MultiPoint"",""coordinates"":[]}"
20210414,2021-04-14,296.6988846466711,-0.010982958419235701,0.0017522569387087186,99993.7378908715,0.0015668733521699478,1.719093846952759E7,299.1715195923274,0.016486075083591352,-0.18041297641134646,0.2654100448727851,0.45208435606563846,"{""type"":""MultiPoint"",""coordinates"":[]}"
20210415,2021-04-15,296.69756440237063,-0.008746663506790658,8.071318370875493E-4,99972.00051821559,6.407633601136041E-4,1.651251583772088E7,298.7095584658451,0.011701346501346322,-0.038842918064921274,-0.15096608673040218,0.4683586813707395,"{""type"":""MultiPoint"",""coordinates"":[]}"
20210416,2021-04-16,296.64466227285993,-0.014366373065100054,1.7086850674712098E-4,99937.58835220017,7.868045521177974E-5,2.121656396393798E7,299.9527171653458,0.0038897352810019006,0.10997551882377331,-0.2203158018522817,0.4647879407359712,"{""type"":""MultiPoint"",""coordinates"":[]}"
20210417,2021-04-17,296.89088146261537,-0.01309634221323423,3.6856722324452506E-4,100033.48204693326,2.790605263120209E-4,2.0170734375405695E7,299.99199503020384,0.0060245351276750365,-0.1506921103516799,0.05193505162214889,0.4599436584437806,"{""type"":""MultiPoint"",""coordinates"":[]}"
20210418,2021-04-18,296.99482797323935,-0.007111505564642091,0.0013723618908776216,100166.74130660987,0.0010714201834973042,1.3112219664623152E7,298.9245044510158,0.01271167736083215,-0.032624023094502824,0.5430824742005961,0.4685811935701771,"{""type"":""MultiPoint"",""coordinates"":[]}"
20210419,2021-04-19,296.94585443027376,-0.013219759464693804,1.7461944821505957E-4,99974.96588258758,8.710324656778496E-5,2.125738406346917E7,299.9644991352748,0.005763504593715401,0.14156096387703357,-0.006942024682631127,0.4707881713346274,"{""type"":""MultiPoint"",""coordinates"":[]}"
20210420,2021-04-20,297.3431877015174,-0.01028590237878309,5.068661684685565E-4,99905.55965853066,4.204382271574071E-4,1.734119305769924E7,299.790215013176,0.005861229893643635,0.07327927475810152,-0.392102177433418,0.46869397441388505,"{""type"":""MultiPoint"",""coordinates"":[]}"
20210421,2021-04-21,297.13446568290647,-0.012891152715784011,2.746758556004857E-4,99992.88040179109,1.7316848190089578E-4,1.9880712113234766E7,300.1586169190011,0.00607777402756062,0.12495397945366911,-0.27728800901728684,0.46856996121494254,"{""type"":""MultiPoint"",""coordinates"":[]}"
20210422,2021-04-22,297.265516857299,-0.012774437424124598,2.736861105864546E-4,100008.36644589242,1.8882911599933395E-4,2.1480065009015508E7,300.0269094646687,0.007838538998430742,0.09033024716597936,0.02266798398861276,0.4737616555165438,"{""type"":""MultiPoint"",""coordinates"":[]}"
20210423,2021-04-23,297.3339447148045,-0.012464964832859355,3.784690287368547E-4,99964.89109027294,2.9164949264760234E-4,2.0531541611972596E7,300.00613814618873,0.0068150958993938955,-0.004356602319001387,-0.2574172169274616,0.4788427961633561,"{""type"":""MultiPoint"",""coordinates"":[]}"
20210424,2021-04-24,297.5681973496428,-0.013292216968222555,8.399156518374547E-4,99862.45244349576,7.268041049879551E-4,2.130176446952759E7,300.579101538426,0.007245371771456601,0.18614801905994624,-0.45433653170478683,0.47108430113839994,"{""type"":""MultiPoint"",""coordinates"":[]}"
20210425,2021-04-25,297.174052860376,-0.013333959043498853,6.249923832658135E-4,99857.55350521259,3.8597660775310165E-4,2.0206796639740355E7,300.03138719474583,0.011478564554417795,-0.15967608077091333,-0.10170031377710052,0.47151409219787005,"{""type"":""MultiPoint"",""coordinates"":[]}"
20210426,2021-04-26,297.6441758776359,-0.012420768050555501,1.430995856387238E-4,99835.59490951391,6.197708105722836E-5,2.0384819693472777E7,300.3871754826169,0.005019408096873369,-0.04173041209677031,0.18768950117108688,0.4707071876594663,"{""type"":""MultiPoint"",""coordinates"":[]}"
20210427,2021-04-27,297.69480951847777,-0.010136046273223426,2.0304085264298788E-4,99933.08114226002,1.2182896527580266E-4,1.860231177857916E7,299.87182490902177,0.00528119851467844,-0.1010551452636719,0.3100591926194109,0.48121267993485417,"{""type"":""MultiPoint"",""coordinates"":[]}"
20210428,2021-04-28,297.65388722103916,-0.01196566365694166,1.437089345836055E-4,99969.9809833265,6.338726800355592E-5,2.0324407850703213E7,300.3725341613914,0.005075541515777653,0.13177419107168656,0.2695929105070611,0.47673766540498,"{""type"":""MultiPoint"",""coordinates"":[]}"
20210429,2021-04-29,297.50318965414345,-0.01104217073841513,1.94514642499476E-4,99905.86683732741,1.146902706040143E-4,1.9025186481067438E7,299.79101057610904,0.008108191658578894,-0.012909637676550378,-0.0025798848993948153,0.4859399648795464,"{""type"":""MultiPoint"",""coordinates"":[]}"
20210430,2021-04-30,297.7160426326806,-0.013100280495292655,0.0019244345928029465,99756.28467835773,0.00133577971747753,2.0926299327803824E7,300.37468734431235,0.01476614362124454,0.006983511808156707,-0.25012997264600684,0.4793239261743211,"{""type"":""MultiPoint"",""coordinates"":[]}"
20210501,2021-05-01,297.4425491957098,-0.01180439816940317,0.0015918627015915844,99788.1942328696,0.0012800485336346356,2.0165456619185E7,299.8837073227866,0.013410344612413565,-0.2971258522269387,-0.009688499269326134,0.4598717967511542,"{""type"":""MultiPoint"",""coordinates"":[]}"
20210502,2021-05-02,297.4829603347201,-0.012054261467676493,3.7330087829143445E-4,99778.8101714637,1.5231702319560308E-4,2.0155450351965386E7,300.09335100692357,0.00734232198426838,-0.10174159244757916,0.5282144392893742,0.4730391684081753,"{""type"":""MultiPoint"",""coordinates"":[]}"
20210503,2021-05-03,297.31061042921385,-0.009224957176925817,5.41769698923175E-4,99806.72264762186,3.9695272893197186E-4,1.6225775864406783E7,299.3771567479365,0.010047978958599687,-0.13190198073608966,0.31860095013906103,0.48269256603719246,"{""type"":""MultiPoint"",""coordinates"":[]}"
20210504,2021-05-04,297.2442793490179,-0.009740441532458293,4.386085784482561E-4,99762.67191708414,2.4098690412468403E-4,1.6784252715109993E7,299.4667558941736,0.007284886908255385,-0.43904169093876144,0.04968807761493477,0.4762642338006798,"{""type"":""MultiPoint"",""coordinates"":[]}"
20210505,2021-05-05,297.5465401925639,-0.012538814064809833,1.82489598867827E-4,99723.57773151071,6.695024822319712E-5,2.051236626541652E7,300.5037752640537,0.0039111992655581065,-0.32160695783649734,0.05722144844010698,0.47076832197766877,"{""type"":""MultiPoint"",""coordinates"":[]}"
20210506,2021-05-06,297.26812477767544,-0.013686623543855563,1.7065896890759252E-4,99812.36975686073,8.034652647798429E-5,2.0918975570861887E7,300.80919348859703,0.0030001946821661546,-0.08054791045369458,0.32381260526883865,0.46451837762300047,"{""type"":""MultiPoint"",""coordinates"":[]}"
20210507,2021-05-07,297.1496140805271,-0.01120939699404299,0.0015385680940449564,99887.20947394753,0.0013515829282291867,1.9474272366750814E7,299.53585751071864,0.01349350477850761,-0.11963315634275232,-0.35193463394397995,0.47301840893937674,"{""type"":""MultiPoint"",""coordinates"":[]}"
20210508,2021-05-08,297.3622710627709,-0.013195967481072268,1.1630944458964582E-4,99723.57212534467,1.9616787609020554E-5,2.084062190587811E7,300.60610061454753,0.001500420944057902,-0.20718192257464452,0.4016522630674792,0.46759263407884577,"{""type"":""MultiPoint"",""coordinates"":[]}"
20210509,2021-05-09,297.353789502747,-0.010634214919244515,5.482504466058888E-4,99718.41413152497,4.4876385951704215E-4,1.845715150126217E7,299.81621059441113,0.010313390887702336,-0.13730192706051578,0.43787456278130915,0.47461462278809746,"{""type"":""MultiPoint"",""coordinates"":[]}"
20210510,2021-05-10,297.3917347598153,-0.008720965054473248,0.0013571689614009824,99743.48594320516,8.654259427377046E-4,1.5174868049044354E7,299.2780857893234,0.01055614576416659,-0.33687491611242726,0.38596647135955475,0.47522523331805516,"{""type"":""MultiPoint"",""coordinates"":[]}"
20210511,2021-05-11,297.34574724278326,-0.010534909368098706,3.379848065292023E-4,99766.59773783563,1.850174655993407E-4,1.817280830869095E7,299.61138776203,0.00723918933772418,-0.21261958294095928,0.7949722614235597,0.47314801212113156,"{""type"":""MultiPoint"",""coordinates"":[]}"
20210512,2021-05-12,297.32315875481123,-0.008829043298863005,0.0015023661850593261,99640.18613734376,0.0011047779535757174,1.486661603389831E7,299.5446620255169,0.010906617910850219,-0.375832074249374,0.9228208892576711,0.47822510879448743,"{""type"":""MultiPoint"",""coordinates"":[]}"
20210513,2021-05-13,297.4889450004459,-0.005203013285172361,0.004675964314693411,99651.53719970616,0.00262960246698632,9670368.622791203,298.47717579294675,0.02917147741028324,-0.16605751765778842,0.8985581245254992,0.47171165032059503,"{""type"":""MultiPoint"",""coordinates"":[]}"
20210514,2021-05-14,297.155163887731,-0.0024857523649920213,0.025886864329863226,99562.49964812525,0.010920960188793266,2881112.6877028495,297.42696432385804,0.07607536669581758,-0.8510711067842599,2.6931607738282333,0.4780734672413407,"{""type"":""MultiPoint"",""coordinates"":[]}"
20210515,2021-05-15,297.316857653321,-0.0034997287950939626,0.03345823546974315,99512.61431310291,0.011432227234934113,7660156.50054093,297.71202109527496,0.07564220923413986,1.121838597956723,2.45856398605558,0.4812768253372731,"{""type"":""MultiPoint"",""coordinates"":[]}"
20210516,2021-05-16,297.3374469537891,-0.003576706420513341,0.016657445436021802,99668.65758407195,0.008102104696520736,1.0123888114677247E7,297.9201248266159,0.03800660160851315,0.06466637432668369,1.2091749823857192,0.4833006833032112,"{""type"":""MultiPoint"",""coordinates"":[]}"
20210517,2021-05-17,297.0511869280825,-0.012304101941325883,0.0015739659502366113,99747.43076331525,4.501737253871413E-5,2.129442178975838E7,299.9329402940552,0.002801125717112355,-0.010860526342491706,0.7832197803103419,0.4713394338371863,"{""type"":""MultiPoint"",""coordinates"":[]}"
20210518,2021-05-18,297.1770322973704,-0.010077505227711673,0.0018362181252449636,99795.75167009915,3.2748457405741706E-4,1.9104288572664984E7,299.38695953562666,0.008045998134584948,-0.22954187738249143,0.8505415053218012,0.47910268611382945,"{""type"":""MultiPoint"",""coordinates"":[]}"
20210519,2021-05-19,297.2023220951848,-0.007966947718632598,0.021402944904391704,99773.38775054422,0.012316675872158756,1.613670999495132E7,298.86021554600467,0.049285567304389225,0.003083173465465085,1.213197306853559,0.4753216998997553,"{""type"":""MultiPoint"",""coordinates"":[]}"
20210520,2021-05-20,297.36935384864785,-0.007006939011567171,0.006608962343674551,99828.53011331838,0.0016277971876643435,1.4487569057338623E7,298.83108013853285,0.017667618497026825,0.07551790318361254,0.5853665515570877,0.4728551785065186,"{""type"":""MultiPoint"",""coordinates"":[]}"
20210521,2021-05-21,297.0757550877983,-0.003484691748797915,0.01203057526456635,99887.9258899526,0.0017039927412489453,9162417.789397765,297.8344231752381,0.025754495614214667,-0.003041920258973369,0.6447976413204743,0.481712915301538,"{""type"":""MultiPoint"",""coordinates"":[]}"
20210522,2021-05-22,296.97267039427743,-0.005544741523478636,0.007247619570010929,99803.25477475554,8.563132351415493E-4,1.1995210035340786E7,298.20453592945375,0.013203238671409752,-0.011235785206316599,0.7968313492523791,0.4769658907085447,"{""type"":""MultiPoint"",""coordinates"":[]}"
20210523,2021-05-23,297.27699015658993,-0.005584498708197842,0.005785838527194525,99853.66089920759,6.31694273208394E-4,1.1746309637216013E7,298.76961083658074,0.009666866388103396,-0.09243334272558666,-0.10458875289973854,0.47860079651942766,"{""type"":""MultiPoint"",""coordinates"":[]}"
20210524,2021-05-24,296.63702326615373,-0.013507601374802588,0.004747977370803983,99868.23188898577,7.509636322256035E-5,2.0376101330688786E7,299.933828237868,0.0040203196195910534,0.7702890545835519,-0.3748574773914783,0.47533424956134523,"{""type"":""MultiPoint"",""coordinates"":[]}"
20210525,2021-05-25,297.13394851377336,-0.009632180152367567,0.005855900514568615,99818.50762866816,8.012823225830251E-4,1.7130193847818248E7,298.77564766332785,0.015935106740997792,1.378055601627842,0.20348131721130663,0.4852023614772684,"{""type"":""MultiPoint"",""coordinates"":[]}"
20210526,2021-05-26,296.9067640250686,-0.0022684113951074144,0.015665891188342267,99833.0035574274,0.002341394621329406,5301091.655247026,297.2727379714631,0.03342951400328955,1.0487257116817341,-0.051159342946821666,0.4767632511375988,"{""type"":""MultiPoint"",""coordinates"":[]}"
20210527,2021-05-27,296.840455808753,-0.009707222416260769,0.008071701676781924,99839.81366456166,1.0364096688312874E-4,1.8893190408943385E7,298.82659174619573,0.005537168258177087,0.8129949965203579,-0.39363649393277234,0.4850932676239877,"{""type"":""MultiPoint"",""coordinates"":[]}"
20210528,2021-05-28,296.68337460277263,-0.010413324424786728,0.007297854167951647,99913.93595996834,9.69885683558368E-5,1.9098619647313382E7,298.8513180328858,0.005464986697500293,0.9943346332394604,-0.4585997974346688,0.482030002439462,"{""type"":""MultiPoint"",""coordinates"":[]}"
20210529,2021-05-29,296.90700722703684,-0.006409783786840487,0.006841238277765805,99979.44372034745,1.918927098369496E-4,1.3738316763793727E7,298.35743530095516,0.008702664428181997,0.8115382707524521,-0.5468537144569815,0.4942706284979845,"{""type"":""MultiPoint"",""coordinates"":[]}"
20210530,2021-05-30,296.5353170475833,-0.011662651068341892,0.006047369723516899,99895.5138062272,3.814681682008895E-5,1.9447820661377568E7,299.11756452245635,0.0024921196254823336,0.7636535941214643,-0.797988858585791,0.4796390726039267,"{""type"":""MultiPoint"",""coordinates"":[]}"
20210531,2021-05-31,296.932003390375,-0.008898905959696363,0.007320196594501548,99808.26805179128,0.0012795580581255095,1.775251692463037E7,298.53508126178264,0.015416700966599783,0.7682479604360422,0.12613296738065255,0.48232149467371965,"{""type"":""MultiPoint"",""coordinates"":[]}"
20210601,2021-06-01,297.10235052754183,-0.008668646839737162,0.005315899741464775,99781.45408377801,1.1764829753324782E-4,1.624052389758385E7,298.9749406864329,0.005965103718948565,0.38092773567384974,0.272377773336614,0.48770799222997296,"{""type"":""MultiPoint"",""coordinates"":[]}"
20210602,2021-06-02,297.24001980160335,-0.011970163082178,0.004962574600571551,99748.00259665378,7.235576132338615E-5,2.00208965943022E7,299.73502173242076,0.003951174717193642,0.4121672005045226,0.32557523048530196,0.487523057251857,"{""type"":""MultiPoint"",""coordinates"":[]}"
20210603,2021-06-03,297.4909127179585,-0.009587641440001455,0.007113759832781146,99842.6760996688,0.0011979598851570188,1.7960612642625317E7,299.217618835418,0.01471017773488541,0.5517956233537604,0.44870239592956984,0.47548900445588915,"{""type"":""MultiPoint"",""coordinates"":[]}"
20210604,2021-06-04,297.11946561505897,-0.0055180951560657035,0.005484498067320016,99915.67119825006,6.326417839359473E-4,1.2407478980887128E7,298.43412248107285,0.01170572492348086,0.016067059628449596,0.26523652451014573,0.47547003815618044,"{""type"":""MultiPoint"",""coordinates"":[]}"
20210605,2021-06-05,296.43564308112406,-0.0025568786958817587,0.014126928052315853,99944.30671786722,0.003166533426240253,5984517.401370357,297.25344518819014,0.030356355346237263,-0.2658980758105037,0.6564236932225578,0.47543667124819206,"{""type"":""MultiPoint"",""coordinates"":[]}"
20210606,2021-06-06,296.4188865171429,-0.008870690605602152,0.0064308090928741814,99915.26120164964,5.942861171049028E-5,1.4955289422286332E7,298.6132185950074,0.0034180289403773463,0.14769948745435904,0.25633417816313436,0.4720903656376369,"{""type"":""MultiPoint"",""coordinates"":[]}"
20210607,2021-06-07,296.7407521336022,-0.01232197298911819,0.006072610337253602,99894.57616776637,7.418232771450118E-5,1.9392730266859002E7,299.4203633217732,0.004400573173800488,0.8654515495350735,-0.04231171837820573,0.4737981810479773,"{""type"":""MultiPoint"",""coordinates"":[]}"
20210608,2021-06-08,296.8268611404471,-0.009948811898517818,0.005936612366684239,99898.18811001409,2.501106250384978E-4,1.7737773039307613E7,298.7900461475929,0.007479760185012821,0.6390325097112592,-0.38022821960375847,0.48288693676231026,"{""type"":""MultiPoint"",""coordinates"":[]}"
20210609,2021-06-09,296.44183551945616,-0.010339113356047832,0.005344090019371206,99861.06677837443,7.22683264897096E-5,1.7648085732419766E7,298.78127192430657,0.004187866951363463,0.8987299068599729,-0.6490712068676735,0.48037678124397654,"{""type"":""MultiPoint"",""coordinates"":[]}"
20210610,2021-06-10,296.53007662039806,-0.010014010487837005,0.004987150140501643,99779.25455130482,4.3274060273230654E-5,1.773722104435629E7,298.72542441471614,0.0028964890159728337,0.3730536175542245,-0.648657250582047,0.4806140392269993,"{""type"":""MultiPoint"",""coordinates"":[]}"
20210611,2021-06-11,296.52868504093766,-0.009658690794544707,0.004739758343289057,99819.09774294207,9.108881012352202E-5,1.5890699767760547E7,298.6318109269067,0.0054789241275716855,0.6564720461955795,-0.33348763970632883,0.4838942547144834,"{""type"":""MultiPoint"",""coordinates"":[]}"
20210612,2021-06-12,296.6770589092287,-0.008459078725004215,0.012638356677685411,99876.8042907825,0.0035754851177415394,1.505451662315182E7,297.99106205287853,0.03505757800882747,1.311774880342407,-0.4747332763694802,0.48316344854880133,"{""type"":""MultiPoint"",""coordinates"":[]}"
20210613,2021-06-13,296.5859152370527,-0.0024805860442780785,0.014849469463317095,99901.3083285673,0.0037431156849156125,4873056.119004688,296.90480340984476,0.03651507503540646,1.9912912916973795,-0.6655466776510918,0.48129537848128573,"{""type"":""MultiPoint"",""coordinates"":[]}"
20210614,2021-06-14,296.1959982699021,-0.0024753361550793516,0.017291837440064097,99858.41021617732,5.319014788103845E-4,5509220.491886044,296.83163579603064,0.01598623196409362,1.0100696605907522,-0.4022238557764883,0.48638239054743493,"{""type"":""MultiPoint"",""coordinates"":[]}"
20210615,2021-06-15,296.7088371205322,-0.0035326085632732098,0.022868024558097586,99789.33268921764,0.0013657224428726795,8085760.294987379,297.49598372241945,0.02339846435517697,1.7379809942565325,0.13242675567679227,0.4827870525897072,"{""type"":""MultiPoint"",""coordinates"":[]}"
20210616,2021-06-16,296.5333270338783,-0.007051271318937957,0.020395217058334462,99937.07107253773,7.936416433642497E-4,1.5215284110349804E7,297.80930806570495,0.018997997682730815,1.012183740457415,-0.01204442586702772,0.4800471929363771,"{""type"":""MultiPoint"",""coordinates"":[]}"
20210617,2021-06-17,296.521570004384,-0.007180194905463687,0.014323779108762487,99992.19711425135,1.9702305389233027E-4,1.4612528246664265E7,297.9482519594805,0.009415452566498311,0.7625768863032798,-0.19367854217451808,0.48809535836697737,"{""type"":""MultiPoint"",""coordinates"":[]}"
20210618,2021-06-18,296.55708583625903,-0.00893594893525105,0.009329929982781884,100053.0549405329,1.3902684518502501E-4,1.5906571728813563E7,298.40894907646305,0.006624398436672713,0.5263265230747668,-0.4500117983321098,0.4956095687814853,"{""type"":""MultiPoint"",""coordinates"":[]}"
20210619,2021-06-19,296.1299937046811,-0.009771131445226197,0.007942918778067671,100184.11805700338,6.588154263845471E-5,1.636967830147854E7,298.3048397932708,0.0038691443560383695,0.6046934472868285,-1.135819060138419,0.49191893114323154,"{""type"":""MultiPoint"",""coordinates"":[]}"
20210620,2021-06-20,296.0584918766272,-0.010253796275346408,0.006945178648903619,100155.77958571169,4.0719357480050174E-5,1.7382468268301476E7,298.3985350483069,0.0028882185617289074,0.8294626974919082,-1.4388370582698877,0.48348586968267065,"{""type"":""MultiPoint"",""coordinates"":[]}"
20210621,2021-06-21,296.2262897500627,-0.009514399795778557,0.006422007372458405,100014.04670061808,2.847687323472579E-4,1.7290476763793726E7,298.4828082961753,0.0052002611715484945,0.8536490293517254,-1.1927448886563423,0.48216594957878334,"{""type"":""MultiPoint"",""coordinates"":[]}"
20210622,2021-06-22,296.4113201607247,-0.008779989537341994,0.005696231264888359,99910.43909966548,8.937045582528153E-5,1.5180202683014788E7,298.6984483471483,0.004844105239921299,0.746235819157535,-0.8132166841852935,0.47754136729891006,"{""type"":""MultiPoint"",""coordinates"":[]}"
20210623,2021-06-23,296.5566028719238,-0.008745312779400265,0.005401577095219343,99933.46089553331,3.382484625059046E-4,1.5025683715109989E7,298.2615635806887,0.00978100686081868,0.4649807228063619,-0.48785047696493394,0.480444369113765,"{""type"":""MultiPoint"",""coordinates"":[]}"
20210624,2021-06-24,295.92673715677876,-0.009385286137499279,0.004665764155497072,99964.85164238351,2.4054472170450437E-5,1.3984347635773532E7,298.6407185997122,0.0017864073516531815,0.3825805841522271,-0.8233314970391116,0.4811246179304869,"{""type"":""MultiPoint"",""coordinates"":[]}"
20210625,2021-06-25,296.05141156372343,-0.013793589578846755,0.0043479759142667955,99847.75109976271,5.7113235645074085E-5,1.983421628921746E7,299.18631999844297,0.004029375544204749,1.0466296508601975,-0.7596436514420526,0.4773050665439846,"{""type"":""MultiPoint"",""coordinates"":[]}"
20210626,2021-06-26,296.1551409043978,-0.009473323754850728,0.004097921344570163,99873.5869129473,8.995898989534021E-5,1.6865545963216737E7,298.14308698126615,0.005869622729527921,0.6124207250973629,-0.6102989713565878,0.48845577045105476,"{""type"":""MultiPoint"",""coordinates"":[]}"
20210627,2021-06-27,295.98410216798175,-0.011151254679530783,0.003789025283960328,99898.35524459495,5.262407141388687E-5,1.6001625643707179E7,298.56365598372975,0.0035298304371011845,0.5713529033089992,-0.6000909439602327,0.48041237568479844,"{""type"":""MultiPoint"",""coordinates"":[]}"
20210628,2021-06-28,296.12277311074484,-0.006356929787231446,0.006106740338650587,99845.06617822111,0.0021791420084364874,1.1910728093761273E7,297.4618593622449,0.012801157673090492,-0.050260254247412976,-0.296587866420771,0.47595385998426587,"{""type"":""MultiPoint"",""coordinates"":[]}"
20210629,2021-06-29,296.05455289676314,-0.014472269583083732,0.0033443618862692565,99762.00348317857,1.4521493255726664E-5,2.2077937413631454E7,299.3356049110403,0.0011990687013525463,0.4151158459499802,-0.1250335959549033,0.46378187669528653,"{""type"":""MultiPoint"",""coordinates"":[]}"
20210630,2021-06-30,296.54957362089124,-0.013378104377031498,0.0031746310251437506,99750.21821998685,2.6097723369859764E-5,1.9885807486476745E7,299.7068221801491,0.002040194761036018,0.5923004987678615,-0.18878636528973056,0.4607904961310066,"{""type"":""MultiPoint"",""coordinates"":[]}"
20210701,2021-07-01,296.73994204556374,-0.007300869727979442,0.004743969608655785,99766.2190991748,0.001359333651959144,1.411633099675442E7,298.2240286122178,0.01642755564104724,0.536739878305407,0.07287935225317894,0.4772418273557107,"{""type"":""MultiPoint"",""coordinates"":[]}"
20210702,2021-07-02,296.3829418979796,-0.009900761349748027,0.002948355814996198,99807.89043025096,7.554019535658293E-5,1.6634594086548872E7,298.742181561976,0.004075011335853373,0.3394054897073112,0.08894141523693895,0.46892422984348264,"{""type"":""MultiPoint"",""coordinates"":[]}"
20210703,2021-07-03,296.5218835764887,-0.00782956156625758,0.003008644825020209,99841.32282956375,2.167253955537732E-4,1.3877894948431306E7,298.36770203887653,0.007262651057444057,0.5253043226903985,-0.6722598863573712,0.47826398658500247,"{""type"":""MultiPoint"",""coordinates"":[]}"
20210704,2021-07-04,296.7672766731227,-0.009819507490060324,0.003774413034948596,99820.58772187776,9.800731770363777E-4,1.7753007647313382E7,298.7180185413143,0.012527239761353077,0.6776667169716973,-1.0642444100685455,0.4774010362841789,"{""type"":""MultiPoint"",""coordinates"":[]}"
20210705,2021-07-05,296.4575495822511,-0.011239863476714977,0.0027937585406685155,99680.93520920438,1.2875720455549362E-4,1.7777550894338265E7,298.7623274257828,0.006053870149160264,1.0515536366066176,-1.3878346904852543,0.48473789594769273,"{""type"":""MultiPoint"",""coordinates"":[]}"
20210706,2021-07-06,296.33578951964375,-0.01298316373609697,0.0025305251889481597,99573.2996706875,3.1002553692373E-5,1.8811871771006133E7,299.43007641799295,0.0021615117987140264,0.7165381033441484,-0.587882862066417,0.47421763920270993,"{""type"":""MultiPoint"",""coordinates"":[]}"
20210707,2021-07-07,296.48846822037757,-0.00894895031392639,0.002586624919938302,99691.15213867073,1.576504755054533E-4,1.4778751714749373E7,298.73689402403596,0.006476939029736777,0.6901104749717856,-0.6527599605864554,0.4861463614847959,"{""type"":""MultiPoint"",""coordinates"":[]}"
20210708,2021-07-08,296.46457580569165,-0.013525539265560667,0.0028042308193572023,99677.769165582,2.308208112505168E-4,1.92403756458709E7,299.2227607655517,0.008553339695777906,1.148758271377037,-0.747466604029535,0.48482251548469024,"{""type"":""MultiPoint"",""coordinates"":[]}"
20210709,2021-07-09,296.84769586388165,-0.003774322612359556,0.014488100677760896,99640.8825244851,0.006695494431904238,9461334.625315543,297.45876247233144,0.05122828664125175,1.487240044912161,-0.19401665197597812,0.4767145837122811,"{""type"":""MultiPoint"",""coordinates"":[]}"
20210710,2021-07-10,295.88768862405493,-0.0029258936619419,0.03993133792712119,99771.09328085321,0.007410343004248867,2973336.885683376,296.28405006803973,0.06417073786377435,2.364902099231528,-0.4877216500980319,0.478698792831874,"{""type"":""MultiPoint"",""coordinates"":[]}"
20210711,2021-07-11,295.96850354712467,-0.003779523691254492,0.016350782561336576,99671.29355088412,7.078766425164049E-4,7189405.420122612,297.10158371997005,0.015527651837450734,1.372595391890825,-1.165932332141022,0.48163175840821465,"{""type"":""MultiPoint"",""coordinates"":[]}"
20210712,2021-07-12,296.23524485736067,-0.006151665813530389,0.018049699842413974,99695.63243239312,4.360434265717935E-4,1.2008266273710785E7,297.3374058074254,0.01581350029462279,1.7103213809949156,-1.5081083003625457,0.4824270674178973,"{""type"":""MultiPoint"",""coordinates"":[]}"
20210713,2021-07-13,296.23302828782676,-0.007472471206079871,0.011814729663554485,99730.90299115263,2.075792033342176E-4,1.4102287097728096E7,298.07859732614924,0.007636473541490971,0.9518813644411012,-1.2155534828177783,0.47312421692092615,"{""type"":""MultiPoint"",""coordinates"":[]}"
20210714,2021-07-14,296.1891261196033,-0.004427389876854536,0.00969171273635262,99757.94466145834,2.4188683511675209E-4,8603827.338261813,297.1962333988264,0.010466207676592502,0.4051221993583113,-1.3662933379730537,0.4878486835522383,"{""type"":""MultiPoint"",""coordinates"":[]}"
20210715,2021-07-15,295.9830273097346,-0.00965167747275132,0.008112565795308285,99739.10640586966,1.0741509301027064E-4,1.3555431371078255E7,298.2341072705234,0.00531833018416237,0.3797029765097335,-1.4029066842369542,0.4883920361408462,"{""type"":""MultiPoint"",""coordinates"":[]}"
20210716,2021-07-16,295.9320444821709,-0.005930463194019565,0.007175416221826721,99883.21307827196,1.2739829173640056E-4,1.1058719846736388E7,297.8016189992937,0.006230524197365892,-0.07540179015438293,-1.126073020598481,0.49712924565213124,"{""type"":""MultiPoint"",""coordinates"":[]}"
20210717,2021-07-17,295.4445039650786,-0.016810129368741548,0.006512097415191536,99843.48040647495,2.0522141430810438E-4,1.891680497042914E7,298.9154897587334,0.006011538229460667,1.2035628086185923,-2.0928578835895597,0.4837616482439029,"{""type"":""MultiPoint"",""coordinates"":[]}"
20210718,2021-07-18,296.3348305641796,-0.002870437152767027,0.006973266217345758,99888.39938119349,3.748231181546407E-4,7311997.821853589,297.10509141572817,0.0118616168437266,0.4148507233436385,-1.5145152876735068,0.47728802238122275,"{""type"":""MultiPoint"",""coordinates"":[]}"
20210719,2021-07-19,296.3381546402024,-0.008240657410185733,0.005452656910882029,99942.63246097746,9.719275134245154E-5,1.5094211773530474E7,298.02632324052763,0.005467039615915351,0.9427744554404329,-1.1308472232329099,0.48864786710027225,"{""type"":""MultiPoint"",""coordinates"":[]}"
20210720,2021-07-20,296.00438688190854,-0.010624097920134745,0.0050995561928685465,100074.71128820088,1.0936838106863173E-4,1.719446669635774E7,298.05635910983386,0.006164488758457899,1.22117327669375,-1.4475535202204057,0.49201754558428873,"{""type"":""MultiPoint"",""coordinates"":[]}"
20210721,2021-07-21,296.26056582275135,-0.006101415415683723,0.006750366826844999,100039.91629078575,7.205187422658322E-4,1.2571762067075375E7,297.4502872550039,0.017860177311921355,1.6360235816083402,-1.1637547375247634,0.48195366183644467,"{""type"":""MultiPoint"",""coordinates"":[]}"
20210722,2021-07-22,296.48369069310934,-0.004825948811785392,0.011374711375072294,99837.7120518777,0.0022313261570545296,1.0663271865488641E7,297.35240666558786,0.030682514924414962,2.479852079585677,-0.8891306472578392,0.4765011638041112,"{""type"":""MultiPoint"",""coordinates"":[]}"
20210723,2021-07-23,296.25488434246006,-0.004156482827457075,0.014586042307835816,99798.43906497695,0.0010529402368042039,8260433.480346198,296.96105408969447,0.026041609878535182,2.5509285780655273,-0.6183134646696001,0.4790599193405627,"{""type"":""MultiPoint"",""coordinates"":[]}"
20210724,2021-07-24,296.47507996002577,-0.002168839721474629,0.012155549720956067,99875.46141909006,9.135736392329325E-4,4821618.655968265,296.96289454654,0.019375652691705124,1.7628545322044495,-0.46572744926590676,0.4841699593341441,"{""type"":""MultiPoint"",""coordinates"":[]}"
20210725,2021-07-25,296.54651615777004,-0.0034783927275736422,0.05378019715415154,99967.00363161752,0.0058180147985495536,7925356.809592501,297.1208180497367,0.05011854953476952,1.9374421616416804,-0.7276751703046122,0.4803626656260022,"{""type"":""MultiPoint"",""coordinates"":[]}"
20210726,2021-07-26,296.2772711327277,-0.004932999798979005,0.024117362945788274,99977.67826180566,9.293825836805844E-4,1.1133868083303284E7,297.3644523721487,0.019562034000457272,1.296000880394895,-0.6460211667064177,0.4776066659605695,"{""type"":""MultiPoint"",""coordinates"":[]}"
20210727,2021-07-27,296.31085876284175,-0.007061071206237536,0.013757126665785992,99934.17055877126,8.084856449289528E-4,1.520642014496935E7,297.73416262696685,0.012154309974437238,1.266530792505957,-0.5367244590230108,0.47339832852961206,"{""type"":""MultiPoint"",""coordinates"":[]}"
20210728,2021-07-28,296.08993288226554,-0.007971017412220662,0.009414859030098855,100002.50114630756,9.21612396551477E-5,1.4894955968986655E7,297.9838127881837,0.005431956643243147,0.7691010590828531,-0.47048706807171964,0.4827198350009673,"{""type"":""MultiPoint"",""coordinates"":[]}"
20210729,2021-07-29,295.93684295129714,-0.013312583987383136,0.007959922730621776,100029.91568176953,4.023873189103505E-5,1.8112254072484676E7,298.596693210439,0.0028735422448087577,1.081384779183477,-1.1763943269542523,0.4817759965185163,"{""type"":""MultiPoint"",""coordinates"":[]}"
20210730,2021-07-30,296.17395360373246,-0.010194995090918898,0.006904199875265176,100104.20571220391,4.426613208235621E-5,1.7831560493328527E7,298.4734804018399,0.003368417575837571,0.9738622533112915,-1.450200720007624,0.47981663486220716,"{""type"":""MultiPoint"",""coordinates"":[]}"
20210731,2021-07-31,296.0567051169534,-0.012952692863144174,0.006075572591910414,100123.8659878976,4.557973150737528E-5,2.083587719870177E7,298.79533239722986,0.0035931792938866678,1.2177786090537641,-1.5978170184651193,0.4759720202635252,"{""type"":""MultiPoint"",""coordinates"":[]}"
20210801,2021-08-01,296.0549511263499,-0.011704765230664441,0.005422151700237191,100014.3438165011,4.963606617487685E-5,1.9104451345113594E7,298.6064160820785,0.0035815419002058267,1.069679171065468,-1.2360413109314732,0.4792291485556819,"{""type"":""MultiPoint"",""coordinates"":[]}"
20210802,2021-08-02,295.6987805926524,-0.01305626315026777,0.0049140697141610195,100094.72898981954,7.490793312236458E-5,2.0333478050126217E7,298.2093228760757,0.005219064823525752,0.9182169747217903,-0.7392350395133624,0.47805788070196314,"{""type"":""MultiPoint"",""coordinates"":[]}"
20210803,2021-08-03,295.600439718902,-0.013468301874171345,0.004433224409592957,100190.37608767158,3.553766272276952E-5,1.9124157059141725E7,298.6107006792926,0.0027912612066840385,0.8780337107956792,-1.2799975149533196,0.47672875126131264,"{""type"":""MultiPoint"",""coordinates"":[]}"
20210804,2021-08-04,296.0930950925075,-0.008829239141928177,0.004087675130414569,100183.5649677602,5.191610236052697E-5,1.3718268106022358E7,298.33186139600724,0.004086136065619627,1.090881437532517,-1.2866658972983096,0.4776461198075143,"{""type"":""MultiPoint"",""coordinates"":[]}"
20210805,2021-08-05,296.4547290414526,-0.006891751049971091,0.006158816580131001,100049.04052892853,0.0018890939472902138,1.457246057771367E7,297.7280869454716,0.01884591541284265,1.3366433783410938,-1.0356602185992525,0.4822841674780844,"{""type"":""MultiPoint"",""coordinates"":[]}"
20210806,2021-08-06,296.4474660341722,-0.006339382482346671,0.009183473441732346,99976.94802589754,0.0029317774536847807,1.2452453121168414E7,297.60192926372247,0.02639140934393489,1.6097014069858109,-1.2379466419051455,0.47994190288974287,"{""type"":""MultiPoint"",""coordinates"":[]}"
20210807,2021-08-07,296.3021410437556,-0.0023616083218889724,0.004876656778186313,100016.35219335074,3.4024199659627493E-4,5622244.648395241,296.8750823479832,0.01274483969355678,0.8323657022873534,-1.0766233871985922,0.47785252879367784,"{""type"":""MultiPoint"",""coordinates"":[]}"
20210808,2021-08-08,296.29404420826296,-0.003834879757306484,0.004381100975280629,99995.94168188034,2.739111890528033E-4,7579553.334655605,297.3737883420501,0.009025005896928274,0.2312517162698552,0.2773404055195426,0.47884495869638954,"{""type"":""MultiPoint"",""coordinates"":[]}"
20210809,2021-08-09,295.7202838150724,-0.011308249859948731,0.0036697768714726298,100004.76152564444,2.758695767151936E-4,1.6763849265777143E7,298.43016735443285,0.006329222277249297,0.6585035978680206,0.13858071295225446,0.4689469850468858,"{""type"":""MultiPoint"",""coordinates"":[]}"
20210810,2021-08-10,295.9368343089604,-0.007445705079920579,0.003327688933751491,99985.07427427519,5.547950844278072E-5,1.1861869543454744E7,298.08984887157163,0.0031173635788699842,0.4898078103150894,-0.6564641661161928,0.47679760290146556,"{""type"":""MultiPoint"",""coordinates"":[]}"
20210811,2021-08-11,296.3586912935838,-0.00428495647333995,0.006259346157151185,100009.18490228975,0.0013884585545547081,9123810.976199064,297.56618425630876,0.02207421356141823,1.2227962753895687,-0.9545701623665113,0.47975267930047444,"{""type"":""MultiPoint"",""coordinates"":[]}"
20210812,2021-08-12,296.32566845877005,-0.00486013851858329,0.007455409551156887,100076.28039475945,0.001574809214632906,1.0998726627479265E7,297.3770328108573,0.017614001963729285,0.49967445967819046,-1.220369675652685,0.4715998162729177,"{""type"":""MultiPoint"",""coordinates"":[]}"
20210813,2021-08-13,296.1971357813075,-0.0051710334493285945,0.006859734006900458,99933.74864884793,0.0015233324547128649,1.1769401619906243E7,297.3534213074241,0.01381966077583355,0.7596692001465667,-0.9863314129352165,0.4741692905859357,"{""type"":""MultiPoint"",""coordinates"":[]}"
20210814,2021-08-14,295.9711248086241,-0.005936973169042967,0.00444443237736386,99857.4548022599,6.17789111969663E-5,1.1461925615578797E7,297.5264991001809,0.003563494274729345,0.6064467633597367,-0.9965007908714842,0.4792147330444499,"{""type"":""MultiPoint"",""coordinates"":[]}"
20210815,2021-08-15,296.013108744474,-0.009151183113084991,0.004402612515661719,99895.54379029978,8.13517288270944E-5,1.6215299313379018E7,297.9231143441964,0.004437587846284131,0.9830802629051022,-0.8829513895839782,0.4781108932550143,"{""type"":""MultiPoint"",""coordinates"":[]}"
20210816,2021-08-16,296.29974540378464,-0.0019998521101719812,0.004556985998514796,99963.43723023916,2.4516791846835564E-4,5886795.441038587,296.7749278968107,0.009305425005374571,0.3600831926549652,-0.6007827646329092,0.49559764951478275,"{""type"":""MultiPoint"",""coordinates"":[]}"
20210817,2021-08-17,296.2971741352707,-0.0037531023458844707,0.006734203419614862,99978.19647882246,6.421822913493485E-4,9174457.99783628,297.1056974681328,0.015017761141658044,0.6108589520863092,-0.18361385730700308,0.4818729082399412,"{""type"":""MultiPoint"",""coordinates"":[]}"
20210818,2021-08-18,296.1701434968054,-0.0034460412735355245,0.01390811933417463,99898.95384154496,0.0038355266627661823,8510587.274071403,296.8165523780339,0.03247188841960911,0.40011451662496705,0.3517267130532938,0.48396827481317206,"{""type"":""MultiPoint"",""coordinates"":[]}"
20210819,2021-08-19,295.84414562959495,-0.004516264534559743,0.01009254440735103,99818.39333346716,1.7705083086823372E-4,8843457.517850706,297.1185554511732,0.006657171466930572,0.07672104719152587,-0.24539590028060548,0.48962372778585167,"{""type"":""MultiPoint"",""coordinates"":[]}"
20210820,2021-08-20,296.16152199874614,-0.011737962614434575,0.007578381432272064,99792.72278179802,4.366814036941942E-5,1.864610229210242E7,298.7927755323048,0.0026644329289607473,0.8146667842725134,-0.518851033926784,0.47648889099352215,"{""type"":""MultiPoint"",""coordinates"":[]}"
20210821,2021-08-21,296.1955842491469,-0.007618533418501409,0.009276399611244553,99909.0340146967,0.0022639540684726155,1.499196027695637E7,297.9561980213451,0.009007322659168353,0.20575211651122605,-0.4555506281790246,0.47101716081573647,"{""type"":""MultiPoint"",""coordinates"":[]}"
20210822,2021-08-22,296.23944995695337,-0.010260373091992169,0.007407998145593877,99869.2372929486,8.423526069768021E-4,1.7583940202307973E7,298.390425423559,0.006713877737603132,0.029440518410851532,0.2351928429758911,0.4703389819044665,"{""type"":""MultiPoint"",""coordinates"":[]}"
20210823,2021-08-23,296.05436233408625,-0.005308435987338579,0.0061821812918974595,99908.05058474014,7.344758439657279E-5,1.2912616819329249E7,297.3250895322608,0.004416908398893733,-0.2964514700864023,0.6204986740353733,0.48366134289093704,"{""type"":""MultiPoint"",""coordinates"":[]}"
20210824,2021-08-24,295.8412859231496,-0.01223755271462512,0.005733546534579367,99894.17113480112,2.759143178144002E-5,2.031987025820411E7,298.5297046044165,0.001987361163285021,0.14317778357950484,0.9930468330533477,0.47573661437357323,"{""type"":""MultiPoint"",""coordinates"":[]}"
20210825,2021-08-25,295.935817279442,-0.011612504057040767,0.0053367463934305475,99785.70884421207,3.4890066747668854E-5,1.9085786056256764E7,298.77157879506245,0.00254944870979035,0.15342804731865864,1.0293809149697764,0.4708669750517643,"{""type"":""MultiPoint"",""coordinates"":[]}"
20210826,2021-08-26,296.3005650255855,-0.008936660385093144,0.006028565000829996,99678.67214528912,8.838225573870925E-4,1.6459142983050847E7,298.09974828381456,0.014655315040928839,0.4706983666019323,1.056997312549674,0.4825101622682248,"{""type"":""MultiPoint"",""coordinates"":[]}"
20210827,2021-08-27,296.49875835226584,-0.002641237840953821,0.00859931440741157,99694.5694492183,9.351032163062512E-4,6329575.452217818,297.0147692011676,0.023668350440835432,0.9291624657765851,0.21796463583077164,0.47531426378505315,"{""type"":""MultiPoint"",""coordinates"":[]}"
20210828,2021-08-28,296.2769796055289,-0.00297366345708997,0.030544625132405454,99647.6584014544,0.0066469714416307205,7300334.19978363,296.90214633815555,0.06098419958412733,1.673039298201427,-0.04798463620679829,0.47847503623590976,"{""type"":""MultiPoint"",""coordinates"":[]}"
20210829,2021-08-29,296.0186240923836,-0.0018678900919749857,0.07855248516254204,99683.31903301414,0.009874327385679206,2602853.5135232606,296.33936382517936,0.07032576956441648,2.0647334493056335,-0.2844780717908885,0.48061292998878735,"{""type"":""MultiPoint"",""coordinates"":[]}"
20210830,2021-08-30,295.9560179283361,-0.0020524230105563963,0.01871052801909965,99759.89522566706,3.4348789993451906E-4,4955606.854309413,296.5364044667265,0.011839353780297839,0.5297950385123839,-0.704263518056928,0.4858813064002923,"{""type"":""MultiPoint"",""coordinates"":[]}"
20210831,2021-08-31,296.2930783800158,-0.006770654061921358,0.011598095450962747,99787.18322414948,7.179734662169806E-5,1.2967795952037506E7,297.8735801677518,0.0036852567709880803,0.49618375855922875,-0.23171172197628287,0.4890627570415377,"{""type"":""MultiPoint"",""coordinates"":[]}"
20210901,2021-09-01,296.38690369334677,-0.007814295146596852,0.009473933235450295,99871.40490201741,8.157292213673805E-5,1.4876781031013342E7,298.1155534900859,0.005175319304228082,0.8549809777431441,-0.5434550380517635,0.4896750998677564,"{""type"":""MultiPoint"",""coordinates"":[]}"
20210902,2021-09-02,296.3459780867649,-0.0061614658042729396,0.008550920221098829,99842.26606074949,2.9765661124756654E-4,1.2361724492967905E7,297.48757709466946,0.011226958448658321,0.5692341152557548,-0.5822111737027393,0.4818373910651955,"{""type"":""MultiPoint"",""coordinates"":[]}"
20210903,2021-09-03,296.2541391934637,-0.004717984795301691,0.008278144680009267,99793.26040709943,3.356813196881429E-4,9716346.953840606,297.39821056586527,0.009164525007456318,0.4505316446228432,-0.04703400303844881,0.4776160338418188,"{""type"":""MultiPoint"",""coordinates"":[]}"
20210904,2021-09-04,296.184985257009,-0.0052244738174224235,0.010644960797869082,99882.39095327951,0.0020106185537961435,1.0681766256761633E7,297.117384053893,0.022357144851274737,0.8645428958915291,-0.2418643260377576,0.4754036571962613,"{""type"":""MultiPoint"",""coordinates"":[]}"
20210905,2021-09-05,296.33993360379776,-0.004615107739966912,0.00907206840831968,99895.15365111588,0.001072110201837008,1.0950386811034977E7,297.18931343893917,0.022628328635659927,1.8381834446287653,-0.43365764652311367,0.47862667033758033,"{""type"":""MultiPoint"",""coordinates"":[]}"
20210906,2021-09-06,296.0150861993463,-0.00293554519590298,0.006347535584448395,99931.3877757243,2.9909422670165606E-4,6347395.520735667,296.6545560806756,0.011428347038504564,1.631009201717457,-0.37932509760656585,0.49897061409980636,"{""type"":""MultiPoint"",""coordinates"":[]}"
20210907,2021-09-07,296.1112522634697,-0.0053186879996741,0.008794686949472325,99921.12657507241,4.898414064132904E-4,1.2434342771366753E7,297.1795580215446,0.015158118719750265,1.1329030815204304,0.09984815658063097,0.4844564766189717,"{""type"":""MultiPoint"",""coordinates"":[]}"
20210908,2021-09-08,295.9064969063837,-0.007431359117292474,0.006355820431246724,99998.44889035316,1.123689499264197E-4,1.4861003857194375E7,297.70594242952075,0.005037842037405208,0.09279227185126092,0.08224661061648839,0.4913456503309471,"{""type"":""MultiPoint"",""coordinates"":[]}"
20210909,2021-09-09,296.01929916311224,-0.012246107644298385,0.005981842681276554,100016.09874785414,3.81088304124152E-5,2.086386678579156E7,298.6127076874073,0.0023653704753192574,0.7088025933719769,-0.9429003319239903,0.48112999869877515,"{""type"":""MultiPoint"",""coordinates"":[]}"
20210910,2021-09-10,296.1814023089074,-0.01196083747686095,0.005672200662518855,99956.1755450038,4.7151199476494516E-5,2.0131462303281642E7,298.74140057458885,0.0032732018497973253,1.0169352758301897,-0.9969602590542113,0.4761487862455945,"{""type"":""MultiPoint"",""coordinates"":[]}"
20210911,2021-09-11,296.32128550826053,-0.008565126354357763,0.005430082140676477,99907.12664797128,1.0359647297231546E-4,1.5669934504507756E7,298.17891864338696,0.005650307216069952,0.6641129141659787,-0.17252504752510253,0.479868740513285,"{""type"":""MultiPoint"",""coordinates"":[]}"
20210912,2021-09-12,296.4512016939736,-0.004673614719156493,0.007561351393281964,99858.47497662777,0.0010485681055299736,1.1519923687702851E7,297.4757140843194,0.02258287734539123,1.3817593120213152,0.06824499819338616,0.4893454960840141,"{""type"":""MultiPoint"",""coordinates"":[]}"
20210913,2021-09-13,296.4459381791344,-0.005953374011472293,0.005633580221989679,99810.74289829291,2.103294872266052E-4,1.205278457879553E7,297.81219220703105,0.009265370415459316,1.662915577036155,-0.63482037178383,0.4924525091146275,"{""type"":""MultiPoint"",""coordinates"":[]}"
20210914,2021-09-14,296.41459128930893,-0.007115200440020841,0.005159563878319387,99832.21003283854,1.9508943074539689E-4,1.4227286433465563E7,298.0795355041463,0.008544567463702342,1.305959562138162,-0.46076484964019704,0.4992927090882942,"{""type"":""MultiPoint"",""coordinates"":[]}"
20210915,2021-09-15,296.6068044080803,-0.010000180279761501,0.0056220950754248536,99854.28327972161,2.79860648273175E-4,1.6983213179228272E7,298.50755438246915,0.008114839005847339,1.1238691077981522,0.044719696388836154,0.49437293119048803,"{""type"":""MultiPoint"",""coordinates"":[]}"
20210916,2021-09-16,296.5673877263474,-0.005792053705877318,0.007601138364202571,99798.89477765039,0.0014581281061727908,1.1863786601153985E7,297.94023570264665,0.008298005102924486,0.16579091667856702,-0.4889539100613959,0.45786150425497013,"{""type"":""MultiPoint"",""coordinates"":[]}"
20210917,2021-09-17,296.61230348150735,-0.013049517842489937,0.004618460583183854,99736.56940860157,2.400894382994742E-5,2.08237945142445E7,299.35171198142757,0.0017080263336544449,0.8396317749903858,-0.8286246612591017,0.4482135318738222,"{""type"":""MultiPoint"",""coordinates"":[]}"
20210918,2021-09-18,296.90515233152314,-0.00973644974082977,0.004497114062481223,99859.33341844067,3.4604639384534185E-5,1.712204817814641E7,299.21452250608473,0.002543134059323071,0.3911254383907508,-0.8017699060309377,0.45265293213048374,"{""type"":""MultiPoint"",""coordinates"":[]}"
20210919,2021-09-19,297.09438880084014,-0.009262888868642634,0.004417173653099452,99937.20531577988,9.538395564735814E-5,1.6533323040389474E7,299.3555217675972,0.004183630553044396,0.34156564698080016,-0.8049991433616728,0.45951244988425993,"{""type"":""MultiPoint"",""coordinates"":[]}"
20210920,2021-09-20,296.6331896563536,-0.011602623196734536,0.004172668903474982,99896.6224143222,1.389594809741609E-5,1.7681687436350524E7,299.4500212989785,8.268070122071909E-4,0.6645707317177586,-0.7557801355434618,0.457655079448749,"{""type"":""MultiPoint"",""coordinates"":[]}"
20210921,2021-09-21,296.1930388429873,-0.014078648766960175,0.004024479434759317,99845.79648561931,4.9460210440780474E-5,2.1630533907681216E7,299.186467443898,0.003696169826884667,1.09894706963891,-0.6600019883931807,0.4534138834151187,"{""type"":""MultiPoint"",""coordinates"":[]}"
20210922,2021-09-22,296.3239144090134,-0.012772940007887118,0.003826193718371991,99703.89105276705,3.417664342867181E-5,1.808983713550307E7,299.1965516593999,0.0026844859509110378,1.3426338142608707,-1.1224045167105148,0.4563605128206992,"{""type"":""MultiPoint"",""coordinates"":[]}"
20210923,2021-09-23,296.29401870128663,-0.011722389828941686,0.003658318418567463,99796.48497356859,4.5697457666565595E-5,1.8159095054134347E7,298.7918327887309,0.0036602526676890283,1.208524067508786,-1.361538272678372,0.46175998179209543,"{""type"":""MultiPoint"",""coordinates"":[]}"
20210924,2021-09-24,296.20404702021625,-0.013585858673039993,0.003455412635573661,99785.90059177179,2.5513450612757043E-5,1.9528756665338904E7,299.4578473884078,0.0020978004212373227,0.6486339392405831,-0.9836876641415765,0.45403809300379233,"{""type"":""MultiPoint"",""coordinates"":[]}"
20210925,2021-09-25,296.5595357757103,-0.010185243708967862,0.0032910486307764926,99752.43387096515,3.0096852732100214E-5,1.7074350330424886E7,298.88496907666723,0.0026679928424509845,0.8088012128541754,-0.4759928238393309,0.455004276743817,"{""type"":""MultiPoint"",""coordinates"":[]}"
20210926,2021-09-26,296.6092461188089,-0.007963510100544037,0.0060407032191302,99599.98028309866,0.002138641845264291,1.3909589183737988E7,298.2548400586809,0.022441888959188746,0.8221857991982632,-0.14625893720770589,0.47503059548617477,"{""type"":""MultiPoint"",""coordinates"":[]}"
20210927,2021-09-27,296.21475393082295,-0.002492799159318069,0.00823731421134638,99691.78612717781,0.0023844283311925036,5230336.588623336,296.88503573573917,0.02874648819277531,0.6855610892067363,-0.3831498315377597,0.4699434066480822,"{""type"":""MultiPoint"",""coordinates"":[]}"
20210928,2021-09-28,295.71258895072486,-0.0038621886097649754,0.005271046493958791,99873.54713830445,6.987719766035263E-4,8061470.33135222,296.5812996170644,0.014773425745638186,0.40078789162684525,0.11341131654893685,0.47499705662104313,"{""type"":""MultiPoint"",""coordinates"":[]}"
20210929,2021-09-29,296.2148661899486,-0.008495771688510914,0.0030737064034552773,99891.06060756536,1.1710711213126322E-4,1.5859839468681507E7,298.08070027190547,0.004901622509368486,0.36687666040900413,-0.6095041301706431,0.47919710720799175,"{""type"":""MultiPoint"",""coordinates"":[]}"
20210930,2021-09-30,296.26548662723326,-0.00964395058792376,0.005095882358058368,99894.62343073839,0.0020601426772141863,1.6448251712148037E7,298.2720070575375,0.009746165698700932,0.24139623828827872,-0.5266915372765283,0.46633244879129104,"{""type"":""MultiPoint"",""coordinates"":[]}"
20211001,2021-10-01,296.83317923749314,-0.00649287526385259,0.02089541318654756,99803.28689273291,0.01259656586867999,1.1909128083965609E7,298.11730998805376,0.04548157224025666,0.17610573152435963,-0.4428409303462712,0.475410545111591,"{""type"":""MultiPoint"",""coordinates"":[]}"
20211002,2021-10-02,296.81384459297334,-0.0035762548126922465,0.0223643149289894,99719.8793834967,0.005479831260612541,7763050.422378182,297.83497867866237,0.025885166157412206,-0.1847217544682225,-0.10143913955037334,0.475810104156432,"{""type"":""MultiPoint"",""coordinates"":[]}"
20211003,2021-10-03,296.61770602805296,-0.00668043166861137,0.009084047560888726,99700.40003516988,3.233738713775179E-5,1.1534576068938632E7,298.44575311014444,0.001456211878473847,-0.23846532443292237,0.5433386283964619,0.47110231307596384,"{""type"":""MultiPoint"",""coordinates"":[]}"
20211004,2021-10-04,296.697387582738,-0.007878862328093879,0.007099343480571186,99652.36028787875,1.121574130851011E-4,1.4506550021918738E7,298.7902137111165,0.0051402694781119765,-0.09076786075651196,-0.05108501417073138,0.4721834711450156,"{""type"":""MultiPoint"",""coordinates"":[]}"
20211005,2021-10-05,296.91689209674956,-0.0075270332197204986,0.00827817965716693,99667.75195300762,0.001000997153293171,1.4227451485478843E7,298.5626248255245,0.015760264702756353,0.06833653679861587,0.3748287674555027,0.4780854008378053,"{""type"":""MultiPoint"",""coordinates"":[]}"
20211006,2021-10-06,296.6905292649011,-0.004577824909722295,0.007605783130840581,99627.54390880445,5.141106826107812E-4,9747705.902925309,297.9194340472583,0.0117576757122904,-0.15568616307402244,0.918913557546932,0.47299784848231213,"{""type"":""MultiPoint"",""coordinates"":[]}"
20211007,2021-10-07,296.2662347501711,-0.010995837909851616,0.005779720576842082,99709.33651493854,4.328058121052196E-5,1.7110095606857773E7,299.02681989792467,0.0029176077525021587,-0.27079829557510304,1.6995350055531797,0.47551232562756973,"{""type"":""MultiPoint"",""coordinates"":[]}"
20211008,2021-10-08,296.64877243789425,-0.007223345659031062,0.006979859030036089,99855.61064767727,7.803249382774968E-4,1.312212986446215E7,298.24580219849787,0.015755125892063446,-0.0017351670281820313,1.1267032324085584,0.4797980985699946,"{""type"":""MultiPoint"",""coordinates"":[]}"
20211009,2021-10-09,296.54162126722963,-0.002458971871007362,0.006730511300924064,99972.18159813009,4.664177187203588E-4,6273402.526513074,297.2246546361837,0.011912245726568196,-0.8625227206744085,0.4148131105845072,0.48311315360644197,"{""type"":""MultiPoint"",""coordinates"":[]}"
20211010,2021-10-10,296.7153947917097,-0.008062211438621205,0.006987489295100374,99863.12840200383,0.0013979658487145755,1.5629825356653446E7,298.2527384239258,0.01154386621335333,0.22019555153418566,0.11475592217546828,0.4767255036787053,"{""type"":""MultiPoint"",""coordinates"":[]}"
20211011,2021-10-11,296.55849653666576,-0.003216923911391806,0.015395606532451095,99785.6051244469,0.0036184559665214627,8003117.454381536,297.27022372898193,0.03611452790876371,0.5076733919444717,0.29722033519701313,0.4791995812127304,"{""type"":""MultiPoint"",""coordinates"":[]}"
20211012,2021-10-12,295.4791089152041,-0.0018881569702810994,0.056140856717280294,99795.48558962822,0.002596561431218432,3112827.3656689506,296.3083891838213,0.03131223787599466,0.0827761580270849,-0.4030657848180924,0.46635559777655217,"{""type"":""MultiPoint"",""coordinates"":[]}"
20211013,2021-10-13,296.0049076431114,-0.009360797585045608,0.011686417991896632,99709.63371000077,8.543247334844492E-5,1.6751996847457629E7,298.19049539255377,0.00503660123184017,0.4485223509253958,0.31381329284692744,0.46961221443888856,"{""type"":""MultiPoint"",""coordinates"":[]}"
20211014,2021-10-14,296.69961993358123,-0.005691726228206803,0.008985409670967169,99561.61967879676,9.78814773167508E-5,1.1670196902632529E7,298.23727531469797,0.005994527107794878,-0.12086429176371835,1.0275089533688113,0.4899500845601774,"{""type"":""MultiPoint"",""coordinates"":[]}"
20211015,2021-10-15,296.1409980543733,-0.011201202811648433,0.007406314389610222,99270.25852951453,3.726464846355151E-5,1.6716080974395964E7,299.0566156478811,0.002805650240031121,-0.9138902970726838,2.0532956808457974,0.47731807693608014,"{""type"":""MultiPoint"",""coordinates"":[]}"
20211016,2021-10-16,297.0166884182824,-0.0024918634236245824,0.027811403418872654,99294.57377202464,0.011683227098723246,4865030.4323837,297.542443853113,0.06407748749281497,0.05073501737319244,1.0598218152264818,0.48249519351354403,"{""type"":""MultiPoint"",""coordinates"":[]}"
20211017,2021-10-17,296.7809482427268,-0.0030579980875217994,0.017431897384957894,99703.63359255264,0.0012611826882438027,7954295.774972954,297.39464746368145,0.024576611526156675,1.2899815061513957,0.6985419330896132,0.47933737150335093,"{""type"":""MultiPoint"",""coordinates"":[]}"
20211018,2021-10-18,296.4598646437926,-0.005308516952284743,0.008259963154190938,99925.8948283039,9.84197354170548E-5,1.1369952790479627E7,297.753798883399,0.00504265436613756,0.4625304160546278,0.007776946069415,0.4901045941291972,"{""type"":""MultiPoint"",""coordinates"":[]}"
20211019,2021-10-19,296.4802236922702,-0.009190156682385379,0.007166958867084926,100036.64072753963,4.2614478347880134E-5,1.5359642571943743E7,298.7450890397207,0.0028145126936172686,0.23216320124508197,-0.3477670540673786,0.4791935599614028,"{""type"":""MultiPoint"",""coordinates"":[]}"
20211020,2021-10-20,296.8416549640431,-0.00659975864119449,0.02377810284060087,100117.14631985378,0.010902781793132314,1.2241149428777497E7,298.1854113489264,0.048881733386343766,-0.03084900625939409,-0.6845305306448045,0.478301043807923,"{""type"":""MultiPoint"",""coordinates"":[]}"
20211021,2021-10-21,296.79908167832974,-0.005284881047982409,0.013956012225112372,100092.49278923814,2.2728087463148495E-4,1.143765793076091E7,298.2352511014686,0.006003640546422122,-0.3492491323510275,-0.2381209604641841,0.4581298312253569,"{""type"":""MultiPoint"",""coordinates"":[]}"
20211022,2021-10-22,296.76874147422734,-0.010282501975981889,0.009821282134798088,100121.32119438794,8.045899867474109E-4,1.851792252145691E7,299.00298335601224,0.010552095405443473,-0.22241970369027392,0.567701041089441,0.4627183470993696,"{""type"":""MultiPoint"",""coordinates"":[]}"
20211023,2021-10-23,296.35293808446545,-0.006848975275822853,0.01273233870704639,100228.3379240223,0.0022044872540646072,1.5116730957807433E7,297.7025817020938,0.024985805991058114,-0.10931176402159273,0.23572235652526025,0.4727942199285165,"{""type"":""MultiPoint"",""coordinates"":[]}"
20211024,2021-10-24,296.27514321329164,-0.009657126319051607,0.008242220395831397,100168.95647312209,2.025157707587846E-4,1.801418625027047E7,298.4248356659233,0.004534321789100118,-0.1616319731345385,-0.17568315896782713,0.463183363808908,"{""type"":""MultiPoint"",""coordinates"":[]}"
20211025,2021-10-25,296.49950005524096,-0.009007225211426276,0.026146301614799704,99988.61671964452,0.012831724100043273,1.5350790033177065E7,298.4520353403699,0.04365496493770664,-0.038502175126716,-0.24428697520257303,0.47759526715082007,"{""type"":""MultiPoint"",""coordinates"":[]}"
20211026,2021-10-26,296.6746701392893,-0.005458055189691465,0.01683054825984912,99924.73463096762,0.0014555948523463987,1.2866887930039665E7,297.755400631631,0.01537622403419795,-0.3478712216494304,0.24445041563809247,0.4699345695412147,"{""type"":""MultiPoint"",""coordinates"":[]}"
20211027,2021-10-27,296.5955595391805,-0.006847607899488114,0.023474382260109693,99939.8940157344,0.005541038465358013,1.455271898088713E7,297.95150337168803,0.038012519992417566,-0.3652259885354862,0.45978298455509015,0.47380096549267864,"{""type"":""MultiPoint"",""coordinates"":[]}"
20211028,2021-10-28,296.45030089602017,-0.007382087406809478,0.04030403744441442,99913.96262702711,3.4069776497418555E-4,1.3507363946628204E7,298.33224716443306,0.007935880926856485,-0.23436357952365083,0.22751119306188092,0.4685090784127215,"{""type"":""MultiPoint"",""coordinates"":[]}"
20211029,2021-10-29,296.3337836244357,-0.004770984071828466,0.01070690301192869,99984.1047606571,5.863077758539038E-5,1.0704058523620628E7,297.8439871768193,0.003972761470017088,-3.093632816021624E-4,-0.16340133210675253,0.4733041093131357,"{""type"":""MultiPoint"",""coordinates"":[]}"
20211030,2021-10-30,296.63027843361164,-0.004442058369286259,0.012082780950816581,100031.64997447954,0.0020491347291862493,1.0422502380093763E7,297.57564603899783,0.02160740218726642,-0.46862896532805487,0.01672950411719878,0.48460163917087556,"{""type"":""MultiPoint"",""coordinates"":[]}"
20211031,2021-10-31,296.80069241350077,-0.0036672966503039453,0.008426798142834,99988.05259744026,3.118421378610283E-4,8072979.575189325,297.76473453025125,0.01004570298329442,-0.0350253733896209,-0.07477860308020201,0.48395724158430914,"{""type"":""MultiPoint"",""coordinates"":[]}"
20211101,2021-11-01,296.6042246345661,-0.0034438547350162645,0.009578117796478826,99847.02878218112,9.846478630780228E-4,8508668.7277317,297.46406698244124,0.015879544376080277,-0.12334942360568585,-0.7134986237302282,0.4791141282567785,"{""type"":""MultiPoint"",""coordinates"":[]}"
20211102,2021-11-02,296.637002219975,-0.0035722996976415996,0.02008133009747826,99838.9414090087,0.005865327935978861,7674712.897944466,297.7017060481724,0.034280404430550145,-0.6381790820531139,0.241630232753999,0.48635311117537955,"{""type"":""MultiPoint"",""coordinates"":[]}"
20211103,2021-11-03,296.7466549614844,-0.0032908282381422984,0.018215228550557926,99903.59549205887,0.0010001095105197687,7935730.385863687,297.75541928095635,0.015918374897519717,-0.5078205957423038,0.24706021421645502,0.4683508067653219,"{""type"":""MultiPoint"",""coordinates"":[]}"
20211104,2021-11-04,296.2966894515935,-0.006313755409708102,0.010055185734602337,99942.51664493787,0.001344092985567443,1.2809305430219984E7,297.7167374686219,0.014543769531521828,-0.7074199673762357,0.7729267575646525,0.4734300801868349,"{""type"":""MultiPoint"",""coordinates"":[]}"
20211105,2021-11-05,296.31878739696435,-0.007536992476363068,0.007280125652479859,99916.84035856128,1.280008725555976E-4,1.4975198189686261E7,298.2733448015725,0.0042222246527217075,-0.24036128762565365,0.9008717221384912,0.4807442599641747,"{""type"":""MultiPoint"",""coordinates"":[]}"
20211106,2021-11-06,295.82380759588494,-0.010567890068403961,0.006368461196984878,99843.57987521743,1.9674138003121292E-5,1.7364747899026327E7,298.45148001257115,0.0014105835805197336,-0.05665523768875632,0.33050280924757053,0.4725331255902121,"{""type"":""MultiPoint"",""coordinates"":[]}"
20211107,2021-11-07,296.06197228897713,-0.008390345044764548,0.005734139845833811,99831.37090739435,6.602036578965626E-6,1.3766754879192213E7,298.64735962493677,5.439949353739616E-4,0.15636188104929644,-0.4315988793655692,0.46205084615350417,"{""type"":""MultiPoint"",""coordinates"":[]}"
20211108,2021-11-08,296.35243753006085,-0.00352475588910854,0.005336614542604139,99891.53696956421,7.629510871004724E-5,5708063.764154345,297.8200352271312,0.005179291168914849,-0.06118790343025871,-0.9895739806989509,0.47674032305994785,"{""type"":""MultiPoint"",""coordinates"":[]}"
20211109,2021-11-09,295.87948267923286,-0.002969986611686371,0.006961424746025009,99893.65012661621,7.650571402727891E-4,6377723.104940497,296.81447174199747,0.01647710751400822,0.004095624567640114,-1.0984435752687982,0.48706187014253643,"{""type"":""MultiPoint"",""coordinates"":[]}"
20211110,2021-11-10,295.5715584737176,-0.004903548132135169,0.005438298013852558,99751.89565120365,2.642729186298097E-4,9549129.580959251,297.44526905514243,0.007371515860737389,0.2371098169527858,-1.058672625824499,0.4725865128951974,"{""type"":""MultiPoint"",""coordinates"":[]}"
20211111,2021-11-11,295.9254692436225,-0.010680902531666746,0.004479608199267968,99606.39887201691,1.1465028653796555E-4,1.6300555813198706E7,298.7831244170057,0.005752089123466212,0.8741568170898965,-0.5205634052269964,0.47302547775362114,"{""type"":""MultiPoint"",""coordinates"":[]}"
20211112,2021-11-12,296.0397983183725,-0.001689351217876992,0.005626430652371994,99728.1066815,5.535945804098477E-4,4199086.501262172,296.7213176936395,0.012372077348166132,-0.23656766634460896,0.13299570954581094,0.47626092603307235,"{""type"":""MultiPoint"",""coordinates"":[]}"
20211113,2021-11-13,296.33893960851196,-0.005686098232118396,0.014835961423666522,99851.71229393464,0.004484136694665425,1.2156161047241256E7,297.3125368882464,0.041690701284895125,0.242511015583767,1.2650227396802587,0.47717602485962135,"{""type"":""MultiPoint"",""coordinates"":[]}"
20211114,2021-11-14,296.65767274176307,-0.002350583119036444,0.011901564221712301,99816.04770177363,0.0011118323932775643,6426091.115037867,297.18836909226604,0.019801617072160774,-0.3393148942010337,0.7600493281488595,0.49292193044907123,"{""type"":""MultiPoint"",""coordinates"":[]}"
20211115,2021-11-15,296.55996534162057,-0.0020949543126967257,0.025482841445958623,99696.27121214896,0.0013957989213701366,6270237.657410746,297.0162486502694,0.023777399345555117,-0.23080178627759768,0.41184035309347805,0.47944773325396783,"{""type"":""MultiPoint"",""coordinates"":[]}"
20211116,2021-11-16,296.22265833114,-0.003921434997953407,0.015363129053978212,99712.89291691085,0.0020525413748377973,9520813.352326002,297.49865212883566,0.010372562306647393,-0.8409770470798157,0.7419008859606201,0.46745301531060185,"{""type"":""MultiPoint"",""coordinates"":[]}"
20211117,2021-11-17,296.42852095535056,-0.007681868566026165,0.009621881569201362,99810.78949678213,1.2475595528409664E-4,1.4483104530111793E7,298.5237836100646,0.005490659190097783,-0.2251482059182076,0.04843836097795239,0.47000541382074396,"{""type"":""MultiPoint"",""coordinates"":[]}"
20211118,2021-11-18,296.28267780441064,-0.006127451493761148,0.008072914063307164,99655.27178336582,1.0195517159522851E-4,1.2464741751172015E7,297.82081387911103,0.005175568111265446,0.026996271156579744,-0.5363026048174442,0.48944571901218914,"{""type"":""MultiPoint"",""coordinates"":[]}"
20211119,2021-11-19,296.4833507737313,-0.004705805088310435,0.011371842310439797,99520.51060542882,0.00184825417950744,1.009789566173819E7,297.37263245966045,0.025270247933860394,1.1675608584851882,-0.1703439546700409,0.4808965738697514,"{""type"":""MultiPoint"",""coordinates"":[]}"
20211120,2021-11-20,295.9439969040452,-0.002217382830733906,0.009312545628784969,99694.2184918607,4.0121499571265447E-4,4124331.495852867,297.09402116242916,0.010207079932893055,-0.19075195719694515,0.6771240706683955,0.4721528013274997,"{""type"":""MultiPoint"",""coordinates"":[]}"
20211121,2021-11-21,294.82134117720744,-0.011579333768611434,0.00703516562213719,99913.44592703356,3.0666702583813733E-6,1.9061268302199785E7,298.15974137885945,2.2879044540654694E-4,-0.4445172230889841,0.405269703966506,0.4595298607742892,"{""type"":""MultiPoint"",""coordinates"":[]}"
20211122,2021-11-22,295.72271028214425,-0.013294375167398563,0.006436823621752286,99907.7753285847,3.731863091579208E-5,1.9232928481067438E7,298.95324179810655,0.002469783816046881,0.5749166075721038,-0.760139156210407,0.4496668862499775,"{""type"":""MultiPoint"",""coordinates"":[]}"
20211123,2021-11-23,296.6481829007124,-0.0066728694770811624,0.008949279392879018,99872.62360324211,0.0019457274950500693,1.352169487053733E7,298.02154297409675,0.01872543712091784,-0.06610995775404595,-0.40120081575404914,0.4740891601621195,"{""type"":""MultiPoint"",""coordinates"":[]}"
20211124,2021-11-24,295.90117533950087,-0.005996212101277143,0.005573019353095867,99864.77293630592,6.380017068985352E-5,1.1357223477100613E7,297.83105205357515,0.003679842796510342,-0.3931585638149669,0.03827939636504683,0.4777542216973547,"{""type"":""MultiPoint"",""coordinates"":[]}"
20211125,2021-11-25,295.6511637248276,-0.004353963695748637,0.0060816002486416745,99840.28645240521,5.782392068090656E-4,8241921.026325281,297.08996697563526,0.012472448595508473,0.08744434562923385,-0.45486192996147423,0.486705446432439,"{""type"":""MultiPoint"",""coordinates"":[]}"
20211126,2021-11-26,296.6731230855804,-0.0034729104880021878,0.006982347558884253,99823.98260247862,5.64145713539447E-4,9276147.606202673,297.64011688269113,0.009799654007473882,-0.3105276376958336,-0.7864999623951512,0.4668055688092479,"{""type"":""MultiPoint"",""coordinates"":[]}"
20211127,2021-11-27,296.4471085449011,-0.003666517746242169,0.007285816810576442,99841.96747362493,9.215099463663159E-4,8760588.807068162,297.8629134623302,0.014807211977099699,-0.7286270577140347,-0.0798438028986028,0.47640969853860315,"{""type"":""MultiPoint"",""coordinates"":[]}"
20211128,2021-11-28,296.5928551476369,-0.0028251659486468327,0.015516133865444317,99863.99571006275,0.0014354044116772862,8425539.140281286,297.479534554301,0.024322388335901893,-0.4194499778122781,0.16650845213769822,0.4719943114091664,"{""type"":""MultiPoint"",""coordinates"":[]}"
20211129,2021-11-29,296.4257872870714,-0.004354104864502745,0.018334571448122176,99949.25780897833,9.042293994038966E-4,1.0191764111792283E7,297.40315850014036,0.013643235245364004,-0.2582471108748974,0.40731549927901445,0.47503237822319766,"{""type"":""MultiPoint"",""coordinates"":[]}"
20211130,2021-11-30,296.2896534738268,-0.006629210514924264,0.008041800914303388,99946.15151574383,6.513153463118438E-4,1.3358649808150021E7,297.7643087517543,0.007375100547305551,-0.5319861723032833,0.11434065708103539,0.46884003343569547,"{""type"":""MultiPoint"",""coordinates"":[]}"
20211201,2021-12-01,295.7363254986413,-0.011650791283585385,0.005880752865196865,99958.27807778599,4.81838961607104E-6,1.953612239812478E7,298.6963429054915,3.7124286662979287E-4,-0.2135711490627894,0.03925817679693986,0.45496501101798675,"{""type"":""MultiPoint"",""coordinates"":[]}"
20211202,2021-12-02,296.1967655747738,-0.01226250448066364,0.005181384764227505,99959.68144839986,1.7364855668968645E-5,1.9012105554994598E7,299.1214768700566,0.0014463654787347342,0.02041007320616362,-0.010771550242610515,0.4493646557506768,"{""type"":""MultiPoint"",""coordinates"":[]}"
20211203,2021-12-03,296.5097735132473,-0.0077532624447663855,0.0047614353252497564,100073.75294841111,7.969752529060373E-5,1.4143283723764878E7,298.38070043317833,0.005154435786262897,-0.1384699732398368,0.04665603037564883,0.46612127945821225,"{""type"":""MultiPoint"",""coordinates"":[]}"
20211204,2021-12-04,296.2567492814172,-0.0077398767969559315,0.004328436931891429,100130.99326296306,1.8411784493617966E-5,1.3280286418319512E7,298.2867940656697,0.0015405665629332089,-0.3762136989666416,-0.0625156815313694,0.46490208829505364,"{""type"":""MultiPoint"",""coordinates"":[]}"
20211205,2021-12-05,296.02157564687104,-0.012253649485775425,0.003999986283795481,100058.04976964675,2.385847595595213E-5,1.9663752403894704E7,299.07120542369194,0.001972463833992195,0.08445784386168134,-0.5118419451988121,0.45427575760813976,"{""type"":""MultiPoint"",""coordinates"":[]}"
20211206,2021-12-06,296.7188462675699,-0.008659273232852259,0.003856970259924465,100005.03898660776,1.5867393218005045E-4,1.561882682221421E7,298.92661815143026,0.00439212467437989,-0.04041344231890865,-0.3817397929653696,0.4586073521997998,"{""type"":""MultiPoint"",""coordinates"":[]}"
20211207,2021-12-07,296.72007321847116,-0.009702224991046863,0.003515488320670746,99981.33908617747,4.850691228062507E-5,1.6901914104579877E7,299.15499286993236,0.0020027346712662725,-0.17671536545238178,-0.214552508192662,0.455479835457979,"{""type"":""MultiPoint"",""coordinates"":[]}"
20211208,2021-12-08,296.34789803549995,-0.012718152254819872,0.003241281138294405,99986.24356876253,8.663966623059344E-6,1.936214095636495E7,299.3818128539731,8.333920492104492E-4,-0.23172687329213093,0.2491837891839936,0.4429601919681123,"{""type"":""MultiPoint"",""coordinates"":[]}"
20211209,2021-12-09,296.26996880779046,-0.01135965954314876,0.003179249871929244,100119.23476878277,1.492799161317071E-4,1.782233607789398E7,298.97324077979016,0.007529421474197026,-0.406695405685181,0.19175982281828982,0.4513746919160796,"{""type"":""MultiPoint"",""coordinates"":[]}"
20211210,2021-12-10,295.6342707836996,-0.011624155812612991,0.002850376480630791,100087.22928464305,4.694752430081842E-7,2.0140353896862607E7,298.7834449584187,4.429235329491781E-5,-0.42483649136054574,-0.12908479656962799,0.4588041389227802,"{""type"":""MultiPoint"",""coordinates"":[]}"
20211211,2021-12-11,295.17292359374244,-0.012251244737671639,0.002680662967025524,100065.14461406825,1.304329860266305E-6,1.9164611758384425E7,299.1335743533718,1.3228158815417954E-4,-0.6711742026199156,-0.36151440157341785,0.4381442287246517,"{""type"":""MultiPoint"",""coordinates"":[]}"
20211212,2021-12-12,295.2778585844136,-0.013189651291001974,0.002523218799789503,100014.56699495789,1.5886153204966404E-6,1.9097051288856838E7,299.3872509727199,1.6849243787063234E-4,-0.536187238999321,-0.346116576118529,0.42274971377435455,"{""type"":""MultiPoint"",""coordinates"":[]}"
20211213,2021-12-13,295.0173140529372,-0.013939989748851859,0.002378978485391323,99935.9398807746,3.0609526833686596E-6,1.9514380993148215E7,299.5652616411207,3.40192186488799E-4,-0.8106107052622941,-0.44926764134217784,0.4099050425096033,"{""type"":""MultiPoint"",""coordinates"":[]}"
20211214,2021-12-14,295.3007281372533,-0.012858044373572112,0.0022534413825420975,99941.20948181264,8.922840041715319E-6,1.6969979591056615E7,299.5798852395261,0.0010066014466560058,-0.5764465900636204,-0.2515695720699662,0.40238967883585447,"{""type"":""MultiPoint"",""coordinates"":[]}"
20211215,2021-12-15,295.39618155021685,-0.012106202123636297,0.0021370702940034306,100022.1367569016,1.0352835644894975E-5,1.6410092016588533E7,299.28115079838255,0.0011662867969390294,-0.35284527117049047,-0.04784306020802038,0.3996118858952781,"{""type"":""MultiPoint"",""coordinates"":[]}"
20211216,2021-12-16,295.5666360416039,-0.013346340168728283,0.002020632999277786,100100.06773815026,4.419301268085434E-6,1.974495140425532E7,299.29748982909723,5.250457194665688E-4,-0.39980183250701473,0.08450609128167673,0.3924271334448548,"{""type"":""MultiPoint"",""coordinates"":[]}"
20211217,2021-12-17,294.99092145361044,-0.013975006745496128,0.0019139849909625241,100137.61434761545,2.5647461650778227E-6,1.933683033393437E7,299.1442931906967,3.101367291465253E-4,-0.09685041755706537,-0.029782191250298188,0.38267298899156593,"{""type"":""MultiPoint"",""coordinates"":[]}"
20211218,2021-12-18,294.26301075664475,-0.015208227387295273,0.0018168069231480066,100073.37971846732,4.464958576445883E-6,2.0084144924630374E7,299.07519123184244,5.602146899532507E-4,-0.32474494642442725,-0.07690103473335468,0.3732080613209775,"{""type"":""MultiPoint"",""coordinates"":[]}"
20211219,2021-12-19,293.70202680831494,-0.014254663127490942,0.0017221946762307132,100157.95840335616,1.8600577315912759E-6,1.9320133381175622E7,298.6503515746792,2.3682172058551182E-4,-0.42697971471013163,-0.30378878226946837,0.3654228588296382,"{""type"":""MultiPoint"",""coordinates"":[]}"
20211220,2021-12-20,292.7881384050636,-0.01653238558410266,0.001636173539844352,100169.18590737786,3.4525098458464472E-6,2.077759462747927E7,298.7931921741455,4.60493310957558E-4,-0.2534159155817097,-0.15932364751261183,0.3549435806182704,"{""type"":""MultiPoint"",""coordinates"":[]}"
20211221,2021-12-21,293.61430365145964,-0.014929364719171195,0.0015541210534165924,100234.87295284611,2.5632684083781086E-6,1.9701854372881357E7,298.82585504740274,3.369228088837234E-4,0.045761454834762086,-0.21074429583214185,0.3497305890805648,"{""type"":""MultiPoint"",""coordinates"":[]}"
20211222,2021-12-22,293.78757943750537,-0.015993020441174892,0.0014806225885134333,100125.33641439452,4.27208445882952E-6,2.0197457479264338E7,298.6720874117808,5.889442151486086E-4,0.04157584165492186,0.12113212900016156,0.34277032679527886,"{""type"":""MultiPoint"",""coordinates"":[]}"
20211223,2021-12-23,294.126015027708,-0.015459274845597464,0.0014100409977022509,100083.1397969938,3.0783284153269383E-6,1.966552849116481E7,298.58076784877,4.3021194338583576E-4,0.20780762929385607,-0.08226278722680297,0.338221316928545,"{""type"":""MultiPoint"",""coordinates"":[]}"
20211224,2021-12-24,292.87137540204407,-0.016474462661380335,0.0013426003142723835,100101.64823752713,1.6395361295384364E-6,2.0191346204111073E7,298.5122473283748,2.3488094553119975E-4,0.1264373785258056,-0.1285082068146959,0.3312657631737551,"{""type"":""MultiPoint"",""coordinates"":[]}"
20211225,2021-12-25,292.4935891077717,-0.016922045155172098,0.0012787407485105224,100144.02751924716,5.53100151229842E-7,2.040455408799135E7,298.33444750969596,8.035803685925991E-5,-0.016577188850294623,0.16786501307028362,0.3240938780470843,"{""type"":""MultiPoint"",""coordinates"":[]}"
20211226,2021-12-26,293.0129321259165,-0.016726113941817347,0.001220327444318138,100263.56829833248,1.2744146910033585E-6,2.028815977713668E7,298.4660463932687,1.924238614801342E-4,-0.020021357363212405,0.3413233155169042,0.31710228883871916,"{""type"":""MultiPoint"",""coordinates"":[]}"
20211227,2021-12-27,292.7440029464815,-0.017916858510617705,0.0011629939369462348,100220.26673362558,2.971365698571245E-8,2.1638044209159754E7,298.49442740343045,4.6453671245036545E-6,0.14311530100266112,0.035308644926050764,0.31074397457034303,"{""type"":""MultiPoint"",""coordinates"":[]}"
20211228,2021-12-28,291.6997771732566,-0.019030517689263053,0.001109337738456169,100134.68519717196,0.0,2.1879638854670037E7,298.4158201755305,4.410743663640915E-7,-0.08119958314575793,-0.05203242160936062,0.30391293979777295,"{""type"":""MultiPoint"",""coordinates"":[]}"
20211229,2021-12-29,292.0240154775351,-0.01928401270225037,0.0010585654332153727,100079.88130580695,3.047940363920084E-8,2.1803388881355934E7,298.80489030625483,4.2694586578288385E-6,0.03204394404253918,-0.1788183055340721,0.2977946296679972,"{""type"":""MultiPoint"",""coordinates"":[]}"
20211230,2021-12-30,292.63744252472355,-0.019658094150438406,0.0010109109608567326,100137.37173751352,9.414653592362457E-8,2.06257991352326E7,299.565819788558,1.5432211412506968E-5,-0.04563472455532909,-0.14497652478280557,0.2924391512315367,"{""type"":""MultiPoint"",""coordinates"":[]}"
