system:index,date,dewpoint_temperature_2m,potential_evaporation_sum,runoff_sum,surface_pressure,surface_runoff_sum,surface_solar_radiation_downwards_sum,temperature_2m,total_precipitation_sum,u_component_of_wind_10m,v_component_of_wind_10m,volumetric_soil_water_layer_1,.geo
20170101,2017-01-01,292.6087783660321,-0.019294217146941142,4.707279910991392E-4,100071.05403258445,8.868689662577055E-8,2.171199627623513E7,298.9347197673315,1.548340795626435E-5,0.11954069063058481,-0.10459854197568058,0.2909636893572179,"{""type"":""MultiPoint"",""coordinates"":[]}"
20170102,2017-01-02,293.4380156563687,-0.017729146674065825,4.5643027319703516E-4,100146.57058513691,6.778926742751807E-7,1.9544242250991706E7,299.0636866106725,1.1918909085175152E-4,0.21742255940777216,-0.44672273344282265,0.2870604205208912,"{""type"":""MultiPoint"",""coordinates"":[]}"
20170103,2017-01-03,292.7682200045609,-0.01953243255867797,4.4150945783908135E-4,100094.03551299642,4.1671395516765284E-7,2.1290282671474937E7,299.16327792879684,7.358008324099089E-5,0.132907074666221,-0.14331831979642687,0.2830011033283889,"{""type"":""MultiPoint"",""coordinates"":[]}"
20170104,2017-01-04,293.6482185043241,-0.017957337916681925,4.2790099790368844E-4,100062.69159489477,7.879748010824529E-7,1.997460358023801E7,298.9539292747405,1.4018009500902116E-4,0.18184648080003396,0.12067149527758728,0.28012174688174846,"{""type"":""MultiPoint"",""coordinates"":[]}"
20170105,2017-01-05,293.94620585335554,-0.017563973068169987,4.168706645485817E-4,100012.21428820462,2.764589920656113E-6,1.9965557187161922E7,298.92768824325475,4.922607498146556E-4,0.16740620622039917,0.5803541313471278,0.27957880641709354,"{""type"":""MultiPoint"",""coordinates"":[]}"
20170106,2017-01-06,293.73020431889074,-0.018173468298874222,4.040124455686515E-4,100005.92602448087,2.5317975643349178E-6,1.9952409296069242E7,299.1469333952243,4.6538297440434673E-4,0.3555084875189122,0.19281606035660145,0.2794073199778742,"{""type"":""MultiPoint"",""coordinates"":[]}"
20170107,2017-01-07,293.653638277995,-0.018534724784325145,3.9080129798637416E-4,99851.14408916149,1.529134269917953E-6,2.0094596705373242E7,299.01714378716434,2.7720850263826335E-4,0.31578329449477205,-0.11353751479296861,0.27980213782036156,"{""type"":""MultiPoint"",""coordinates"":[]}"
20170108,2017-01-08,293.4260858851481,-0.01858354179981896,3.778036432579197E-4,99802.27637722435,5.280562054152271E-7,2.0168212363505226E7,299.17141553968435,9.731558022754936E-5,0.2126233226649104,0.004494560224847413,0.2775284723244488,"{""type"":""MultiPoint"",""coordinates"":[]}"
20170109,2017-01-09,293.7186625960184,-0.01635043905813514,3.6880228059884244E-4,99890.08034131206,2.6199470948880645E-6,1.813087892895781E7,298.71329167078636,4.878179914736557E-4,0.295226684627173,0.0812373956044515,0.27723047197087197,"{""type"":""MultiPoint"",""coordinates"":[]}"
20170110,2017-01-10,293.3763652846911,-0.016714507709211967,3.5796319851581266E-4,99999.418527641,2.312810142419418E-6,1.7829586894338265E7,298.91606362786825,4.388880134452674E-4,0.318821636540541,-0.31035156111861095,0.27697087767204714,"{""type"":""MultiPoint"",""coordinates"":[]}"
20170111,2017-01-11,293.43279891295543,-0.015957479485741517,3.523017352684027E-4,100004.43138407049,6.526880560048511E-6,1.5632769938694553E7,298.9311238364656,0.0011937395436204786,0.22586026975836013,-0.08464789025155035,0.2794727292652958,"{""type"":""MultiPoint"",""coordinates"":[]}"
20170112,2017-01-12,292.97618317973775,-0.015582955697953722,3.391103063341603E-4,99953.13551122382,2.5534372960794637E-6,1.5177376132708259E7,298.6363486115614,4.498016816329648E-4,0.06370708225638637,0.0198963189127927,0.2840701435775565,"{""type"":""MultiPoint"",""coordinates"":[]}"
20170113,2017-01-13,293.6023551469985,-0.016903465072998197,3.460783644398326E-4,99887.60835054265,1.8753076433662556E-5,1.694558572520735E7,298.96365546308925,0.0029515829813533713,0.24543249456623675,0.47061308755197134,0.28688681247443854,"{""type"":""MultiPoint"",""coordinates"":[]}"
20170114,2017-01-14,293.2316262717144,-0.019106576922478937,3.285024260038768E-4,100014.77465447603,1.008754876216224E-5,1.9981010109628566E7,298.82951314719577,0.0012938173882364444,0.20547321052244044,-0.2731927813697226,0.31377090979602607,"{""type"":""MultiPoint"",""coordinates"":[]}"
20170115,2017-01-15,292.4683243006035,-0.021421247072923585,3.118974650718656E-4,100120.9529865392,2.97956724825466E-6,2.2325834115398493E7,299.3315802655665,5.660699815781039E-4,0.27383757849871104,0.12551615881309414,0.30771069378216026,"{""type"":""MultiPoint"",""coordinates"":[]}"
20170116,2017-01-16,292.7578300056957,-0.01856303433869189,3.0230282877396906E-4,100141.47665259636,2.567930059058117E-6,1.9736132840966463E7,298.8141234448673,4.893765610140459E-4,-0.014667311945934826,0.2057309777192992,0.3035036336488629,"{""type"":""MultiPoint"",""coordinates"":[]}"
20170117,2017-01-17,292.548234195574,-0.020188874267162593,2.913709596911794E-4,100106.26454266965,5.376575937178262E-7,2.1155463666065633E7,298.8228056550327,1.0305162451217869E-4,-0.029522976489547985,0.2590236786481122,0.2981893116643415,"{""type"":""MultiPoint"",""coordinates"":[]}"
20170118,2017-01-18,288.55968542336296,-0.025426454594902222,2.8206836573277144E-4,100110.86005180862,2.8394557618940085E-7,2.269273857699243E7,298.6836058495924,5.4890055968629245E-5,-0.4695759790134854,-0.2882193670721062,0.2912813356997718,"{""type"":""MultiPoint"",""coordinates"":[]}"
20170119,2017-01-19,289.6746719381904,-0.023001856463795056,2.7278924661124613E-4,100139.42131769379,3.492879472052282E-11,2.3024729717273712E7,298.43849918357694,5.67168830059042E-7,-0.15168505166926513,-0.13897802079149504,0.2844392073987009,"{""type"":""MultiPoint"",""coordinates"":[]}"
20170120,2017-01-20,292.1890422423481,-0.021378277543377372,2.6430302187719804E-4,100092.863011137,1.6924344457274866E-8,2.179546630508475E7,299.4448803024577,4.043161573279133E-6,0.33335691714089055,-0.13879063518048193,0.2791418144802934,"{""type"":""MultiPoint"",""coordinates"":[]}"
20170121,2017-01-21,294.401881554878,-0.01710426214823128,2.709189869847661E-4,100148.12272880842,1.4066731095786912E-5,1.544741533573747E7,300.17883968983784,0.0024095118352105544,-0.5613352744277533,-0.18780011694539342,0.2805006741646291,"{""type"":""MultiPoint"",""coordinates"":[]}"
20170122,2017-01-22,294.9118966951955,-0.0084396443422783,2.6872094748813755E-4,100236.74755272428,1.7082459050483583E-5,8710531.047962496,298.4363055377643,0.0027177665627331786,-0.8617077197058723,-0.3999081578932785,0.31163397281269356,"{""type"":""MultiPoint"",""coordinates"":[]}"
20170123,2017-01-23,291.9239746558723,-0.02040163703931827,2.456307921691617E-4,100158.46503826426,1.9085093435293668E-7,2.1181029637216013E7,299.66657770567036,3.627437762385076E-5,-0.3066491812148739,-0.13953772914110152,0.3084037261221871,"{""type"":""MultiPoint"",""coordinates"":[]}"
20170124,2017-01-24,290.19317284987693,-0.023546355744582668,2.3794464640698192E-4,100071.76645406273,0.0,2.268509132924631E7,299.803268008227,8.769069417615214E-7,-0.298815858981718,-0.19942448199089083,0.29848084791962787,"{""type"":""MultiPoint"",""coordinates"":[]}"
20170125,2017-01-25,291.40399061061544,-0.01190576813322433,2.3301605106990688E-4,100129.81061824775,1.1524809554643765E-6,8616545.109267943,298.7117144933959,2.3164266429564773E-4,-1.1733614651969684,-0.7956268310776151,0.29335634128622373,"{""type"":""MultiPoint"",""coordinates"":[]}"
20170126,2017-01-26,293.670671194301,-0.01706412877636269,2.3460938715135155E-4,100091.84727831479,8.541557318546092E-6,1.6132415419401366E7,300.115929614238,0.0014983960094161267,-0.6207950698855063,-0.7468351595303465,0.29518842290178327,"{""type"":""MultiPoint"",""coordinates"":[]}"
20170127,2017-01-27,295.60113719427073,-0.013954875177310514,0.006054508266382773,100032.37905140202,0.005508805120352412,1.4844412150739273E7,299.1821491520255,0.045585683422358594,-0.0539200691122722,-0.19707218815979724,0.37841726991616986,"{""type"":""MultiPoint"",""coordinates"":[]}"
20170128,2017-01-28,296.2372570734842,-0.005340718833163376,0.003477870308338329,100046.1354370924,0.002203859439878055,1.0342615897583848E7,297.74796007447327,0.022458618117870515,-0.44359657382976564,0.02125262726899421,0.45945630610626836,"{""type"":""MultiPoint"",""coordinates"":[]}"
20170129,2017-01-29,296.1437495598814,-0.012682905350131678,2.5438313132969436E-4,100052.07959207415,4.049678313959991E-5,1.8988823679769207E7,299.6616485298561,0.0037915044647769264,-0.04845728360054686,-0.06719416310429245,0.4541050194117697,"{""type"":""MultiPoint"",""coordinates"":[]}"
20170130,2017-01-30,296.0748825623505,-0.013323244416741662,2.2006301384646244E-4,100068.27373590389,1.0368284919482899E-5,2.079959078579157E7,299.2858994324945,0.001213555633909312,-0.18250570447417125,0.21986865475711123,0.4514330044175616,"{""type"":""MultiPoint"",""coordinates"":[]}"
20170131,2017-01-31,294.87862823932045,-0.015403401481408828,2.0641824945920304E-4,100050.42823597995,1.1903760109057807E-6,2.3348563937252074E7,299.18807850257764,1.5480369352485147E-4,0.013347344410535538,-0.03320209880275844,0.4299442051895423,"{""type"":""MultiPoint"",""coordinates"":[]}"
20170201,2017-02-01,294.6551285019316,-0.015384551523245932,2.0107803439732886E-4,100104.63195596814,4.949463948505345E-7,2.2782529596826546E7,299.05324163710884,6.441370195345734E-5,-0.07888256613631306,0.22589593348358106,0.41021985763511276,"{""type"":""MultiPoint"",""coordinates"":[]}"
20170202,2017-02-02,293.6843566346562,-0.016128628724615714,2.0111976893335913E-4,100224.95020341237,4.960633102324824E-6,2.193083397475658E7,298.462639472192,6.024172568212359E-4,-0.13433806418168862,0.0328669866155383,0.39702483882323986,"{""type"":""MultiPoint"",""coordinates"":[]}"
20170203,2017-02-03,291.27616315851526,-0.0205473993678859,1.915743096915987E-4,100118.20903138947,8.469964036690471E-8,2.417020287702849E7,298.86176681908336,1.3174848094749815E-5,-0.48566289367347915,-0.3488217158764082,0.38021681150832376,"{""type"":""MultiPoint"",""coordinates"":[]}"
20170204,2017-02-04,291.76081803802515,-0.02082078726985719,1.8683863146142583E-4,100057.29780877408,1.4675736126382134E-7,2.3901261365308337E7,298.77445421013675,2.1527594816332574E-5,-0.4416812217526461,0.30162621298179076,0.36418943935925746,"{""type"":""MultiPoint"",""coordinates"":[]}"
20170205,2017-02-05,292.3513900359272,-0.019664027131328164,1.8378051875775104E-4,100110.74686746362,1.7298324375517138E-6,2.3813015900468804E7,298.503045500636,2.7879491121387076E-4,0.10222647314476332,-0.11819253416069425,0.35089755227379765,"{""type"":""MultiPoint"",""coordinates"":[]}"
20170206,2017-02-06,294.1401772602832,-0.017675066732872367,1.8006598652806305E-4,100142.67267271975,2.3065578881644453E-6,2.136923277461234E7,298.97977597525187,3.559918580792897E-4,0.2856915324535891,0.5130187524942729,0.34382756895021055,"{""type"":""MultiPoint"",""coordinates"":[]}"
20170207,2017-02-07,295.1429261302615,-0.015157091187154003,1.8067937646581086E-4,100100.79976923589,6.78147117110568E-6,1.940765748647674E7,299.1542922296351,0.0010575218397878303,0.4382679965980697,0.2646537709227547,0.34097417035144684,"{""type"":""MultiPoint"",""coordinates"":[]}"
20170208,2017-02-08,294.5208324196677,-0.01765802595059105,1.7433217231263508E-4,100119.66533940329,4.2746154530315754E-6,2.1858115362423375E7,299.35278681147366,6.381346495050108E-4,0.2784270318544087,0.0806654952927727,0.337648989675939,"{""type"":""MultiPoint"",""coordinates"":[]}"
20170209,2017-02-09,292.2756194295698,-0.021979311745099286,1.6594804981921585E-4,100026.34146043696,9.90338803541347E-8,2.405866801081861E7,299.43336256049923,1.8541128942346344E-5,-0.10494034174815843,0.19850923379090335,0.32719912966336034,"{""type"":""MultiPoint"",""coordinates"":[]}"
20170210,2017-02-10,293.40899313555167,-0.02014158669492419,1.6297301659719894E-4,99980.63530285764,1.3551727512275705E-6,2.3701704667147502E7,299.27069335815537,2.3062680329048716E-4,0.1809545295257697,0.26808795947297176,0.3176144791245533,"{""type"":""MultiPoint"",""coordinates"":[]}"
20170211,2017-02-11,293.8008804424464,-0.020159343819765682,1.585254633078453E-4,100029.07988149778,1.033509450400731E-6,2.3495035182113238E7,299.62174990062806,1.7804032492733512E-4,0.1331083080289685,0.16932926222114186,0.31064676708263167,"{""type"":""MultiPoint"",""coordinates"":[]}"
20170212,2017-02-12,292.6797833828446,-0.02137454470308559,1.541633243557352E-4,100133.862600274,7.358879076630643E-7,2.3912364201226115E7,299.51290446901737,1.2421833526380565E-4,0.1421772976279302,0.0760474545348936,0.3036810913572003,"{""type"":""MultiPoint"",""coordinates"":[]}"
20170213,2017-02-13,290.6655816941297,-0.024394997674669558,1.493359123633048E-4,100198.7220874396,3.2056573062350585E-8,2.4822233510998916E7,299.501732160988,5.525852826057674E-6,-0.3010307887036407,-0.06726802121935194,0.29645254852995595,"{""type"":""MultiPoint"",""coordinates"":[]}"
20170214,2017-02-14,293.30483679479664,-0.01906042106199729,1.4552271703585282E-4,100287.2347497657,7.164970529324476E-8,1.8381234193292465E7,300.3413028535913,1.3338016425457377E-5,-0.5918413418562227,-0.33452584603354685,0.29043596400451116,"{""type"":""MultiPoint"",""coordinates"":[]}"
20170215,2017-02-15,292.2432071031437,-0.02523622565237443,1.4161021645817996E-4,100242.0896088538,2.7110118363851935E-9,2.306797551460512E7,301.05632886922143,6.247874721481703E-7,-0.4472964155027708,-0.4116971790539786,0.2849644915331641,"{""type"":""MultiPoint"",""coordinates"":[]}"
20170216,2017-02-16,288.51373048143364,-0.028747477460876945,1.3765088980093875E-4,100050.72814931138,1.4901161193847656E-8,2.539103265344393E7,300.12075130216414,2.6021569974265434E-6,-0.878459148502132,-0.44332205794983587,0.2797046165681828,"{""type"":""MultiPoint"",""coordinates"":[]}"
20170217,2017-02-17,286.3757531596773,-0.028722493279573515,1.337366642781728E-4,100047.05910732868,1.4901161193847656E-8,2.6200886286332496E7,299.19636451156265,2.5749205860847724E-6,-0.5777892901757287,-0.13390426554635745,0.2752587649380592,"{""type"":""MultiPoint"",""coordinates"":[]}"
20170218,2017-02-18,288.69837859514064,-0.026007185533261236,1.2999449531136972E-4,100182.99702453068,0.0,2.5889218253516052E7,299.03920042017563,8.52346317969932E-7,-0.09665874931041063,-0.11732002913285539,0.27182132846132073,"{""type"":""MultiPoint"",""coordinates"":[]}"
20170219,2017-02-19,290.429049610762,-0.02566697127953188,1.2640134333016594E-4,100137.20587056222,1.4901161193847656E-8,2.5359993022719074E7,299.66022460732063,1.7919594104598966E-6,0.14207529888400694,-0.15052610796967267,0.26904877322068915,"{""type"":""MultiPoint"",""coordinates"":[]}"
20170220,2017-02-20,294.0623768174687,-0.019817686775746954,1.237827611451024E-4,100019.59188303885,6.562126400751883E-7,2.2242300527948074E7,299.8913975300762,1.297174992219146E-4,0.9302469808216465,-0.37534662746927433,0.26740341998161155,"{""type"":""MultiPoint"",""coordinates"":[]}"
20170221,2017-02-21,295.2972715366115,-0.019105443565038585,1.2301956698045893E-4,99932.25873171777,2.849963955444159E-6,2.1369683472773172E7,300.39934623182677,5.67195315053007E-4,0.7969850372101686,-0.3986255495805326,0.26909289604798725,"{""type"":""MultiPoint"",""coordinates"":[]}"
20170222,2017-02-22,295.8025158461305,-0.019285370039243452,1.1939527463534664E-4,99941.23952029522,2.1130281839394796E-6,2.1617718912729893E7,300.9868012772312,4.17319830040875E-4,0.6674349496306989,-0.366223008432903,0.27051408606977595,"{""type"":""MultiPoint"",""coordinates"":[]}"
20170223,2017-02-23,295.0942733052516,-0.022549558905135672,1.1611755653877276E-4,100005.14307638435,1.8101122419712913E-6,2.369837784601515E7,301.01599602275695,3.5637773692858413E-4,0.37728435274700317,0.2681491475994305,0.2692704603697535,"{""type"":""MultiPoint"",""coordinates"":[]}"
20170224,2017-02-24,295.0689059662294,-0.021189944838095436,1.1730971123137892E-4,100089.02484687726,5.79776883856123E-6,2.252567150919582E7,300.4745928042926,0.001112876788421181,0.4265321416771174,0.2602724707718437,0.27394690091169466,"{""type"":""MultiPoint"",""coordinates"":[]}"
20170225,2017-02-25,293.79634464198335,-0.024463128148058542,1.0901024807587115E-4,100033.53143447747,3.431794383746814E-7,2.4660583578074295E7,300.6901400412831,6.922710516926266E-5,0.3709025363650427,0.07098932010592399,0.2729901788268816,"{""type"":""MultiPoint"",""coordinates"":[]}"
20170226,2017-02-26,294.22804929144274,-0.022139453976336175,1.0661310101518381E-4,99900.72091953242,7.324326438160955E-7,2.2228346962495502E7,300.59576550004635,1.514547676767237E-4,0.4309491557504055,-0.17524013999047544,0.2706293307154321,"{""type"":""MultiPoint"",""coordinates"":[]}"
20170227,2017-02-27,293.65836844597317,-0.0239004187320829,1.0407162011422019E-4,99860.3762017154,9.162870719034752E-7,2.2755965803461954E7,301.19465938728155,1.819086459533472E-4,0.4062956234399681,0.0838145064482223,0.26844906167838417,"{""type"":""MultiPoint"",""coordinates"":[]}"
20170228,2017-02-28,293.01990072468413,-0.024322106062645864,1.0074127507132394E-4,99869.60581733787,2.4442901862385555E-7,2.1369544651280206E7,301.4972341674813,5.003049116913476E-5,0.13229266828263464,1.3812509117857208E-4,0.2671883037735428,"{""type"":""MultiPoint"",""coordinates"":[]}"
20170301,2017-03-01,292.9815087685836,-0.02436437530344332,9.803981491687965E-5,99878.5490377825,1.5606722847202216E-7,2.3853021243779305E7,300.871321934607,3.250213173082716E-5,0.032381955814097904,0.30308564324865617,0.2650956393348611,"{""type"":""MultiPoint"",""coordinates"":[]}"
20170302,2017-03-02,292.28466043267093,-0.024805761758188372,9.589978140096052E-5,99713.95555901073,4.7228298073764156E-7,1.9344921510277677E7,301.31130909819433,1.0282918725692039E-4,0.09458873452210542,0.24727468267629496,0.2638218666816763,"{""type"":""MultiPoint"",""coordinates"":[]}"
20170303,2017-03-03,294.45964750662955,-0.019917349843257954,1.1821167481061662E-4,99650.79486388464,2.497507966557781E-5,1.8192690161069337E7,301.08649942430395,0.004075600599013338,0.26291432147387755,0.033595253905649304,0.27415336790473466,"{""type"":""MultiPoint"",""coordinates"":[]}"
20170304,2017-03-04,296.02000940114,-0.012904752855949185,0.0027826810373195537,99757.93996588196,0.00265559541740617,1.5978384290994886E7,298.94268942859435,0.03690783255234808,0.09880065665764944,0.4274062409482906,0.38328815283203854,"{""type"":""MultiPoint"",""coordinates"":[]}"
20170305,2017-03-05,296.40807636392594,-0.012743409282403265,1.8815291334135716E-4,99747.14152402677,9.589115130183417E-5,1.6695282160970964E7,299.61697507102355,0.007542443639146177,-0.08858403828241802,0.2747026540465274,0.43381832373630896,"{""type"":""MultiPoint"",""coordinates"":[]}"
20170306,2017-03-06,296.7407812358582,-0.006891640877835466,1.9894128418811345E-4,99745.45436111049,1.0914476423800054E-4,1.1165197293268424E7,298.5949790407538,0.006857370010275852,-0.5809366416724805,0.3389208282124955,0.4603317347637863,"{""type"":""MultiPoint"",""coordinates"":[]}"
20170307,2017-03-07,296.8569723664175,-0.01149743974606483,4.501768421103626E-4,99725.1373130339,3.6082508125074756E-4,1.7031366500632275E7,299.3897338126167,0.010530138290878503,-0.200005167335082,0.39449759815902524,0.4659339170184242,"{""type"":""MultiPoint"",""coordinates"":[]}"
20170308,2017-03-08,296.8305806144956,-0.010428867145991267,5.389694171479752E-4,99725.31137957679,4.384280825581227E-4,1.6102605753920084E7,299.0656428162275,0.008817452581359558,-0.2862914599310767,-0.04652780362484705,0.4677966588218993,"{""type"":""MultiPoint"",""coordinates"":[]}"
20170309,2017-03-09,296.9329972620809,-0.008127286620478404,9.173537381839719E-4,99742.4644035984,7.196128948733046E-4,1.5451875721863938E7,298.73969854393147,0.015025856292424032,-0.2412661355137038,0.2588172795208246,0.4701118528850093,"{""type"":""MultiPoint"",""coordinates"":[]}"
20170310,2017-03-10,296.7009840326852,-0.0067072602367083,6.53039641192017E-4,99841.01623037721,4.598425907474796E-4,1.5833763231221551E7,298.5085740287166,0.008875014821014035,-0.28902656870946425,-0.01325112154942633,0.47740078224615917,"{""type"":""MultiPoint"",""coordinates"":[]}"
20170311,2017-03-11,294.9907976123688,-0.0187247140669582,8.437642004788246E-5,99958.73401966224,1.3267299650036129E-7,2.2531193882481877E7,299.5488562422857,1.366741299846863E-5,0.4524320013492436,-0.522679017905304,0.45190827160704694,"{""type"":""MultiPoint"",""coordinates"":[]}"
20170312,2017-03-12,294.7693603963631,-0.01812600478357973,8.282566216720214E-5,99960.84158287411,4.7551523766447144E-8,2.1470719078823138E7,299.6105925058685,4.811014701772201E-6,0.7109214558253455,-0.7476961788957488,0.4308482222953144,"{""type"":""MultiPoint"",""coordinates"":[]}"
20170313,2017-03-13,295.45476828826315,-0.01739636175347888,8.983260676871988E-5,99967.5717923109,8.470259588030415E-6,2.0675438067779467E7,300.1195024725823,9.58540706246758E-4,0.4923531135869064,-0.5999270772142957,0.4170589703810818,"{""type"":""MultiPoint"",""coordinates"":[]}"
20170314,2017-03-14,296.4213800853313,-0.013654807552270755,2.3030428692102003E-4,99935.38956080633,1.5020406755608345E-4,1.958456864076463E7,300.0463508675197,0.008566023917097964,-0.0012998603000450612,-0.38219975456479,0.43204900143395564,"{""type"":""MultiPoint"",""coordinates"":[]}"
20170315,2017-03-15,297.0245115459216,-0.008451779324291331,0.0046239560862933946,100012.04652071878,0.003306085844999437,1.6765427601015853E7,299.10955380654013,0.025086292827277683,0.26980010545200744,0.4451437192920997,0.47224154886767816,"{""type"":""MultiPoint"",""coordinates"":[]}"
20170316,2017-03-16,296.50579804361894,-0.007214970145142126,0.0031003160190590873,100032.4191007361,0.002204100521106046,1.2750682467438042E7,298.1794548156185,0.016287602679554588,-0.21092698206937663,-0.09003309186712341,0.4670120378657737,"{""type"":""MultiPoint"",""coordinates"":[]}"
20170317,2017-03-17,296.569868409443,-0.013915450874752319,1.288617195697885E-4,99998.7650932847,5.091180547324923E-5,1.982918045626792E7,299.4826520481195,0.0035734279998106263,-0.03076449161625379,-0.43809069125809075,0.4612311012313006,"{""type"":""MultiPoint"",""coordinates"":[]}"
20170318,2017-03-18,296.9143131190531,-0.015205934309235045,1.0536450945080037E-4,100075.6355453255,2.8222608536191688E-5,2.057970508023521E7,300.0825687437796,0.0027578520754839354,0.21165948155436728,-0.2491871956836606,0.45928855709823835,"{""type"":""MultiPoint"",""coordinates"":[]}"
20170319,2017-03-19,297.02152974073346,-0.014648853047870789,8.489650442761033E-5,100082.15477864115,8.616724084784658E-6,2.0595206500864103E7,300.3576915450703,8.886069448532946E-4,0.48148720217719787,-0.36189547032458175,0.4485009155933753,"{""type"":""MultiPoint"",""coordinates"":[]}"
20170320,2017-03-20,296.98604143117257,-0.011842505668491139,9.933369300703348E-5,100055.45660988073,2.3895667061838405E-5,1.792750316411651E7,299.7902600948363,0.002379937055604542,0.19659586545437735,-0.21108308258588562,0.4421226202488692,"{""type"":""MultiPoint"",""coordinates"":[]}"
20170321,2017-03-21,296.97860315577145,-0.01257081554710242,9.965958403543663E-5,100051.73191845055,2.4997023009153385E-5,1.7457173566009104E7,300.24990594723806,0.001625806465605657,0.04587707285669534,-0.8610739346550181,0.4366887425384725,"{""type"":""MultiPoint"",""coordinates"":[]}"
20170322,2017-03-22,296.7779673807808,-0.015768878251916012,8.402695745670361E-5,99969.98957805078,1.0315300624722226E-5,2.2034487051568706E7,300.6582424259197,0.0011346354988229143,0.015661878158215348,-0.1261719401344999,0.42341308557065815,"{""type"":""MultiPoint"",""coordinates"":[]}"
20170323,2017-03-23,296.9095140618335,-0.016173329626153275,9.647986807635747E-5,99974.08181337529,2.3699196621781E-5,2.323853600216372E7,300.67610766432267,0.002249469019383934,0.7348814695009548,0.06453828075668935,0.41616806007804374,"{""type"":""MultiPoint"",""coordinates"":[]}"
20170324,2017-03-24,296.49091999954095,-0.017587300682869626,8.307444116418388E-5,99951.06116211289,1.1285899285585751E-5,2.461654204075009E7,301.0484606920205,0.0011926054357029288,0.40218043060797976,0.3570517760398425,0.41059556977796735,"{""type"":""MultiPoint"",""coordinates"":[]}"
20170325,2017-03-25,296.3030793467083,-0.018203992195080818,7.975028389161388E-5,99983.76375181717,9.018821682776953E-6,2.4960623175261457E7,301.09227376145265,0.0010094847421240778,0.4067284466197449,0.01606511813199411,0.3972401762828329,"{""type"":""MultiPoint"",""coordinates"":[]}"
20170326,2017-03-26,296.43635911731747,-0.01882052039502547,8.440046986646272E-5,99958.48850663767,1.4755524240845257E-5,2.4873224526144974E7,301.44098202966427,0.0015192699841916916,0.7671620038455891,-0.5009541893853693,0.3870738111216944,"{""type"":""MultiPoint"",""coordinates"":[]}"
20170327,2017-03-27,296.38306037461706,-0.019650783873436214,7.650167491519405E-5,100043.37726455911,7.853083906300957E-6,2.4515378099891815E7,301.13500434507733,8.550306124286048E-4,0.387612056353872,0.09784354066201047,0.38361708403407474,"{""type"":""MultiPoint"",""coordinates"":[]}"
20170328,2017-03-28,296.0890168881156,-0.017970029808771642,7.203563354611184E-5,100047.86178629588,4.433896130617888E-6,2.293741936639019E7,300.76560188460377,5.614447696914802E-4,0.2350994123405441,-0.02752035528811888,0.3711825813406261,"{""type"":""MultiPoint"",""coordinates"":[]}"
20170329,2017-03-29,296.18142515467474,-0.01809144385220813,7.255783246133544E-5,100018.95545030812,5.995186386321626E-6,2.2530480195816807E7,301.12686267852325,7.88699948631685E-4,0.47063335625508296,-0.2480382478384749,0.3614155433114611,"{""type"":""MultiPoint"",""coordinates"":[]}"
20170330,2017-03-30,296.6016997261565,-0.01835146131248539,8.179207614213605E-5,99986.73706210231,1.622186997200753E-5,2.1807409186440688E7,301.42879794758534,0.0018992350177132091,0.8560243728628294,-0.5436938310532147,0.3587255421732608,"{""type"":""MultiPoint"",""coordinates"":[]}"
20170331,2017-03-31,296.13974152294566,-0.020731434404710293,8.261727160423877E-5,100051.794085945,1.8079071602922807E-5,2.3442706512441404E7,301.86999362437035,0.0023431383194009916,0.25696800436906514,0.13481928365335744,0.35908179197736706,"{""type"":""MultiPoint"",""coordinates"":[]}"
20170401,2017-04-01,296.80774363217296,-0.018467465260432508,7.879565306359838E-5,99980.91457290917,1.5208018715958539E-5,2.2394361841327082E7,301.52479982221337,0.001902768946579549,0.9269851736329414,-0.5163748180340341,0.3617016278374781,"{""type"":""MultiPoint"",""coordinates"":[]}"
20170402,2017-04-02,297.15245258465654,-0.016549950425929213,9.089161155243624E-5,99929.34903281694,2.8195879947739393E-5,2.162032874648395E7,301.3206255147342,0.003579775110908522,1.1751051715309053,-0.48835036668343,0.36835491738936726,"{""type"":""MultiPoint"",""coordinates"":[]}"
20170403,2017-04-03,297.3887140556287,-0.015391810970791314,7.605814236275695E-5,99939.93709817606,1.3807817374675493E-5,2.0232003056978006E7,301.2252470354204,0.0017466160054752694,1.1315723352240805,-0.4616882240762218,0.37256623529616933,"{""type"":""MultiPoint"",""coordinates"":[]}"
20170404,2017-04-04,297.0115064753264,-0.014202122190638738,1.8063533125566825E-4,100016.32476138257,1.1954178615163215E-4,2.0780391298232958E7,300.6086562952611,0.0071426266170290095,0.4277436808620397,-0.06701861563919971,0.39583704141717013,"{""type"":""MultiPoint"",""coordinates"":[]}"
20170405,2017-04-05,297.57380112387665,-0.013596717609455989,2.306067837174516E-4,99941.43650841169,1.184871420935952E-4,2.0496243363865852E7,300.66503716890793,0.008313530957742999,0.31345327101958637,-0.4215671093163834,0.4323624122427954,"{""type"":""MultiPoint"",""coordinates"":[]}"
20170406,2017-04-06,297.4793504164016,-0.013893573378671864,3.72342563818991E-4,99849.93955454943,2.1941793274458165E-4,1.9197923087630726E7,300.7149512046432,0.00894664284189175,0.28593470434369295,-0.3129950239188626,0.44586775695235853,"{""type"":""MultiPoint"",""coordinates"":[]}"
20170407,2017-04-07,297.3148457781314,-0.013270095192242563,8.758160447197362E-5,99818.92155258999,2.821628373751691E-5,1.796756279805265E7,300.89592772588264,0.0021313795313059585,0.37651423030009074,-0.49663625130044087,0.4425744069197213,"{""type"":""MultiPoint"",""coordinates"":[]}"
20170408,2017-04-08,297.4947925553412,-0.015348486419601902,0.0012689532004793846,99797.60059879164,6.910210218061579E-4,2.0272688001803108E7,301.1122007508707,0.011059814313661544,0.14403230763639535,-0.3431266758473164,0.43425951910815647,"{""type"":""MultiPoint"",""coordinates"":[]}"
20170409,2017-04-09,297.04287672403973,-0.015314009403316198,3.082132913384505E-4,99839.38050104382,1.1674290421505164E-4,2.0123312277316984E7,300.7942801316293,0.005070747174465407,0.027232489372076424,-0.07811999674929007,0.43929608468038417,"{""type"":""MultiPoint"",""coordinates"":[]}"
20170410,2017-04-10,297.32185082103734,-0.013948676956557557,1.6992754651199302E-4,99795.81017428104,9.401953616943594E-5,2.109382383844212E7,300.60604266521966,0.004655213808757245,0.2829690097057271,0.013126311357784528,0.44230956093510376,"{""type"":""MultiPoint"",""coordinates"":[]}"
20170411,2017-04-11,297.86321681628283,-0.010821127717971286,3.4279253480239255E-4,99775.66363044831,2.778629952718581E-4,1.8721156540209167E7,300.1831810120451,0.011684108416697973,0.28775613264103816,-0.38825729369314715,0.4615163477528395,"{""type"":""MultiPoint"",""coordinates"":[]}"
20170412,2017-04-12,298.13263390118414,-0.013217460442021402,1.785340687018889E-4,99790.29441240498,8.309226290998244E-5,1.9998228596826546E7,301.0941522643893,0.004580537096789949,0.7589535548690134,-0.4893724114465835,0.46055420363002386,"{""type"":""MultiPoint"",""coordinates"":[]}"
20170413,2017-04-13,298.026498893603,-0.009719231063510123,6.07226023788363E-4,99837.89902972954,2.677000594233676E-4,1.6294715651280206E7,300.3517840949801,0.009882427061528852,0.30157096570236547,-0.4324223544107834,0.46533650316746716,"{""type"":""MultiPoint"",""coordinates"":[]}"
20170414,2017-04-14,297.66734524394536,-0.011615071653932859,1.1070229293119595E-4,99813.50837661483,4.4349364713344864E-5,1.811017149404977E7,300.3441796411129,0.003876963259295435,0.6910909044440227,-0.4791375346475532,0.47084933901251574,"{""type"":""MultiPoint"",""coordinates"":[]}"
20170415,2017-04-15,297.8219468313594,-0.013649429370952437,1.1714083588256592E-4,99674.73708288016,4.9537235150215127E-5,2.139672879192211E7,300.85305516985505,0.004578989516778234,0.5193128426468477,-0.46104771918381543,0.4618775308927474,"{""type"":""MultiPoint"",""coordinates"":[]}"
20170416,2017-04-16,297.9814631084595,-0.011125984322581963,1.392255443508686E-4,99821.04306794405,7.074341054346174E-5,2.0117429611611977E7,300.4452707859483,0.0062838209301953355,0.4371017740815717,-0.1545527148295486,0.47447809729958446,"{""type"":""MultiPoint"",""coordinates"":[]}"
20170417,2017-04-17,296.8340036552933,-0.015249683659052188,7.392920679965263E-5,99868.84613188983,4.935922323475235E-6,2.059046942264695E7,300.9083573884411,5.1809729384013E-4,0.8318276690210142,-0.6575306411086976,0.4544178276827794,"{""type"":""MultiPoint"",""coordinates"":[]}"
20170418,2017-04-18,296.76213290327695,-0.016729614484129598,7.072048650680361E-5,99836.53060201046,1.6761576273877233E-6,2.1282822811395604E7,301.09240639910485,2.1104358654714783E-4,0.6073599119630053,-0.04969089491778031,0.43095271067774654,"{""type"":""MultiPoint"",""coordinates"":[]}"
20170419,2017-04-19,297.7873444323902,-0.011128032352309171,9.967879755936332E-5,99846.40757192214,3.0682294260410894E-5,1.739634287666787E7,300.6957992185035,0.003625764024636823,0.41442405846503244,0.4563418591677361,0.4314477292086187,"{""type"":""MultiPoint"",""coordinates"":[]}"
20170420,2017-04-20,297.76702924696986,-0.009342689988708137,1.8949413069567866E-4,99896.21818987645,1.2046215989251798E-4,1.6632964116840966E7,299.9319298209186,0.007739429457428578,0.050096633357201534,0.6100015920262338,0.45965289221258177,"{""type"":""MultiPoint"",""coordinates"":[]}"
20170421,2017-04-21,297.46925791417027,-0.008998678761389642,7.930669921466776E-4,99950.00491245333,7.240054433714642E-4,1.6540753820411108E7,299.5473506800013,0.00994489640981695,-0.011331150803747681,0.06424271968683813,0.4644376710281163,"{""type"":""MultiPoint"",""coordinates"":[]}"
20170422,2017-04-22,297.3833996137327,-0.011383940875154087,1.8215045907890332E-4,99905.40493007349,8.788987526685549E-5,1.8941236428777497E7,300.0654519614527,0.005564709628935202,0.0793504473079439,-0.4412638962533931,0.46387243081721163,"{""type"":""MultiPoint"",""coordinates"":[]}"
20170423,2017-04-23,297.11682156832086,-0.016918029691224662,8.892094373187133E-5,99875.17463171422,1.9421030522424566E-5,2.299598197944465E7,301.6311058762527,0.001836679675945525,0.7759848923791501,-0.592483348321393,0.4535829339094469,"{""type"":""MultiPoint"",""coordinates"":[]}"
20170424,2017-04-24,297.7731079821949,-0.011593472979643095,1.0332421645162084E-4,99918.91127379719,3.312132094596811E-5,1.794310066534439E7,300.9075136997477,0.003128645804160995,0.5671889858472835,-0.6366922089881315,0.4544058685220193,"{""type"":""MultiPoint"",""coordinates"":[]}"
20170425,2017-04-25,297.85862608789347,-0.011453283927176691,1.3818715427311328E-4,99906.32738996622,6.815851852432125E-5,1.8245641835196543E7,300.81774308610125,0.004299952087008749,0.6127541181287137,-0.6225830985600164,0.4557170811747256,"{""type"":""MultiPoint"",""coordinates"":[]}"
20170426,2017-04-26,297.9603530302803,-0.012216265356652455,1.0665683186617388E-4,99904.80037807608,3.6441343186609257E-5,1.870283698882078E7,301.1326577502642,0.0035249781627107756,0.7039564597891821,-0.600888539541368,0.4547825430516856,"{""type"":""MultiPoint"",""coordinates"":[]}"
20170427,2017-04-27,297.57910080657643,-0.014750104324990904,9.084460142498798E-5,99928.72034191775,2.0636055515081583E-5,2.1228788455102775E7,301.3260604827676,0.0022261953744402217,0.6020133457213644,-0.5887513372929344,0.4447615708650228,"{""type"":""MultiPoint"",""coordinates"":[]}"
20170428,2017-04-28,297.9226163443872,-0.0144279553943535,9.772258622956717E-5,99892.76998566443,2.7585074740800884E-5,2.0889113094482508E7,301.38938635211537,0.0026289209663339147,0.9481623837947559,-0.6356791146945918,0.44042391214738713,"{""type"":""MultiPoint"",""coordinates"":[]}"
20170429,2017-04-29,297.9371786070552,-0.01347195364204375,1.7985844769032478E-4,99896.2118897042,1.09777722361283E-4,2.0356803199783627E7,301.162710239343,0.003329784175118427,0.5099282900377714,-0.8933952964689171,0.44029132768732093,"{""type"":""MultiPoint"",""coordinates"":[]}"
20170430,2017-04-30,297.7933388648233,-0.017993141499035976,1.0300285004554914E-4,99806.4368934489,3.3030495332373304E-5,2.432223297259286E7,302.1837121665671,0.0031385593495126506,0.48942675053435664,-0.2381100849916706,0.43241640036603934,"{""type"":""MultiPoint"",""coordinates"":[]}"
20170501,2017-05-01,297.4991413884072,-0.014683994822260538,1.8919180585639045E-4,99937.68595445107,1.1046219776994785E-4,2.2555223337179955E7,300.5788459456845,0.005859594896062471,0.08144772742026442,0.3269746431666421,0.4469713647142887,"{""type"":""MultiPoint"",""coordinates"":[]}"
20170502,2017-05-02,296.82356363065634,-0.015416921928842017,1.8553223274178E-4,99991.2871338507,7.871695580226268E-5,2.235085695384061E7,300.35478488538325,0.004468191668086794,0.08942837926656214,-0.15585779189375648,0.44855926466440965,"{""type"":""MultiPoint"",""coordinates"":[]}"
20170503,2017-05-03,297.06953288207967,-0.014373677200008032,2.5043697820172344E-4,99977.3449638065,1.3225103516549446E-4,2.098240413631446E7,300.3415355395778,0.006219865414791015,-0.026112170929604404,-0.1552185198910779,0.45173610203941633,"{""type"":""MultiPoint"",""coordinates"":[]}"
20170504,2017-05-04,297.62370443636433,-0.014889486491400714,1.389420971817116E-4,99935.96793672619,6.201836689258801E-5,2.1476472314460874E7,301.2190686469039,0.002348198451223087,0.2533745883190084,-0.352934606660801,0.4482666551672735,"{""type"":""MultiPoint"",""coordinates"":[]}"
20170505,2017-05-05,297.6723123578616,-0.012622096107952266,1.4667690412859777E-4,99963.82185546642,5.6852790430655706E-5,1.922172709015507E7,300.7318162034232,0.004685470570393344,0.001032800281229805,0.07345320489461327,0.4477655584099403,"{""type"":""MultiPoint"",""coordinates"":[]}"
20170506,2017-05-06,297.4276891569204,-0.012295315737355459,2.3888354046956072E-4,100062.19997109874,1.4079727562936342E-4,1.9290986210241616E7,300.4539569779534,0.007164846002195154,-0.07268441080230262,0.09830514996910715,0.45661953060454186,"{""type"":""MultiPoint"",""coordinates"":[]}"
20170507,2017-05-07,297.6124245675371,-0.008891336512380759,0.003709405821839095,100057.60438013934,0.0033406898341710248,1.6251400155787956E7,299.5220721573021,0.020902017109278352,-0.20732470541164305,0.2188460251677135,0.4640202783079499,"{""type"":""MultiPoint"",""coordinates"":[]}"
20170508,2017-05-08,297.65547900997205,-0.009254912613715416,1.885308133450992E-4,99928.25894448611,7.839298854439946E-5,1.5303135135232601E7,300.0613289668105,0.004189483662869068,0.37644211835250196,0.5700747250134963,0.460230899324267,"{""type"":""MultiPoint"",""coordinates"":[]}"
20170509,2017-05-09,297.6859420359543,-0.011971770841164837,1.3595886912708716E-4,99862.12178593666,3.649724269231391E-5,1.9304369275513887E7,300.4140540965691,0.0032545411369005943,0.2070072007761049,-0.18827297190574369,0.47026889045331066,"{""type"":""MultiPoint"",""coordinates"":[]}"
20170510,2017-05-10,297.6602155635213,-0.012121622747208642,4.6761166284198686E-4,99817.74705129542,3.5523427358139653E-4,1.9513953416877035E7,300.3298988858156,0.010477321055970944,0.059059094087279954,-0.26401578415642424,0.4720709458296224,"{""type"":""MultiPoint"",""coordinates"":[]}"
20170511,2017-05-11,297.72032222869325,-0.010431617677072045,2.147424690696766E-4,99834.01339724247,7.762848858019957E-5,1.7775448191849988E7,300.17452151008143,0.004901856786384775,0.0733330180143734,-0.43728003828324075,0.4804537608397382,"{""type"":""MultiPoint"",""coordinates"":[]}"
20170512,2017-05-12,297.962093832688,-0.011541379730526482,7.424237111867484E-4,99777.38567791684,5.965691034302918E-4,1.952795999134511E7,300.37933380447026,0.009880641479661376,0.02912437378435929,-0.24131091121928536,0.4785535835076273,"{""type"":""MultiPoint"",""coordinates"":[]}"
20170513,2017-05-13,297.7122076976642,-0.01220487881004488,7.159315342512794E-4,99770.21406181915,4.8776955659149613E-4,2.0140564608005777E7,300.38478306191297,0.007722755081118904,-0.01850450902994557,-0.02492775530436246,0.4712789390849185,"{""type"":""MultiPoint"",""coordinates"":[]}"
20170514,2017-05-14,297.5250939441309,-0.01168307412806677,0.0012433889445912913,99792.69636524822,0.0010557448873655744,1.994978765741075E7,299.87278503631654,0.012543914179336795,0.07146555495557341,0.10563009373341233,0.48051628514484857,"{""type"":""MultiPoint"",""coordinates"":[]}"
20170515,2017-05-15,297.5048266976108,-0.010704131475208125,5.092925563040856E-4,99723.09440767417,3.94730550951361E-5,1.8292327567255683E7,299.97621028729105,0.003283074666372155,0.2488235655219556,-0.11652805798328014,0.45028271338647063,"{""type"":""MultiPoint"",""coordinates"":[]}"
20170516,2017-05-16,298.05142294820337,-0.010322892950398375,3.2634326762943287E-4,99654.39546296978,1.6618544202911872E-4,1.8826286437071767E7,300.26811368277134,0.009440975075456852,0.23595223172895463,0.09880252197709051,0.4782429284839651,"{""type"":""MultiPoint"",""coordinates"":[]}"
20170517,2017-05-17,298.1485135839283,-0.011341637155606007,2.055833518526592E-4,99683.929245705,4.505676953232852E-5,1.745283221925712E7,300.8333127894988,0.003547826657603031,0.7968747060679232,-0.3058437780056282,0.4822554317198776,"{""type"":""MultiPoint"",""coordinates"":[]}"
20170518,2017-05-18,297.8127844760389,-0.009826938299616022,0.008524500010914636,99871.79491389256,0.005057740280807041,1.6723502403173467E7,299.6563297837582,0.03264015865745912,0.14076813666748017,-0.11975786892005581,0.47988904509812064,"{""type"":""MultiPoint"",""coordinates"":[]}"
20170519,2017-05-19,297.5021907670207,-0.010529807457425643,3.5181585423919734E-4,99869.63663458181,3.88343847705017E-5,1.69487333184277E7,299.9041577862037,0.0029752643985084676,0.29348401912116484,-0.3734911652708416,0.47918134148927083,"{""type"":""MultiPoint"",""coordinates"":[]}"
20170520,2017-05-20,297.400188216998,-0.010359618968635617,0.0012272489933902247,99779.52258220078,9.663176722488721E-4,1.5850184532275515E7,299.6578052574403,0.01187953857246576,0.5590020853935176,-0.16450907148296326,0.4802288521309143,"{""type"":""MultiPoint"",""coordinates"":[]}"
20170521,2017-05-21,297.93927223594426,-0.005535109280959562,0.007371314447621685,99659.16575560746,0.004609866844932827,1.096981447024883E7,299.0452118908103,0.02328648315282493,0.36712767106579086,-0.38903968962414764,0.4782128554723744,"{""type"":""MultiPoint"",""coordinates"":[]}"
20170522,2017-05-22,297.64879409188416,-0.004507157862927997,0.004413546010276879,99739.97641570456,0.002395099953886322,9945181.112152904,298.8087252754334,0.0170995770858549,0.24740056032056296,-0.586563003723804,0.4682240579575068,"{""type"":""MultiPoint"",""coordinates"":[]}"
20170523,2017-05-23,298.29279278304557,-0.006731267006892485,0.0025356710951250044,99693.88489733591,0.0016701012726213548,1.442770940137036E7,299.73581637733184,0.01419298959109399,0.2630384543549916,-0.16724527484021637,0.4762317897293598,"{""type"":""MultiPoint"",""coordinates"":[]}"
20170524,2017-05-24,297.74842487921694,-0.006147810305998381,0.004707704354957515,99701.9534366102,0.0024649455063273417,1.2176010182473857E7,299.0710934642303,0.01746672471251354,-0.16061693533837676,-0.11852521452999473,0.46760849104949037,"{""type"":""MultiPoint"",""coordinates"":[]}"
20170525,2017-05-25,298.0145923299477,-0.004300717269787495,0.005785418887281091,99685.26980212607,0.002111179593599879,1.1485223396321675E7,298.974088233657,0.023927426981990286,-0.04843005819924822,0.06712999663712356,0.4667891945915163,"{""type"":""MultiPoint"",""coordinates"":[]}"
20170526,2017-05-26,297.70639237647936,-0.0033445258688999785,0.003985275245404958,99699.24966033376,0.001101146283194428,9270640.008654885,298.7661690859286,0.013610685488032473,-0.2845312038971436,-0.037152469279975585,0.46637203538915073,"{""type"":""MultiPoint"",""coordinates"":[]}"
20170527,2017-05-27,296.85618122415855,-0.014601969369376477,8.907702761869159E-4,99656.43835077978,1.459895994875606E-5,1.959740213631446E7,300.52929712101337,9.593609676086082E-4,0.7771511729025246,-0.5258605081970009,0.45362034765684445,"{""type"":""MultiPoint"",""coordinates"":[]}"
20170528,2017-05-28,297.34797877350576,-0.008785875346894475,0.002613359782139489,99731.30031368799,0.0018663056896044985,1.6440474263974039E7,299.2009673982389,0.014614729528242776,0.6819976731438034,-0.17319318752103108,0.4697746342657736,"{""type"":""MultiPoint"",""coordinates"":[]}"
20170529,2017-05-29,297.80552507687804,-0.004468884149796688,0.008351432269031376,99737.24841817771,0.003547957358466044,1.1062789702127662E7,298.56525265807966,0.031138107429394473,1.0613854038327026,-0.13311194728695872,0.4805182932603674,"{""type"":""MultiPoint"",""coordinates"":[]}"
20170530,2017-05-30,297.2317984278694,-0.004090400700841277,0.011547445321272228,99739.57329612794,0.0038538452411145028,1.0368622564010097E7,297.97403478937696,0.03557318727156518,1.4570473357882834,0.09969532931133282,0.4803810768480527,"{""type"":""MultiPoint"",""coordinates"":[]}"
20170531,2017-05-31,297.3217101007116,-0.0030094959591426365,0.010271937826502594,99720.7653358699,0.001704013212209482,6853339.451857193,298.0157642334696,0.02459880067495676,0.5285267085320591,0.0630830647008524,0.4834703876932362,"{""type"":""MultiPoint"",""coordinates"":[]}"
20170601,2017-06-01,297.4101893116267,-0.0032403698554440523,0.031677689434194065,99676.1218796134,0.010615444397221308,8192838.124774614,297.85847941303587,0.06873186479077001,1.22147161156129,0.6932964338277852,0.4803868617156275,"{""type"":""MultiPoint"",""coordinates"":[]}"
20170602,2017-06-02,297.361460015441,-0.0031764976185902,0.023523934309099114,99767.09577256083,0.0052618367380499196,7708541.873061667,297.80208733489076,0.05537765777857434,1.4215044972414808,0.9858456916828573,0.4776230534763203,"{""type"":""MultiPoint"",""coordinates"":[]}"
20170603,2017-06-03,297.4362417918757,-0.003648685644055978,0.04620743071908261,99884.3793940617,0.009687889594379162,9432718.829426615,297.89896364598366,0.05734315928654263,1.7172343380993729,-0.038059926488706465,0.48059741108588633,"{""type"":""MultiPoint"",""coordinates"":[]}"
20170604,2017-06-04,297.3030407015185,-0.0042050013750565855,0.013649724953190927,99877.12683209652,0.0015341448001469512,1.1126903423728818E7,298.1707894998985,0.01997942266060316,1.1885792968479225,-0.5556223259219788,0.4833482089330979,"{""type"":""MultiPoint"",""coordinates"":[]}"
20170605,2017-06-05,297.3538627046736,-0.004594079051213793,0.012211846307946425,99876.93298103598,0.0013879592877366336,1.1892685714388754E7,298.29325742958866,0.018585331471598375,0.8394160613172231,-0.4457969259995083,0.473509770858917,"{""type"":""MultiPoint"",""coordinates"":[]}"
20170606,2017-06-06,297.1567491072133,-0.005653258981341023,0.011268095074042146,99933.41310818284,0.0011580457895446078,1.1768812122610891E7,298.23520056097135,0.01716314370962415,1.12677598346353,-0.7377089465777881,0.47635082832278647,"{""type"":""MultiPoint"",""coordinates"":[]}"
20170607,2017-06-07,297.12274838055623,-0.005094194547647696,0.024114296630191507,99982.8495320154,0.0025022618937397805,1.2866973588171657E7,297.98714302348213,0.027211421263781656,1.116467484718247,-0.8740270782482855,0.4743029714447474,"{""type"":""MultiPoint"",""coordinates"":[]}"
20170608,2017-06-08,296.86829336418367,-0.007261170984507467,0.009888515405671242,99858.84680811156,7.140900022150419E-5,1.3397370398846019E7,298.81427871712367,0.0039636160109425885,0.9562535054953945,-0.9985295114845077,0.47684666789169855,"{""type"":""MultiPoint"",""coordinates"":[]}"
20170609,2017-06-09,297.0519302137513,-0.004234032626836429,0.008648442224694469,99839.75061283143,2.453198479780685E-4,1.0263494993148217E7,298.09414813306165,0.011263770891810977,0.7686359964034382,-0.5629628142107994,0.495014188037152,"{""type"":""MultiPoint"",""coordinates"":[]}"
20170610,2017-06-10,296.4745986742216,-0.001667022832702567,0.04008452751191137,99875.70255613096,0.0049357263621895315,2454581.3530472415,296.80572143749123,0.050223154260496713,1.4557039687547246,-0.37699538713637026,0.48141095145044754,"{""type"":""MultiPoint"",""coordinates"":[]}"
20170611,2017-06-11,296.48193767853456,-0.004573628014867761,0.018632887009889954,99824.81909886959,6.750363022293205E-4,9229646.201226108,297.4571222389443,0.017157990403481437,0.4563367027175414,0.18424373880173822,0.48286565236567247,"{""type"":""MultiPoint"",""coordinates"":[]}"
20170612,2017-06-12,296.96316944341964,-0.005926450946208075,0.011755182116611144,99779.46389870657,6.549198823932961E-4,1.2130264432023084E7,298.2112906967624,0.011898573202284669,0.8581537766473227,-0.09345981645991075,0.47675916646761823,"{""type"":""MultiPoint"",""coordinates"":[]}"
20170613,2017-06-13,297.290829544902,-0.0031619677625749675,0.010266821526509522,99759.7545292943,3.7814481160376766E-4,7944664.450054096,297.96365547959715,0.013434837923489758,0.9042817968805761,0.1333995501372315,0.4874388976428986,"{""type"":""MultiPoint"",""coordinates"":[]}"
20170614,2017-06-14,297.22636045585944,-0.006241769338778284,0.008828759228349208,99848.57265277526,1.541058100649823E-4,1.3324330817165526E7,298.75786638563676,0.007145132947040489,0.6540231559121534,0.14656492156010292,0.48137022305715693,"{""type"":""MultiPoint"",""coordinates"":[]}"
20170615,2017-06-15,297.29006165950284,-0.007552139579261034,0.007759250727342091,99850.29841720338,2.8165312416064285E-4,1.4410591277316986E7,298.8707754784212,0.006786017174153491,0.6375529290048071,-0.3979743380202083,0.4799776345523651,"{""type"":""MultiPoint"",""coordinates"":[]}"
20170616,2017-06-16,297.18408180357886,-0.005394824240135022,0.009071188264489818,99850.00117007896,0.0012012760920985443,1.1085689148214933E7,298.4874806255657,0.01169087608739749,0.4999059064268766,-0.056472929184046165,0.46944226483797724,"{""type"":""MultiPoint"",""coordinates"":[]}"
20170617,2017-06-17,296.9460182017985,-0.010846574991952199,0.006300512167937138,99788.46953662644,4.953427023290945E-5,1.7743945389109265E7,299.2709780063806,0.003154622445541857,0.8273478898309664,-0.64411489223256,0.4655395309030043,"{""type"":""MultiPoint"",""coordinates"":[]}"
20170618,2017-06-18,296.8961404286149,-0.013032178225561988,0.005795457567972609,99734.19929716611,3.2592509741220834E-5,2.0741903464118287E7,299.75695850717614,0.0024874849554609403,0.8886613670428912,-0.31627643366303637,0.4650061720050088,"{""type"":""MultiPoint"",""coordinates"":[]}"
20170619,2017-06-19,297.00470994948654,-0.00975965152992009,0.00544159866404628,99762.15393085482,1.1809952113759938E-4,1.713686818535882E7,299.0049557587837,0.006552208536333312,0.7935420081139413,-0.2737855887180883,0.4784661256460233,"{""type"":""MultiPoint"",""coordinates"":[]}"
20170620,2017-06-20,296.7873391837996,-0.007227701951440302,0.005106510083317714,99820.09213577824,1.553782579961599E-4,1.3815910287774974E7,298.5463158510844,0.007666008669757235,0.701299909474056,-0.11894518422856902,0.4913999853490681,"{""type"":""MultiPoint"",""coordinates"":[]}"
20170621,2017-06-21,296.73036061417736,-0.005784859283656969,0.005196422069802681,99874.65265870582,3.100792789046532E-4,1.277983899891814E7,298.26474971292066,0.008771064046742124,0.3725471008223746,-0.2181593985178677,0.4733185510764917,"{""type"":""MultiPoint"",""coordinates"":[]}"
20170622,2017-06-22,296.8157129742833,-0.00661099253553498,0.005114681478703964,99934.32272837407,3.9624589909468584E-4,1.2214808815723045E7,298.2636530184089,0.011637424998001467,0.7759699442593265,-0.4355924681755109,0.48654148758912213,"{""type"":""MultiPoint"",""coordinates"":[]}"
20170623,2017-06-23,296.80455793350245,-0.004556097217868736,0.0074888795904420255,99907.54078436787,0.002120775699593984,1.1846540931842772E7,297.75524906952216,0.019869025453001263,0.9979274622278296,-0.5980729255299111,0.4762294958210691,"{""type"":""MultiPoint"",""coordinates"":[]}"
20170624,2017-06-24,296.52127513112845,-0.0020062538502644512,0.007239438682053006,99781.27294628405,6.254074421334775E-4,4779620.551027767,296.8693730624511,0.0183965844740898,0.5204565508432408,-0.37586405837832476,0.4850960824477844,"{""type"":""MultiPoint"",""coordinates"":[]}"
20170625,2017-06-25,296.37524054901354,-0.004097343616931825,0.011948512831492586,99733.76539151247,0.0020726188168257447,9258675.680490445,297.12961263779283,0.027557779692849917,1.118631811608545,0.29115449432169455,0.472362575056404,"{""type"":""MultiPoint"",""coordinates"":[]}"
20170626,2017-06-26,296.64967055721405,-0.005015415390379113,0.03185212777123484,99858.55848428438,0.004021475953377416,1.3247506397403538E7,297.4818831740814,0.03915784412076271,1.8909343314122122,0.6475041634418283,0.48233590422377076,"{""type"":""MultiPoint"",""coordinates"":[]}"
20170627,2017-06-27,296.4259826652361,-0.003374258183235733,0.05175393170402061,99952.79169055543,0.004292637563830802,9139504.204111073,296.8257269322234,0.043369522431762564,1.3914344208446003,0.46569884128618705,0.4824177707269054,"{""type"":""MultiPoint"",""coordinates"":[]}"
20170628,2017-06-28,296.1094646928459,-0.0037663926810746246,0.01753363183343879,99929.30266464571,2.6043653058266327E-4,8717910.21132348,297.3375979450006,0.011255621607148061,0.28822669519772254,-0.3244230212006292,0.48240292062265316,"{""type"":""MultiPoint"",""coordinates"":[]}"
20170629,2017-06-29,296.63806725832285,-0.00905992649697114,0.010405132299160813,99829.88188758881,1.2629600211553442E-4,1.5942159527587455E7,298.42981347328106,0.0065082670829056406,0.7315322547194507,-0.7321091153498724,0.4907840914932035,"{""type"":""MultiPoint"",""coordinates"":[]}"
20170630,2017-06-30,296.6184824867767,-0.007905464192192091,0.009730925133973738,99796.61580283323,7.363721859979579E-4,1.4615084235845657E7,298.2294891647227,0.011837802612411817,0.8219735195665696,-0.8815713523886987,0.4646057023897755,"{""type"":""MultiPoint"",""coordinates"":[]}"
20170701,2017-07-01,296.62971728082204,-0.0056061145177482485,0.01759187096922655,99836.11808605725,0.006344591597551222,1.1864586759466281E7,297.5950991404374,0.033792201602834485,1.1805168891959015,-1.0819254434227672,0.4778556891366943,"{""type"":""MultiPoint"",""coordinates"":[]}"
20170702,2017-07-02,296.6480934398939,-0.0029392606644930504,0.015675635693350985,99862.56193236355,0.0019372549355352485,7038873.875946628,297.307738440443,0.02540157259241408,0.7291182364275687,-0.8782487066767368,0.4791652004454254,"{""type"":""MultiPoint"",""coordinates"":[]}"
20170703,2017-07-03,296.52033114900445,-0.0023141483975432646,0.014809214588949238,99956.69826883492,5.869669466942088E-4,6438789.109267942,297.02078825236083,0.014592217366767626,0.3510878162037826,-1.1413589690307373,0.4768230392606461,"{""type"":""MultiPoint"",""coordinates"":[]}"
20170704,2017-07-04,296.24113737033656,-0.011653976574717471,0.008125632705776176,99922.54957360646,6.0399105584969637E-5,1.7267006928957805E7,298.8172325531384,0.0036444303052673866,1.0435915955099753,-1.2619980326609082,0.4759805108194297,"{""type"":""MultiPoint"",""coordinates"":[]}"
20170705,2017-07-05,296.47396961922465,-0.010002721463767711,0.007106719654774865,99981.94335614682,9.600601329985742E-5,1.7138198100973677E7,298.5876036649828,0.0053211689436174735,1.1410750554063345,-1.2366088271527955,0.47935704443228067,"{""type"":""MultiPoint"",""coordinates"":[]}"
20170706,2017-07-06,296.3621265678713,-0.008546008762365812,0.006440428214257176,99956.26317068096,1.5453042867507826E-4,1.4699245687702851E7,298.1649211003583,0.0077144625392952535,1.2228296939993384,-1.3284560094760696,0.49467983858017034,"{""type"":""MultiPoint"",""coordinates"":[]}"
20170707,2017-07-07,296.42573096422876,-0.005881799325169615,0.005866600456454459,99938.94289568684,1.1972385249411293E-4,1.153930382185359E7,297.89257228166696,0.006333965913734218,1.1712614064721596,-1.176651160466813,0.4960990032907262,"{""type"":""MultiPoint"",""coordinates"":[]}"
20170708,2017-07-08,296.3343687950526,-0.006174027715570181,0.005492204184292286,99914.79048426187,1.2046809375737488E-4,1.2635465676163E7,297.8128658408858,0.005946794471500067,0.8802350929457202,-1.0333277130660021,0.4938071251259442,"{""type"":""MultiPoint"",""coordinates"":[]}"
20170709,2017-07-09,296.4437314852139,-0.004002655115081996,0.005130657264569844,99936.03741247447,1.59998886150184E-4,8353563.715109992,297.34327506285365,0.007651192146520344,0.5535690824864274,-0.30780865366835186,0.49710618310399407,"{""type"":""MultiPoint"",""coordinates"":[]}"
20170710,2017-07-10,296.2912591406182,-0.006025732428727494,0.0072702570562108194,99994.40961115232,0.0010549274971456764,1.0597267870537328E7,297.62307843532625,0.013070126426507971,1.0943163718035454,-0.4574038779481928,0.4709872947259081,"{""type"":""MultiPoint"",""coordinates"":[]}"
20170711,2017-07-11,296.4628786927792,-0.0051991269476053485,0.004822662425974068,99963.84611117058,2.073284777286377E-4,1.014928833826181E7,297.81110922140147,0.009201822619294203,0.488858312035226,-1.0428333477212168,0.4950511580204818,"{""type"":""MultiPoint"",""coordinates"":[]}"
20170712,2017-07-12,296.48532441917956,-0.010584890657046448,0.0043717374708778884,99885.2300609392,2.5539125963706988E-5,1.5838151144608727E7,298.9859729349105,0.0015212405992049986,0.8385531151147114,-1.1533551459731446,0.4862599700155533,"{""type"":""MultiPoint"",""coordinates"":[]}"
20170713,2017-07-13,295.91232572505794,-0.00764493793490945,0.004278686796333487,99944.92557869462,1.0678162976287998E-4,1.3346693648755861E7,297.69769029930285,0.005806212123228634,0.8365913145329203,-1.1593747873090758,0.4874320293306834,"{""type"":""MultiPoint"",""coordinates"":[]}"
20170714,2017-07-14,296.16335083335224,-0.0078453179536165,0.004065215743452128,99960.76785234665,5.6858827738481615E-5,1.3220659177425174E7,298.02439225512444,0.003505889548851571,0.7591821333725501,-0.9575047809525398,0.48926421182776675,"{""type"":""MultiPoint"",""coordinates"":[]}"
20170715,2017-07-15,296.1610305768708,-0.008764317595717972,0.003969612870240444,99967.00590316126,8.939809524922694E-5,1.4533746924630366E7,298.23262613922196,0.005176035570117363,1.1203918972902682,-1.0640547898171373,0.4908710509083682,"{""type"":""MultiPoint"",""coordinates"":[]}"
20170716,2017-07-16,296.3309010603005,-0.005779769818382147,0.003962305145727096,99873.1598337813,1.69996212492168E-4,1.1256411646592136E7,297.7249039671631,0.008568854745598395,1.0772353992079269,-0.864520351679541,0.49379957712446076,"{""type"":""MultiPoint"",""coordinates"":[]}"
20170717,2017-07-17,296.24210299705,-0.00704541065543084,0.003782193907602058,99842.17251518318,2.0032628209978675E-4,1.2731486261449695E7,297.6867056079804,0.009219437989670336,1.3590231965490656,-0.8906117802930721,0.5009434793212979,"{""type"":""MultiPoint"",""coordinates"":[]}"
20170718,2017-07-18,296.4532079610676,-0.008547529120104348,0.006414696818712685,99843.50233663624,4.136353849375931E-4,1.5770091271186441E7,298.06772072456505,0.014497168345829446,1.0531074004844483,-0.2754407872917533,0.4937933123818183,"{""type"":""MultiPoint"",""coordinates"":[]}"
20170719,2017-07-19,296.76488528805936,-0.003977323177324664,0.004651833442501587,99820.59743197754,6.27148003084669E-4,9840644.073566534,297.6452597303881,0.017969208764462452,0.6155352860148217,0.30056142341289566,0.49523053373879494,"{""type"":""MultiPoint"",""coordinates"":[]}"
20170720,2017-07-20,296.7377400419462,-0.00626170385079482,0.0145878483414693,99784.2041394206,0.002928613383138906,1.3449890426974395E7,297.8852266074804,0.031444100115434,2.093917964298373,0.44230421341186343,0.47507070437519716,"{""type"":""MultiPoint"",""coordinates"":[]}"
20170721,2017-07-21,296.69490674900777,-0.007886560191123273,0.014017937525574849,99875.76715593397,0.0020831448160007118,1.678911403966823E7,298.282171114346,0.01712205554662609,0.4920740135588145,-0.7002556777112201,0.4675890417794852,"{""type"":""MultiPoint"",""coordinates"":[]}"
20170722,2017-07-22,296.27631232445884,-0.01368741221454571,0.009321604336464485,99855.87741200022,3.526216319782658E-5,2.0330737013342954E7,299.23715849343455,0.0024043340179845363,0.7069866938407008,-0.9586273441092306,0.4547883468345463,"{""type"":""MultiPoint"",""coordinates"":[]}"
20170723,2017-07-23,296.04187835783245,-0.015634461087394698,0.0075696260919220154,99862.95328189095,1.8363469910028397E-5,2.102872504327443E7,299.40369661044355,0.001411147681634176,0.6331809060277526,-1.1953739981795177,0.4521015007660099,"{""type"":""MultiPoint"",""coordinates"":[]}"
20170724,2017-07-24,296.0884501143908,-0.015496964549281048,0.006505388507248046,99843.48173591,1.7025132837856113E-5,2.0292566468445733E7,299.3559542927752,0.0013838652868293192,1.0603139239702248,-1.6014070242037926,0.4475632854516239,"{""type"":""MultiPoint"",""coordinates"":[]}"
20170725,2017-07-25,296.4090650436727,-0.017538218250181807,0.005743857979602519,99725.39755320556,1.1126551437240366E-5,2.1876377867652364E7,299.87429822455636,9.65798050439015E-4,1.2991565005511874,-1.7231405180138828,0.4388800991428402,"{""type"":""MultiPoint"",""coordinates"":[]}"
20170726,2017-07-26,296.31869206621695,-0.013275454291691649,0.005187508117795808,99798.80495555873,2.6141330626653157E-5,1.9552863495131627E7,299.25894285248575,0.0023565943080707218,0.9450513633602384,-1.71670098023312,0.43913384689879487,"{""type"":""MultiPoint"",""coordinates"":[]}"
20170727,2017-07-27,296.07850493380533,-0.01437150720430332,0.00482807485228878,99921.75234391433,1.226063297837812E-4,2.088917654129102E7,298.7781155988967,0.007113608671704917,0.9953322224296591,-1.216834442606052,0.4519804762968551,"{""type"":""MultiPoint"",""coordinates"":[]}"
20170728,2017-07-28,296.41705361265514,-0.012852948873676297,0.004614206527356761,100005.1961510713,2.8599452884284075E-4,2.0837642843130182E7,298.53012537162374,0.009479108095346182,1.2850235740587337,-1.3193298749789582,0.4725000198278051,"{""type"":""MultiPoint"",""coordinates"":[]}"
20170729,2017-07-29,296.60755658232824,-0.01284490475478776,0.004024803925949102,99955.17397116398,1.764309038722124E-5,1.9286483291741796E7,299.20592146450565,0.0014425838746668002,1.1489969462869203,-1.2741669141439484,0.4642483712045143,"{""type"":""MultiPoint"",""coordinates"":[]}"
20170730,2017-07-30,296.5962441030897,-0.010245947646204848,0.003788451677919768,99888.66326618893,5.858852852134554E-5,1.7497611223584566E7,298.8734180337177,0.004311805918372512,0.9430951612444795,-1.1088888834611574,0.46844866253146333,"{""type"":""MultiPoint"",""coordinates"":[]}"
20170731,2017-07-31,296.7455331942457,-0.01006055296574351,0.0037676961739872327,99916.10212326926,2.6991484324681906E-4,1.6891162036783267E7,298.6540606260615,0.008813418207767291,1.2300437194020837,-1.111398433461071,0.48234069942066715,"{""type"":""MultiPoint"",""coordinates"":[]}"
20170801,2017-08-01,296.4591507644002,-0.013576676555211645,0.0033161360817483467,99937.77075914327,2.6763737567099607E-5,1.8771378360259645E7,299.418049010882,0.002164442509633749,1.3062971252448747,-1.308012863852855,0.47792003618752327,"{""type"":""MultiPoint"",""coordinates"":[]}"
20170802,2017-08-02,296.57091073294015,-0.006912781021685709,0.0032076796216522797,100032.76577654974,9.761586532754411E-5,1.4053005372160116E7,298.156986762532,0.006562150176948814,0.8445485453577567,-0.7951930520883875,0.48526496155815985,"{""type"":""MultiPoint"",""coordinates"":[]}"
20170803,2017-08-03,296.4796216350033,-0.006169469767138284,0.00424321493677314,99976.76929471036,9.158403164980172E-4,1.3488445048323117E7,297.67858797415676,0.01600836370982138,1.4141610878450197,-0.8146240908532982,0.49268698976051073,"{""type"":""MultiPoint"",""coordinates"":[]}"
20170804,2017-08-04,296.5190290500803,-0.0033884883891513035,0.00538182420621828,99791.73000934657,7.474243001434033E-4,7485459.765596827,297.19587974740926,0.01665027792643779,1.7639060826925779,-1.2249754721878494,0.47958599562426585,"{""type"":""MultiPoint"",""coordinates"":[]}"
20170805,2017-08-05,296.52637225817233,-0.0040998490177312575,0.004885407021619162,99706.07360832508,6.013213325355016E-4,9489545.423728812,297.43784465209734,0.016359977058735816,1.458483932482278,-1.1430624810989294,0.47616747993591224,"{""type"":""MultiPoint"",""coordinates"":[]}"
20170806,2017-08-06,296.41435330085193,-0.0047731467311428735,0.004819303584408339,99676.2416345372,9.323641029110985E-4,1.0932205132347638E7,297.84898287505683,0.011822700139373308,1.2422396142489351,-1.0306183044003934,0.4703867574454014,"{""type"":""MultiPoint"",""coordinates"":[]}"
20170807,2017-08-07,296.64417787646573,-0.00423305566710468,0.005439975007084188,99778.0996602633,0.0018710029112316837,9696942.503065273,297.57880293117853,0.017618074929868967,1.223287365043632,-0.902808636136748,0.48609866722227074,"{""type"":""MultiPoint"",""coordinates"":[]}"
20170808,2017-08-08,296.413788290949,-0.008757118372131762,0.002966484055594765,99774.1787109375,6.660957156730568E-5,1.3631392303281644E7,298.5961221850167,0.0033055516386393206,1.0973489715268023,-1.0690265455588743,0.4875968249174592,"{""type"":""MultiPoint"",""coordinates"":[]}"
20170809,2017-08-09,296.58141454519426,-0.004582013353151919,0.003308703768911063,99800.85190486623,2.594264247681404E-4,8763799.481067438,297.7619295077823,0.01020259451026225,0.8317818284564931,-0.8893653585699006,0.4942254283018647,"{""type"":""MultiPoint"",""coordinates"":[]}"
20170810,2017-08-10,296.3905510325202,-0.004707374054840487,0.004759622499309116,99835.50248067304,3.575663160555551E-4,9303478.63577353,297.8121572112304,0.010657150905058033,1.0112902577901521,-0.870393376967156,0.4841708148782509,"{""type"":""MultiPoint"",""coordinates"":[]}"
20170811,2017-08-11,296.04213791407125,-0.004749291193235923,0.00662996057048843,99964.96897409644,0.0010714846674260191,8684576.896862604,297.2231240678914,0.012110178318214555,0.9837067417548759,-0.8571364627117752,0.46900833419687915,"{""type"":""MultiPoint"",""coordinates"":[]}"
20170812,2017-08-12,295.8812677493704,-0.012314663741172027,0.004018025678974432,99925.4019302458,1.527063798440135E-5,1.7457000338261817E7,298.8046341964955,0.0010543844779819691,0.851116862058038,-1.1989961763115542,0.45792369886091777,"{""type"":""MultiPoint"",""coordinates"":[]}"
20170813,2017-08-13,296.3620947943181,-0.008932582691467674,0.003933934353122718,99958.10985641398,1.609652127507702E-5,1.3814867797692033E7,298.6724749199545,0.0011660664767746466,0.7015975475712515,-0.9056547600312482,0.45638107889503066,"{""type"":""MultiPoint"",""coordinates"":[]}"
20170814,2017-08-14,296.4021703672175,-0.010891824271536633,0.0038163224890091947,99985.61503275867,2.670458699665559E-5,1.6776789920302924E7,298.76208709435247,0.0020069815500565824,0.7202796715930013,-0.662460779180778,0.4515015639598474,"{""type"":""MultiPoint"",""coordinates"":[]}"
20170815,2017-08-15,296.4163301850558,-0.004401775265735192,0.003843736208456757,99942.74098067815,1.7145344583815376E-4,8074495.358095925,297.69155923728977,0.008413039968377736,0.23004160089007888,-0.06188519137999606,0.4734187784755527,"{""type"":""MultiPoint"",""coordinates"":[]}"
20170816,2017-08-16,296.3571720925758,-0.004290647787272693,0.004623015722534607,99845.89179308338,4.4402817591320855E-4,1.1432595158672921E7,297.33141529813724,0.011485029304497596,-0.16202608881869102,0.4431335599767229,0.4833400901485371,"{""type"":""MultiPoint"",""coordinates"":[]}"
20170817,2017-08-17,296.30778379883964,-0.008826640361682887,0.003955792228624446,99676.2377924405,2.832376017623802E-4,1.5289159805625683E7,298.09308230004234,0.010162675393020732,0.6603779683306265,0.4179915667927197,0.48257002479139627,"{""type"":""MultiPoint"",""coordinates"":[]}"
20170818,2017-08-18,296.47476603346007,-0.003617143676926245,0.013911092064783026,99679.5680262239,0.002739790234589809,8519940.468085105,297.17935256485697,0.03500554017279861,1.3692703063649359,-0.39215244764260826,0.4723319654238886,"{""type"":""MultiPoint"",""coordinates"":[]}"
20170819,2017-08-19,296.0187401244783,-0.0045179435294799945,0.006371471828022376,99762.26748791123,4.007898612311288E-4,9341934.922106022,296.95808565383044,0.014041081887696394,1.9425308462203252,-0.4192353214605996,0.4898191107653528,"{""type"":""MultiPoint"",""coordinates"":[]}"
20170820,2017-08-20,296.21314123327716,-0.004898514385005004,0.012091645013757273,99731.0750302043,0.0011955780584030622,1.1016662809231881E7,297.15576117169707,0.01886346607357855,2.0683967564194545,-0.6643560044910779,0.47903470148159244,"{""type"":""MultiPoint"",""coordinates"":[]}"
20170821,2017-08-21,296.41683321793596,-0.003070981653855245,0.02556111591304204,99691.28552825708,0.0019469574480722239,7335020.48503426,296.9900825356962,0.0320862161528587,1.516777276562905,-0.3833709755315275,0.47922980359775935,"{""type"":""MultiPoint"",""coordinates"":[]}"
20170822,2017-08-22,296.07279397318155,-0.0013311704478988656,0.0436625381051054,99752.75422302532,0.001524969741965389,3425688.1417237646,296.37421011646745,0.02160470585314926,0.47512096263336623,-0.8909584086221322,0.4796139863494898,"{""type"":""MultiPoint"",""coordinates"":[]}"
20170823,2017-08-23,296.3889025176771,-0.007769685785369756,0.011595159900712916,99753.03379347635,4.851746615029137E-5,1.4815114658492608E7,298.17906609526165,0.003253762266006532,0.5629794339403423,-0.9583197037808845,0.481023335287757,"{""type"":""MultiPoint"",""coordinates"":[]}"
20170824,2017-08-24,296.2336798685219,-0.008143764738835801,0.009127227246245453,99728.20266195749,1.3111417544176124E-4,1.3404901119365308E7,298.222343542496,0.007051690875559648,0.8093463995376736,-1.1729343532154604,0.48484258139301095,"{""type"":""MultiPoint"",""coordinates"":[]}"
20170825,2017-08-25,296.40173064276695,-0.007605639155692155,0.007558120364236608,99658.50229830855,5.0046334424003404E-5,1.5162149037143888E7,298.2071357458339,0.003461063241774621,0.6400158993683982,-0.9802622272785156,0.48745792481543593,"{""type"":""MultiPoint"",""coordinates"":[]}"
20170826,2017-08-26,296.3285663222763,-0.0091414957488976,0.006553467802415892,99607.5902850168,1.1860420997934658E-4,1.598743436242337E7,298.221201661774,0.0070282421304867495,1.4069728462695217,-0.6695272391741487,0.4861803046784906,"{""type"":""MultiPoint"",""coordinates"":[]}"
20170827,2017-08-27,296.6233119921037,-0.005909880836152705,0.010091285079212513,99571.01061699168,0.0017718300666677538,1.4837474346916698E7,297.5243158444775,0.030596337601503435,2.317252681911357,0.01836752437287073,0.4818916744961735,"{""type"":""MultiPoint"",""coordinates"":[]}"
20170828,2017-08-28,296.46748586141774,-0.002249612251623761,0.017483470811660736,99580.2734009332,0.003360432350663472,3050643.5831229715,296.75997707634275,0.042952997119717576,2.670669579136213,-0.15786828012015905,0.47367537739558035,"{""type"":""MultiPoint"",""coordinates"":[]}"
20170829,2017-08-29,296.35237779214935,-0.002809152416844597,0.017072464895944838,99696.26959998149,0.0010046090217346844,7077599.9819689905,296.831672724859,0.022130788421771345,1.5585532219940998,0.19879153680738335,0.48218161430134204,"{""type"":""MultiPoint"",""coordinates"":[]}"
20170830,2017-08-30,296.6071137128964,-0.00434556521349034,0.01507467832691696,99826.5075135679,0.0010552074675563435,1.0515059642264698E7,297.6777204966829,0.013778931396845077,0.5096181297921292,-0.4947432142880865,0.47118025494389904,"{""type"":""MultiPoint"",""coordinates"":[]}"
20170831,2017-08-31,296.4874005421436,-0.011556810233574074,0.009046527326343468,99861.06496365153,1.8301053497277995E-5,1.7835000239451855E7,299.1727188799097,0.0012247591479951797,0.878989528844471,-1.0188626432550658,0.45839302653603764,"{""type"":""MultiPoint"",""coordinates"":[]}"
20170901,2017-09-01,296.7621130906041,-0.01130307631166111,0.008019773695944366,99833.56275808065,1.5346327607828578E-4,1.786669651388388E7,299.2671018030254,0.008010700154274413,0.9176214972229041,-1.2775329244095255,0.46750144681071903,"{""type"":""MultiPoint"",""coordinates"":[]}"
20170902,2017-09-02,296.6532336195038,-0.010019627841390343,0.007324526598962517,99812.88012921286,2.378398197203649E-4,1.7176885659574468E7,298.795586576025,0.006815968338259469,0.5038527140094049,-0.9776052355780629,0.4815228556566391,"{""type"":""MultiPoint"",""coordinates"":[]}"
20170903,2017-09-03,296.6711292475486,-0.0077551328118660836,0.0074390663224310405,99849.00836023901,0.0010533994859708504,1.5503175296069242E7,298.2721085764495,0.010047601169892536,0.6076430646197301,-0.6343012253729995,0.4741670402401213,"{""type"":""MultiPoint"",""coordinates"":[]}"
20170904,2017-09-04,296.824273103131,-0.009373503192060914,0.006202704006160503,99855.54891487579,2.6651817917007E-4,1.5943403181752607E7,298.82391017267713,0.007484623919976265,0.44877167678908214,-0.632632843303715,0.47936561787152826,"{""type"":""MultiPoint"",""coordinates"":[]}"
20170905,2017-09-05,296.95288676736396,-0.009304300892333712,0.008153842140783097,99834.95512736989,0.0013869859270141567,1.824578611287415E7,298.77103954502735,0.015151912919712567,0.6743835094299209,-0.03117692188254226,0.47133594322181666,"{""type"":""MultiPoint"",""coordinates"":[]}"
20170906,2017-09-06,296.6799345831556,-0.008020289707089264,0.0057659677991873945,99705.9661828697,6.29548417331078E-4,1.5010263692390911E7,298.39479870067686,0.008073053865448402,0.07051922917036443,-0.06452534493667487,0.4654251054611785,"{""type"":""MultiPoint"",""coordinates"":[]}"
20170907,2017-09-07,296.5812175786042,-0.007382528812735681,0.006984909653147766,99680.00366448649,0.0017748029866976895,1.4730606772448612E7,298.0323710924789,0.013831261676714751,0.09847375007901776,0.45076691501056637,0.4679182876630934,"{""type"":""MultiPoint"",""coordinates"":[]}"
20170908,2017-09-08,296.8204115115475,-0.007359874997324263,0.004822847653372469,99651.65002836131,1.6549470361887743E-4,1.5368305160476018E7,298.4862644939788,0.006483159877635191,-0.051099081826992424,0.7606311251959819,0.47745698976293194,"{""type"":""MultiPoint"",""coordinates"":[]}"
20170909,2017-09-09,296.70349763388083,-0.002740685318539902,0.006155329348376371,99651.958019258,7.003860227734099E-4,8228517.952398125,297.3135284355504,0.013961658540010193,-0.517860067536989,0.6267443635254787,0.4811781133391965,"{""type"":""MultiPoint"",""coordinates"":[]}"
20170910,2017-09-10,296.47376257938504,-0.008158737874841416,0.00441763342082436,99581.45668665342,1.5297979170176428E-5,1.4067580529751174E7,298.82040293088596,0.001028743045578526,0.05444505257967046,0.8363901249046066,0.4738384348395524,"{""type"":""MultiPoint"",""coordinates"":[]}"
20170911,2017-09-11,296.7934863749341,-0.008799678877431308,0.004345685947556124,99645.93628595877,7.644583720658774E-5,1.604547828128381E7,299.0717622516448,0.0038713885543520355,-0.4689144057456025,0.8069004994743301,0.4735794425053672,"{""type"":""MultiPoint"",""coordinates"":[]}"
20170912,2017-09-12,297.0032125453076,-0.01133104634202219,0.004255333334325756,99702.16488205419,1.3180034892721552E-4,2.0298365777857915E7,299.5184962621946,0.004497527917648884,-0.04964876501645331,0.8800046543531055,0.4726598594950747,"{""type"":""MultiPoint"",""coordinates"":[]}"
20170913,2017-09-13,296.7192199506185,-0.00975544494232502,0.007361240534523617,99800.67398302033,0.0028412426518611518,1.7883124518211327E7,298.71752686379614,0.016552086343221015,-0.6661725244293966,1.7592496351061397,0.4711165809333289,"{""type"":""MultiPoint"",""coordinates"":[]}"
20170914,2017-09-14,296.55966737221917,-0.005307979367235445,0.007186545113493209,99924.21577312198,0.0013825969493135495,1.2902758059862964E7,297.6807010818924,0.02034254311987807,-0.2957841295622221,1.0586217460702256,0.47386031065412504,"{""type"":""MultiPoint"",""coordinates"":[]}"
20170915,2017-09-15,296.48309350681507,-0.006693407948260871,0.004300594286844699,99827.35602177153,1.4691737544609678E-4,1.2457228934006486E7,298.1676208119164,0.006459282706710019,-0.14627503895934404,1.1151036107636143,0.47428944082497443,"{""type"":""MultiPoint"",""coordinates"":[]}"
20170916,2017-09-16,296.62753000797056,-0.004097216179224288,0.016242367027040603,99872.62211474443,0.004141198658594963,1.0160289342228636E7,297.3081040041337,0.04442520133100948,1.1447986094248614,1.5102369868564751,0.480376179050061,"{""type"":""MultiPoint"",""coordinates"":[]}"
20170917,2017-09-17,296.3847846854176,-0.00366601297410868,0.0816356348450804,100093.7154742485,0.011953623008199264,8807372.56004328,296.862609869701,0.07793257647726969,1.7705178325573747,1.0466140617414625,0.47921111093918456,"{""type"":""MultiPoint"",""coordinates"":[]}"
20170918,2017-09-18,296.11789113831276,-0.00419770364017853,0.015904905797770597,100154.26966994558,1.6946381839913152E-4,9027863.64839524,297.1967406593302,0.00839092119402231,0.6677596434648113,-0.15911715085696448,0.4699025865443152,"{""type"":""MultiPoint"",""coordinates"":[]}"
20170919,2017-09-19,296.5157508666677,-0.007351622455630802,0.011391000552831728,100046.25773801646,1.662432438107204E-4,1.5654300142084384E7,297.944078192543,0.008183250046419241,1.5254875705396636,-0.2739592769538887,0.49781263497947914,"{""type"":""MultiPoint"",""coordinates"":[]}"
20170920,2017-09-20,296.3513593773441,-0.008053559030742365,0.009256860268833919,99940.03753960722,1.5464615851930877E-4,1.6015983243418682E7,297.907860733566,0.00804092285545389,0.8698506859979861,-0.16255333998524554,0.49928546843154453,"{""type"":""MultiPoint"",""coordinates"":[]}"
20170921,2017-09-21,295.9237417128672,-0.00915485305870822,0.007722909766824677,99880.98745582637,7.19288320391779E-5,1.8494571642985944E7,297.8691154078289,0.004546898366460892,0.6722454103602141,-0.5213081435037213,0.49261710821170773,"{""type"":""MultiPoint"",""coordinates"":[]}"
20170922,2017-09-22,295.6952919263596,-0.014380991843109567,0.006628758396605403,99877.99333850316,1.2290682489159218E-5,2.2374234167147502E7,298.7850534331556,9.028820715080541E-4,0.531880160796125,-0.7589529261936976,0.47742123402630937,"{""type"":""MultiPoint"",""coordinates"":[]}"
20170923,2017-09-23,295.97705166763177,-0.014966973205346568,0.005820102653819819,99920.68416731467,2.8567965650575672E-5,2.1342184820966102E7,299.52223555258456,0.001927475474863503,0.882452653081733,-0.7366648468923678,0.4622359960780492,"{""type"":""MultiPoint"",""coordinates"":[]}"
20170924,2017-09-24,295.9770999580124,-0.01283583074963957,0.005165239565646739,99917.57209535169,1.490475885970387E-5,1.84063301997766E7,299.20384664039136,0.0011510849804504115,0.4531038364319147,-0.3532992343602237,0.45997478796005936,"{""type"":""MultiPoint"",""coordinates"":[]}"
20170925,2017-09-25,296.28203668375403,-0.007616115903923155,0.0046970727552887856,99800.95828520368,4.4924693012168775E-5,1.2922092164559098E7,298.2885507569174,0.003641858060593813,0.4228721012904649,-0.18241550979999444,0.46159785612656373,"{""type"":""MultiPoint"",""coordinates"":[]}"
20170926,2017-09-26,296.6023296567595,-0.007869005215337808,0.004493844646690471,99784.09506294188,2.2580475421146156E-4,1.4221341224076888E7,298.12543122449415,0.010707956007616296,0.32073958858100676,0.0031204723025016114,0.4845860893156886,"{""type"":""MultiPoint"",""coordinates"":[]}"
20170927,2017-09-27,296.6462606406439,-0.004065089246135218,0.00616195618439959,99841.86212238176,9.909434102306374E-4,8044547.555281575,297.48440257435976,0.01834249606620006,0.5938202208775658,0.11402399533642418,0.48077472710153746,"{""type"":""MultiPoint"",""coordinates"":[]}"
20170928,2017-09-28,296.4976472511847,-0.0025107785333935385,0.008362386081457741,99874.89491464385,0.0019702172391130057,6582868.905243637,296.9341070157059,0.024926203772224622,1.218021538871199,0.33066304524739587,0.49062373824726574,"{""type"":""MultiPoint"",""coordinates"":[]}"
20170929,2017-09-29,296.64570362124545,-0.005784758170169913,0.0042093036017218435,99832.36689302868,2.245459580653591E-4,1.160947743118783E7,297.8005368363071,0.008798109965620906,0.5914863025157667,0.10740122105556836,0.4939302682217419,"{""type"":""MultiPoint"",""coordinates"":[]}"
20170930,2017-09-30,296.8573500501063,-0.009857786376683495,0.003554523679008993,99885.67892217972,7.452897988112018E-5,1.667021136423032E7,298.77384347866365,0.004361143368670552,0.3911358154311549,0.6746508310242105,0.48802937875503044,"{""type"":""MultiPoint"",""coordinates"":[]}"
20171001,2017-10-01,296.6888823400885,-0.009522024665687474,0.003473388444225238,99878.55245909684,1.1231430785732497E-4,1.6073415854156133E7,298.64800001534877,0.005964923576138487,0.7445072362537297,0.7372194744815821,0.4911587190450364,"{""type"":""MultiPoint"",""coordinates"":[]}"
20171002,2017-10-02,296.5263356452866,-0.009962019030632116,0.003297652384240061,99755.41513725874,5.694914016747707E-5,1.7069566519031364E7,298.73069421585006,0.0037093727667872113,0.21023945487997173,0.7020990658098724,0.4884032813355475,"{""type"":""MultiPoint"",""coordinates"":[]}"
20171003,2017-10-03,295.87352610671877,-0.013267222169908943,0.003134937061542988,99750.06591174714,1.4087967802976986E-5,1.8802721391059685E7,299.13321157653314,0.0010148126565352026,-0.04126740556623603,0.9232043980233785,0.47528835007284315,"{""type"":""MultiPoint"",""coordinates"":[]}"
20171004,2017-10-04,296.5318209898845,-0.011026897719899027,0.0030276015578217345,99719.0607342285,2.9198226196173514E-5,1.7806434387181763E7,299.1238805161228,0.002281568450173218,0.20364742483108547,0.43243480218776603,0.4683751259762617,"{""type"":""MultiPoint"",""coordinates"":[]}"
20171005,2017-10-05,296.6820643436796,-0.007595071799480826,0.0033283281145738957,99624.76230428841,4.362291268523404E-4,1.4045521961621149E7,298.44615178475624,0.010474648438573868,-0.04577598613047058,0.725606955964916,0.47823934936798573,"{""type"":""MultiPoint"",""coordinates"":[]}"
20171006,2017-10-06,296.67384521089105,-0.00460064369383118,0.005283246624891052,99632.44500071373,0.002064017044951931,1.0399816456120385E7,297.89448594066846,0.012266175704138411,-0.3285590381716318,0.8359506328399114,0.4715548742417893,"{""type"":""MultiPoint"",""coordinates"":[]}"
20171007,2017-10-07,296.8314244304373,-0.008528313031598114,0.0029053177551547414,99651.68756785108,1.7387161197277172E-4,1.6004322690454552E7,298.51616315019714,0.007484873896073503,0.036603038708512226,0.5710121342046485,0.48666388794469906,"{""type"":""MultiPoint"",""coordinates"":[]}"
20171008,2017-10-08,296.4395407353304,-0.01078218586535992,0.0027266395702458357,99651.81163208142,7.291262841078507E-5,1.65915757441673E7,298.8423737545315,0.004081217770813832,0.12956396566731004,0.5608504807265537,0.48870578238075346,"{""type"":""MultiPoint"",""coordinates"":[]}"
20171009,2017-10-09,296.4106599477811,-0.011194237005106604,0.002592132774407022,99596.03099802365,1.7411660253894147E-5,1.756773348143124E7,299.24680239066066,0.0012815735906331652,0.09514585156354186,0.5332319910873915,0.47860683095413625,"{""type"":""MultiPoint"",""coordinates"":[]}"
20171010,2017-10-10,296.29109118801273,-0.01250801244169592,0.0025060727703326274,99508.35310129907,1.4936057746603827E-5,2.041244815434548E7,299.2888458023594,0.001167957746317097,-0.17532552780332955,0.5597209239725397,0.4661032741696579,"{""type"":""MultiPoint"",""coordinates"":[]}"
20171011,2017-10-11,296.35604171785025,-0.01114086065343301,0.002490456412511744,99617.22046329845,8.116961546508236E-5,1.8562304105301123E7,298.8922642039371,0.005302321747498869,-0.30972014334442843,1.247125363519006,0.47014285148458296,"{""type"":""MultiPoint"",""coordinates"":[]}"
20171012,2017-10-12,296.64305766440737,-0.00442729996879351,0.0030101004422377303,99669.71063310927,5.979727600354218E-4,9671025.049404979,298.09039568817957,0.00962282565671084,-0.44913993906066285,1.0524857440008,0.4815090117309512,"{""type"":""MultiPoint"",""coordinates"":[]}"
20171013,2017-10-13,296.52124526905084,-0.004378574189998336,0.009895321617176333,99647.72275738098,0.00412981103859866,1.0124298805625675E7,297.48967604758093,0.03140389378857923,-0.365599162132354,0.7775173409653765,0.46373445653244766,"{""type"":""MultiPoint"",""coordinates"":[]}"
20171014,2017-10-14,296.2428586400176,-0.0023681084093766396,0.0030653859695887855,99741.08583390385,2.799520381211461E-4,5897173.210241616,296.94536151695684,0.010384377938738304,-0.48206478419649534,0.5595973141277363,0.4782125983391263,"{""type"":""MultiPoint"",""coordinates"":[]}"
20171015,2017-10-15,295.5384617640517,-0.006382488129405911,0.0024509706272143475,99872.56743446385,3.69380010924011E-5,1.2007129304724127E7,297.54682421601154,0.0018198718469666529,-0.42656314480489577,-0.46195413605182967,0.48288337656161673,"{""type"":""MultiPoint"",""coordinates"":[]}"
20171016,2017-10-16,296.0381689485499,-0.006927823675396723,0.003274559445364828,99838.17398783332,5.44682674424295E-4,1.296574003534079E7,297.89115840005314,0.01289878276768033,0.07399902642955432,-0.4367189522416622,0.48178279478685543,"{""type"":""MultiPoint"",""coordinates"":[]}"
20171017,2017-10-17,296.63556369208766,-0.0043515245118835024,0.013447186828003523,99786.75402581113,0.0037088448895773556,1.1240374238730617E7,297.5247241078783,0.034771958149377655,0.08966891681622077,-0.009011837793866778,0.48020890303881264,"{""type"":""MultiPoint"",""coordinates"":[]}"
20171018,2017-10-18,296.4953873401967,-0.0037957782733861697,0.008832453800116128,99745.94996082717,0.0010668051654450783,1.1639799348359177E7,297.56910439055775,0.011381624163787976,-0.4366869267856777,0.18997343659243315,0.4697323962034034,"{""type"":""MultiPoint"",""coordinates"":[]}"
20171019,2017-10-19,296.3755000009318,-0.009829503417907105,0.006308299682435256,99736.17505173352,5.1413197574140896E-5,1.8121266058420487E7,298.549955163757,0.0033124712133261397,-0.15809269160057351,1.1186781188074335,0.45487194208016063,"{""type"":""MultiPoint"",""coordinates"":[]}"
20171020,2017-10-20,296.607566573497,-0.00746340153613247,0.006005780945346969,99891.16431917198,1.226402295224726E-4,1.4602056117562206E7,298.35725575156016,0.006556117815142541,-0.20651010751065083,1.2605219314069414,0.4690578814695797,"{""type"":""MultiPoint"",""coordinates"":[]}"
20171021,2017-10-21,296.5600403330478,-0.002519360215836727,0.0073541739906509826,99965.19926588189,7.312851926070708E-4,5343205.345834836,297.1662333181579,0.016693645835500658,-0.7158150490638027,1.6462222964936466,0.4874860390058889,"{""type"":""MultiPoint"",""coordinates"":[]}"
20171022,2017-10-22,296.58936232846435,-0.007905174961620576,0.005578144659344315,99987.59300633814,4.612088601081071E-5,1.6222257307609089E7,298.43494876082497,0.0025699240273627166,-0.06569113392055513,0.2227108023719499,0.48042471567331174,"{""type"":""MultiPoint"",""coordinates"":[]}"
20171023,2017-10-23,295.337292320755,-0.014331124321276473,0.005238512901033773,99989.6837177719,4.9881005691269696E-8,2.0705650758023802E7,298.82985518600293,3.141697744488976E-6,0.4581731532625689,-0.8833749906161846,0.46245446453330624,"{""type"":""MultiPoint"",""coordinates"":[]}"
20171024,2017-10-24,294.7115222370559,-0.01581244009590261,0.004896854001758678,100070.03692284324,5.2527533598940086E-8,2.2209855556437075E7,298.7451993197343,3.6717019019174624E-6,0.4870906366237525,-0.8432105883252007,0.44598833559396,"{""type"":""MultiPoint"",""coordinates"":[]}"
20171025,2017-10-25,296.00355661297976,-0.012786223511811074,0.004661981778113885,100093.78187451167,8.649084538361076E-5,2.0354833064551026E7,298.87797487027115,0.003161114500482892,-0.14888562627646312,-0.43424826359602686,0.44522388440826977,"{""type"":""MultiPoint"",""coordinates"":[]}"
20171026,2017-10-26,296.5448750368549,-0.008408992981495857,0.020040813042203575,100132.32104958814,0.010447592972591386,1.650307039884602E7,298.41307075483064,0.04721243868945009,-0.15289179059888527,-0.1758332457561335,0.467856053736279,"{""type"":""MultiPoint"",""coordinates"":[]}"
20171027,2017-10-27,296.5323588454619,-0.002687746452707012,0.02231658567676809,100036.65338170716,0.008447748909476343,9193197.679047963,297.47092498685754,0.0369366592816923,-0.37569258765885427,-0.16628607337700377,0.47853517973705295,"{""type"":""MultiPoint"",""coordinates"":[]}"
20171028,2017-10-28,296.7434510759386,-0.007347814611126016,0.010350991345423464,99967.11807478787,0.0019044988784298249,1.5341329864406785E7,298.07589493847945,0.016617739321494438,-0.30619555746854143,-0.26053764241463095,0.47695769993125975,"{""type"":""MultiPoint"",""coordinates"":[]}"
20171029,2017-10-29,296.7795301575631,-0.00860088165705702,0.008585137215345894,100013.83121944353,2.3795289766302712E-4,1.4970122721240534E7,299.01942383410454,0.005038261519391701,-0.022327958742204324,0.40189347540562753,0.4789725613287399,"{""type"":""MultiPoint"",""coordinates"":[]}"
20171030,2017-10-30,296.26526592505473,-0.011837919412957948,0.007537867902118811,99907.69775860185,4.568288026843052E-4,1.7984609821853593E7,299.1652517943504,0.0067376453638836546,0.4284118561091827,-0.23007869226082203,0.4705441161150085,"{""type"":""MultiPoint"",""coordinates"":[]}"
20171031,2017-10-31,296.42403990764694,-0.006805778232198565,0.007023460974965853,99855.1747270931,4.4536282665412274E-4,1.3607707082582042E7,298.1453721655979,0.010103050924810923,-0.3398043580576267,0.37949226848035067,0.4777968396703733,"{""type"":""MultiPoint"",""coordinates"":[]}"
20171101,2017-11-01,296.5129169377445,-0.008655819225098484,0.0073675841114557985,99903.13338729726,5.753704981815932E-4,1.6700055537684819E7,298.36736715325713,0.01074586102900341,-0.0722785358145799,0.3100531312590795,0.47699702710310926,"{""type"":""MultiPoint"",""coordinates"":[]}"
20171102,2017-11-02,296.6250745177427,-0.005329707392255967,0.006590923690060784,99832.72977298299,3.81450843518708E-4,1.3112510051208079E7,298.00930459758155,0.008842311688286465,-0.18924585038157726,-0.014478026566733006,0.47017858635707166,"{""type"":""MultiPoint"",""coordinates"":[]}"
20171103,2017-11-03,296.1379511794558,-0.012781104256304602,0.005965134975951459,99664.11219692399,3.397269258420045E-4,1.8990156615218177E7,299.2146456365704,0.005597806475543391,-0.43149342166072036,0.035629426075985446,0.470879150076058,"{""type"":""MultiPoint"",""coordinates"":[]}"
20171104,2017-11-04,296.3233545766254,-0.004439557725519985,0.007507796200805737,99685.47151146851,8.798119176435763E-4,8209680.369996397,297.78119426800214,0.014370672879300092,-0.4629983965028492,-0.31852849467841887,0.4826324657546113,"{""type"":""MultiPoint"",""coordinates"":[]}"
20171105,2017-11-05,296.62867313068153,-0.002099361629357976,0.010323226927442754,99782.4667329565,0.0019481337692735,9452986.677966103,297.5629827226781,0.018456728269365574,-0.3226018202449571,-0.1844091233130702,0.4786133756430078,"{""type"":""MultiPoint"",""coordinates"":[]}"
20171106,2017-11-06,296.60159321544353,-0.005733535037632244,0.008588731111579111,99853.44581298975,6.487195403877682E-4,1.104510290227191E7,297.9983620536429,0.010296064236223994,-0.5386736748639545,-0.109705975428555,0.4778524122067349,"{""type"":""MultiPoint"",""coordinates"":[]}"
20171107,2017-11-07,296.04206214471003,-0.007075529134460534,0.007904374976687773,99939.68855709168,3.528920641411439E-4,1.4571513459069598E7,297.5814546348241,0.007749726651100884,-0.5115937598552079,-0.11310217920469108,0.4778525238642397,"{""type"":""MultiPoint"",""coordinates"":[]}"
20171108,2017-11-08,296.2011175791881,-0.006390686633567109,0.008336678477796117,99948.36714917235,0.0011110843179073736,1.2423078209880995E7,297.72078088310303,0.013059023229000247,-0.38808138815596327,0.38840926869985426,0.47561549762075156,"{""type"":""MultiPoint"",""coordinates"":[]}"
20171109,2017-11-09,296.0355872151829,-0.01033035384305023,0.006200442275350119,99859.00316569892,6.142032950353502E-5,1.901391977497296E7,298.2441803253189,0.00352320728364269,-0.0642822748022106,-0.006328525444624132,0.4775889738632919,"{""type"":""MultiPoint"",""coordinates"":[]}"
20171110,2017-11-10,295.79667177806755,-0.012515467855900667,0.0055913936401849355,99841.26952925441,7.818985342162635E-6,2.016625412188965E7,299.07410835878744,5.532088765073157E-4,0.050828677356379276,-0.030242236908102054,0.46664587221032156,"{""type"":""MultiPoint"",""coordinates"":[]}"
20171111,2017-11-11,296.05534926789477,-0.012028643172912726,0.0051053507294501815,99794.81825859622,1.0294738311953292E-5,1.6506301161918502E7,299.2399007701176,8.074777604281663E-4,0.049660459133936456,-0.03269969170333417,0.456032479693503,"{""type"":""MultiPoint"",""coordinates"":[]}"
20171112,2017-11-12,296.1596381188241,-0.009580065228590414,0.004685866673672797,99736.97849320364,6.062018604773803E-6,1.5343917899026329E7,298.82858288656394,5.073516845238804E-4,0.04462967808536934,-0.0930158708914927,0.44873662722312807,"{""type"":""MultiPoint"",""coordinates"":[]}"
20171113,2017-11-13,295.04926229821547,-0.014248550736190526,0.004303053408334542,99690.42606949974,6.059017415258199E-7,2.1290661304724127E7,298.6152662143553,5.256003349901233E-5,0.31778089742790067,-0.5878685125150795,0.4367502387691426,"{""type"":""MultiPoint"",""coordinates"":[]}"
20171114,2017-11-14,294.2517587169028,-0.014494546856684158,0.0039593859125980615,99699.23381405472,1.1048783819210302E-7,2.148449022574829E7,298.37256070928146,1.0322547006211555E-5,0.3041924768836042,-0.7932614544747983,0.4232909026835484,"{""type"":""MultiPoint"",""coordinates"":[]}"
20171115,2017-11-15,294.2111423777651,-0.01383533448872909,0.003657242498843197,99782.00005904691,3.009491821423877E-7,2.1296092537324205E7,297.9744794916428,2.607652471334269E-5,0.13176537981570974,-0.7533868552687251,0.4114638649653552,"{""type"":""MultiPoint"",""coordinates"":[]}"
20171116,2017-11-16,293.5623966785188,-0.015824977363591754,0.0033890982633715183,99794.55276084632,4.748972666809546E-8,2.2209916337540567E7,297.76703516252485,4.4876575249316735E-6,-0.1807668222545904,0.17240010668902123,0.40053008121142447,"{""type"":""MultiPoint"",""coordinates"":[]}"
20171117,2017-11-17,295.6906119939413,-0.013078613849568361,0.003162260078971154,99749.01154231376,8.144860249583661E-6,1.9863673699963935E7,299.048546337683,8.77983857836312E-4,-0.08779001860739535,0.00616760876677704,0.39367481332112436,"{""type"":""MultiPoint"",""coordinates"":[]}"
20171118,2017-11-18,296.56319584108803,-0.011127646929180415,0.00297191143412045,99820.75810673655,1.609876209159986E-5,1.7295410889289577E7,299.22307381719946,0.001755005744785206,-0.0034939698809570924,0.1887143848463669,0.39690005582948634,"{""type"":""MultiPoint"",""coordinates"":[]}"
20171119,2017-11-19,296.8032410416786,-0.008293470788949929,0.0031473834162965564,99963.64902145365,3.6046618116791844E-4,1.610052030796971E7,298.56110469915785,0.010311439881541623,-0.13878785802962934,-0.034122310345068844,0.43864319103528476,"{""type"":""MultiPoint"",""coordinates"":[]}"
20171120,2017-11-20,296.67939504629607,-0.007116140399411658,0.0030026308281345146,99977.42641808756,3.5806451082831466E-4,1.552800594590696E7,298.24732124107595,0.009458201596485853,-0.2123176970437737,-0.12264122812775752,0.4675255876447823,"{""type"":""MultiPoint"",""coordinates"":[]}"
20171121,2017-11-21,296.5337991889874,-0.010961792832445338,0.002541632360277991,99856.45074234717,3.299350036510354E-5,1.8243810378651284E7,298.9829610720723,0.002840302167630046,-0.10121389976672963,0.24356645023984708,0.458398923978222,"{""type"":""MultiPoint"",""coordinates"":[]}"
20171122,2017-11-22,296.6044879119577,-0.010014572954278883,0.002429415052370436,99814.94777662113,4.754272977066866E-5,1.6722371737468448E7,298.96564189114383,0.003782045500526952,-0.09413498086215125,0.08583858535043005,0.4632963319712642,"{""type"":""MultiPoint"",""coordinates"":[]}"
20171123,2017-11-23,295.8764802025035,-0.013722505648826981,0.0022639701169103743,99836.19356310432,4.758607640491682E-6,2.100566878543095E7,299.19541030991087,4.787711746819388E-4,-0.07231845344426986,0.12511840570516092,0.45084725808804965,"{""type"":""MultiPoint"",""coordinates"":[]}"
20171124,2017-11-24,296.0332122671588,-0.013557326435516168,0.0021445709651788133,99926.34204110368,3.888031613555919E-6,1.8893645872340426E7,299.4697320965395,4.034994034977426E-4,0.18270959451746258,-0.31891056780259713,0.4348469067112817,"{""type"":""MultiPoint"",""coordinates"":[]}"
20171125,2017-11-25,296.08114465937507,-0.011450538564214113,0.002152977197599291,100024.72558605488,1.1793219877673625E-4,1.76211790551749E7,298.83496192201204,0.005649306806477475,-0.3334252496997472,0.4403552661966369,0.4446451545033926,"{""type"":""MultiPoint"",""coordinates"":[]}"
20171126,2017-11-26,296.26771332802343,-0.009554915013261275,0.0024579974919761776,100023.11582249597,4.553730699330773E-4,1.2168590884240897E7,298.95119674275423,0.007486989668590948,-0.12734170608587,0.3039626401123311,0.45870695046499277,"{""type"":""MultiPoint"",""coordinates"":[]}"
20171127,2017-11-27,296.33998167659536,-0.006106154733225622,0.0019747235883111956,99907.94265186902,7.747261749034405E-5,1.0417822664262533E7,298.0758705409707,0.004429635523222216,-0.3122839161317672,0.18323800423093992,0.4682014988998852,"{""type"":""MultiPoint"",""coordinates"":[]}"
20171128,2017-11-28,296.36710394373137,-0.010072099822084695,0.001833677101105161,99854.52058740254,3.090160410196997E-5,1.5713190106022358E7,298.96321610227096,0.002508391333470747,-0.4190637704228134,-0.024740580885380795,0.460980745158039,"{""type"":""MultiPoint"",""coordinates"":[]}"
20171129,2017-11-29,295.1839965412659,-0.014935300476900134,0.0017700811832595128,99741.92738831104,3.205474333087332E-5,1.6474167397042917E7,299.76783990109107,0.0022501681675163687,-0.6711765358060839,-1.3156079162068488,0.45123247797062993,"{""type"":""MultiPoint"",""coordinates"":[]}"
20171130,2017-11-30,295.86288001460235,-0.0060185563105389925,0.0024633406518041294,99378.47085819642,4.7930035830145924E-4,5782806.250270466,297.8578483796146,0.016953367673012355,-1.0618764707884234,-2.5371777731891667,0.4713203443015249,"{""type"":""MultiPoint"",""coordinates"":[]}"
20171201,2017-12-01,296.37195899157246,-0.0033933916315570705,0.0034866110887546375,99600.5341175885,6.654406771778501E-4,6855517.104940497,297.4145680766995,0.01775443984354785,-1.7911966899106502,0.46020467545868965,0.4821448964071842,"{""type"":""MultiPoint"",""coordinates"":[]}"
20171202,2017-12-02,295.54799188044603,-0.006126820411045458,0.0016912128380004395,99910.9402814247,6.635448926629204E-5,1.0957013679047963E7,297.62878976256275,0.0042894199743109245,-1.0457496181504775,0.5228442747241273,0.4796169299118679,"{""type"":""MultiPoint"",""coordinates"":[]}"
20171203,2017-12-03,295.8643357586095,-0.009954775700038667,0.0015478673133444282,99969.90888310318,5.371680532256663E-6,1.6864235193653084E7,298.87803179977874,4.519325119787819E-4,-0.5814035921260735,0.21141681450177646,0.4672869133080896,"{""type"":""MultiPoint"",""coordinates"":[]}"
20171204,2017-12-04,295.5977381593778,-0.013008878872287518,0.0014998694264497557,99909.62689936066,4.387352168237609E-6,1.9318267755499464E7,298.94599168394336,3.9342464172673254E-4,-0.3480859702131269,0.5626559219676753,0.4525735997024502,"{""type"":""MultiPoint"",""coordinates"":[]}"
20171205,2017-12-05,295.2996726067597,-0.011696032015019018,0.0014542737297963638,99881.61004406097,4.30454405644634E-6,1.765291809304003E7,298.3645768406902,3.966535105036311E-4,-0.17364702248805441,0.3210424220766897,0.4422310165293386,"{""type"":""MultiPoint"",""coordinates"":[]}"
20171206,2017-12-06,295.34212840653794,-0.011892154455464368,0.0014191118122393845,99855.12953651375,1.1409442432512242E-5,1.760819842408944E7,298.3233149118443,0.0010923030393479075,-0.0651174355676676,-0.1879345260427067,0.4370475288250796,"{""type"":""MultiPoint"",""coordinates"":[]}"
20171207,2017-12-07,295.66866982959044,-0.01139056437816424,0.001379134774938887,99836.00891220402,1.1786909856565846E-5,1.6582372342589252E7,298.5928086375858,0.0011692193067197514,0.09144014354393534,-0.4591137904188842,0.4321433063997274,"{""type"":""MultiPoint"",""coordinates"":[]}"
20171208,2017-12-08,296.051962957372,-0.010692581617677424,0.0013510447426733024,99885.10548870622,2.22189102712797E-5,1.707480228849622E7,298.4796434648479,0.0022312215459943927,-0.13288809304799665,-0.03537785346325466,0.4325159499100414,"{""type"":""MultiPoint"",""coordinates"":[]}"
20171209,2017-12-09,295.8209441130316,-0.01152701363413505,0.0013032604319241949,99954.4229215853,1.1303925230491904E-5,1.8545640142805632E7,298.5052924520165,0.001182613328093877,-0.18615376655550184,0.4624896869591788,0.43244281241005034,"{""type"":""MultiPoint"",""coordinates"":[]}"
20171210,2017-12-10,295.8405700323172,-0.012718620046763657,0.0012662338111059269,100045.12069039997,1.2398897268864123E-5,1.8260047216011547E7,299.02562254795527,0.0013142809534098638,0.012057530334010432,0.4678476717999698,0.42402535766517185,"{""type"":""MultiPoint"",""coordinates"":[]}"
20171211,2017-12-11,296.29125671969086,-0.009659532767919013,0.0012348028584331374,100178.20763821197,1.5634569157085566E-5,1.6635444670753697E7,298.53403753901307,0.0016979052143117524,-0.009019665283027048,-0.008910425366482956,0.42510361229517896,"{""type"":""MultiPoint"",""coordinates"":[]}"
20171212,2017-12-12,296.30199397339646,-0.009194247687911885,0.0012024415504446626,100210.2141444613,1.5109288447435436E-5,1.5740513104940498E7,298.33754757852387,0.0016520860436373785,0.015196551123352086,-0.22826926513909865,0.4252007642980521,"{""type"":""MultiPoint"",""coordinates"":[]}"
20171213,2017-12-13,296.2835590382267,-0.008481758770597054,0.0013706582416019584,100190.60441253879,2.1327628992199685E-4,1.4908101453299677E7,298.03249488052865,0.009274660791217667,-0.04185779726065358,-0.3339553241016687,0.4428243724209915,"{""type"":""MultiPoint"",""coordinates"":[]}"
20171214,2017-12-14,296.2019092494701,-0.009974366629592274,0.0011678349980369096,100125.65344574307,3.9074807725054165E-5,1.6573129150378656E7,298.408858084309,0.0032740754277075395,-0.1574390829576726,-0.319186567472056,0.4520548824966491,"{""type"":""MultiPoint"",""coordinates"":[]}"
20171215,2017-12-15,295.8720459709348,-0.011892753169934671,0.0011142524563144186,100136.16396242555,1.6335383181188502E-5,1.8603604113956004E7,299.31848674571955,0.001414322061548154,-0.28837754586264847,-0.0161825616079707,0.44413121896719243,"{""type"":""MultiPoint"",""coordinates"":[]}"
20171216,2017-12-16,294.6867183802693,-0.014412087036026032,0.00106499255982453,100125.86995935744,7.99369648652433E-7,1.9925234510638304E7,299.3984709917489,8.758213233330592E-5,-0.6713510890006448,-0.3163798314789366,0.4273026200753164,"{""type"":""MultiPoint"",""coordinates"":[]}"
20171217,2017-12-17,292.1117711407102,-0.016851616027206452,0.0010285982307956145,100143.09896649189,1.493608998856818E-8,2.1430522265416518E7,298.82113895446054,1.7601218135801665E-6,-1.3388071457974857,-1.084800281853096,0.4088225353794439,"{""type"":""MultiPoint"",""coordinates"":[]}"
20171218,2017-12-18,290.1630888298191,-0.017569414193863223,9.93255451939573E-4,100191.6372310961,8.248569214769619E-10,2.2056316181031372E7,297.79702458093345,4.727547867283193E-7,-1.153888558736715,-0.9156229359296268,0.39241829840147324,"{""type"":""MultiPoint"",""coordinates"":[]}"
20171219,2017-12-19,292.21007807837435,-0.01655518096591908,9.595929469350358E-4,100134.56261956113,3.200525460241506E-7,2.1657245084024526E7,298.6606701597426,4.054120342628738E-5,-0.056959890720290854,-0.24798959042966076,0.3786631771142214,"{""type"":""MultiPoint"",""coordinates"":[]}"
20171220,2017-12-20,294.29148645191214,-0.012361964744875416,9.286556294838789E-4,100156.28876362658,3.3798848211313906E-7,1.5808911901190052E7,299.43320663434724,4.185365128078661E-5,-0.4857982688116933,-0.43499371867610354,0.3686518520672086,"{""type"":""MultiPoint"",""coordinates"":[]}"
20171221,2017-12-21,294.05346629613587,-0.015161345343737235,9.023343645146384E-4,100154.3352017619,4.005266082789811E-6,1.9313886361341514E7,299.37055349802796,5.149091844132261E-4,-0.36857959418532404,-0.3701469207242755,0.3602627871027646,"{""type"":""MultiPoint"",""coordinates"":[]}"
20171222,2017-12-22,293.31801400526837,-0.01812274210904636,8.68434795093502E-4,100027.51991012432,7.689708499241253E-9,2.1240428276235126E7,299.221316603202,2.63885060290531E-6,-0.5843309468268088,-0.3084518215893868,0.3522779707983719,"{""type"":""MultiPoint"",""coordinates"":[]}"
20171223,2017-12-23,293.8597213911573,-0.01655511913792218,8.416433401843765E-4,99881.34038638255,2.5368004424710423E-6,2.0858207384781826E7,299.1206887879471,3.4286931546995174E-4,-0.09900481518336049,-0.032549580769378944,0.3430396565050872,"{""type"":""MultiPoint"",""coordinates"":[]}"
20171224,2017-12-24,293.1643659697371,-0.016637057417938528,8.125808472844873E-4,99919.13705395546,1.2534439800192298E-6,2.089414517345835E7,298.739949431467,1.7344712501736356E-4,-0.31424650207049065,0.12292265209932139,0.33640843902819,"{""type"":""MultiPoint"",""coordinates"":[]}"
20171225,2017-12-25,293.39210339695364,-0.016991792583224835,7.845007374834335E-4,99986.9714059941,1.882957586776123E-7,2.0837950124774616E7,298.7615052922613,2.7079777552318995E-5,0.05923478619698965,-0.21802170800537946,0.3289663417076517,"{""type"":""MultiPoint"",""coordinates"":[]}"
20171226,2017-12-26,294.2983186613812,-0.01591996288647774,7.598109562131331E-4,99975.96127910318,1.262651747673632E-6,1.893152086260368E7,299.24854692224557,1.8080155184952904E-4,0.04073729364899779,-0.20768778852035621,0.3222885885008225,"{""type"":""MultiPoint"",""coordinates"":[]}"
20171227,2017-12-27,292.3780449506025,-0.01948252578225327,7.330600939371333E-4,99916.07263158652,5.475491596996419E-8,2.1612707175622072E7,299.2540512479316,8.626743565657477E-6,-0.4213904178920655,-0.10716154220256398,0.31528838733480957,"{""type"":""MultiPoint"",""coordinates"":[]}"
20171228,2017-12-28,290.71303403977953,-0.020046166601408445,7.075151751671637E-4,99904.13960101215,6.804129211557846E-8,2.183117959322034E7,298.52120833105164,1.0651725847609728E-5,-0.5929567461074553,-0.20290590596465566,0.3079300159473146,"{""type"":""MultiPoint"",""coordinates"":[]}"
20171229,2017-12-29,290.032374240441,-0.019567409556478618,6.828979732454619E-4,100028.18076595657,8.94177144845384E-9,2.1899540175261457E7,297.8036643799888,1.1325504828786924E-6,-0.25897520633683296,-0.28186010165145187,0.30135776693108196,"{""type"":""MultiPoint"",""coordinates"":[]}"
20171230,2017-12-30,291.14625460655304,-0.0195247043546167,6.594221153673696E-4,99962.85790651717,0.0,2.146427487558601E7,298.3666591997373,8.575587688743792E-7,-0.24465190710851198,-0.046098159789351195,0.295687760308265,"{""type"":""MultiPoint"",""coordinates"":[]}"
